system,id,bucket,noise_class,snr_in,clipped,ref_dropout,impulse_peak_db,fault,speech_source,snr_out,si_sdr,stoi,pesq_wb,dnsmos_sig,dnsmos_bak,dnsmos_ovrl,recovery_s,asr_text
ckpt:runs/vaani_full_r4_s1/best.pt,0000,changing_-10,changing,-10.0,False,False,,,cvhi:common_voice_hi_24758653,10.588035583496094,10.193183898925781,0.941302931271957,1.6683282852172852,nan,nan,nan,nan,
ckpt:runs/vaani_full_r4_s1/best.pt,0001,changing_-10,changing,-10.0,False,False,,,cvhi:common_voice_hi_24510980,9.389965057373047,9.330650329589844,0.9895624713910272,3.5425984859466553,nan,nan,nan,nan,
ckpt:runs/vaani_full_r4_s1/best.pt,0002,changing_-10,changing,-10.0,False,False,,,cvhi:common_voice_hi_26687145,6.8077392578125,5.834823131561279,0.8329332629432226,1.3181118965148926,nan,nan,nan,nan,
ckpt:runs/vaani_full_r4_s1/best.pt,0003,changing_-10,changing,-10.0,True,False,,,cvhi:common_voice_hi_27383943,5.151370048522949,3.5689187049865723,0.7805172129307033,1.438553810119629,nan,nan,nan,nan,
ckpt:runs/vaani_full_r4_s1/best.pt,0004,changing_-10,changing,-10.0,False,False,,,ls:150-126107-0028,8.766033172607422,8.26244068145752,0.839951516307232,1.6525723934173584,nan,nan,nan,nan,
ckpt:runs/vaani_full_r4_s1/best.pt,0005,changing_-10,changing,-10.0,True,False,,,ls:150-132655-0028,6.18941593170166,5.048863887786865,0.7840196564030925,1.3457281589508057,nan,nan,nan,nan,
ckpt:runs/vaani_full_r4_s1/best.pt,0006,changing_-10,changing,-10.0,False,False,,,cvhi:common_voice_hi_25948419,5.9656877517700195,4.725230693817139,0.8258087538919182,1.4697742462158203,nan,nan,nan,nan,
ckpt:runs/vaani_full_r4_s1/best.pt,0007,changing_-10,changing,-10.0,False,False,,,cvhi:common_voice_hi_26007582,13.605128288269043,13.794065475463867,0.9512121492063431,1.9025318622589111,nan,nan,nan,nan,
ckpt:runs/vaani_full_r4_s1/best.pt,0008,changing_-10,changing,-10.0,False,False,,,ls:1263-139804-0025,5.64906644821167,4.27244758605957,0.7436449889377983,1.2283000946044922,nan,nan,nan,nan,
ckpt:runs/vaani_full_r4_s1/best.pt,0009,changing_-10,changing,-10.0,False,True,,,cvhi:common_voice_hi_24782656,3.8837358951568604,1.7045061588287354,0.6712604938522289,1.207210898399353,nan,nan,nan,nan,
ckpt:runs/vaani_full_r4_s1/best.pt,0010,changing_-10,changing,-10.0,False,True,,,cvhi:common_voice_hi_27005244,7.254644393920898,6.38831901550293,0.8808918668272958,2.2639920711517334,nan,nan,nan,nan,
ckpt:runs/vaani_full_r4_s1/best.pt,0011,changing_-10,changing,-10.0,False,False,,,cvhi:common_voice_hi_24386849,9.759252548217773,9.41437816619873,0.8428032999876665,1.6721357107162476,nan,nan,nan,nan,
ckpt:runs/vaani_full_r4_s1/best.pt,0012,changing_-10,changing,-10.0,False,False,,,cvhi:common_voice_hi_24228493,12.780204772949219,12.669807434082031,0.9562105506953749,3.1861228942871094,nan,nan,nan,nan,
ckpt:runs/vaani_full_r4_s1/best.pt,0013,changing_-10,changing,-10.0,False,False,,,cvhi:common_voice_hi_26008620,14.240671157836914,15.046635627746582,0.8187990916802704,2.0533225536346436,nan,nan,nan,nan,
ckpt:runs/vaani_full_r4_s1/best.pt,0014,changing_-10,changing,-10.0,False,False,,,ls:1263-139804-0021,15.625053405761719,15.745708465576172,0.9686611788652606,2.7167365550994873,nan,nan,nan,nan,
ckpt:runs/vaani_full_r4_s1/best.pt,0015,changing_-10,changing,-10.0,False,False,,,cvhi:common_voice_hi_27005397,9.672213554382324,9.179015159606934,0.8973257160339653,1.320857048034668,nan,nan,nan,nan,
ckpt:runs/vaani_full_r4_s1/best.pt,0016,changing_-10,changing,-10.0,False,False,,,cvhi:common_voice_hi_24759380,11.906205177307129,11.643508911132812,0.9461836076426424,2.12636661529541,nan,nan,nan,nan,
ckpt:runs/vaani_full_r4_s1/best.pt,0017,changing_-10,changing,-10.0,False,False,,,cvhi:common_voice_hi_27149958,8.694482803344727,8.131953239440918,0.8497432585032185,1.474600911140442,nan,nan,nan,nan,
ckpt:runs/vaani_full_r4_s1/best.pt,0018,changing_-10,changing,-10.0,False,False,,,cvhi:common_voice_hi_25180517,7.877501487731934,7.104912281036377,0.6863716130637038,1.2599605321884155,nan,nan,nan,nan,
ckpt:runs/vaani_full_r4_s1/best.pt,0019,changing_-10,changing,-10.0,False,False,,,cvhi:common_voice_hi_24759304,7.610642910003662,6.783837795257568,0.7901305853445594,1.5746501684188843,nan,nan,nan,nan,
ckpt:runs/vaani_full_r4_s1/best.pt,0020,changing_-10,changing,-10.0,False,False,,,cvhi:common_voice_hi_26007743,7.665603160858154,7.088019371032715,0.8523332966193036,1.4843932390213013,nan,nan,nan,nan,
ckpt:runs/vaani_full_r4_s1/best.pt,0021,changing_-10,changing,-10.0,True,False,,,cvhi:common_voice_hi_27005461,5.808441162109375,4.486266136169434,0.7240887229775159,1.1360892057418823,nan,nan,nan,nan,
ckpt:runs/vaani_full_r4_s1/best.pt,0022,changing_-10,changing,-10.0,False,False,,,cvhi:common_voice_hi_24258355,7.826578140258789,7.426126480102539,0.7927657125347443,1.3480138778686523,nan,nan,nan,nan,
ckpt:runs/vaani_full_r4_s1/best.pt,0023,changing_-10,changing,-10.0,False,False,,,cvhi:common_voice_hi_24386565,13.013920783996582,12.995976448059082,0.7747358502578202,1.424421787261963,nan,nan,nan,nan,
ckpt:runs/vaani_full_r4_s1/best.pt,0024,changing_-10,changing,-10.0,False,False,,,cvhi:common_voice_hi_25154335,16.33935546875,17.629335403442383,0.8365206511442606,1.9906301498413086,nan,nan,nan,nan,
ckpt:runs/vaani_full_r4_s1/best.pt,0025,changing_-10,changing,-10.0,False,False,,,cvhi:common_voice_hi_25473109,4.026065349578857,1.8396204710006714,0.6789025862533812,1.2371853590011597,nan,nan,nan,nan,
ckpt:runs/vaani_full_r4_s1/best.pt,0026,changing_-10,changing,-10.0,False,False,,,ls:1263-138246-0015,13.696904182434082,13.639527320861816,0.9676975508715395,3.0468595027923584,nan,nan,nan,nan,
ckpt:runs/vaani_full_r4_s1/best.pt,0027,changing_-10,changing,-10.0,False,False,,,ls:1898-145720-0001,3.9736733436584473,1.7556382417678833,0.7060847802215592,1.1632356643676758,nan,nan,nan,nan,
ckpt:runs/vaani_full_r4_s1/best.pt,0028,changing_-10,changing,-10.0,True,False,,,cvhi:common_voice_hi_24782650,12.566123962402344,12.31874942779541,0.839368127291174,1.734185814857483,nan,nan,nan,nan,
ckpt:runs/vaani_full_r4_s1/best.pt,0029,changing_-10,changing,-10.0,False,False,,,cvhi:common_voice_hi_26007863,5.200738430023193,3.6434478759765625,0.7415211762158354,1.2341670989990234,nan,nan,nan,nan,
ckpt:runs/vaani_full_r4_s1/best.pt,0030,changing_-10,changing,-10.0,False,False,,,ls:1263-138246-0021,6.2603230476379395,5.280643463134766,0.8005890000888813,1.3171123266220093,nan,nan,nan,nan,
ckpt:runs/vaani_full_r4_s1/best.pt,0031,changing_-10,changing,-10.0,False,False,,,cvhi:common_voice_hi_27005577,3.614020347595215,1.1597099304199219,0.7510940209892412,1.2403427362442017,nan,nan,nan,nan,
ckpt:runs/vaani_full_r4_s1/best.pt,0032,changing_-10,changing,-10.0,False,False,,,cvhi:common_voice_hi_26967982,8.515912055969238,7.887413501739502,0.8146934380535732,1.4230058193206787,nan,nan,nan,nan,
ckpt:runs/vaani_full_r4_s1/best.pt,0033,changing_-10,changing,-10.0,False,False,,,cvhi:common_voice_hi_25154411,5.051019191741943,3.4250869750976562,0.696480002321532,1.2471312284469604,nan,nan,nan,nan,
ckpt:runs/vaani_full_r4_s1/best.pt,0034,changing_-10,changing,-10.0,False,False,,,cvhi:common_voice_hi_27005346,17.404190063476562,19.331806182861328,0.9900991408846624,3.2091071605682373,nan,nan,nan,nan,
ckpt:runs/vaani_full_r4_s1/best.pt,0035,changing_-10,changing,-10.0,False,False,,,cvhi:common_voice_hi_24510981,13.303237915039062,13.518596649169922,0.9295347249145575,2.162121295928955,nan,nan,nan,nan,
ckpt:runs/vaani_full_r4_s1/best.pt,0036,changing_-10,changing,-10.0,False,False,,,ls:1263-141777-0027,6.237086296081543,5.069117069244385,0.8300035489088439,1.2854366302490234,nan,nan,nan,nan,
ckpt:runs/vaani_full_r4_s1/best.pt,0037,changing_-10,changing,-10.0,False,False,,,ls:1898-145715-0025,5.959582328796387,4.69638729095459,0.7716329769429356,1.3108398914337158,nan,nan,nan,nan,
ckpt:runs/vaani_full_r4_s1/best.pt,0038,changing_-10,changing,-10.0,False,False,,,ls:1898-145724-0031,6.694888591766357,5.664288520812988,0.708900744606394,1.3467285633087158,nan,nan,nan,nan,
ckpt:runs/vaani_full_r4_s1/best.pt,0039,changing_-10,changing,-10.0,False,False,,,cvhi:common_voice_hi_26967680,7.564040184020996,6.747212886810303,0.8327784765502287,1.276181936264038,nan,nan,nan,nan,
ckpt:runs/vaani_full_r4_s1/best.pt,0000,changing_-5,changing,-5.0,False,False,,,cvhi:common_voice_hi_26007733,10.31984806060791,9.90450382232666,0.9065899196821164,1.9386049509048462,nan,nan,nan,nan,
ckpt:runs/vaani_full_r4_s1/best.pt,0001,changing_-5,changing,-5.0,False,True,,,cvhi:common_voice_hi_25128215,8.965021133422852,8.416058540344238,0.8664387728365467,1.431020975112915,nan,nan,nan,nan,
ckpt:runs/vaani_full_r4_s1/best.pt,0002,changing_-5,changing,-5.0,False,False,,,cvhi:common_voice_hi_27005258,10.634843826293945,10.259645462036133,0.9266761047191678,2.4219956398010254,nan,nan,nan,nan,
ckpt:runs/vaani_full_r4_s1/best.pt,0003,changing_-5,changing,-5.0,False,False,,,cvhi:common_voice_hi_26008936,9.724309921264648,9.456747055053711,0.6799764444108706,1.4108829498291016,nan,nan,nan,nan,
ckpt:runs/vaani_full_r4_s1/best.pt,0004,changing_-5,changing,-5.0,False,False,,,cvhi:common_voice_hi_27005196,17.137535095214844,17.066787719726562,0.9388150133433508,2.5521655082702637,nan,nan,nan,nan,
ckpt:runs/vaani_full_r4_s1/best.pt,0005,changing_-5,changing,-5.0,False,True,,,cvhi:common_voice_hi_27122900,6.323279857635498,5.236288070678711,0.8304114576241847,1.6564985513687134,nan,nan,nan,nan,
ckpt:runs/vaani_full_r4_s1/best.pt,0006,changing_-5,changing,-5.0,False,False,,,ls:1263-138246-0004,11.827342987060547,11.806961059570312,0.9218742054720341,1.9772233963012695,nan,nan,nan,nan,
ckpt:runs/vaani_full_r4_s1/best.pt,0007,changing_-5,changing,-5.0,False,True,,,cvhi:common_voice_hi_24228329,8.800107955932617,8.288663864135742,0.8892177143473577,1.5413718223571777,nan,nan,nan,nan,
ckpt:runs/vaani_full_r4_s1/best.pt,0008,changing_-5,changing,-5.0,False,False,,,ls:150-126107-0002,16.98032569885254,17.26454734802246,0.8963533426449248,3.3596062660217285,nan,nan,nan,nan,
ckpt:runs/vaani_full_r4_s1/best.pt,0009,changing_-5,changing,-5.0,False,False,,,ls:150-126107-0007,9.245054244995117,8.702954292297363,0.8978659215287818,1.8700168132781982,nan,nan,nan,nan,
ckpt:runs/vaani_full_r4_s1/best.pt,0010,changing_-5,changing,-5.0,False,False,,,cvhi:common_voice_hi_24758673,17.870046615600586,18.36158561706543,0.9885652669450012,2.808103084564209,nan,nan,nan,nan,
ckpt:runs/vaani_full_r4_s1/best.pt,0011,changing_-5,changing,-5.0,False,False,,,ls:226-131533-0019,7.478740692138672,6.662377834320068,0.8133704202363233,1.2682980298995972,nan,nan,nan,nan,
ckpt:runs/vaani_full_r4_s1/best.pt,0012,changing_-5,changing,-5.0,False,False,,,cvhi:common_voice_hi_24759344,13.568918228149414,13.68504524230957,0.9457095728416954,2.3499703407287598,nan,nan,nan,nan,
ckpt:runs/vaani_full_r4_s1/best.pt,0013,changing_-5,changing,-5.0,False,False,,,ls:226-131532-0012,11.93360424041748,11.845762252807617,0.9524954902962242,2.9911134243011475,nan,nan,nan,nan,
ckpt:runs/vaani_full_r4_s1/best.pt,0014,changing_-5,changing,-5.0,False,False,,,ls:1898-145724-0027,15.425734519958496,15.490960121154785,0.9111711595714965,2.3989906311035156,nan,nan,nan,nan,
ckpt:runs/vaani_full_r4_s1/best.pt,0015,changing_-5,changing,-5.0,True,False,,,ls:1898-145724-0021,9.792023658752441,9.505573272705078,0.887021448624423,1.8806447982788086,nan,nan,nan,nan,
ckpt:runs/vaani_full_r4_s1/best.pt,0016,changing_-5,changing,-5.0,False,False,,,cvhi:common_voice_hi_27005575,9.211005210876465,8.692452430725098,0.7975075054017609,1.738917350769043,nan,nan,nan,nan,
ckpt:runs/vaani_full_r4_s1/best.pt,0017,changing_-5,changing,-5.0,False,False,,,cvhi:common_voice_hi_24758709,15.497617721557617,15.637889862060547,0.9788571793048798,3.6108551025390625,nan,nan,nan,nan,
ckpt:runs/vaani_full_r4_s1/best.pt,0018,changing_-5,changing,-5.0,False,False,,,cvhi:common_voice_hi_24258353,10.566615104675293,10.240482330322266,0.9519460524006896,1.8983569145202637,nan,nan,nan,nan,
ckpt:runs/vaani_full_r4_s1/best.pt,0019,changing_-5,changing,-5.0,False,False,,,cvhi:common_voice_hi_24225591,11.513391494750977,11.232576370239258,0.9368435796265839,1.5914936065673828,nan,nan,nan,nan,
ckpt:runs/vaani_full_r4_s1/best.pt,0020,changing_-5,changing,-5.0,False,False,,,ls:226-122538-0030,9.138362884521484,8.727398872375488,0.8548819145979895,1.38057541847229,nan,nan,nan,nan,
ckpt:runs/vaani_full_r4_s1/best.pt,0021,changing_-5,changing,-5.0,False,False,,,cvhi:common_voice_hi_24225595,19.172794342041016,19.390432357788086,0.9929640726866319,3.2976715564727783,nan,nan,nan,nan,
ckpt:runs/vaani_full_r4_s1/best.pt,0022,changing_-5,changing,-5.0,True,False,,,cvhi:common_voice_hi_24225591,4.25980806350708,2.523383140563965,0.8013686079879583,1.225394368171692,nan,nan,nan,nan,
ckpt:runs/vaani_full_r4_s1/best.pt,0023,changing_-5,changing,-5.0,False,False,,,ls:1263-138246-0030,13.902329444885254,13.727062225341797,0.9698529077191446,2.6629538536071777,nan,nan,nan,nan,
ckpt:runs/vaani_full_r4_s1/best.pt,0024,changing_-5,changing,-5.0,False,False,,,ls:1263-139804-0004,14.792047500610352,14.68842887878418,0.97712462978582,3.0594491958618164,nan,nan,nan,nan,
ckpt:runs/vaani_full_r4_s1/best.pt,0025,changing_-5,changing,-5.0,False,False,,,ls:150-126112-0036,7.933810234069824,7.176616191864014,0.7726210035245973,1.2720715999603271,nan,nan,nan,nan,
ckpt:runs/vaani_full_r4_s1/best.pt,0026,changing_-5,changing,-5.0,False,False,,,cvhi:common_voice_hi_24510963,11.490668296813965,11.431065559387207,0.8138391595738399,1.6637457609176636,nan,nan,nan,nan,
ckpt:runs/vaani_full_r4_s1/best.pt,0027,changing_-5,changing,-5.0,False,False,,,cvhi:common_voice_hi_24258336,11.296588897705078,11.042729377746582,0.8722172748502651,1.8861415386199951,nan,nan,nan,nan,
ckpt:runs/vaani_full_r4_s1/best.pt,0028,changing_-5,changing,-5.0,False,False,,,cvhi:common_voice_hi_24427338,7.389200210571289,6.6626505851745605,0.7323444811239614,1.4266632795333862,nan,nan,nan,nan,
ckpt:runs/vaani_full_r4_s1/best.pt,0029,changing_-5,changing,-5.0,False,False,,,ls:150-126107-0005,12.654265403747559,12.423843383789062,0.8086443276913415,1.5811340808868408,nan,nan,nan,nan,
ckpt:runs/vaani_full_r4_s1/best.pt,0030,changing_-5,changing,-5.0,False,True,,,cvhi:common_voice_hi_23964485,14.094236373901367,14.53962230682373,0.9574502528572824,2.680555582046509,nan,nan,nan,nan,
ckpt:runs/vaani_full_r4_s1/best.pt,0031,changing_-5,changing,-5.0,False,False,,,cvhi:common_voice_hi_24386190,10.595905303955078,10.365323066711426,0.9205023442889937,2.6308836936950684,nan,nan,nan,nan,
ckpt:runs/vaani_full_r4_s1/best.pt,0032,changing_-5,changing,-5.0,False,False,,,ls:226-131533-0026,8.825215339660645,8.215567588806152,0.7613372375825835,1.5706859827041626,nan,nan,nan,nan,
ckpt:runs/vaani_full_r4_s1/best.pt,0033,changing_-5,changing,-5.0,False,False,,,cvhi:common_voice_hi_25323039,10.699357032775879,10.32623291015625,0.8548437731917243,1.378927230834961,nan,nan,nan,nan,
ckpt:runs/vaani_full_r4_s1/best.pt,0034,changing_-5,changing,-5.0,False,False,,,ls:150-126112-0008,9.123407363891602,8.570524215698242,0.9064309347466479,1.992034912109375,nan,nan,nan,nan,
ckpt:runs/vaani_full_r4_s1/best.pt,0035,changing_-5,changing,-5.0,False,False,,,cvhi:common_voice_hi_25154422,24.488632202148438,24.849653244018555,0.9841154232901045,2.751614809036255,nan,nan,nan,nan,
ckpt:runs/vaani_full_r4_s1/best.pt,0036,changing_-5,changing,-5.0,False,False,,,cvhi:common_voice_hi_31389187,17.78693962097168,17.720685958862305,0.9710483259837082,2.6156370639801025,nan,nan,nan,nan,
ckpt:runs/vaani_full_r4_s1/best.pt,0037,changing_-5,changing,-5.0,False,False,,,cvhi:common_voice_hi_27005253,9.549476623535156,9.040151596069336,0.9112503999867879,1.6853678226470947,nan,nan,nan,nan,
ckpt:runs/vaani_full_r4_s1/best.pt,0038,changing_-5,changing,-5.0,False,False,,,cvhi:common_voice_hi_24258350,15.169113159179688,15.288020133972168,0.9642961828617393,2.851466178894043,nan,nan,nan,nan,
ckpt:runs/vaani_full_r4_s1/best.pt,0039,changing_-5,changing,-5.0,False,False,,,cvhi:common_voice_hi_26007611,12.980137825012207,13.110353469848633,0.9517520833995354,2.073207378387451,nan,nan,nan,nan,
ckpt:runs/vaani_full_r4_s1/best.pt,0000,changing_0,changing,0.0,False,False,,,cvhi:common_voice_hi_27005266,10.459977149963379,10.111230850219727,0.9635690589388445,2.3718032836914062,nan,nan,nan,nan,
ckpt:runs/vaani_full_r4_s1/best.pt,0001,changing_0,changing,0.0,False,False,,,cvhi:common_voice_hi_25154384,13.18509292602539,13.205156326293945,0.8753573777644782,2.074164390563965,nan,nan,nan,nan,
ckpt:runs/vaani_full_r4_s1/best.pt,0002,changing_0,changing,0.0,False,False,,,ls:1898-145715-0025,2.465282678604126,2.4425277709960938,0.8570037329540122,2.3566479682922363,nan,nan,nan,nan,
ckpt:runs/vaani_full_r4_s1/best.pt,0003,changing_0,changing,0.0,False,False,,,cvhi:common_voice_hi_24758673,21.407440185546875,21.625774383544922,0.9913684702218302,3.0352368354797363,nan,nan,nan,nan,
ckpt:runs/vaani_full_r4_s1/best.pt,0004,changing_0,changing,0.0,False,False,,,cvhi:common_voice_hi_24386655,26.492290496826172,26.886783599853516,0.9951232828940391,4.094958305358887,nan,nan,nan,nan,
ckpt:runs/vaani_full_r4_s1/best.pt,0005,changing_0,changing,0.0,False,True,,,cvhi:common_voice_hi_26968413,11.6918363571167,11.652894020080566,0.9129539787303148,2.0639281272888184,nan,nan,nan,nan,
ckpt:runs/vaani_full_r4_s1/best.pt,0006,changing_0,changing,0.0,False,True,,,cvhi:common_voice_hi_25170187,3.968075752258301,1.8117834329605103,0.7223245868925777,1.2712420225143433,nan,nan,nan,nan,
ckpt:runs/vaani_full_r4_s1/best.pt,0007,changing_0,changing,0.0,False,False,,,cvhi:common_voice_hi_24228514,11.133062362670898,10.809246063232422,0.7668367044055036,1.7909622192382812,nan,nan,nan,nan,
ckpt:runs/vaani_full_r4_s1/best.pt,0008,changing_0,changing,0.0,False,False,,,cvhi:common_voice_hi_24759098,15.35490894317627,15.244903564453125,0.9608624871484017,2.1848762035369873,nan,nan,nan,nan,
ckpt:runs/vaani_full_r4_s1/best.pt,0009,changing_0,changing,0.0,False,False,,,cvhi:common_voice_hi_26008937,13.816489219665527,13.948760032653809,0.9620370184006803,2.9786078929901123,nan,nan,nan,nan,
ckpt:runs/vaani_full_r4_s1/best.pt,0010,changing_0,changing,0.0,False,False,,,cvhi:common_voice_hi_24228363,10.20900821685791,9.78134822845459,0.9181443376445333,1.5504374504089355,nan,nan,nan,nan,
ckpt:runs/vaani_full_r4_s1/best.pt,0011,changing_0,changing,0.0,False,False,,,ls:150-126107-0007,11.471990585327148,11.211423873901367,0.9048013089899875,2.829146146774292,nan,nan,nan,nan,
ckpt:runs/vaani_full_r4_s1/best.pt,0012,changing_0,changing,0.0,False,False,,,ls:226-131533-0017,19.102218627929688,19.520586013793945,0.8787731028835487,3.3754355907440186,nan,nan,nan,nan,
ckpt:runs/vaani_full_r4_s1/best.pt,0013,changing_0,changing,0.0,True,False,,,cvhi:common_voice_hi_24228578,14.84988021850586,14.957913398742676,0.9572458741197784,2.9123222827911377,nan,nan,nan,nan,
ckpt:runs/vaani_full_r4_s1/best.pt,0014,changing_0,changing,0.0,False,False,,,ls:226-131532-0016,13.816824913024902,13.87240219116211,0.9367789483600827,2.6661550998687744,nan,nan,nan,nan,
ckpt:runs/vaani_full_r4_s1/best.pt,0015,changing_0,changing,0.0,False,False,,,cvhi:common_voice_hi_27005429,11.421875,11.292285919189453,0.9013951830019609,1.4876611232757568,nan,nan,nan,nan,
ckpt:runs/vaani_full_r4_s1/best.pt,0016,changing_0,changing,0.0,True,False,,,cvhi:common_voice_hi_24427694,15.32373046875,15.218893051147461,0.9417410420050737,2.297558307647705,nan,nan,nan,nan,
ckpt:runs/vaani_full_r4_s1/best.pt,0017,changing_0,changing,0.0,False,False,,,cvhi:common_voice_hi_24782713,17.671676635742188,17.660280227661133,0.9419079683943204,2.0251147747039795,nan,nan,nan,nan,
ckpt:runs/vaani_full_r4_s1/best.pt,0018,changing_0,changing,0.0,False,False,,,cvhi:common_voice_hi_26007832,21.55636978149414,24.942569732666016,0.9983727400895478,3.6048190593719482,nan,nan,nan,nan,
ckpt:runs/vaani_full_r4_s1/best.pt,0019,changing_0,changing,0.0,False,False,,,cvhi:common_voice_hi_27944989,10.64035415649414,10.373391151428223,0.841537964538503,1.6906601190567017,nan,nan,nan,nan,
ckpt:runs/vaani_full_r4_s1/best.pt,0020,changing_0,changing,0.0,False,False,,,ls:150-126107-0039,15.434955596923828,15.6988525390625,0.9744488186685354,3.257214069366455,nan,nan,nan,nan,
ckpt:runs/vaani_full_r4_s1/best.pt,0021,changing_0,changing,0.0,False,False,,,cvhi:common_voice_hi_25154354,14.18906021118164,14.023448944091797,0.7395832435895722,1.8186835050582886,nan,nan,nan,nan,
ckpt:runs/vaani_full_r4_s1/best.pt,0022,changing_0,changing,0.0,False,False,,,cvhi:common_voice_hi_26007760,16.554428100585938,17.042644500732422,0.9825156271824043,3.3603551387786865,nan,nan,nan,nan,
ckpt:runs/vaani_full_r4_s1/best.pt,0023,changing_0,changing,0.0,False,False,,,cvhi:common_voice_hi_25154380,10.378355026245117,9.96200180053711,0.7921455755749472,1.6687766313552856,nan,nan,nan,nan,
ckpt:runs/vaani_full_r4_s1/best.pt,0024,changing_0,changing,0.0,False,False,,,cvhi:common_voice_hi_23964473,13.551288604736328,13.468314170837402,0.8565498319950554,1.8362213373184204,nan,nan,nan,nan,
ckpt:runs/vaani_full_r4_s1/best.pt,0025,changing_0,changing,0.0,True,False,,,cvhi:common_voice_hi_26968240,9.369921684265137,8.858134269714355,0.820999135879296,1.3768585920333862,nan,nan,nan,nan,
ckpt:runs/vaani_full_r4_s1/best.pt,0026,changing_0,changing,0.0,False,False,,,cvhi:common_voice_hi_27383943,9.545129776000977,9.17806625366211,0.8509715835876305,1.7354111671447754,nan,nan,nan,nan,
ckpt:runs/vaani_full_r4_s1/best.pt,0027,changing_0,changing,0.0,False,False,,,cvhi:common_voice_hi_24386323,11.166461944580078,11.010910034179688,0.9928299562621546,2.9872429370880127,nan,nan,nan,nan,
ckpt:runs/vaani_full_r4_s1/best.pt,0028,changing_0,changing,0.0,False,False,,,cvhi:common_voice_hi_24511001,10.55685806274414,10.808208465576172,0.9161683883519314,1.831017017364502,nan,nan,nan,nan,
ckpt:runs/vaani_full_r4_s1/best.pt,0029,changing_0,changing,0.0,False,False,,,cvhi:common_voice_hi_24258404,14.293436050415039,14.128915786743164,0.9726061091145595,2.7666919231414795,nan,nan,nan,nan,
ckpt:runs/vaani_full_r4_s1/best.pt,0030,changing_0,changing,0.0,False,False,,,cvhi:common_voice_hi_26007723,14.779740333557129,14.861766815185547,0.979913742148222,2.509420156478882,nan,nan,nan,nan,
ckpt:runs/vaani_full_r4_s1/best.pt,0031,changing_0,changing,0.0,True,False,,,cvhi:common_voice_hi_25154353,9.378050804138184,9.545713424682617,0.8354150471818311,1.5002461671829224,nan,nan,nan,nan,
ckpt:runs/vaani_full_r4_s1/best.pt,0032,changing_0,changing,0.0,False,False,,,cvhi:common_voice_hi_24228510,12.573753356933594,12.385541915893555,0.9447602116945355,2.2161314487457275,nan,nan,nan,nan,
ckpt:runs/vaani_full_r4_s1/best.pt,0033,changing_0,changing,0.0,False,False,,,cvhi:common_voice_hi_24427880,15.285383224487305,15.166706085205078,0.8338383914121535,1.991279125213623,nan,nan,nan,nan,
ckpt:runs/vaani_full_r4_s1/best.pt,0034,changing_0,changing,0.0,False,False,,,ls:150-132655-0000,17.21379280090332,17.555355072021484,0.9765573791500285,3.102456569671631,nan,nan,nan,nan,
ckpt:runs/vaani_full_r4_s1/best.pt,0035,changing_0,changing,0.0,False,False,,,cvhi:common_voice_hi_24427484,3.5960471630096436,3.7491724491119385,0.9405326689835946,2.4646475315093994,nan,nan,nan,nan,
ckpt:runs/vaani_full_r4_s1/best.pt,0036,changing_0,changing,0.0,False,False,,,cvhi:common_voice_hi_26254104,10.637354850769043,10.278219223022461,0.9145884665797599,2.0367209911346436,nan,nan,nan,nan,
ckpt:runs/vaani_full_r4_s1/best.pt,0037,changing_0,changing,0.0,False,False,,,cvhi:common_voice_hi_26008916,13.375350952148438,13.17277717590332,0.9429631803210585,2.242853879928589,nan,nan,nan,nan,
ckpt:runs/vaani_full_r4_s1/best.pt,0038,changing_0,changing,0.0,False,False,,,cvhi:common_voice_hi_27005181,14.571619033813477,14.542560577392578,0.8496426654431961,1.5517401695251465,nan,nan,nan,nan,
ckpt:runs/vaani_full_r4_s1/best.pt,0039,changing_0,changing,0.0,False,False,,,cvhi:common_voice_hi_24510973,13.887791633605957,13.746362686157227,0.9484394342065735,2.1377856731414795,nan,nan,nan,nan,
ckpt:runs/vaani_full_r4_s1/best.pt,0000,changing_10,changing,10.0,False,False,,,ls:150-126112-0027,8.294297218322754,7.655801773071289,0.8823245786086281,1.997962474822998,nan,nan,nan,nan,
ckpt:runs/vaani_full_r4_s1/best.pt,0001,changing_10,changing,10.0,False,False,,,cvhi:common_voice_hi_24386852,19.329254150390625,20.1004581451416,0.9851588087970711,3.3874828815460205,nan,nan,nan,nan,
ckpt:runs/vaani_full_r4_s1/best.pt,0002,changing_10,changing,10.0,False,False,,,ls:1898-145720-0013,16.4183349609375,16.762718200683594,0.9843029386753666,3.401205062866211,nan,nan,nan,nan,
ckpt:runs/vaani_full_r4_s1/best.pt,0003,changing_10,changing,10.0,False,True,,,ls:226-122538-0002,24.277620315551758,24.357755661010742,0.98895746379166,3.9643795490264893,nan,nan,nan,nan,
ckpt:runs/vaani_full_r4_s1/best.pt,0004,changing_10,changing,10.0,False,False,,,cvhi:common_voice_hi_24228465,16.825254440307617,16.73413848876953,0.9186524465044833,3.505626678466797,nan,nan,nan,nan,
ckpt:runs/vaani_full_r4_s1/best.pt,0005,changing_10,changing,10.0,True,False,,,cvhi:common_voice_hi_27944990,17.644113540649414,17.613765716552734,0.9637969903552117,2.5098938941955566,nan,nan,nan,nan,
ckpt:runs/vaani_full_r4_s1/best.pt,0006,changing_10,changing,10.0,False,False,,,cvhi:common_voice_hi_24226287,17.082927703857422,17.02279281616211,0.9651459997750675,2.3365585803985596,nan,nan,nan,nan,
ckpt:runs/vaani_full_r4_s1/best.pt,0007,changing_10,changing,10.0,False,False,,,cvhi:common_voice_hi_24427448,22.188566207885742,24.25318717956543,0.9664678187046483,2.858461618423462,nan,nan,nan,nan,
ckpt:runs/vaani_full_r4_s1/best.pt,0008,changing_10,changing,10.0,False,True,,,cvhi:common_voice_hi_24782649,20.325918197631836,21.672367095947266,0.9776235471210336,3.0791237354278564,nan,nan,nan,nan,
ckpt:runs/vaani_full_r4_s1/best.pt,0009,changing_10,changing,10.0,False,False,,,cvhi:common_voice_hi_27005184,17.334115982055664,17.330890655517578,0.9438870814418976,2.4976894855499268,nan,nan,nan,nan,
ckpt:runs/vaani_full_r4_s1/best.pt,0010,changing_10,changing,10.0,False,False,,,cvhi:common_voice_hi_26007724,13.488415718078613,13.48366641998291,0.9788402313454662,2.6887097358703613,nan,nan,nan,nan,
ckpt:runs/vaani_full_r4_s1/best.pt,0011,changing_10,changing,10.0,False,False,,,cvhi:common_voice_hi_24228379,16.208898544311523,17.25164794921875,0.9711692613760319,3.083296298980713,nan,nan,nan,nan,
ckpt:runs/vaani_full_r4_s1/best.pt,0012,changing_10,changing,10.0,False,False,,,cvhi:common_voice_hi_26007725,15.739289283752441,16.460906982421875,0.9813022833565267,2.459325075149536,nan,nan,nan,nan,
ckpt:runs/vaani_full_r4_s1/best.pt,0013,changing_10,changing,10.0,False,False,,,cvhi:common_voice_hi_25154379,14.349451065063477,14.205816268920898,0.9687408121850994,2.455219268798828,nan,nan,nan,nan,
ckpt:runs/vaani_full_r4_s1/best.pt,0014,changing_10,changing,10.0,False,False,,,cvhi:common_voice_hi_24759495,22.57795524597168,22.631406784057617,0.9967123526462545,3.123319625854492,nan,nan,nan,nan,
ckpt:runs/vaani_full_r4_s1/best.pt,0015,changing_10,changing,10.0,True,False,,,ls:226-122538-0029,13.410318374633789,13.330888748168945,0.9473068275653661,2.614476203918457,nan,nan,nan,nan,
ckpt:runs/vaani_full_r4_s1/best.pt,0016,changing_10,changing,10.0,False,False,,,cvhi:common_voice_hi_26254103,17.520191192626953,17.91602325439453,0.8473630966177547,2.837979793548584,nan,nan,nan,nan,
ckpt:runs/vaani_full_r4_s1/best.pt,0017,changing_10,changing,10.0,False,False,,,cvhi:common_voice_hi_24759434,22.08074378967285,22.064332962036133,0.9969768340117584,3.264957904815674,nan,nan,nan,nan,
ckpt:runs/vaani_full_r4_s1/best.pt,0018,changing_10,changing,10.0,False,False,,,ls:1263-139804-0028,16.62974739074707,16.80224609375,0.9827176111478666,3.037977695465088,nan,nan,nan,nan,
ckpt:runs/vaani_full_r4_s1/best.pt,0019,changing_10,changing,10.0,False,False,,,ls:150-132655-0018,16.337921142578125,16.529619216918945,0.978809807840898,3.303832769393921,nan,nan,nan,nan,
ckpt:runs/vaani_full_r4_s1/best.pt,0020,changing_10,changing,10.0,False,False,,,cvhi:common_voice_hi_25154438,21.416229248046875,21.684045791625977,0.9418382768329326,2.078768253326416,nan,nan,nan,nan,
ckpt:runs/vaani_full_r4_s1/best.pt,0021,changing_10,changing,10.0,True,False,,,ls:226-131533-0030,16.485837936401367,16.462379455566406,0.8944473707879677,1.6045217514038086,nan,nan,nan,nan,
ckpt:runs/vaani_full_r4_s1/best.pt,0022,changing_10,changing,10.0,False,False,,,ls:1263-139804-0007,13.529467582702637,13.727869987487793,0.9877153207500944,2.9389519691467285,nan,nan,nan,nan,
ckpt:runs/vaani_full_r4_s1/best.pt,0023,changing_10,changing,10.0,False,False,,,ls:1263-139804-0029,16.462553024291992,16.734338760375977,0.9718243771889752,3.042315721511841,nan,nan,nan,nan,
ckpt:runs/vaani_full_r4_s1/best.pt,0024,changing_10,changing,10.0,False,False,,,cvhi:common_voice_hi_24228245,5.546987533569336,4.616311073303223,0.9619574972546232,2.106081008911133,nan,nan,nan,nan,
ckpt:runs/vaani_full_r4_s1/best.pt,0025,changing_10,changing,10.0,False,False,,,cvhi:common_voice_hi_24258325,42.88007354736328,42.96665954589844,0.9999759326673516,4.482151985168457,nan,nan,nan,nan,
ckpt:runs/vaani_full_r4_s1/best.pt,0026,changing_10,changing,10.0,False,False,,,cvhi:common_voice_hi_27005578,20.600526809692383,20.562942504882812,0.9931552687915193,2.8363704681396484,nan,nan,nan,nan,
ckpt:runs/vaani_full_r4_s1/best.pt,0027,changing_10,changing,10.0,False,False,,,cvhi:common_voice_hi_26254077,20.09494972229004,22.080801010131836,0.9807990273892997,3.636518716812134,nan,nan,nan,nan,
ckpt:runs/vaani_full_r4_s1/best.pt,0028,changing_10,changing,10.0,True,False,,,cvhi:common_voice_hi_23964473,14.971171379089355,14.834447860717773,0.8920861861062188,1.920302391052246,nan,nan,nan,nan,
ckpt:runs/vaani_full_r4_s1/best.pt,0029,changing_10,changing,10.0,False,False,,,ls:150-132655-0019,16.587661743164062,16.50958251953125,0.8915022273992619,2.9838290214538574,nan,nan,nan,nan,
ckpt:runs/vaani_full_r4_s1/best.pt,0030,changing_10,changing,10.0,False,False,,,cvhi:common_voice_hi_24226416,18.659767150878906,18.84408950805664,0.9633759579889167,3.034761667251587,nan,nan,nan,nan,
ckpt:runs/vaani_full_r4_s1/best.pt,0031,changing_10,changing,10.0,False,False,,,cvhi:common_voice_hi_26254076,21.27922248840332,21.333560943603516,0.9657126211848089,3.1701316833496094,nan,nan,nan,nan,
ckpt:runs/vaani_full_r4_s1/best.pt,0032,changing_10,changing,10.0,False,False,,,cvhi:common_voice_hi_24258308,16.408660888671875,16.308757781982422,0.9436742725241015,2.0801687240600586,nan,nan,nan,nan,
ckpt:runs/vaani_full_r4_s1/best.pt,0033,changing_10,changing,10.0,False,False,,,cvhi:common_voice_hi_24782737,18.038936614990234,18.45905113220215,0.985729474932531,2.9520137310028076,nan,nan,nan,nan,
ckpt:runs/vaani_full_r4_s1/best.pt,0034,changing_10,changing,10.0,False,False,,,cvhi:common_voice_hi_26008948,16.7410945892334,16.72931480407715,0.8741405714294727,2.197126626968384,nan,nan,nan,nan,
ckpt:runs/vaani_full_r4_s1/best.pt,0035,changing_10,changing,10.0,False,False,,,cvhi:common_voice_hi_24258305,12.925708770751953,12.818904876708984,0.9718702260215533,2.77343487739563,nan,nan,nan,nan,
ckpt:runs/vaani_full_r4_s1/best.pt,0036,changing_10,changing,10.0,False,True,,,cvhi:common_voice_hi_26007714,15.486292839050293,15.849076271057129,0.9385371468659368,1.9773149490356445,nan,nan,nan,nan,
ckpt:runs/vaani_full_r4_s1/best.pt,0037,changing_10,changing,10.0,False,True,,,cvhi:common_voice_hi_24386374,18.80575180053711,19.450042724609375,0.9707133760582841,2.928097724914551,nan,nan,nan,nan,
ckpt:runs/vaani_full_r4_s1/best.pt,0038,changing_10,changing,10.0,False,False,,,ls:226-131532-0007,19.685407638549805,20.53035545349121,0.963514837398694,3.5598769187927246,nan,nan,nan,nan,
ckpt:runs/vaani_full_r4_s1/best.pt,0039,changing_10,changing,10.0,False,False,,,ls:226-122538-0001,16.656023025512695,16.748903274536133,0.9632573356962906,2.8065829277038574,nan,nan,nan,nan,
ckpt:runs/vaani_full_r4_s1/best.pt,0000,changing_15,changing,15.0,False,False,,,cvhi:common_voice_hi_24427371,21.925304412841797,21.924869537353516,0.94471055982007,3.1623315811157227,nan,nan,nan,nan,
ckpt:runs/vaani_full_r4_s1/best.pt,0001,changing_15,changing,15.0,False,True,,,ls:1263-139804-0018,21.918975830078125,22.1915340423584,0.9865835434515672,3.1532108783721924,nan,nan,nan,nan,
ckpt:runs/vaani_full_r4_s1/best.pt,0002,changing_15,changing,15.0,False,False,,,cvhi:common_voice_hi_24427465,18.962976455688477,19.483976364135742,0.9527850693284752,3.181654214859009,nan,nan,nan,nan,
ckpt:runs/vaani_full_r4_s1/best.pt,0003,changing_15,changing,15.0,False,False,,,cvhi:common_voice_hi_26007736,20.84725570678711,22.962966918945312,0.9890148553747723,3.8734943866729736,nan,nan,nan,nan,
ckpt:runs/vaani_full_r4_s1/best.pt,0004,changing_15,changing,15.0,False,False,,,ls:226-131532-0006,18.21103286743164,18.292133331298828,0.9571782432773381,3.359590768814087,nan,nan,nan,nan,
ckpt:runs/vaani_full_r4_s1/best.pt,0005,changing_15,changing,15.0,False,False,,,cvhi:common_voice_hi_24280928,22.443443298339844,22.70195198059082,0.9895782558706285,2.677696943283081,nan,nan,nan,nan,
ckpt:runs/vaani_full_r4_s1/best.pt,0006,changing_15,changing,15.0,False,False,,,ls:1263-138246-0019,18.40462875366211,19.032588958740234,0.9914510007407349,3.4981954097747803,nan,nan,nan,nan,
ckpt:runs/vaani_full_r4_s1/best.pt,0007,changing_15,changing,15.0,False,True,,,cvhi:common_voice_hi_25982636,21.400449752807617,21.370208740234375,0.9534431862885275,2.8312010765075684,nan,nan,nan,nan,
ckpt:runs/vaani_full_r4_s1/best.pt,0008,changing_15,changing,15.0,False,False,,,cvhi:common_voice_hi_24228569,19.786056518554688,20.23883819580078,0.9973958552925021,3.8297207355499268,nan,nan,nan,nan,
ckpt:runs/vaani_full_r4_s1/best.pt,0009,changing_15,changing,15.0,False,False,,,cvhi:common_voice_hi_40355229,16.49433135986328,18.528959274291992,0.9834414569823735,2.970791816711426,nan,nan,nan,nan,
ckpt:runs/vaani_full_r4_s1/best.pt,0010,changing_15,changing,15.0,False,True,,,cvhi:common_voice_hi_24228143,18.94339370727539,20.880868911743164,0.9921345795055996,3.3414347171783447,nan,nan,nan,nan,
ckpt:runs/vaani_full_r4_s1/best.pt,0011,changing_15,changing,15.0,False,False,,,cvhi:common_voice_hi_24280943,18.701189041137695,19.03009605407715,0.9814716477281604,3.0126373767852783,nan,nan,nan,nan,
ckpt:runs/vaani_full_r4_s1/best.pt,0012,changing_15,changing,15.0,False,False,,,cvhi:common_voice_hi_27035762,25.73129653930664,26.639911651611328,0.9569636709990845,3.4900035858154297,nan,nan,nan,nan,
ckpt:runs/vaani_full_r4_s1/best.pt,0013,changing_15,changing,15.0,False,False,,,cvhi:common_voice_hi_24427319,23.660430908203125,25.832021713256836,0.9867751131308939,3.359954833984375,nan,nan,nan,nan,
ckpt:runs/vaani_full_r4_s1/best.pt,0014,changing_15,changing,15.0,False,False,,,cvhi:common_voice_hi_24258402,23.586009979248047,24.57546615600586,0.9996858260282355,4.048973083496094,nan,nan,nan,nan,
ckpt:runs/vaani_full_r4_s1/best.pt,0015,changing_15,changing,15.0,False,False,,,cvhi:common_voice_hi_25948425,19.51431655883789,20.768583297729492,0.9916811433450021,3.9123048782348633,nan,nan,nan,nan,
ckpt:runs/vaani_full_r4_s1/best.pt,0016,changing_15,changing,15.0,False,False,,,cvhi:common_voice_hi_24782773,28.868183135986328,33.26442337036133,0.9985319565145563,3.931990385055542,nan,nan,nan,nan,
ckpt:runs/vaani_full_r4_s1/best.pt,0017,changing_15,changing,15.0,False,False,,,cvhi:common_voice_hi_24386789,20.83634376525879,21.8485050201416,0.9910283045046026,2.931459903717041,nan,nan,nan,nan,
ckpt:runs/vaani_full_r4_s1/best.pt,0018,changing_15,changing,15.0,False,False,,,cvhi:common_voice_hi_24427535,19.34796905517578,21.857391357421875,0.9627453245252422,3.4343276023864746,nan,nan,nan,nan,
ckpt:runs/vaani_full_r4_s1/best.pt,0019,changing_15,changing,15.0,False,True,,,ls:1898-145715-0049,18.2822208404541,18.220962524414062,0.9891196502503841,2.177565813064575,nan,nan,nan,nan,
ckpt:runs/vaani_full_r4_s1/best.pt,0020,changing_15,changing,15.0,True,False,,,cvhi:common_voice_hi_27005345,14.683085441589355,14.547183990478516,0.98310271888667,2.2108778953552246,nan,nan,nan,nan,
ckpt:runs/vaani_full_r4_s1/best.pt,0021,changing_15,changing,15.0,False,True,,,cvhi:common_voice_hi_27945102,17.49578285217285,17.463502883911133,0.9649349260630288,3.0486562252044678,nan,nan,nan,nan,
ckpt:runs/vaani_full_r4_s1/best.pt,0022,changing_15,changing,15.0,False,False,,,cvhi:common_voice_hi_24258306,21.81502914428711,21.856414794921875,0.993417550261999,3.277740240097046,nan,nan,nan,nan,
ckpt:runs/vaani_full_r4_s1/best.pt,0023,changing_15,changing,15.0,False,False,,,cvhi:common_voice_hi_24427415,21.12491226196289,27.933988571166992,0.9813485759829961,3.2507822513580322,nan,nan,nan,nan,
ckpt:runs/vaani_full_r4_s1/best.pt,0024,changing_15,changing,15.0,False,False,,,cvhi:common_voice_hi_25323066,20.903213500976562,21.983116149902344,0.9977246701521127,3.524709463119507,nan,nan,nan,nan,
ckpt:runs/vaani_full_r4_s1/best.pt,0025,changing_15,changing,15.0,False,False,,,cvhi:common_voice_hi_27005615,31.155200958251953,32.40884780883789,0.9982755792457442,4.076242923736572,nan,nan,nan,nan,
ckpt:runs/vaani_full_r4_s1/best.pt,0026,changing_15,changing,15.0,False,False,,,cvhi:common_voice_hi_24228514,21.960050582885742,22.7294921875,0.8340365507137009,3.005424737930298,nan,nan,nan,nan,
ckpt:runs/vaani_full_r4_s1/best.pt,0027,changing_15,changing,15.0,False,False,,,ls:1263-138246-0000,17.124595642089844,18.091842651367188,0.9756174242154705,2.878161668777466,nan,nan,nan,nan,
ckpt:runs/vaani_full_r4_s1/best.pt,0028,changing_15,changing,15.0,False,False,,,cvhi:common_voice_hi_26007626,24.3474178314209,24.64717674255371,0.9842050030911116,3.376376152038574,nan,nan,nan,nan,
ckpt:runs/vaani_full_r4_s1/best.pt,0029,changing_15,changing,15.0,False,False,,,cvhi:common_voice_hi_24427750,17.864439010620117,19.855974197387695,0.9521740522637118,2.6424906253814697,nan,nan,nan,nan,
ckpt:runs/vaani_full_r4_s1/best.pt,0030,changing_15,changing,15.0,False,False,,,cvhi:common_voice_hi_27005461,18.89502716064453,18.845033645629883,0.98666410681525,3.4258344173431396,nan,nan,nan,nan,
ckpt:runs/vaani_full_r4_s1/best.pt,0031,changing_15,changing,15.0,False,False,,,cvhi:common_voice_hi_24427332,21.27132225036621,21.36160659790039,0.9531831202355422,3.128382682800293,nan,nan,nan,nan,
ckpt:runs/vaani_full_r4_s1/best.pt,0032,changing_15,changing,15.0,False,False,,,cvhi:common_voice_hi_24258320,21.351957321166992,22.079191207885742,0.9995292880262603,3.7706780433654785,nan,nan,nan,nan,
ckpt:runs/vaani_full_r4_s1/best.pt,0033,changing_15,changing,15.0,False,False,,,cvhi:common_voice_hi_24427377,22.806346893310547,31.341445922851562,0.9983017118462469,4.18141508102417,nan,nan,nan,nan,
ckpt:runs/vaani_full_r4_s1/best.pt,0034,changing_15,changing,15.0,False,False,,,ls:226-122538-0012,28.123916625976562,28.24925422668457,0.9982581748896331,4.362962245941162,nan,nan,nan,nan,
ckpt:runs/vaani_full_r4_s1/best.pt,0035,changing_15,changing,15.0,False,False,,,ls:1263-141777-0040,19.370502471923828,19.747173309326172,0.9804240566213906,3.342921257019043,nan,nan,nan,nan,
ckpt:runs/vaani_full_r4_s1/best.pt,0036,changing_15,changing,15.0,False,False,,,ls:1263-139804-0025,18.576454162597656,19.183486938476562,0.9911903313151653,3.4063127040863037,nan,nan,nan,nan,
ckpt:runs/vaani_full_r4_s1/best.pt,0037,changing_15,changing,15.0,False,False,,,cvhi:common_voice_hi_25154358,23.772571563720703,24.66343879699707,0.9646088731866803,3.179875373840332,nan,nan,nan,nan,
ckpt:runs/vaani_full_r4_s1/best.pt,0038,changing_15,changing,15.0,False,False,,,cvhi:common_voice_hi_24759304,19.407236099243164,20.751358032226562,0.9926588446686665,2.642641305923462,nan,nan,nan,nan,
ckpt:runs/vaani_full_r4_s1/best.pt,0039,changing_15,changing,15.0,False,True,,,cvhi:common_voice_hi_26007798,19.42734718322754,20.784072875976562,0.9814850202822374,2.391535520553589,nan,nan,nan,nan,
ckpt:runs/vaani_full_r4_s1/best.pt,0000,changing_5,changing,5.0,False,False,,,cvhi:common_voice_hi_24228603,14.201985359191895,14.424351692199707,0.9915110406575499,3.6654205322265625,nan,nan,nan,nan,
ckpt:runs/vaani_full_r4_s1/best.pt,0001,changing_5,changing,5.0,False,False,,,cvhi:common_voice_hi_24427414,22.34635353088379,26.9859676361084,0.9421476678022316,3.482161045074463,nan,nan,nan,nan,
ckpt:runs/vaani_full_r4_s1/best.pt,0002,changing_5,changing,5.0,True,False,,,cvhi:common_voice_hi_27005244,13.186346054077148,13.189736366271973,0.9811364384497167,2.9250824451446533,nan,nan,nan,nan,
ckpt:runs/vaani_full_r4_s1/best.pt,0003,changing_5,changing,5.0,True,False,,,cvhi:common_voice_hi_27005180,13.107917785644531,13.113758087158203,0.8726269276731207,1.770256757736206,nan,nan,nan,nan,
ckpt:runs/vaani_full_r4_s1/best.pt,0004,changing_5,changing,5.0,False,False,,,cvhi:common_voice_hi_24258347,15.79991340637207,15.719926834106445,0.9871558442471219,3.0008933544158936,nan,nan,nan,nan,
ckpt:runs/vaani_full_r4_s1/best.pt,0005,changing_5,changing,5.0,False,False,,,cvhi:common_voice_hi_27005264,21.242265701293945,25.01824378967285,0.9960627723817488,2.917487144470215,nan,nan,nan,nan,
ckpt:runs/vaani_full_r4_s1/best.pt,0006,changing_5,changing,5.0,False,False,,,cvhi:common_voice_hi_25154355,17.34795570373535,18.667051315307617,0.867162645100584,2.2414727210998535,nan,nan,nan,nan,
ckpt:runs/vaani_full_r4_s1/best.pt,0007,changing_5,changing,5.0,False,False,,,cvhi:common_voice_hi_40339887,11.355831146240234,11.044214248657227,0.9555753536572351,2.1318793296813965,nan,nan,nan,nan,
ckpt:runs/vaani_full_r4_s1/best.pt,0008,changing_5,changing,5.0,False,True,,,cvhi:common_voice_hi_26007734,19.954235076904297,22.069599151611328,0.9838357753707605,3.096538782119751,nan,nan,nan,nan,
ckpt:runs/vaani_full_r4_s1/best.pt,0009,changing_5,changing,5.0,False,False,,,ls:226-122538-0032,13.323213577270508,13.123860359191895,0.9183450193447514,2.1853067874908447,nan,nan,nan,nan,
ckpt:runs/vaani_full_r4_s1/best.pt,0010,changing_5,changing,5.0,False,False,,,cvhi:common_voice_hi_24228463,16.470054626464844,17.509780883789062,0.975857781714424,3.248852252960205,nan,nan,nan,nan,
ckpt:runs/vaani_full_r4_s1/best.pt,0011,changing_5,changing,5.0,False,False,,,cvhi:common_voice_hi_24427337,20.518617630004883,22.033306121826172,0.952018649386345,3.258331775665283,nan,nan,nan,nan,
ckpt:runs/vaani_full_r4_s1/best.pt,0012,changing_5,changing,5.0,False,False,,,cvhi:common_voice_hi_24427339,11.639463424682617,11.752172470092773,0.9873927474175699,3.824575185775757,nan,nan,nan,nan,
ckpt:runs/vaani_full_r4_s1/best.pt,0013,changing_5,changing,5.0,False,False,,,cvhi:common_voice_hi_25982640,15.706512451171875,16.234832763671875,0.9084666072106341,1.9766908884048462,nan,nan,nan,nan,
ckpt:runs/vaani_full_r4_s1/best.pt,0014,changing_5,changing,5.0,False,False,,,cvhi:common_voice_hi_24228362,7.57446813583374,7.146565914154053,0.9242181896659826,1.4196465015411377,nan,nan,nan,nan,
ckpt:runs/vaani_full_r4_s1/best.pt,0015,changing_5,changing,5.0,False,False,,,cvhi:common_voice_hi_26007863,13.113424301147461,14.605875015258789,0.9715513637573312,2.8808679580688477,nan,nan,nan,nan,
ckpt:runs/vaani_full_r4_s1/best.pt,0016,changing_5,changing,5.0,False,False,,,cvhi:common_voice_hi_24386243,10.053654670715332,9.639575004577637,0.8393602204417615,1.7032368183135986,nan,nan,nan,nan,
ckpt:runs/vaani_full_r4_s1/best.pt,0017,changing_5,changing,5.0,False,False,,,cvhi:common_voice_hi_24782660,17.13238525390625,18.094736099243164,0.9309119510592233,3.161785125732422,nan,nan,nan,nan,
ckpt:runs/vaani_full_r4_s1/best.pt,0018,changing_5,changing,5.0,False,False,,,cvhi:common_voice_hi_26007602,20.624065399169922,20.927108764648438,0.9754555578755402,2.668009042739868,nan,nan,nan,nan,
ckpt:runs/vaani_full_r4_s1/best.pt,0019,changing_5,changing,5.0,False,False,,,cvhi:common_voice_hi_26687109,18.56479835510254,18.810123443603516,0.963769431003853,3.1320714950561523,nan,nan,nan,nan,
ckpt:runs/vaani_full_r4_s1/best.pt,0020,changing_5,changing,5.0,False,False,,,cvhi:common_voice_hi_27639380,13.947829246520996,13.845186233520508,0.8315019051229898,2.283766031265259,nan,nan,nan,nan,
ckpt:runs/vaani_full_r4_s1/best.pt,0021,changing_5,changing,5.0,False,False,,,cvhi:common_voice_hi_24225492,15.335026741027832,15.849852561950684,0.9315091478666764,1.815812110900879,nan,nan,nan,nan,
ckpt:runs/vaani_full_r4_s1/best.pt,0022,changing_5,changing,5.0,False,False,,,cvhi:common_voice_hi_24228494,18.98366928100586,19.278606414794922,0.9809360921456948,2.123455286026001,nan,nan,nan,nan,
ckpt:runs/vaani_full_r4_s1/best.pt,0023,changing_5,changing,5.0,False,False,,,ls:1263-141777-0037,13.673341751098633,13.512930870056152,0.9632973173138795,1.9446882009506226,nan,nan,nan,nan,
ckpt:runs/vaani_full_r4_s1/best.pt,0024,changing_5,changing,5.0,False,False,,,cvhi:common_voice_hi_26253999,12.897644996643066,12.70850944519043,0.9387071655378311,2.1557390689849854,nan,nan,nan,nan,
ckpt:runs/vaani_full_r4_s1/best.pt,0025,changing_5,changing,5.0,True,False,,,ls:226-131533-0015,14.518178939819336,14.36964225769043,0.7551214033837256,2.4265525341033936,nan,nan,nan,nan,
ckpt:runs/vaani_full_r4_s1/best.pt,0026,changing_5,changing,5.0,False,False,,,ls:1263-141777-0017,20.542495727539062,20.51699447631836,0.9974848976829422,3.7268123626708984,nan,nan,nan,nan,
ckpt:runs/vaani_full_r4_s1/best.pt,0027,changing_5,changing,5.0,False,False,,,cvhi:common_voice_hi_27005253,12.956567764282227,12.73947811126709,0.9650134818311344,2.299652099609375,nan,nan,nan,nan,
ckpt:runs/vaani_full_r4_s1/best.pt,0028,changing_5,changing,5.0,False,False,,,cvhi:common_voice_hi_24427415,22.530292510986328,22.557374954223633,0.9158166466503234,3.012828826904297,nan,nan,nan,nan,
ckpt:runs/vaani_full_r4_s1/best.pt,0029,changing_5,changing,5.0,True,True,,,cvhi:common_voice_hi_24258377,16.577852249145508,17.94491958618164,0.9799668309103935,3.0669591426849365,nan,nan,nan,nan,
ckpt:runs/vaani_full_r4_s1/best.pt,0030,changing_5,changing,5.0,False,False,,,cvhi:common_voice_hi_24258382,18.556564331054688,18.990028381347656,0.9709600919791818,2.5666985511779785,nan,nan,nan,nan,
ckpt:runs/vaani_full_r4_s1/best.pt,0031,changing_5,changing,5.0,False,False,,,cvhi:common_voice_hi_23844538,16.855587005615234,16.805931091308594,0.9269220191337103,2.8465750217437744,nan,nan,nan,nan,
ckpt:runs/vaani_full_r4_s1/best.pt,0032,changing_5,changing,5.0,False,False,,,ls:1263-138246-0015,13.680095672607422,13.93816089630127,0.9664811879153328,2.7831640243530273,nan,nan,nan,nan,
ckpt:runs/vaani_full_r4_s1/best.pt,0033,changing_5,changing,5.0,False,False,,,cvhi:common_voice_hi_25154399,22.103784561157227,22.119176864624023,0.9538255706196577,3.412213087081909,nan,nan,nan,nan,
ckpt:runs/vaani_full_r4_s1/best.pt,0034,changing_5,changing,5.0,False,False,,,cvhi:common_voice_hi_26007651,14.69693374633789,14.840559005737305,0.9633050603285238,2.0303351879119873,nan,nan,nan,nan,
ckpt:runs/vaani_full_r4_s1/best.pt,0035,changing_5,changing,5.0,False,True,,,cvhi:common_voice_hi_25154362,22.94141387939453,24.76410675048828,0.9946652337965062,3.444577693939209,nan,nan,nan,nan,
ckpt:runs/vaani_full_r4_s1/best.pt,0036,changing_5,changing,5.0,True,False,,,ls:1263-141777-0019,17.407384872436523,17.77914047241211,0.9849476131720537,2.981647491455078,nan,nan,nan,nan,
ckpt:runs/vaani_full_r4_s1/best.pt,0037,changing_5,changing,5.0,False,False,,,cvhi:common_voice_hi_24759459,26.957609176635742,27.699180603027344,0.9938396699039155,4.198489189147949,nan,nan,nan,nan,
ckpt:runs/vaani_full_r4_s1/best.pt,0038,changing_5,changing,5.0,False,False,,,ls:150-126107-0015,15.589604377746582,15.488415718078613,0.9071866090828611,2.8129401206970215,nan,nan,nan,nan,
ckpt:runs/vaani_full_r4_s1/best.pt,0039,changing_5,changing,5.0,False,False,,,ls:150-126107-0040,11.831745147705078,11.537435531616211,0.8828702354668732,2.500859260559082,nan,nan,nan,nan,
ckpt:runs/vaani_full_r4_s1/best.pt,0000,clean_inf,clean,inf,False,False,,,cvhi:common_voice_hi_25286446,42.62861633300781,42.71968078613281,0.9999249546132768,4.455410957336426,nan,nan,nan,nan,
ckpt:runs/vaani_full_r4_s1/best.pt,0001,clean_inf,clean,inf,False,False,,,cvhi:common_voice_hi_24758653,39.59153747558594,39.59202194213867,0.9999268343960557,4.448551654815674,nan,nan,nan,nan,
ckpt:runs/vaani_full_r4_s1/best.pt,0002,clean_inf,clean,inf,False,False,,,cvhi:common_voice_hi_24386210,37.373680114746094,37.47422409057617,0.9977465407915492,4.482382297515869,nan,nan,nan,nan,
ckpt:runs/vaani_full_r4_s1/best.pt,0003,clean_inf,clean,inf,False,False,,,ls:150-126112-0030,37.95030212402344,38.15996551513672,0.9867188027689081,4.512277126312256,nan,nan,nan,nan,
ckpt:runs/vaani_full_r4_s1/best.pt,0004,clean_inf,clean,inf,False,False,,,cvhi:common_voice_hi_24759577,42.03536605834961,42.284210205078125,0.9999775852516477,4.526136875152588,nan,nan,nan,nan,
ckpt:runs/vaani_full_r4_s1/best.pt,0005,clean_inf,clean,inf,False,False,,,cvhi:common_voice_hi_26007596,35.85212326049805,35.93315887451172,0.9997203817985582,4.082187652587891,nan,nan,nan,nan,
ckpt:runs/vaani_full_r4_s1/best.pt,0006,clean_inf,clean,inf,False,False,,,cvhi:common_voice_hi_26080940,40.40503692626953,40.7763671875,0.9999621770222533,4.50447416305542,nan,nan,nan,nan,
ckpt:runs/vaani_full_r4_s1/best.pt,0007,clean_inf,clean,inf,False,False,,,cvhi:common_voice_hi_24258354,40.92195510864258,40.92232131958008,0.9998685612047212,4.471640110015869,nan,nan,nan,nan,
ckpt:runs/vaani_full_r4_s1/best.pt,0008,clean_inf,clean,inf,False,False,,,cvhi:common_voice_hi_25322994,39.22978210449219,39.23143768310547,0.9999580892251133,4.522950172424316,nan,nan,nan,nan,
ckpt:runs/vaani_full_r4_s1/best.pt,0009,clean_inf,clean,inf,False,False,,,ls:1263-138246-0028,26.329166412353516,26.80030632019043,0.9996353719171188,4.5184712409973145,nan,nan,nan,nan,
ckpt:runs/vaani_full_r4_s1/best.pt,0010,clean_inf,clean,inf,False,False,,,cvhi:common_voice_hi_25154346,40.51664733886719,40.51921844482422,0.9985941838177669,4.558618545532227,nan,nan,nan,nan,
ckpt:runs/vaani_full_r4_s1/best.pt,0011,clean_inf,clean,inf,False,False,,,cvhi:common_voice_hi_24759163,41.41613006591797,41.4180908203125,0.9999220090887034,4.569629192352295,nan,nan,nan,nan,
ckpt:runs/vaani_full_r4_s1/best.pt,0012,clean_inf,clean,inf,False,False,,,cvhi:common_voice_hi_26007781,38.43693923950195,38.536720275878906,0.9999363401425518,4.105009078979492,nan,nan,nan,nan,
ckpt:runs/vaani_full_r4_s1/best.pt,0013,clean_inf,clean,inf,False,False,,,ls:150-132655-0019,39.01551055908203,39.160491943359375,0.9918891819836312,4.514034271240234,nan,nan,nan,nan,
ckpt:runs/vaani_full_r4_s1/best.pt,0014,clean_inf,clean,inf,False,False,,,cvhi:common_voice_hi_26959697,37.025997161865234,37.25813293457031,0.9999394578308585,4.6205596923828125,nan,nan,nan,nan,
ckpt:runs/vaani_full_r4_s1/best.pt,0015,clean_inf,clean,inf,False,False,,,cvhi:common_voice_hi_27005575,42.21959686279297,42.2236442565918,0.997235672703505,4.5219526290893555,nan,nan,nan,nan,
ckpt:runs/vaani_full_r4_s1/best.pt,0016,clean_inf,clean,inf,False,False,,,cvhi:common_voice_hi_31389169,40.826148986816406,40.94074249267578,0.9998909357458332,4.545164585113525,nan,nan,nan,nan,
ckpt:runs/vaani_full_r4_s1/best.pt,0017,clean_inf,clean,inf,False,False,,,cvhi:common_voice_hi_25286447,39.37480545043945,39.38518142700195,0.999923510502655,4.545704364776611,nan,nan,nan,nan,
ckpt:runs/vaani_full_r4_s1/best.pt,0018,clean_inf,clean,inf,False,False,,,cvhi:common_voice_hi_26007626,37.75322341918945,37.78351593017578,0.9997501743512957,4.375063419342041,nan,nan,nan,nan,
ckpt:runs/vaani_full_r4_s1/best.pt,0019,clean_inf,clean,inf,False,False,,,cvhi:common_voice_hi_24759072,41.703433990478516,41.705814361572266,0.9999640953378587,4.597353935241699,nan,nan,nan,nan,
ckpt:runs/vaani_full_r4_s1/best.pt,0020,clean_inf,clean,inf,False,False,,,ls:1263-141777-0007,38.62786865234375,38.734256744384766,0.9998058739840106,4.373860836029053,nan,nan,nan,nan,
ckpt:runs/vaani_full_r4_s1/best.pt,0021,clean_inf,clean,inf,False,False,,,ls:226-131533-0032,35.43815994262695,35.53565216064453,0.9815159262628713,4.405240058898926,nan,nan,nan,nan,
ckpt:runs/vaani_full_r4_s1/best.pt,0022,clean_inf,clean,inf,False,False,,,ls:226-131532-0006,32.91783905029297,33.0692253112793,0.9868541523963131,4.3085150718688965,nan,nan,nan,nan,
ckpt:runs/vaani_full_r4_s1/best.pt,0023,clean_inf,clean,inf,False,False,,,cvhi:common_voice_hi_26007855,37.96796417236328,38.76421356201172,0.9999516596217187,4.3302388191223145,nan,nan,nan,nan,
ckpt:runs/vaani_full_r4_s1/best.pt,0024,clean_inf,clean,inf,False,False,,,cvhi:common_voice_hi_24228141,42.19702911376953,42.271873474121094,0.999951554255052,4.506891250610352,nan,nan,nan,nan,
ckpt:runs/vaani_full_r4_s1/best.pt,0025,clean_inf,clean,inf,False,False,,,cvhi:common_voice_hi_40339895,40.564476013183594,40.565818786621094,0.9997171729824876,4.562730312347412,nan,nan,nan,nan,
ckpt:runs/vaani_full_r4_s1/best.pt,0026,clean_inf,clean,inf,False,False,,,cvhi:common_voice_hi_24427337,39.22111892700195,39.222049713134766,0.998713806684983,4.507250785827637,nan,nan,nan,nan,
ckpt:runs/vaani_full_r4_s1/best.pt,0027,clean_inf,clean,inf,False,False,,,cvhi:common_voice_hi_24510973,41.2702751159668,41.26995086669922,0.9998809834123608,4.5360589027404785,nan,nan,nan,nan,
ckpt:runs/vaani_full_r4_s1/best.pt,0028,clean_inf,clean,inf,False,False,,,ls:150-126112-0033,37.536712646484375,37.538448333740234,0.9804506572947,4.412797927856445,nan,nan,nan,nan,
ckpt:runs/vaani_full_r4_s1/best.pt,0029,clean_inf,clean,inf,False,False,,,cvhi:common_voice_hi_25323041,40.74445724487305,40.88294219970703,0.9999630054833715,4.5564470291137695,nan,nan,nan,nan,
ckpt:runs/vaani_full_r4_s1/best.pt,0030,clean_inf,clean,inf,False,False,,,ls:150-126112-0029,40.523719787597656,40.74098205566406,0.9970826611458746,4.549366474151611,nan,nan,nan,nan,
ckpt:runs/vaani_full_r4_s1/best.pt,0031,clean_inf,clean,inf,False,False,,,cvhi:common_voice_hi_27005638,39.91880798339844,39.95579528808594,0.9999156857541717,4.480640411376953,nan,nan,nan,nan,
ckpt:runs/vaani_full_r4_s1/best.pt,0032,clean_inf,clean,inf,False,False,,,cvhi:common_voice_hi_26008620,36.87373733520508,37.01742935180664,0.9992078863902861,4.483911037445068,nan,nan,nan,nan,
ckpt:runs/vaani_full_r4_s1/best.pt,0033,clean_inf,clean,inf,False,False,,,cvhi:common_voice_hi_24280949,40.12745666503906,40.49894714355469,0.9998708625201039,4.470178604125977,nan,nan,nan,nan,
ckpt:runs/vaani_full_r4_s1/best.pt,0034,clean_inf,clean,inf,False,False,,,cvhi:common_voice_hi_26769497,25.10674285888672,25.132049560546875,0.9228998477331644,3.797684907913208,nan,nan,nan,nan,
ckpt:runs/vaani_full_r4_s1/best.pt,0035,clean_inf,clean,inf,False,False,,,cvhi:common_voice_hi_24759523,42.11050033569336,42.11215591430664,0.9999750403706595,4.519435405731201,nan,nan,nan,nan,
ckpt:runs/vaani_full_r4_s1/best.pt,0036,clean_inf,clean,inf,False,False,,,cvhi:common_voice_hi_27005422,41.894920349121094,41.93777084350586,0.9999367879749987,4.5323486328125,nan,nan,nan,nan,
ckpt:runs/vaani_full_r4_s1/best.pt,0037,clean_inf,clean,inf,False,False,,,cvhi:common_voice_hi_27005258,40.766300201416016,40.974647521972656,0.9991041576602471,4.545120716094971,nan,nan,nan,nan,
ckpt:runs/vaani_full_r4_s1/best.pt,0038,clean_inf,clean,inf,False,False,,,cvhi:common_voice_hi_27248545,38.87730407714844,38.95077896118164,0.9993811820537759,4.558652400970459,nan,nan,nan,nan,
ckpt:runs/vaani_full_r4_s1/best.pt,0039,clean_inf,clean,inf,False,False,,,cvhi:common_voice_hi_27005454,42.09318161010742,42.10621643066406,0.9999489415836713,4.533642292022705,nan,nan,nan,nan,
ckpt:runs/vaani_full_r4_s1/best.pt,0000,impulsive+stationary_-10,impulsive+stationary,-10.0,False,False,7.741946933016816,,cvhi:common_voice_hi_24225726,3.509385824203491,1.1010955572128296,0.7199562126623904,1.1108189821243286,nan,nan,nan,0.0,
ckpt:runs/vaani_full_r4_s1/best.pt,0001,impulsive+stationary_-10,impulsive+stationary,-10.0,False,False,10.941254926865419,,cvhi:common_voice_hi_27005386,2.7047550678253174,-0.6028316617012024,0.7441487303224195,1.176049828529358,nan,nan,nan,0.18,
ckpt:runs/vaani_full_r4_s1/best.pt,0002,impulsive+stationary_-10,impulsive+stationary,-10.0,True,False,10.471468805939093,,cvhi:common_voice_hi_27383946,4.995461463928223,3.3593668937683105,0.7024236269885638,1.243222951889038,nan,nan,nan,0.02,
ckpt:runs/vaani_full_r4_s1/best.pt,0003,impulsive+stationary_-10,impulsive+stationary,-10.0,False,False,-5.338036564328892,,cvhi:common_voice_hi_26008952,3.963657855987549,1.7606112957000732,0.7188547643950238,1.3363118171691895,nan,nan,nan,0.0,
ckpt:runs/vaani_full_r4_s1/best.pt,0004,impulsive+stationary_-10,impulsive+stationary,-10.0,False,False,3.979163416393984,,cvhi:common_voice_hi_25170220,2.8507742881774902,-0.2793024182319641,0.6760834085105226,1.101853847503662,nan,nan,nan,0.06,
ckpt:runs/vaani_full_r4_s1/best.pt,0005,impulsive+stationary_-10,impulsive+stationary,-10.0,False,False,3.768753673430421,,cvhi:common_voice_hi_25154409,0.7468401789665222,-6.375068664550781,0.536102758789425,1.1237735748291016,nan,nan,nan,0.0,
ckpt:runs/vaani_full_r4_s1/best.pt,0006,impulsive+stationary_-10,impulsive+stationary,-10.0,False,False,4.5800336282773895,,cvhi:common_voice_hi_27149959,4.466807842254639,2.652682304382324,0.7136181863403478,1.2334753274917603,nan,nan,nan,0.0,
ckpt:runs/vaani_full_r4_s1/best.pt,0007,impulsive+stationary_-10,impulsive+stationary,-10.0,False,False,0.6051998525013174,,cvhi:common_voice_hi_24258354,3.1798150539398193,0.4200918972492218,0.6708642667655914,1.1541571617126465,nan,nan,nan,0.0,
ckpt:runs/vaani_full_r4_s1/best.pt,0008,impulsive+stationary_-10,impulsive+stationary,-10.0,False,True,9.735923909739173,,cvhi:common_voice_hi_27005280,1.4884114265441895,-3.5003294944763184,0.5767389475160943,1.102421522140503,nan,nan,nan,0.0,
ckpt:runs/vaani_full_r4_s1/best.pt,0009,impulsive+stationary_-10,impulsive+stationary,-10.0,False,False,-3.054586699796876,,cvhi:common_voice_hi_24280926,4.257376194000244,2.376638412475586,0.6003040744873257,1.0944775342941284,nan,nan,nan,0.0,
ckpt:runs/vaani_full_r4_s1/best.pt,0010,impulsive+stationary_-10,impulsive+stationary,-10.0,False,False,6.6454081347856135,,cvhi:common_voice_hi_27005360,3.971210479736328,1.7521674633026123,0.8388395781217574,1.2329761981964111,nan,nan,nan,0.34,
ckpt:runs/vaani_full_r4_s1/best.pt,0011,impulsive+stationary_-10,impulsive+stationary,-10.0,False,False,6.9698934903142895,,ls:150-126107-0007,4.897233009338379,3.2365095615386963,0.6792105964870471,1.2507458925247192,nan,nan,nan,0.72,
ckpt:runs/vaani_full_r4_s1/best.pt,0012,impulsive+stationary_-10,impulsive+stationary,-10.0,False,False,-3.8464009917158837,,cvhi:common_voice_hi_27005379,3.2281203269958496,0.43737131357192993,0.7360792421022493,1.157344937324524,nan,nan,nan,0.0,
ckpt:runs/vaani_full_r4_s1/best.pt,0013,impulsive+stationary_-10,impulsive+stationary,-10.0,True,False,6.646828055929458,,ls:150-126107-0036,3.2420194149017334,0.48982906341552734,0.7854702325496523,1.30106520652771,nan,nan,nan,0.04,
ckpt:runs/vaani_full_r4_s1/best.pt,0014,impulsive+stationary_-10,impulsive+stationary,-10.0,False,False,7.3643771771852915,,cvhi:common_voice_hi_24258347,4.077994346618652,1.9241013526916504,0.8147233935411217,1.2992907762527466,nan,nan,nan,0.0,
ckpt:runs/vaani_full_r4_s1/best.pt,0015,impulsive+stationary_-10,impulsive+stationary,-10.0,False,False,1.691346394964178,,cvhi:common_voice_hi_24758650,2.155007839202881,-1.8744467496871948,0.5533387580017253,1.2450205087661743,nan,nan,nan,0.08,
ckpt:runs/vaani_full_r4_s1/best.pt,0016,impulsive+stationary_-10,impulsive+stationary,-10.0,False,False,-1.2300412070521727,,cvhi:common_voice_hi_26008570,6.506898403167725,5.42448091506958,0.47125256071768307,1.1781566143035889,nan,nan,nan,0.0,
ckpt:runs/vaani_full_r4_s1/best.pt,0017,impulsive+stationary_-10,impulsive+stationary,-10.0,True,False,9.813060384695213,,cvhi:common_voice_hi_26007760,4.652253150939941,2.840419054031372,0.7467373007453545,1.2376646995544434,nan,nan,nan,0.02,
ckpt:runs/vaani_full_r4_s1/best.pt,0018,impulsive+stationary_-10,impulsive+stationary,-10.0,False,True,3.633328750565532,,cvhi:common_voice_hi_25323068,1.6101086139678955,-3.46260929107666,0.5907307441024578,1.1376996040344238,nan,nan,nan,0.34,
ckpt:runs/vaani_full_r4_s1/best.pt,0019,impulsive+stationary_-10,impulsive+stationary,-10.0,False,False,2.4693758830747985,,cvhi:common_voice_hi_25323015,11.36798095703125,11.259088516235352,0.9399966277473252,1.9059019088745117,nan,nan,nan,0.0,
ckpt:runs/vaani_full_r4_s1/best.pt,0020,impulsive+stationary_-10,impulsive+stationary,-10.0,True,False,-2.8345869682355405,,ls:150-126112-0031,3.033508777618408,0.10156165063381195,0.591238177235637,1.1211049556732178,nan,nan,nan,0.0,
ckpt:runs/vaani_full_r4_s1/best.pt,0021,impulsive+stationary_-10,impulsive+stationary,-10.0,False,False,8.545767352123029,,cvhi:common_voice_hi_23964504,3.3876302242279053,0.7767636179924011,0.5921409257743034,1.2025175094604492,nan,nan,nan,0.04,
ckpt:runs/vaani_full_r4_s1/best.pt,0022,impulsive+stationary_-10,impulsive+stationary,-10.0,False,False,-1.5308258297051687,,ls:1898-145715-0029,5.895100116729736,4.7726030349731445,0.6009492842287708,1.146045446395874,nan,nan,nan,0.0,
ckpt:runs/vaani_full_r4_s1/best.pt,0023,impulsive+stationary_-10,impulsive+stationary,-10.0,False,False,10.200015839576366,,cvhi:common_voice_hi_26007781,2.8698835372924805,-0.2854982018470764,0.6841191076896225,1.1224273443222046,nan,nan,nan,0.0,
ckpt:runs/vaani_full_r4_s1/best.pt,0024,impulsive+stationary_-10,impulsive+stationary,-10.0,False,False,9.403801454944157,,cvhi:common_voice_hi_27005573,4.690439701080322,2.9451003074645996,0.805369470942369,1.2556324005126953,nan,nan,nan,0.0,
ckpt:runs/vaani_full_r4_s1/best.pt,0025,impulsive+stationary_-10,impulsive+stationary,-10.0,True,False,-3.486348630448755,,ls:150-132655-0001,9.478002548217773,9.25234603881836,0.9023078274260284,1.8351013660430908,nan,nan,nan,0.0,
ckpt:runs/vaani_full_r4_s1/best.pt,0026,impulsive+stationary_-10,impulsive+stationary,-10.0,True,False,-4.228760414513133,,ls:1263-141777-0030,4.9176530838012695,3.2361502647399902,0.7807036031352517,1.3980116844177246,nan,nan,nan,0.0,
ckpt:runs/vaani_full_r4_s1/best.pt,0027,impulsive+stationary_-10,impulsive+stationary,-10.0,False,False,7.145333708983223,,cvhi:common_voice_hi_27005341,2.2906742095947266,-1.56465482711792,0.5915180717658853,1.160494089126587,nan,nan,nan,0.0,
ckpt:runs/vaani_full_r4_s1/best.pt,0028,impulsive+stationary_-10,impulsive+stationary,-10.0,False,False,8.813698100779408,,cvhi:common_voice_hi_26966920,9.728199005126953,9.310323715209961,0.8435634013837561,1.6352365016937256,nan,nan,nan,0.4,
ckpt:runs/vaani_full_r4_s1/best.pt,0029,impulsive+stationary_-10,impulsive+stationary,-10.0,False,False,-2.81997234960079,,cvhi:common_voice_hi_25154385,5.774063587188721,4.523500442504883,0.6691137696512051,1.2026766538619995,nan,nan,nan,0.0,
ckpt:runs/vaani_full_r4_s1/best.pt,0030,impulsive+stationary_-10,impulsive+stationary,-10.0,False,False,1.249908617453988,,cvhi:common_voice_hi_26007577,5.470178127288818,4.020666599273682,0.7206096048123345,1.40931236743927,nan,nan,nan,0.0,
ckpt:runs/vaani_full_r4_s1/best.pt,0031,impulsive+stationary_-10,impulsive+stationary,-10.0,True,False,2.2761826542512757,,cvhi:common_voice_hi_25154387,1.8506646156311035,-2.737631320953369,0.5301161834095265,1.0839194059371948,nan,nan,nan,0.0,
ckpt:runs/vaani_full_r4_s1/best.pt,0032,impulsive+stationary_-10,impulsive+stationary,-10.0,False,False,9.366819201185061,,cvhi:common_voice_hi_26254104,7.177861213684082,6.313030242919922,0.7537371525990807,1.3999273777008057,nan,nan,nan,0.04,
ckpt:runs/vaani_full_r4_s1/best.pt,0033,impulsive+stationary_-10,impulsive+stationary,-10.0,False,False,7.350538066066624,,ls:226-131532-0033,3.325709104537964,0.8056868314743042,0.5870238623195859,1.1603028774261475,nan,nan,nan,0.3,
ckpt:runs/vaani_full_r4_s1/best.pt,0034,impulsive+stationary_-10,impulsive+stationary,-10.0,False,False,-2.7455972920409297,,cvhi:common_voice_hi_23964471,5.590317249298096,4.261971473693848,0.7198691100631855,1.4234492778778076,nan,nan,nan,0.0,
ckpt:runs/vaani_full_r4_s1/best.pt,0035,impulsive+stationary_-10,impulsive+stationary,-10.0,False,False,8.855814370564334,,cvhi:common_voice_hi_23844538,3.055556297302246,0.31025829911231995,0.6599078233710314,1.2249234914779663,nan,nan,nan,0.56,
ckpt:runs/vaani_full_r4_s1/best.pt,0036,impulsive+stationary_-10,impulsive+stationary,-10.0,False,False,11.064713537507405,,cvhi:common_voice_hi_25948396,3.1212594509124756,0.2447126805782318,0.6735045941791578,1.1927266120910645,nan,nan,nan,0.0,
ckpt:runs/vaani_full_r4_s1/best.pt,0037,impulsive+stationary_-10,impulsive+stationary,-10.0,True,False,9.256134289138675,,cvhi:common_voice_hi_24258405,7.627742767333984,6.871524810791016,0.9016284549240128,1.5873746871948242,nan,nan,nan,0.0,
ckpt:runs/vaani_full_r4_s1/best.pt,0038,impulsive+stationary_-10,impulsive+stationary,-10.0,False,False,5.4318293582990975,,cvhi:common_voice_hi_32796703,3.594296455383301,1.1950334310531616,0.6963008466663423,1.0715787410736084,nan,nan,nan,0.14,
ckpt:runs/vaani_full_r4_s1/best.pt,0039,impulsive+stationary_-10,impulsive+stationary,-10.0,True,False,-1.7069459048516649,,cvhi:common_voice_hi_26008913,1.7702739238739014,-1.7723541259765625,0.3924300657298205,1.1040714979171753,nan,nan,nan,0.0,
ckpt:runs/vaani_full_r4_s1/best.pt,0000,impulsive+stationary_-5,impulsive+stationary,-5.0,False,False,10.486743928252281,,cvhi:common_voice_hi_24386562,3.023993730545044,0.1127728521823883,0.6750776494290971,1.2104413509368896,nan,nan,nan,1.64,
ckpt:runs/vaani_full_r4_s1/best.pt,0001,impulsive+stationary_-5,impulsive+stationary,-5.0,False,False,-2.943885801581036,,cvhi:common_voice_hi_27005200,3.3299379348754883,0.7693576812744141,0.6731571789482453,1.122635841369629,nan,nan,nan,0.0,
ckpt:runs/vaani_full_r4_s1/best.pt,0002,impulsive+stationary_-5,impulsive+stationary,-5.0,False,False,-4.905532175771009,,cvhi:common_voice_hi_27005611,5.001976490020752,3.3590149879455566,0.8449493716198732,1.2830042839050293,nan,nan,nan,0.0,
ckpt:runs/vaani_full_r4_s1/best.pt,0003,impulsive+stationary_-5,impulsive+stationary,-5.0,False,False,9.262877670002837,,cvhi:common_voice_hi_24758708,6.604005813598633,5.534066200256348,0.8323435815639723,1.358086109161377,nan,nan,nan,0.0,
ckpt:runs/vaani_full_r4_s1/best.pt,0004,impulsive+stationary_-5,impulsive+stationary,-5.0,False,False,-4.676517603316943,,cvhi:common_voice_hi_24258408,6.329683303833008,5.276003837585449,0.8944122833519214,1.5019481182098389,nan,nan,nan,0.14,
ckpt:runs/vaani_full_r4_s1/best.pt,0005,impulsive+stationary_-5,impulsive+stationary,-5.0,False,False,-2.4946244603212056,,cvhi:common_voice_hi_27005503,6.643893241882324,5.659003734588623,0.8507919285960024,1.219924807548523,nan,nan,nan,0.0,
ckpt:runs/vaani_full_r4_s1/best.pt,0006,impulsive+stationary_-5,impulsive+stationary,-5.0,False,False,7.28805891168151,,cvhi:common_voice_hi_23936422,9.041627883911133,8.587007522583008,0.8621812759807522,1.9537068605422974,nan,nan,nan,0.0,
ckpt:runs/vaani_full_r4_s1/best.pt,0007,impulsive+stationary_-5,impulsive+stationary,-5.0,False,False,-2.2547409048941462,,cvhi:common_voice_hi_27005645,8.851408958435059,8.385491371154785,0.8602641489945009,1.621232509613037,nan,nan,nan,0.0,
ckpt:runs/vaani_full_r4_s1/best.pt,0008,impulsive+stationary_-5,impulsive+stationary,-5.0,False,False,6.240434406011005,,cvhi:common_voice_hi_26007736,6.713282585144043,5.675542831420898,0.8512524863071582,1.4235506057739258,nan,nan,nan,0.06,
ckpt:runs/vaani_full_r4_s1/best.pt,0009,impulsive+stationary_-5,impulsive+stationary,-5.0,False,False,3.260484949793259,,ls:226-131532-0034,6.236576080322266,5.056858062744141,0.7379338781687863,1.2536795139312744,nan,nan,nan,0.0,
ckpt:runs/vaani_full_r4_s1/best.pt,0010,impulsive+stationary_-5,impulsive+stationary,-5.0,True,False,3.3711127186593206,,cvhi:common_voice_hi_24427428,8.22618293762207,8.001999855041504,0.7482084422724432,1.3313241004943848,nan,nan,nan,0.28,
ckpt:runs/vaani_full_r4_s1/best.pt,0011,impulsive+stationary_-5,impulsive+stationary,-5.0,False,False,5.8168528935932375,,cvhi:common_voice_hi_24759377,7.491974830627441,6.781408786773682,0.7990169072960869,1.4631506204605103,nan,nan,nan,0.06,
ckpt:runs/vaani_full_r4_s1/best.pt,0012,impulsive+stationary_-5,impulsive+stationary,-5.0,False,False,-0.8516457852251857,,cvhi:common_voice_hi_24386648,7.208549499511719,6.369453430175781,0.7737977263524463,1.3401992321014404,nan,nan,nan,0.0,
ckpt:runs/vaani_full_r4_s1/best.pt,0013,impulsive+stationary_-5,impulsive+stationary,-5.0,False,False,8.249456965567958,,cvhi:common_voice_hi_27005451,5.181074619293213,3.61203670501709,0.8236780874713948,1.251501441001892,nan,nan,nan,0.0,
ckpt:runs/vaani_full_r4_s1/best.pt,0014,impulsive+stationary_-5,impulsive+stationary,-5.0,True,False,-5.6983284251242585,,cvhi:common_voice_hi_24258336,7.403314590454102,6.593043804168701,0.8208139562714755,1.3397926092147827,nan,nan,nan,0.0,
ckpt:runs/vaani_full_r4_s1/best.pt,0015,impulsive+stationary_-5,impulsive+stationary,-5.0,False,False,0.43797157832033307,,cvhi:common_voice_hi_24226280,6.9446587562561035,6.03690242767334,0.8360724323425694,1.4401570558547974,nan,nan,nan,0.0,
ckpt:runs/vaani_full_r4_s1/best.pt,0016,impulsive+stationary_-5,impulsive+stationary,-5.0,False,False,3.2453113776345734,,cvhi:common_voice_hi_23964498,4.97451114654541,3.3409082889556885,0.5749567671825185,1.1963666677474976,nan,nan,nan,0.0,
ckpt:runs/vaani_full_r4_s1/best.pt,0017,impulsive+stationary_-5,impulsive+stationary,-5.0,False,False,-3.3137755393249524,,cvhi:common_voice_hi_26967984,7.848209381103516,7.070021629333496,0.8109375822686623,1.403347373008728,nan,nan,nan,0.0,
ckpt:runs/vaani_full_r4_s1/best.pt,0018,impulsive+stationary_-5,impulsive+stationary,-5.0,True,False,6.606947536341764,,cvhi:common_voice_hi_25154337,6.453393936157227,5.339235782623291,0.7434628557126041,1.367361068725586,nan,nan,nan,0.08,
ckpt:runs/vaani_full_r4_s1/best.pt,0019,impulsive+stationary_-5,impulsive+stationary,-5.0,False,False,-3.6025398703874627,,cvhi:common_voice_hi_24228329,7.329594612121582,6.4463372230529785,0.8109069364854793,1.4503707885742188,nan,nan,nan,0.0,
ckpt:runs/vaani_full_r4_s1/best.pt,0020,impulsive+stationary_-5,impulsive+stationary,-5.0,False,False,8.921500467626334,,cvhi:common_voice_hi_27005207,3.278507947921753,0.8308824896812439,0.772146613593243,1.21993088722229,nan,nan,nan,0.62,
ckpt:runs/vaani_full_r4_s1/best.pt,0021,impulsive+stationary_-5,impulsive+stationary,-5.0,False,False,3.2319405029606703,,cvhi:common_voice_hi_26007578,7.434743881225586,6.763374328613281,0.7669929123119661,1.6127471923828125,nan,nan,nan,0.0,
ckpt:runs/vaani_full_r4_s1/best.pt,0022,impulsive+stationary_-5,impulsive+stationary,-5.0,False,False,6.100764558238753,,cvhi:common_voice_hi_27005244,5.100581645965576,3.7889766693115234,0.7158986380000266,1.1861371994018555,nan,nan,nan,0.0,
ckpt:runs/vaani_full_r4_s1/best.pt,0023,impulsive+stationary_-5,impulsive+stationary,-5.0,False,False,1.8586424798308219,,cvhi:common_voice_hi_26967678,5.676737308502197,4.308201313018799,0.7425913305148261,1.1964377164840698,nan,nan,nan,0.0,
ckpt:runs/vaani_full_r4_s1/best.pt,0024,impulsive+stationary_-5,impulsive+stationary,-5.0,False,False,-4.616909438179418,,ls:226-131533-0019,7.491805076599121,6.660573959350586,0.7664476364448461,1.5697906017303467,nan,nan,nan,0.0,
ckpt:runs/vaani_full_r4_s1/best.pt,0025,impulsive+stationary_-5,impulsive+stationary,-5.0,False,False,7.066657781237314,,cvhi:common_voice_hi_27005385,5.334242820739746,4.043220520019531,0.8170411368223917,1.178826093673706,nan,nan,nan,0.0,
ckpt:runs/vaani_full_r4_s1/best.pt,0026,impulsive+stationary_-5,impulsive+stationary,-5.0,False,False,2.3529308139790572,,cvhi:common_voice_hi_27639338,11.983805656433105,11.838619232177734,0.8574230483015219,1.7547461986541748,nan,nan,nan,0.0,
ckpt:runs/vaani_full_r4_s1/best.pt,0027,impulsive+stationary_-5,impulsive+stationary,-5.0,False,False,9.2948803695548,,cvhi:common_voice_hi_24228173,7.786433219909668,6.996471405029297,0.8594017063260148,1.4692623615264893,nan,nan,nan,0.06,
ckpt:runs/vaani_full_r4_s1/best.pt,0028,impulsive+stationary_-5,impulsive+stationary,-5.0,False,False,2.579772335000669,,ls:1898-145724-0009,6.701796054840088,5.6592936515808105,0.6963938361565197,1.2801355123519897,nan,nan,nan,0.1,
ckpt:runs/vaani_full_r4_s1/best.pt,0029,impulsive+stationary_-5,impulsive+stationary,-5.0,False,False,6.481549930375566,,ls:150-126112-0012,8.831584930419922,8.273920059204102,0.7570792868396682,1.4035089015960693,nan,nan,nan,0.0,
ckpt:runs/vaani_full_r4_s1/best.pt,0030,impulsive+stationary_-5,impulsive+stationary,-5.0,False,False,6.676152925691438,,ls:226-131533-0025,7.547727108001709,6.733467102050781,0.7095659851136613,1.6007267236709595,nan,nan,nan,0.18,
ckpt:runs/vaani_full_r4_s1/best.pt,0031,impulsive+stationary_-5,impulsive+stationary,-5.0,False,False,-3.3107042239497115,,cvhi:common_voice_hi_24759562,6.107773303985596,4.92989444732666,0.7818018034748219,1.3102681636810303,nan,nan,nan,0.0,
ckpt:runs/vaani_full_r4_s1/best.pt,0032,impulsive+stationary_-5,impulsive+stationary,-5.0,True,False,5.595260258044895,,ls:1263-141777-0037,4.26112699508667,2.2401368618011475,0.8012135717330128,1.315370798110962,nan,nan,nan,0.0,
ckpt:runs/vaani_full_r4_s1/best.pt,0033,impulsive+stationary_-5,impulsive+stationary,-5.0,False,False,7.082604824902155,,cvhi:common_voice_hi_24427467,8.826960563659668,8.247941970825195,0.6490195476593948,1.7021663188934326,nan,nan,nan,0.54,
ckpt:runs/vaani_full_r4_s1/best.pt,0034,impulsive+stationary_-5,impulsive+stationary,-5.0,False,False,10.287913788505133,,ls:1263-141777-0007,10.358572959899902,10.180959701538086,0.8913393984104355,2.0024702548980713,nan,nan,nan,0.22,
ckpt:runs/vaani_full_r4_s1/best.pt,0035,impulsive+stationary_-5,impulsive+stationary,-5.0,False,False,10.984900043845936,,cvhi:common_voice_hi_24386790,5.201968669891357,3.678476572036743,0.8454677502053444,1.5365848541259766,nan,nan,nan,0.0,
ckpt:runs/vaani_full_r4_s1/best.pt,0036,impulsive+stationary_-5,impulsive+stationary,-5.0,False,False,8.569146890838919,,ls:226-131532-0013,7.557149410247803,6.737608909606934,0.7202620792873281,1.5289580821990967,nan,nan,nan,0.0,
ckpt:runs/vaani_full_r4_s1/best.pt,0037,impulsive+stationary_-5,impulsive+stationary,-5.0,False,False,0.24578276563802692,,cvhi:common_voice_hi_27005546,10.742988586425781,10.44410228729248,0.9088879367970447,1.9153857231140137,nan,nan,nan,0.0,
ckpt:runs/vaani_full_r4_s1/best.pt,0038,impulsive+stationary_-5,impulsive+stationary,-5.0,False,False,-1.968568796249139,,cvhi:common_voice_hi_23936419,9.125972747802734,8.585540771484375,0.8896449524153398,1.7131657600402832,nan,nan,nan,0.0,
ckpt:runs/vaani_full_r4_s1/best.pt,0039,impulsive+stationary_-5,impulsive+stationary,-5.0,False,False,10.635056732955164,,cvhi:common_voice_hi_25154432,13.147417068481445,13.483023643493652,0.8947923841620655,2.0068185329437256,nan,nan,nan,inf,
ckpt:runs/vaani_full_r4_s1/best.pt,0000,impulsive+stationary_0,impulsive+stationary,0.0,False,False,6.8387725459672115,,cvhi:common_voice_hi_24782712,7.407259464263916,6.693619728088379,0.7295245376845317,1.1825767755508423,nan,nan,nan,0.22,
ckpt:runs/vaani_full_r4_s1/best.pt,0001,impulsive+stationary_0,impulsive+stationary,0.0,False,False,6.184937713595444,,ls:226-122538-0007,11.889090538024902,11.598973274230957,0.9026886505522362,2.2412242889404297,nan,nan,nan,0.08,
ckpt:runs/vaani_full_r4_s1/best.pt,0002,impulsive+stationary_0,impulsive+stationary,0.0,False,True,-5.275178120153867,,cvhi:common_voice_hi_27005399,7.189525604248047,6.301713466644287,0.8680027447219375,1.3173657655715942,nan,nan,nan,0.0,
ckpt:runs/vaani_full_r4_s1/best.pt,0003,impulsive+stationary_0,impulsive+stationary,0.0,False,False,2.8361148017350217,,cvhi:common_voice_hi_24261968,7.523105621337891,6.681407928466797,0.9130324314743664,1.708571195602417,nan,nan,nan,0.16,
ckpt:runs/vaani_full_r4_s1/best.pt,0004,impulsive+stationary_0,impulsive+stationary,0.0,False,False,5.9403351346860696,,ls:150-132655-0018,7.5611186027526855,6.775588035583496,0.732740176280936,1.4512544870376587,nan,nan,nan,0.26,
ckpt:runs/vaani_full_r4_s1/best.pt,0005,impulsive+stationary_0,impulsive+stationary,0.0,False,False,-3.9219042492516176,,cvhi:common_voice_hi_25154348,9.464011192321777,8.944637298583984,0.6240899828669247,1.3392122983932495,nan,nan,nan,0.0,
ckpt:runs/vaani_full_r4_s1/best.pt,0006,impulsive+stationary_0,impulsive+stationary,0.0,False,False,6.964222190291126,,cvhi:common_voice_hi_26007726,8.227531433105469,7.626033782958984,0.8363402378971999,1.512263298034668,nan,nan,nan,0.04,
ckpt:runs/vaani_full_r4_s1/best.pt,0007,impulsive+stationary_0,impulsive+stationary,0.0,True,False,7.994417311458541,,cvhi:common_voice_hi_24562177,7.356889724731445,6.71901798248291,0.8514920182016991,1.690216302871704,nan,nan,nan,0.14,
ckpt:runs/vaani_full_r4_s1/best.pt,0008,impulsive+stationary_0,impulsive+stationary,0.0,False,False,9.323868339284772,,cvhi:common_voice_hi_24228444,8.879326820373535,8.35271167755127,0.8292377567236437,1.4444725513458252,nan,nan,nan,0.38,
ckpt:runs/vaani_full_r4_s1/best.pt,0009,impulsive+stationary_0,impulsive+stationary,0.0,False,False,2.400909073781092,,cvhi:common_voice_hi_26687130,10.034541130065918,9.619256973266602,0.888042638778741,2.038206100463867,nan,nan,nan,0.0,
ckpt:runs/vaani_full_r4_s1/best.pt,0010,impulsive+stationary_0,impulsive+stationary,0.0,False,False,-3.960056176725592,,ls:1898-145724-0004,16.008535385131836,16.113670349121094,0.9136726500692672,2.4827518463134766,nan,nan,nan,0.0,
ckpt:runs/vaani_full_r4_s1/best.pt,0011,impulsive+stationary_0,impulsive+stationary,0.0,False,False,9.991333658764406,,cvhi:common_voice_hi_36991226,6.601528167724609,5.669366836547852,0.7572840333868086,1.5383574962615967,nan,nan,nan,0.1,
ckpt:runs/vaani_full_r4_s1/best.pt,0012,impulsive+stationary_0,impulsive+stationary,0.0,False,False,0.20851955921952392,,cvhi:common_voice_hi_27122900,13.917974472045898,14.14018440246582,0.968936193920228,2.5592145919799805,nan,nan,nan,0.0,
ckpt:runs/vaani_full_r4_s1/best.pt,0013,impulsive+stationary_0,impulsive+stationary,0.0,False,False,2.7038590127544797,,cvhi:common_voice_hi_26254103,8.51894760131836,7.863141059875488,0.6620027083251275,1.2254066467285156,nan,nan,nan,0.14,
ckpt:runs/vaani_full_r4_s1/best.pt,0014,impulsive+stationary_0,impulsive+stationary,0.0,False,False,-2.9250830866468,,ls:1898-145702-0013,10.148802757263184,9.771524429321289,0.8802987400136564,1.9270541667938232,nan,nan,nan,0.0,
ckpt:runs/vaani_full_r4_s1/best.pt,0015,impulsive+stationary_0,impulsive+stationary,0.0,False,False,9.718383873617878,,ls:150-126107-0015,9.274833679199219,8.745733261108398,0.8852469118327178,2.446084499359131,nan,nan,nan,0.0,
ckpt:runs/vaani_full_r4_s1/best.pt,0016,impulsive+stationary_0,impulsive+stationary,0.0,False,False,9.627143385181208,,cvhi:common_voice_hi_24225595,9.494434356689453,9.123022079467773,0.939928057140196,1.9066357612609863,nan,nan,nan,0.08,
ckpt:runs/vaani_full_r4_s1/best.pt,0017,impulsive+stationary_0,impulsive+stationary,0.0,False,False,-0.2914461442316494,,ls:150-132655-0004,9.649826049804688,9.24185848236084,0.7858093907300726,1.689274787902832,nan,nan,nan,0.0,
ckpt:runs/vaani_full_r4_s1/best.pt,0018,impulsive+stationary_0,impulsive+stationary,0.0,False,False,5.192703316248201,,ls:1263-138246-0029,9.803522109985352,9.323556900024414,0.9394634447424689,2.1215226650238037,nan,nan,nan,0.0,
ckpt:runs/vaani_full_r4_s1/best.pt,0019,impulsive+stationary_0,impulsive+stationary,0.0,False,False,10.342508245577982,,cvhi:common_voice_hi_24280949,8.647563934326172,8.323202133178711,0.9482453268251124,1.8205080032348633,nan,nan,nan,0.0,
ckpt:runs/vaani_full_r4_s1/best.pt,0020,impulsive+stationary_0,impulsive+stationary,0.0,False,False,-0.8514834510410187,,cvhi:common_voice_hi_26687130,6.623000144958496,5.560562610626221,0.8288422038623801,1.29408597946167,nan,nan,nan,0.08,
ckpt:runs/vaani_full_r4_s1/best.pt,0021,impulsive+stationary_0,impulsive+stationary,0.0,False,False,8.442708322469718,,cvhi:common_voice_hi_26007855,7.147810459136963,6.218891143798828,0.8285098349823354,1.2998430728912354,nan,nan,nan,0.28,
ckpt:runs/vaani_full_r4_s1/best.pt,0022,impulsive+stationary_0,impulsive+stationary,0.0,False,False,0.24678537251806532,,cvhi:common_voice_hi_24258260,7.751948833465576,7.205448150634766,0.916742521228315,1.7712337970733643,nan,nan,nan,0.0,
ckpt:runs/vaani_full_r4_s1/best.pt,0023,impulsive+stationary_0,impulsive+stationary,0.0,False,False,-1.3053880140876677,,cvhi:common_voice_hi_24510966,8.369940757751465,7.786355972290039,0.7808732292725088,1.5901801586151123,nan,nan,nan,0.0,
ckpt:runs/vaani_full_r4_s1/best.pt,0024,impulsive+stationary_0,impulsive+stationary,0.0,False,False,-5.633287944054318,,cvhi:common_voice_hi_25154383,12.624231338500977,12.548881530761719,0.8784098233583933,1.9053703546524048,nan,nan,nan,0.0,
ckpt:runs/vaani_full_r4_s1/best.pt,0025,impulsive+stationary_0,impulsive+stationary,0.0,True,False,6.559726246325468,,cvhi:common_voice_hi_24782711,13.51234245300293,15.289711952209473,0.8918292694260893,2.020153760910034,nan,nan,nan,0.0,
ckpt:runs/vaani_full_r4_s1/best.pt,0026,impulsive+stationary_0,impulsive+stationary,0.0,False,False,-4.866741184205187,,cvhi:common_voice_hi_24782736,10.61815357208252,10.322668075561523,0.812783291262999,1.2695910930633545,nan,nan,nan,0.24,
ckpt:runs/vaani_full_r4_s1/best.pt,0027,impulsive+stationary_0,impulsive+stationary,0.0,False,False,-2.6918875382802985,,cvhi:common_voice_hi_26007825,13.308745384216309,13.233112335205078,0.9532142609227674,2.0142884254455566,nan,nan,nan,0.16,
ckpt:runs/vaani_full_r4_s1/best.pt,0028,impulsive+stationary_0,impulsive+stationary,0.0,False,False,2.6890002254885825,,cvhi:common_voice_hi_26007784,9.65355110168457,9.604209899902344,0.9031130642670646,1.9259960651397705,nan,nan,nan,0.0,
ckpt:runs/vaani_full_r4_s1/best.pt,0029,impulsive+stationary_0,impulsive+stationary,0.0,True,False,10.476716185488481,,cvhi:common_voice_hi_27005230,8.100637435913086,7.450884819030762,0.8849495690222826,1.627213954925537,nan,nan,nan,0.02,
ckpt:runs/vaani_full_r4_s1/best.pt,0030,impulsive+stationary_0,impulsive+stationary,0.0,False,False,-0.29695926159650377,,cvhi:common_voice_hi_24427374,7.183681011199951,6.608916282653809,0.6415201009475544,1.4241042137145996,nan,nan,nan,0.0,
ckpt:runs/vaani_full_r4_s1/best.pt,0031,impulsive+stationary_0,impulsive+stationary,0.0,True,False,0.8358933682109111,,ls:1263-141777-0033,8.140323638916016,7.420661449432373,0.9185408631853013,1.7235586643218994,nan,nan,nan,0.0,
ckpt:runs/vaani_full_r4_s1/best.pt,0032,impulsive+stationary_0,impulsive+stationary,0.0,False,False,-2.6482127924959586,,cvhi:common_voice_hi_24759163,8.672513961791992,8.232707977294922,0.835621948433936,1.3945035934448242,nan,nan,nan,0.2,
ckpt:runs/vaani_full_r4_s1/best.pt,0033,impulsive+stationary_0,impulsive+stationary,0.0,False,True,3.8760288863477825,,cvhi:common_voice_hi_24759284,8.853713035583496,8.267433166503906,0.8953642072642362,1.6228461265563965,nan,nan,nan,0.0,
ckpt:runs/vaani_full_r4_s1/best.pt,0034,impulsive+stationary_0,impulsive+stationary,0.0,False,False,-0.18085053942386686,,cvhi:common_voice_hi_24759304,11.57741928100586,11.276083946228027,0.9011365580917298,1.969754934310913,nan,nan,nan,0.0,
ckpt:runs/vaani_full_r4_s1/best.pt,0035,impulsive+stationary_0,impulsive+stationary,0.0,False,False,5.898392408104389,,cvhi:common_voice_hi_24280958,7.48699951171875,6.673234939575195,0.9797598088658769,1.7844260931015015,nan,nan,nan,1.1,
ckpt:runs/vaani_full_r4_s1/best.pt,0036,impulsive+stationary_0,impulsive+stationary,0.0,True,False,0.4742037411632509,,cvhi:common_voice_hi_23844517,9.769698143005371,9.296553611755371,0.8624643066677979,2.024306297302246,nan,nan,nan,0.32,
ckpt:runs/vaani_full_r4_s1/best.pt,0037,impulsive+stationary_0,impulsive+stationary,0.0,False,False,9.562429718327252,,cvhi:common_voice_hi_30527197,8.545782089233398,7.93549919128418,0.873792119925207,1.380932092666626,nan,nan,nan,0.04,
ckpt:runs/vaani_full_r4_s1/best.pt,0038,impulsive+stationary_0,impulsive+stationary,0.0,False,False,-2.971244533744544,,cvhi:common_voice_hi_23844540,6.761101722717285,5.733128547668457,0.7709093949052777,1.4641082286834717,nan,nan,nan,0.04,
ckpt:runs/vaani_full_r4_s1/best.pt,0039,impulsive+stationary_0,impulsive+stationary,0.0,False,False,-3.821762001624097,,cvhi:common_voice_hi_24427337,-1.3828036785125732,-1.9140846729278564,0.9834152732049384,1.3975201845169067,nan,nan,nan,0.0,
ckpt:runs/vaani_full_r4_s1/best.pt,0000,impulsive+stationary_10,impulsive+stationary,10.0,False,False,2.196301265699434,,cvhi:common_voice_hi_25323093,14.584964752197266,14.867754936218262,0.9648987587036968,2.430086135864258,nan,nan,nan,0.0,
ckpt:runs/vaani_full_r4_s1/best.pt,0001,impulsive+stationary_10,impulsive+stationary,10.0,True,False,2.211328073735567,,cvhi:common_voice_hi_24758732,18.417984008789062,19.108327865600586,0.9472950130089358,2.617710590362549,nan,nan,nan,0.04,
ckpt:runs/vaani_full_r4_s1/best.pt,0002,impulsive+stationary_10,impulsive+stationary,10.0,True,False,8.140666882558088,,cvhi:common_voice_hi_26008604,10.874384880065918,10.60579776763916,0.8553605388018257,1.7153834104537964,nan,nan,nan,0.0,
ckpt:runs/vaani_full_r4_s1/best.pt,0003,impulsive+stationary_10,impulsive+stationary,10.0,False,False,8.146642701984529,,cvhi:common_voice_hi_24280956,16.677499771118164,16.695167541503906,0.9790671612632244,2.2894625663757324,nan,nan,nan,0.16,
ckpt:runs/vaani_full_r4_s1/best.pt,0004,impulsive+stationary_10,impulsive+stationary,10.0,False,False,10.969585636322169,,ls:150-132655-0020,14.334521293640137,14.192639350891113,0.9390361077056515,2.5476701259613037,nan,nan,nan,0.1,
ckpt:runs/vaani_full_r4_s1/best.pt,0005,impulsive+stationary_10,impulsive+stationary,10.0,False,False,4.506390730596712,,ls:1263-139804-0011,14.616260528564453,15.126699447631836,0.9421159748181002,2.5717430114746094,nan,nan,nan,0.08,
ckpt:runs/vaani_full_r4_s1/best.pt,0006,impulsive+stationary_10,impulsive+stationary,10.0,False,False,3.6675030124301156,,cvhi:common_voice_hi_24228288,17.364648818969727,17.522573471069336,0.9767087333494946,2.4578328132629395,nan,nan,nan,0.1,
ckpt:runs/vaani_full_r4_s1/best.pt,0007,impulsive+stationary_10,impulsive+stationary,10.0,False,False,-4.5370187083160785,,cvhi:common_voice_hi_24228423,19.34933090209961,19.753437042236328,0.9695280545902385,2.9230165481567383,nan,nan,nan,0.14,
ckpt:runs/vaani_full_r4_s1/best.pt,0008,impulsive+stationary_10,impulsive+stationary,10.0,False,False,4.924767487243017,,ls:1898-145702-0001,16.304515838623047,16.529773712158203,0.8981962319910411,2.6544456481933594,nan,nan,nan,0.0,
ckpt:runs/vaani_full_r4_s1/best.pt,0009,impulsive+stationary_10,impulsive+stationary,10.0,False,False,2.8296759566849197,,cvhi:common_voice_hi_24280934,20.35038185119629,20.620990753173828,0.9862815168622735,3.358105421066284,nan,nan,nan,0.0,
ckpt:runs/vaani_full_r4_s1/best.pt,0010,impulsive+stationary_10,impulsive+stationary,10.0,False,False,8.326650339526893,,cvhi:common_voice_hi_27005464,17.618741989135742,17.88987159729004,0.986050584942055,3.0093021392822266,nan,nan,nan,0.0,
ckpt:runs/vaani_full_r4_s1/best.pt,0011,impulsive+stationary_10,impulsive+stationary,10.0,False,False,10.960435344127234,,cvhi:common_voice_hi_26966929,14.760002136230469,14.907129287719727,0.9524592723443939,2.2510552406311035,nan,nan,nan,0.0,
ckpt:runs/vaani_full_r4_s1/best.pt,0012,impulsive+stationary_10,impulsive+stationary,10.0,False,False,-3.165888450353905,,cvhi:common_voice_hi_24759459,13.608617782592773,13.435064315795898,0.9097990950360123,1.6582430601119995,nan,nan,nan,0.0,
ckpt:runs/vaani_full_r4_s1/best.pt,0013,impulsive+stationary_10,impulsive+stationary,10.0,False,False,9.448745007821946,,cvhi:common_voice_hi_23964492,19.65425682067871,19.933412551879883,0.9291681431008318,2.8345465660095215,nan,nan,nan,0.4,
ckpt:runs/vaani_full_r4_s1/best.pt,0014,impulsive+stationary_10,impulsive+stationary,10.0,False,False,7.4406366130895645,,cvhi:common_voice_hi_26008606,17.745647430419922,17.67500114440918,0.7660447553167022,1.8323097229003906,nan,nan,nan,0.0,
ckpt:runs/vaani_full_r4_s1/best.pt,0015,impulsive+stationary_10,impulsive+stationary,10.0,False,False,-3.6454270973893026,,cvhi:common_voice_hi_27945054,22.994062423706055,23.03171157836914,0.9855054064263252,3.2652997970581055,nan,nan,nan,0.0,
ckpt:runs/vaani_full_r4_s1/best.pt,0016,impulsive+stationary_10,impulsive+stationary,10.0,True,False,-4.766472998290307,,ls:226-131533-0003,13.610549926757812,13.818014144897461,0.9473231697693225,2.63549542427063,nan,nan,nan,0.0,
ckpt:runs/vaani_full_r4_s1/best.pt,0017,impulsive+stationary_10,impulsive+stationary,10.0,False,False,7.927307017968129,,cvhi:common_voice_hi_24427782,14.984394073486328,14.909322738647461,0.9284720716130727,2.8521766662597656,nan,nan,nan,0.04,
ckpt:runs/vaani_full_r4_s1/best.pt,0018,impulsive+stationary_10,impulsive+stationary,10.0,False,False,-1.4632670574367097,,cvhi:common_voice_hi_27005358,16.446125030517578,16.35337257385254,0.9593486603618245,2.7389535903930664,nan,nan,nan,0.0,
ckpt:runs/vaani_full_r4_s1/best.pt,0019,impulsive+stationary_10,impulsive+stationary,10.0,False,False,9.633161019077683,,cvhi:common_voice_hi_25323015,15.62808895111084,15.63039779663086,0.9738332200842333,1.8606247901916504,nan,nan,nan,0.26,
ckpt:runs/vaani_full_r4_s1/best.pt,0020,impulsive+stationary_10,impulsive+stationary,10.0,False,False,6.097117717454871,,cvhi:common_voice_hi_26007596,14.899402618408203,14.756999969482422,0.9362727083758637,2.3581573963165283,nan,nan,nan,0.56,
ckpt:runs/vaani_full_r4_s1/best.pt,0021,impulsive+stationary_10,impulsive+stationary,10.0,False,False,3.252968540755271,,cvhi:common_voice_hi_24511004,14.9857816696167,14.86862564086914,0.9498950264670171,2.4498233795166016,nan,nan,nan,0.32,
ckpt:runs/vaani_full_r4_s1/best.pt,0022,impulsive+stationary_10,impulsive+stationary,10.0,False,False,9.30235291072481,,cvhi:common_voice_hi_24225492,13.440616607666016,13.393226623535156,0.9681333743252527,1.8931792974472046,nan,nan,nan,0.42,
ckpt:runs/vaani_full_r4_s1/best.pt,0023,impulsive+stationary_10,impulsive+stationary,10.0,False,False,-2.342878220767609,,cvhi:common_voice_hi_24758732,12.80774974822998,12.601545333862305,0.9668851753187723,1.6947157382965088,nan,nan,nan,0.22,
ckpt:runs/vaani_full_r4_s1/best.pt,0024,impulsive+stationary_10,impulsive+stationary,10.0,False,False,5.263410280178766,,cvhi:common_voice_hi_27005257,14.153603553771973,14.159528732299805,0.9532894250611604,2.5135858058929443,nan,nan,nan,0.0,
ckpt:runs/vaani_full_r4_s1/best.pt,0025,impulsive+stationary_10,impulsive+stationary,10.0,False,False,5.814713166032588,,cvhi:common_voice_hi_24759507,17.196992874145508,17.117389678955078,0.9678457869903073,2.4442784786224365,nan,nan,nan,1.02,
ckpt:runs/vaani_full_r4_s1/best.pt,0026,impulsive+stationary_10,impulsive+stationary,10.0,False,False,11.173626794997276,,ls:226-122538-0027,13.435063362121582,13.369511604309082,0.858770555294789,2.389695405960083,nan,nan,nan,0.38,
ckpt:runs/vaani_full_r4_s1/best.pt,0027,impulsive+stationary_10,impulsive+stationary,10.0,False,False,9.8369152164513,,cvhi:common_voice_hi_25154430,16.221935272216797,16.124021530151367,0.9148055403544174,2.3141071796417236,nan,nan,nan,0.02,
ckpt:runs/vaani_full_r4_s1/best.pt,0028,impulsive+stationary_10,impulsive+stationary,10.0,False,False,-0.08161939234774351,,cvhi:common_voice_hi_26007792,15.327509880065918,16.176143646240234,0.8632588571805039,2.527843713760376,nan,nan,nan,0.0,
ckpt:runs/vaani_full_r4_s1/best.pt,0029,impulsive+stationary_10,impulsive+stationary,10.0,False,False,-3.348881273835735,,cvhi:common_voice_hi_24226282,12.049703598022461,11.864555358886719,0.9314344387053374,1.6334123611450195,nan,nan,nan,0.0,
ckpt:runs/vaani_full_r4_s1/best.pt,0030,impulsive+stationary_10,impulsive+stationary,10.0,False,False,5.104375067972599,,cvhi:common_voice_hi_23964505,18.603313446044922,18.64402198791504,0.8910929864152279,2.9433810710906982,nan,nan,nan,0.12,
ckpt:runs/vaani_full_r4_s1/best.pt,0031,impulsive+stationary_10,impulsive+stationary,10.0,False,False,2.1852062546904154,,cvhi:common_voice_hi_24228330,21.6641902923584,21.643531799316406,0.9941057120132489,3.1256327629089355,nan,nan,nan,0.0,
ckpt:runs/vaani_full_r4_s1/best.pt,0032,impulsive+stationary_10,impulsive+stationary,10.0,False,False,-2.8959552565675697,,cvhi:common_voice_hi_26008602,17.032461166381836,16.946889877319336,0.946997723123237,2.3296425342559814,nan,nan,nan,0.0,
ckpt:runs/vaani_full_r4_s1/best.pt,0033,impulsive+stationary_10,impulsive+stationary,10.0,False,False,4.463837464938795,,ls:1898-145715-0041,18.41103744506836,18.438791275024414,0.9779151315892887,3.155672550201416,nan,nan,nan,0.0,
ckpt:runs/vaani_full_r4_s1/best.pt,0034,impulsive+stationary_10,impulsive+stationary,10.0,False,False,-2.244178433498357,,cvhi:common_voice_hi_27005452,13.802404403686523,14.246244430541992,0.9294238872318054,2.3546066284179688,nan,nan,nan,0.0,
ckpt:runs/vaani_full_r4_s1/best.pt,0035,impulsive+stationary_10,impulsive+stationary,10.0,True,False,0.5184034589536308,,cvhi:common_voice_hi_27005248,16.225011825561523,16.15302848815918,0.961572861811812,3.019685983657837,nan,nan,nan,0.24,
ckpt:runs/vaani_full_r4_s1/best.pt,0036,impulsive+stationary_10,impulsive+stationary,10.0,True,False,-3.883367010094591,,ls:1263-138246-0023,10.817693710327148,11.286626815795898,0.878010888462931,2.4776763916015625,nan,nan,nan,0.36,
ckpt:runs/vaani_full_r4_s1/best.pt,0037,impulsive+stationary_10,impulsive+stationary,10.0,False,False,7.021840023021218,,cvhi:common_voice_hi_24759165,14.158782005310059,14.051158905029297,0.9555838221931942,2.210977554321289,nan,nan,nan,1.32,
ckpt:runs/vaani_full_r4_s1/best.pt,0038,impulsive+stationary_10,impulsive+stationary,10.0,False,False,9.098775784814594,,cvhi:common_voice_hi_24562193,13.093271255493164,13.432351112365723,0.9414888845779522,2.24245285987854,nan,nan,nan,0.0,
ckpt:runs/vaani_full_r4_s1/best.pt,0039,impulsive+stationary_10,impulsive+stationary,10.0,False,False,11.531941514409159,,cvhi:common_voice_hi_24759127,14.759358406066895,15.081741333007812,0.945977156373276,2.2261650562286377,nan,nan,nan,0.86,
ckpt:runs/vaani_full_r4_s1/best.pt,0000,impulsive+stationary_15,impulsive+stationary,15.0,False,False,-3.2747579899748436,,cvhi:common_voice_hi_26007593,17.681060791015625,17.606369018554688,0.9833553860739125,2.846379041671753,nan,nan,nan,0.56,
ckpt:runs/vaani_full_r4_s1/best.pt,0001,impulsive+stationary_15,impulsive+stationary,15.0,False,False,6.553448904607842,,cvhi:common_voice_hi_24228463,14.464888572692871,14.306869506835938,0.9723166438548575,2.6937620639801025,nan,nan,nan,0.0,
ckpt:runs/vaani_full_r4_s1/best.pt,0002,impulsive+stationary_15,impulsive+stationary,15.0,False,False,0.8284540174377764,,cvhi:common_voice_hi_24782699,17.02225685119629,17.505359649658203,0.951936597305931,2.2553863525390625,nan,nan,nan,0.0,
ckpt:runs/vaani_full_r4_s1/best.pt,0003,impulsive+stationary_15,impulsive+stationary,15.0,False,False,-5.156072284078447,,cvhi:common_voice_hi_24258346,18.79562759399414,19.563709259033203,0.9740117062649543,2.795825242996216,nan,nan,nan,0.58,
ckpt:runs/vaani_full_r4_s1/best.pt,0004,impulsive+stationary_15,impulsive+stationary,15.0,False,False,-4.940314441963041,,ls:1898-145715-0012,17.93357276916504,17.8913631439209,0.8480005421136723,2.7971036434173584,nan,nan,nan,0.0,
ckpt:runs/vaani_full_r4_s1/best.pt,0005,impulsive+stationary_15,impulsive+stationary,15.0,False,False,9.972736073253868,,cvhi:common_voice_hi_24427695,17.628101348876953,17.619935989379883,0.9293127462704976,3.0881667137145996,nan,nan,nan,0.08,
ckpt:runs/vaani_full_r4_s1/best.pt,0006,impulsive+stationary_15,impulsive+stationary,15.0,False,False,8.227603077880925,,cvhi:common_voice_hi_24228496,16.502941131591797,17.080577850341797,0.958350694346562,2.90612530708313,nan,nan,nan,0.3,
ckpt:runs/vaani_full_r4_s1/best.pt,0007,impulsive+stationary_15,impulsive+stationary,15.0,False,False,-2.1943133330420186,,cvhi:common_voice_hi_25170240,13.203548431396484,14.2280855178833,0.9298895135203619,2.060037612915039,nan,nan,nan,0.24,
ckpt:runs/vaani_full_r4_s1/best.pt,0008,impulsive+stationary_15,impulsive+stationary,15.0,False,False,-2.7590854726072505,,cvhi:common_voice_hi_27005209,16.534521102905273,17.55527687072754,0.9722858381232318,3.255232334136963,nan,nan,nan,0.0,
ckpt:runs/vaani_full_r4_s1/best.pt,0009,impulsive+stationary_15,impulsive+stationary,15.0,False,False,7.1693987849939695,,ls:1263-139804-0027,17.30275535583496,17.33733367919922,0.9658146814518811,2.793752431869507,nan,nan,nan,0.0,
ckpt:runs/vaani_full_r4_s1/best.pt,0010,impulsive+stationary_15,impulsive+stationary,15.0,False,False,4.402810250911125,,cvhi:common_voice_hi_26253999,16.151683807373047,16.72339630126953,0.9466827351826268,2.3137989044189453,nan,nan,nan,0.62,
ckpt:runs/vaani_full_r4_s1/best.pt,0011,impulsive+stationary_15,impulsive+stationary,15.0,False,False,-1.1314954174715295,,cvhi:common_voice_hi_24759073,15.836750030517578,16.01301383972168,0.9849178319133295,1.9964606761932373,nan,nan,nan,0.48,
ckpt:runs/vaani_full_r4_s1/best.pt,0012,impulsive+stationary_15,impulsive+stationary,15.0,True,False,2.7674680146980233,,cvhi:common_voice_hi_27945021,16.546003341674805,16.455158233642578,0.9670096277079668,2.652048110961914,nan,nan,nan,0.74,
ckpt:runs/vaani_full_r4_s1/best.pt,0013,impulsive+stationary_15,impulsive+stationary,15.0,False,False,9.039792257969118,,cvhi:common_voice_hi_26007686,16.585254669189453,17.031856536865234,0.9597303095660814,2.5968244075775146,nan,nan,nan,0.0,
ckpt:runs/vaani_full_r4_s1/best.pt,0014,impulsive+stationary_15,impulsive+stationary,15.0,False,False,5.481029285973079,,ls:226-122538-0022,18.11956024169922,18.83936309814453,0.9147283801341216,3.042064666748047,nan,nan,nan,0.2,
ckpt:runs/vaani_full_r4_s1/best.pt,0015,impulsive+stationary_15,impulsive+stationary,15.0,False,False,11.096900201616421,,cvhi:common_voice_hi_27005246,17.781225204467773,17.76803207397461,0.9781781518553537,2.7732455730438232,nan,nan,nan,0.0,
ckpt:runs/vaani_full_r4_s1/best.pt,0016,impulsive+stationary_15,impulsive+stationary,15.0,False,False,7.71324827582872,,cvhi:common_voice_hi_27005506,15.793877601623535,16.217994689941406,0.98622664113811,2.760235548019409,nan,nan,nan,0.0,
ckpt:runs/vaani_full_r4_s1/best.pt,0017,impulsive+stationary_15,impulsive+stationary,15.0,False,False,2.887456506449327,,ls:1263-141777-0012,18.134471893310547,18.16883087158203,0.9905366280707514,3.352782726287842,nan,nan,nan,0.02,
ckpt:runs/vaani_full_r4_s1/best.pt,0018,impulsive+stationary_15,impulsive+stationary,15.0,False,False,10.004646394783894,,cvhi:common_voice_hi_24386326,19.105640411376953,19.19475746154785,0.9306308929791784,2.521972179412842,nan,nan,nan,0.42,
ckpt:runs/vaani_full_r4_s1/best.pt,0019,impulsive+stationary_15,impulsive+stationary,15.0,False,False,-5.990284509489728,,cvhi:common_voice_hi_24386305,17.712995529174805,18.229022979736328,0.9661162193759941,2.7037718296051025,nan,nan,nan,0.32,
ckpt:runs/vaani_full_r4_s1/best.pt,0020,impulsive+stationary_15,impulsive+stationary,15.0,False,False,-4.611969865229584,,cvhi:common_voice_hi_24258311,21.722591400146484,21.921916961669922,0.9827564028485184,3.4833731651306152,nan,nan,nan,0.0,
ckpt:runs/vaani_full_r4_s1/best.pt,0021,impulsive+stationary_15,impulsive+stationary,15.0,False,False,8.756901633666379,,cvhi:common_voice_hi_26007600,18.485017776489258,19.296419143676758,0.9750572958294458,3.001411199569702,nan,nan,nan,0.14,
ckpt:runs/vaani_full_r4_s1/best.pt,0022,impulsive+stationary_15,impulsive+stationary,15.0,False,False,-3.1684101724711704,,ls:1263-138246-0018,18.28261947631836,18.2985897064209,0.9815854188762311,3.0909206867218018,nan,nan,nan,0.0,
ckpt:runs/vaani_full_r4_s1/best.pt,0023,impulsive+stationary_15,impulsive+stationary,15.0,False,False,4.436349469890537,,cvhi:common_voice_hi_24427348,18.291255950927734,18.235700607299805,0.9515302684746277,2.85831618309021,nan,nan,nan,0.24,
ckpt:runs/vaani_full_r4_s1/best.pt,0024,impulsive+stationary_15,impulsive+stationary,15.0,False,False,-0.2067737324303236,,cvhi:common_voice_hi_24225491,20.03032684326172,21.251361846923828,0.9981507496537387,3.1270978450775146,nan,nan,nan,0.06,
ckpt:runs/vaani_full_r4_s1/best.pt,0025,impulsive+stationary_15,impulsive+stationary,15.0,False,False,-1.5701427288023364,,cvhi:common_voice_hi_24225595,19.438039779663086,22.18903350830078,0.9975773653120619,3.585296630859375,nan,nan,nan,0.0,
ckpt:runs/vaani_full_r4_s1/best.pt,0026,impulsive+stationary_15,impulsive+stationary,15.0,False,True,3.959167131859406,,ls:1263-141777-0022,17.429738998413086,17.604877471923828,0.976973097440253,2.874526262283325,nan,nan,nan,0.0,
ckpt:runs/vaani_full_r4_s1/best.pt,0027,impulsive+stationary_15,impulsive+stationary,15.0,False,False,5.11388118680985,,cvhi:common_voice_hi_27005655,16.930255889892578,17.13582992553711,0.9536174615497476,2.912104368209839,nan,nan,nan,0.34,
ckpt:runs/vaani_full_r4_s1/best.pt,0028,impulsive+stationary_15,impulsive+stationary,15.0,False,False,8.354149910783422,,cvhi:common_voice_hi_26968406,20.28730010986328,20.40188980102539,0.9639424613443444,3.1848857402801514,nan,nan,nan,0.2,
ckpt:runs/vaani_full_r4_s1/best.pt,0029,impulsive+stationary_15,impulsive+stationary,15.0,False,False,2.8673197381259037,,cvhi:common_voice_hi_24759341,18.039947509765625,18.254478454589844,0.9870903228734603,2.9194984436035156,nan,nan,nan,0.0,
ckpt:runs/vaani_full_r4_s1/best.pt,0030,impulsive+stationary_15,impulsive+stationary,15.0,False,False,-0.7840177545243865,,cvhi:common_voice_hi_26254076,16.70990562438965,17.696935653686523,0.9420408515008264,2.9337661266326904,nan,nan,nan,0.12,
ckpt:runs/vaani_full_r4_s1/best.pt,0031,impulsive+stationary_15,impulsive+stationary,15.0,False,True,9.387581650396887,,cvhi:common_voice_hi_27035715,17.43828582763672,17.64096450805664,0.9406277999397022,2.360568046569824,nan,nan,nan,0.0,
ckpt:runs/vaani_full_r4_s1/best.pt,0032,impulsive+stationary_15,impulsive+stationary,15.0,False,False,11.880537946521983,,cvhi:common_voice_hi_27005558,18.52056312561035,18.88308334350586,0.9834266093515163,3.2657217979431152,nan,nan,nan,0.88,
ckpt:runs/vaani_full_r4_s1/best.pt,0033,impulsive+stationary_15,impulsive+stationary,15.0,False,False,-2.243504007933594,,cvhi:common_voice_hi_24280961,18.1362361907959,19.96175765991211,0.9844117939317015,3.3399999141693115,nan,nan,nan,0.0,
ckpt:runs/vaani_full_r4_s1/best.pt,0034,impulsive+stationary_15,impulsive+stationary,15.0,False,False,-0.043263884522880325,,ls:1263-138246-0024,19.487220764160156,19.553735733032227,0.9596731735334,3.0990331172943115,nan,nan,nan,0.0,
ckpt:runs/vaani_full_r4_s1/best.pt,0035,impulsive+stationary_15,impulsive+stationary,15.0,False,False,3.7507219104308227,,ls:1898-145724-0014,20.02803611755371,20.0922794342041,0.9361439857483029,2.815903663635254,nan,nan,nan,0.84,
ckpt:runs/vaani_full_r4_s1/best.pt,0036,impulsive+stationary_15,impulsive+stationary,15.0,False,False,-5.439085085008855,,ls:150-126112-0001,17.9616756439209,18.42504119873047,0.9704641445454243,3.135531187057495,nan,nan,nan,0.0,
ckpt:runs/vaani_full_r4_s1/best.pt,0037,impulsive+stationary_15,impulsive+stationary,15.0,False,False,5.476058725072477,,cvhi:common_voice_hi_24225383,19.025758743286133,19.036632537841797,0.9722651041086715,2.512300491333008,nan,nan,nan,0.66,
ckpt:runs/vaani_full_r4_s1/best.pt,0038,impulsive+stationary_15,impulsive+stationary,15.0,False,False,8.802756023527875,,cvhi:common_voice_hi_24386284,17.166278839111328,17.280513763427734,0.9557345386873609,2.3788275718688965,nan,nan,nan,0.22,
ckpt:runs/vaani_full_r4_s1/best.pt,0039,impulsive+stationary_15,impulsive+stationary,15.0,False,False,3.5897959397187638,,cvhi:common_voice_hi_25170231,18.170358657836914,18.285602569580078,0.9264000687268221,2.22998309135437,nan,nan,nan,0.26,
ckpt:runs/vaani_full_r4_s1/best.pt,0000,impulsive+stationary_5,impulsive+stationary,5.0,False,False,7.452790410527339,,ls:1263-139804-0011,11.287459373474121,11.138919830322266,0.9475689162576869,1.7914190292358398,nan,nan,nan,0.22,
ckpt:runs/vaani_full_r4_s1/best.pt,0001,impulsive+stationary_5,impulsive+stationary,5.0,False,False,0.49020591190409313,,cvhi:common_voice_hi_26007582,12.55135440826416,12.602241516113281,0.8965208050757016,2.361186981201172,nan,nan,nan,0.0,
ckpt:runs/vaani_full_r4_s1/best.pt,0002,impulsive+stationary_5,impulsive+stationary,5.0,False,False,10.960861183338597,,cvhi:common_voice_hi_27005205,14.40406608581543,14.537495613098145,0.952578988637164,2.686734676361084,nan,nan,nan,0.04,
ckpt:runs/vaani_full_r4_s1/best.pt,0003,impulsive+stationary_5,impulsive+stationary,5.0,False,False,3.253228991707479,,cvhi:common_voice_hi_25154329,15.886994361877441,16.046741485595703,0.7682007074806425,1.8657063245773315,nan,nan,nan,0.0,
ckpt:runs/vaani_full_r4_s1/best.pt,0004,impulsive+stationary_5,impulsive+stationary,5.0,False,False,0.8821160469204568,,ls:150-126112-0018,13.05142879486084,12.88272762298584,0.7843973035617064,2.128556728363037,nan,nan,nan,0.0,
ckpt:runs/vaani_full_r4_s1/best.pt,0005,impulsive+stationary_5,impulsive+stationary,5.0,False,False,-0.28822969324170256,,ls:150-132655-0034,14.172926902770996,14.436836242675781,0.9367781814175175,2.7725157737731934,nan,nan,nan,0.0,
ckpt:runs/vaani_full_r4_s1/best.pt,0006,impulsive+stationary_5,impulsive+stationary,5.0,False,True,2.190762424142898,,ls:1263-139804-0025,10.73747444152832,10.416048049926758,0.9277943532970654,2.1047396659851074,nan,nan,nan,0.0,
ckpt:runs/vaani_full_r4_s1/best.pt,0007,impulsive+stationary_5,impulsive+stationary,5.0,False,False,11.894467930898372,,ls:1263-138246-0025,12.779552459716797,12.552071571350098,0.8923937619581421,2.3076517581939697,nan,nan,nan,0.0,
ckpt:runs/vaani_full_r4_s1/best.pt,0008,impulsive+stationary_5,impulsive+stationary,5.0,False,False,10.23484402703141,,ls:226-122538-0005,10.743829727172852,10.498517990112305,0.8792527394675264,1.786604404449463,nan,nan,nan,0.32,
ckpt:runs/vaani_full_r4_s1/best.pt,0009,impulsive+stationary_5,impulsive+stationary,5.0,True,False,3.970297788761222,,cvhi:common_voice_hi_24258390,9.776132583618164,9.329647064208984,0.9139980756944452,1.7816929817199707,nan,nan,nan,0.18,
ckpt:runs/vaani_full_r4_s1/best.pt,0010,impulsive+stationary_5,impulsive+stationary,5.0,False,False,7.790185173275541,,cvhi:common_voice_hi_25154269,12.89326286315918,12.709778785705566,0.823402223543825,1.6392598152160645,nan,nan,nan,0.36,
ckpt:runs/vaani_full_r4_s1/best.pt,0011,impulsive+stationary_5,impulsive+stationary,5.0,True,False,6.431361548284556,,cvhi:common_voice_hi_27635670,10.093470573425293,10.436912536621094,0.8197721373125175,1.7374076843261719,nan,nan,nan,0.0,
ckpt:runs/vaani_full_r4_s1/best.pt,0012,impulsive+stationary_5,impulsive+stationary,5.0,False,False,8.667860526258632,,ls:150-126107-0018,11.180309295654297,11.10267448425293,0.8890308216797839,1.9803801774978638,nan,nan,nan,0.08,
ckpt:runs/vaani_full_r4_s1/best.pt,0013,impulsive+stationary_5,impulsive+stationary,5.0,False,False,6.143236608831243,,cvhi:common_voice_hi_24510994,10.550289154052734,10.285849571228027,0.8608591612832949,1.9843342304229736,nan,nan,nan,0.1,
ckpt:runs/vaani_full_r4_s1/best.pt,0014,impulsive+stationary_5,impulsive+stationary,5.0,False,False,-5.143956930465508,,cvhi:common_voice_hi_24386244,10.782869338989258,10.414385795593262,0.8930590228937717,1.8395578861236572,nan,nan,nan,0.0,
ckpt:runs/vaani_full_r4_s1/best.pt,0015,impulsive+stationary_5,impulsive+stationary,5.0,False,False,-0.4795836467075052,,cvhi:common_voice_hi_40355229,14.123283386230469,14.010945320129395,0.939816428178003,2.1449623107910156,nan,nan,nan,0.0,
ckpt:runs/vaani_full_r4_s1/best.pt,0016,impulsive+stationary_5,impulsive+stationary,5.0,False,False,10.073408953778515,,cvhi:common_voice_hi_27383943,12.584142684936523,12.398551940917969,0.8575411318779476,1.8402645587921143,nan,nan,nan,0.0,
ckpt:runs/vaani_full_r4_s1/best.pt,0017,impulsive+stationary_5,impulsive+stationary,5.0,True,False,-5.003851710701655,,cvhi:common_voice_hi_26007659,17.819717407226562,17.76372718811035,0.9751002991094107,2.2616403102874756,nan,nan,nan,0.04,
ckpt:runs/vaani_full_r4_s1/best.pt,0018,impulsive+stationary_5,impulsive+stationary,5.0,False,False,2.4817873432906765,,cvhi:common_voice_hi_27005361,13.065803527832031,13.175580978393555,0.9597585352478575,1.812896966934204,nan,nan,nan,0.02,
ckpt:runs/vaani_full_r4_s1/best.pt,0019,impulsive+stationary_5,impulsive+stationary,5.0,False,False,4.56992897535552,,cvhi:common_voice_hi_24280927,12.080296516418457,11.851244926452637,0.9343667916522858,2.1688311100006104,nan,nan,nan,0.2,
ckpt:runs/vaani_full_r4_s1/best.pt,0020,impulsive+stationary_5,impulsive+stationary,5.0,True,False,7.6102292778664875,,cvhi:common_voice_hi_23964474,17.16689109802246,17.717838287353516,0.9064088618648697,2.132985830307007,nan,nan,nan,0.1,
ckpt:runs/vaani_full_r4_s1/best.pt,0021,impulsive+stationary_5,impulsive+stationary,5.0,False,False,9.998559316530901,,cvhi:common_voice_hi_24386804,14.722196578979492,15.077220916748047,0.937208540006994,2.58195424079895,nan,nan,nan,0.36,
ckpt:runs/vaani_full_r4_s1/best.pt,0022,impulsive+stationary_5,impulsive+stationary,5.0,False,True,11.873641097750543,,cvhi:common_voice_hi_26007706,10.301346778869629,10.298500061035156,0.9195413457192789,1.9891514778137207,nan,nan,nan,0.08,
ckpt:runs/vaani_full_r4_s1/best.pt,0023,impulsive+stationary_5,impulsive+stationary,5.0,False,False,-5.914369262771745,,cvhi:common_voice_hi_27005243,10.007229804992676,9.813034057617188,0.9335834236202818,1.7789661884307861,nan,nan,nan,0.0,
ckpt:runs/vaani_full_r4_s1/best.pt,0024,impulsive+stationary_5,impulsive+stationary,5.0,False,False,5.039155757753697,,cvhi:common_voice_hi_24562193,9.953309059143066,9.781576156616211,0.9329177738156249,1.941001296043396,nan,nan,nan,0.16,
ckpt:runs/vaani_full_r4_s1/best.pt,0025,impulsive+stationary_5,impulsive+stationary,5.0,False,False,3.6290035496355735,,cvhi:common_voice_hi_26007744,14.21486759185791,14.163408279418945,0.9724352639955348,2.1373493671417236,nan,nan,nan,0.0,
ckpt:runs/vaani_full_r4_s1/best.pt,0026,impulsive+stationary_5,impulsive+stationary,5.0,False,False,11.624066903369247,,cvhi:common_voice_hi_24759072,10.2101469039917,10.216062545776367,0.9255552391890312,1.7840211391448975,nan,nan,nan,0.0,
ckpt:runs/vaani_full_r4_s1/best.pt,0027,impulsive+stationary_5,impulsive+stationary,5.0,False,False,4.613663981723569,,cvhi:common_voice_hi_24280930,11.372300148010254,11.357177734375,0.9527236116460563,2.05066180229187,nan,nan,nan,0.0,
ckpt:runs/vaani_full_r4_s1/best.pt,0028,impulsive+stationary_5,impulsive+stationary,5.0,False,False,5.921687722272276,,cvhi:common_voice_hi_24258344,11.23872184753418,11.167373657226562,0.9165242236018393,1.7818564176559448,nan,nan,nan,0.0,
ckpt:runs/vaani_full_r4_s1/best.pt,0029,impulsive+stationary_5,impulsive+stationary,5.0,False,False,10.79662887849845,,ls:1898-145724-0001,13.313392639160156,13.16821002960205,0.9148396814354137,2.1647796630859375,nan,nan,nan,0.24,
ckpt:runs/vaani_full_r4_s1/best.pt,0030,impulsive+stationary_5,impulsive+stationary,5.0,False,False,3.4816075341852226,,ls:1898-145724-0029,11.457258224487305,11.167391777038574,0.8675265967345978,1.7463730573654175,nan,nan,nan,0.0,
ckpt:runs/vaani_full_r4_s1/best.pt,0031,impulsive+stationary_5,impulsive+stationary,5.0,False,False,4.994067674292408,,cvhi:common_voice_hi_24225549,13.54488468170166,13.670280456542969,0.8906884212194267,1.758188247680664,nan,nan,nan,0.08,
ckpt:runs/vaani_full_r4_s1/best.pt,0032,impulsive+stationary_5,impulsive+stationary,5.0,True,False,4.860701883183635,,ls:226-131533-0023,13.324341773986816,13.118427276611328,0.842369221269206,2.1782286167144775,nan,nan,nan,0.0,
ckpt:runs/vaani_full_r4_s1/best.pt,0033,impulsive+stationary_5,impulsive+stationary,5.0,False,True,4.7157618698103185,,cvhi:common_voice_hi_24782682,14.25244140625,14.351615905761719,0.9355390392445414,2.201267957687378,nan,nan,nan,0.0,
ckpt:runs/vaani_full_r4_s1/best.pt,0034,impulsive+stationary_5,impulsive+stationary,5.0,False,False,6.226553841196285,,ls:1898-145715-0024,16.091529846191406,15.98896598815918,0.9662053258426928,2.511828899383545,nan,nan,nan,0.0,
ckpt:runs/vaani_full_r4_s1/best.pt,0035,impulsive+stationary_5,impulsive+stationary,5.0,False,False,6.378366450446871,,ls:1898-145724-0003,19.50066375732422,19.665311813354492,0.9736403057961877,3.5852856636047363,nan,nan,nan,0.0,
ckpt:runs/vaani_full_r4_s1/best.pt,0036,impulsive+stationary_5,impulsive+stationary,5.0,False,False,5.408898445760618,,cvhi:common_voice_hi_26007577,19.1885929107666,20.222488403320312,0.9747107918654945,3.310420274734497,nan,nan,nan,0.0,
ckpt:runs/vaani_full_r4_s1/best.pt,0037,impulsive+stationary_5,impulsive+stationary,5.0,False,False,0.4815914484157897,,cvhi:common_voice_hi_25154331,19.023168563842773,20.80371856689453,0.8755065447453387,2.5021791458129883,nan,nan,nan,0.0,
ckpt:runs/vaani_full_r4_s1/best.pt,0038,impulsive+stationary_5,impulsive+stationary,5.0,False,False,3.508593462532419,,cvhi:common_voice_hi_25154431,15.046688079833984,15.282572746276855,0.9154075747001035,2.4128835201263428,nan,nan,nan,0.0,
ckpt:runs/vaani_full_r4_s1/best.pt,0039,impulsive+stationary_5,impulsive+stationary,5.0,False,False,1.9455022909932635,,cvhi:common_voice_hi_24427372,11.65820026397705,11.3935546875,0.7945787244273036,1.868270754814148,nan,nan,nan,0.0,
ckpt:runs/vaani_full_r4_s1/best.pt,0000,impulsive_-10,impulsive,-10.0,False,False,-0.7844672756917035,,cvhi:common_voice_hi_23964472,2.4826059341430664,-1.0616233348846436,0.4650305694837885,1.104373812675476,nan,nan,nan,0.0,
ckpt:runs/vaani_full_r4_s1/best.pt,0001,impulsive_-10,impulsive,-10.0,False,False,6.986331723840957,,cvhi:common_voice_hi_27005363,5.366219997406006,3.9838430881500244,0.7423402515214363,1.1315780878067017,nan,nan,nan,0.2,
ckpt:runs/vaani_full_r4_s1/best.pt,0002,impulsive_-10,impulsive,-10.0,True,False,-2.098531557761902,,cvhi:common_voice_hi_24228379,8.00915241241455,7.2842206954956055,0.8138471566810681,1.4045741558074951,nan,nan,nan,0.0,
ckpt:runs/vaani_full_r4_s1/best.pt,0003,impulsive_-10,impulsive,-10.0,False,False,-2.039796330422819,,cvhi:common_voice_hi_27005557,6.736250400543213,5.8660054206848145,0.8519540050310587,1.3421354293823242,nan,nan,nan,0.24,
ckpt:runs/vaani_full_r4_s1/best.pt,0004,impulsive_-10,impulsive,-10.0,False,False,3.7267698403814524,,ls:1898-145724-0023,15.942070007324219,15.845595359802246,0.9680808119652922,1.901752233505249,nan,nan,nan,0.14,
ckpt:runs/vaani_full_r4_s1/best.pt,0005,impulsive_-10,impulsive,-10.0,False,True,6.625584403384842,,cvhi:common_voice_hi_27383943,1.326894760131836,-0.11172603070735931,0.9276286644515849,1.9103153944015503,nan,nan,nan,0.0,
ckpt:runs/vaani_full_r4_s1/best.pt,0006,impulsive_-10,impulsive,-10.0,False,False,-0.3457733309346862,,cvhi:common_voice_hi_24228397,7.788512706756592,7.083353042602539,0.9093057260818437,1.7174099683761597,nan,nan,nan,0.0,
ckpt:runs/vaani_full_r4_s1/best.pt,0007,impulsive_-10,impulsive,-10.0,False,False,-5.386315288684306,,ls:150-132655-0024,15.95779800415039,15.891002655029297,0.94409121755894,2.5496160984039307,nan,nan,nan,0.0,
ckpt:runs/vaani_full_r4_s1/best.pt,0008,impulsive_-10,impulsive,-10.0,False,False,-3.7907854852235285,,ls:226-131533-0017,9.956867218017578,9.537056922912598,0.6921247686150442,1.542630672454834,nan,nan,nan,0.0,
ckpt:runs/vaani_full_r4_s1/best.pt,0009,impulsive_-10,impulsive,-10.0,True,False,8.980805211151823,,cvhi:common_voice_hi_25154349,6.795129299163818,5.860286235809326,0.6807433670208309,1.2075135707855225,nan,nan,nan,1.12,
ckpt:runs/vaani_full_r4_s1/best.pt,0010,impulsive_-10,impulsive,-10.0,False,False,11.318864184835828,,cvhi:common_voice_hi_25154387,11.146295547485352,11.17597770690918,0.8494302889875456,1.412701964378357,nan,nan,nan,0.34,
ckpt:runs/vaani_full_r4_s1/best.pt,0011,impulsive_-10,impulsive,-10.0,False,False,10.591250524192855,,cvhi:common_voice_hi_24510938,6.062976837158203,5.421436309814453,0.9433967929431128,2.0313642024993896,nan,nan,nan,0.08,
ckpt:runs/vaani_full_r4_s1/best.pt,0012,impulsive_-10,impulsive,-10.0,False,False,0.5802182171881025,,cvhi:common_voice_hi_26007706,10.32768726348877,9.96722412109375,0.9095691946586699,1.879530668258667,nan,nan,nan,0.18,
ckpt:runs/vaani_full_r4_s1/best.pt,0013,impulsive_-10,impulsive,-10.0,False,False,-1.3794529365862296,,ls:226-131533-0035,10.554388999938965,10.154961585998535,0.8655749197210763,1.898224115371704,nan,nan,nan,0.0,
ckpt:runs/vaani_full_r4_s1/best.pt,0014,impulsive_-10,impulsive,-10.0,False,True,10.354615884632913,,cvhi:common_voice_hi_26080950,8.621450424194336,8.18325424194336,0.9155996119278165,1.9632434844970703,nan,nan,nan,0.86,
ckpt:runs/vaani_full_r4_s1/best.pt,0015,impulsive_-10,impulsive,-10.0,False,False,-0.9227299471473351,,ls:1898-145720-0011,12.748922348022461,12.512483596801758,0.8611032119768655,2.145352840423584,nan,nan,nan,0.02,
ckpt:runs/vaani_full_r4_s1/best.pt,0016,impulsive_-10,impulsive,-10.0,False,False,-0.6207576883242787,,cvhi:common_voice_hi_27945054,6.043224334716797,4.839535236358643,0.8565383942126442,1.3789750337600708,nan,nan,nan,0.0,
ckpt:runs/vaani_full_r4_s1/best.pt,0017,impulsive_-10,impulsive,-10.0,False,False,3.109095853950228,,ls:1898-145720-0017,5.4234795570373535,3.9560184478759766,0.7121265409036422,1.3272274732589722,nan,nan,nan,0.0,
ckpt:runs/vaani_full_r4_s1/best.pt,0018,impulsive_-10,impulsive,-10.0,False,False,5.385039751494652,,cvhi:common_voice_hi_24759542,6.843064308166504,5.859218597412109,0.862619593429822,1.2669408321380615,nan,nan,nan,0.06,
ckpt:runs/vaani_full_r4_s1/best.pt,0019,impulsive_-10,impulsive,-10.0,False,False,1.9734252810522523,,cvhi:common_voice_hi_24759564,7.181358814239502,6.267003059387207,0.7625276723740305,1.4170852899551392,nan,nan,nan,0.0,
ckpt:runs/vaani_full_r4_s1/best.pt,0020,impulsive_-10,impulsive,-10.0,False,False,6.038950795580643,,cvhi:common_voice_hi_24386814,4.810246467590332,3.327101469039917,0.6934205896017519,1.3306018114089966,nan,nan,nan,0.0,
ckpt:runs/vaani_full_r4_s1/best.pt,0021,impulsive_-10,impulsive,-10.0,False,True,-4.077843338750688,,cvhi:common_voice_hi_24759046,0.906421422958374,-0.03749125450849533,0.8078460138396854,1.505794882774353,nan,nan,nan,0.0,
ckpt:runs/vaani_full_r4_s1/best.pt,0022,impulsive_-10,impulsive,-10.0,False,False,11.3824703562901,,cvhi:common_voice_hi_26007825,4.694394588470459,2.8957772254943848,0.7520445932215214,1.2216122150421143,nan,nan,nan,0.0,
ckpt:runs/vaani_full_r4_s1/best.pt,0023,impulsive_-10,impulsive,-10.0,False,False,11.731934691217209,,cvhi:common_voice_hi_24261964,16.33623504638672,16.59650993347168,0.932485858422054,2.1695520877838135,nan,nan,nan,0.04,
ckpt:runs/vaani_full_r4_s1/best.pt,0024,impulsive_-10,impulsive,-10.0,True,False,1.525356273420103,,ls:226-131533-0032,9.359036445617676,8.8275785446167,0.7886223672964627,1.4371415376663208,nan,nan,nan,0.0,
ckpt:runs/vaani_full_r4_s1/best.pt,0025,impulsive_-10,impulsive,-10.0,False,True,11.427285462910604,,cvhi:common_voice_hi_25154303,4.46623420715332,2.694338798522949,0.64153582804634,1.1967175006866455,nan,nan,nan,0.3,
ckpt:runs/vaani_full_r4_s1/best.pt,0026,impulsive_-10,impulsive,-10.0,True,False,-1.5800533040223348,,cvhi:common_voice_hi_27005462,17.308242797851562,17.240787506103516,0.9701203627197915,1.9006383419036865,nan,nan,nan,0.0,
ckpt:runs/vaani_full_r4_s1/best.pt,0027,impulsive_-10,impulsive,-10.0,True,False,-0.6368328425025016,,cvhi:common_voice_hi_26254100,5.432931900024414,3.9729716777801514,0.7791338448984919,1.3648697137832642,nan,nan,nan,0.0,
ckpt:runs/vaani_full_r4_s1/best.pt,0028,impulsive_-10,impulsive,-10.0,False,False,-0.8032859037661559,,cvhi:common_voice_hi_26968423,8.347099304199219,7.662463665008545,0.8219522740795495,1.3643337488174438,nan,nan,nan,0.0,
ckpt:runs/vaani_full_r4_s1/best.pt,0029,impulsive_-10,impulsive,-10.0,False,False,2.2786665343746826,,cvhi:common_voice_hi_23844541,6.222586631774902,5.180420398712158,0.8001091381964919,1.5990458726882935,nan,nan,nan,0.0,
ckpt:runs/vaani_full_r4_s1/best.pt,0030,impulsive_-10,impulsive,-10.0,False,False,7.636778419601397,,cvhi:common_voice_hi_24782711,9.56614875793457,10.58035659790039,0.9753546929890895,2.2281601428985596,nan,nan,nan,0.0,
ckpt:runs/vaani_full_r4_s1/best.pt,0031,impulsive_-10,impulsive,-10.0,False,False,10.284119606312334,,cvhi:common_voice_hi_24225357,23.022424697875977,32.701759338378906,0.9999021989838489,3.84177565574646,nan,nan,nan,0.4,
ckpt:runs/vaani_full_r4_s1/best.pt,0032,impulsive_-10,impulsive,-10.0,False,False,6.303373527547601,,cvhi:common_voice_hi_27005385,2.2184367179870605,-1.4151148796081543,0.799713818578794,1.2093701362609863,nan,nan,nan,0.2,
ckpt:runs/vaani_full_r4_s1/best.pt,0033,impulsive_-10,impulsive,-10.0,False,False,1.7032916553666757,,cvhi:common_voice_hi_24782654,17.670162200927734,17.746368408203125,0.9613223869144796,2.473634719848633,nan,nan,nan,0.0,
ckpt:runs/vaani_full_r4_s1/best.pt,0034,impulsive_-10,impulsive,-10.0,False,False,-2.4667246351248204,,cvhi:common_voice_hi_24386188,6.043498516082764,4.837342262268066,0.8549356406668898,1.6480920314788818,nan,nan,nan,0.0,
ckpt:runs/vaani_full_r4_s1/best.pt,0035,impulsive_-10,impulsive,-10.0,False,False,7.913267258199255,,cvhi:common_voice_hi_24258369,12.179496765136719,11.977814674377441,0.9060038020505851,1.8075436353683472,nan,nan,nan,0.0,
ckpt:runs/vaani_full_r4_s1/best.pt,0036,impulsive_-10,impulsive,-10.0,False,False,7.321722597189929,,cvhi:common_voice_hi_24427693,13.718992233276367,14.032286643981934,0.8665999432205818,1.631130337715149,nan,nan,nan,0.24,
ckpt:runs/vaani_full_r4_s1/best.pt,0037,impulsive_-10,impulsive,-10.0,False,False,3.233678130224396,,cvhi:common_voice_hi_24386789,17.58660125732422,17.668563842773438,0.9549101910849014,2.7044827938079834,nan,nan,nan,0.0,
ckpt:runs/vaani_full_r4_s1/best.pt,0038,impulsive_-10,impulsive,-10.0,False,False,-0.07945646276441387,,cvhi:common_voice_hi_24280942,6.034832000732422,4.790256500244141,0.8204660829120562,1.5984771251678467,nan,nan,nan,0.0,
ckpt:runs/vaani_full_r4_s1/best.pt,0039,impulsive_-10,impulsive,-10.0,False,False,6.736141967672346,,cvhi:common_voice_hi_26007601,13.16323184967041,13.130370140075684,0.9106444710306008,2.1569948196411133,nan,nan,nan,0.42,
ckpt:runs/vaani_full_r4_s1/best.pt,0000,impulsive_-5,impulsive,-5.0,False,False,-3.7682479070088695,,cvhi:common_voice_hi_27005228,10.160313606262207,9.7717866897583,0.9120634596600085,1.7677775621414185,nan,nan,nan,0.12,
ckpt:runs/vaani_full_r4_s1/best.pt,0001,impulsive_-5,impulsive,-5.0,False,False,-1.2602267734890251,,cvhi:common_voice_hi_27005199,6.501038551330566,5.428750991821289,0.7799924286229034,1.316641926765442,nan,nan,nan,0.0,
ckpt:runs/vaani_full_r4_s1/best.pt,0002,impulsive_-5,impulsive,-5.0,False,False,3.9792257757778735,,ls:1263-141777-0008,11.628889083862305,11.323494911193848,0.9281318383777625,1.9528579711914062,nan,nan,nan,0.06,
ckpt:runs/vaani_full_r4_s1/best.pt,0003,impulsive_-5,impulsive,-5.0,False,False,-0.07236827123301204,,cvhi:common_voice_hi_25004046,16.747817993164062,16.743553161621094,0.9080255110624121,1.9746342897415161,nan,nan,nan,0.0,
ckpt:runs/vaani_full_r4_s1/best.pt,0004,impulsive_-5,impulsive,-5.0,False,False,-4.387007335660979,,cvhi:common_voice_hi_24386877,14.492033958435059,14.589035034179688,0.9126468149997964,2.3372457027435303,nan,nan,nan,0.0,
ckpt:runs/vaani_full_r4_s1/best.pt,0005,impulsive_-5,impulsive,-5.0,False,False,6.875337267892878,,ls:1898-145724-0022,13.543244361877441,13.429536819458008,0.8781344891593295,2.007481813430786,nan,nan,nan,0.0,
ckpt:runs/vaani_full_r4_s1/best.pt,0006,impulsive_-5,impulsive,-5.0,False,False,11.52000217282302,,ls:226-131532-0003,12.684589385986328,12.502050399780273,0.8240951966275896,2.007575511932373,nan,nan,nan,0.0,
ckpt:runs/vaani_full_r4_s1/best.pt,0007,impulsive_-5,impulsive,-5.0,False,False,1.920988938504804,,cvhi:common_voice_hi_24386805,11.330395698547363,11.05370044708252,0.9182639836930013,2.2694320678710938,nan,nan,nan,0.04,
ckpt:runs/vaani_full_r4_s1/best.pt,0008,impulsive_-5,impulsive,-5.0,False,False,-4.317720817878217,,cvhi:common_voice_hi_25154370,9.331128120422363,8.801000595092773,0.7672227312185649,1.6879756450653076,nan,nan,nan,0.0,
ckpt:runs/vaani_full_r4_s1/best.pt,0009,impulsive_-5,impulsive,-5.0,False,False,-0.6460667625373375,,ls:226-131533-0034,11.908533096313477,11.743738174438477,0.9574605662920961,2.5512986183166504,nan,nan,nan,0.04,
ckpt:runs/vaani_full_r4_s1/best.pt,0010,impulsive_-5,impulsive,-5.0,False,False,3.6742703156269148,,ls:226-122538-0009,9.62824535369873,9.187983512878418,0.9185155170032523,2.1552839279174805,nan,nan,nan,0.0,
ckpt:runs/vaani_full_r4_s1/best.pt,0011,impulsive_-5,impulsive,-5.0,False,False,9.622786672212776,,cvhi:common_voice_hi_24562174,6.155905723571777,5.115664482116699,0.7459299429546375,1.3402934074401855,nan,nan,nan,0.0,
ckpt:runs/vaani_full_r4_s1/best.pt,0012,impulsive_-5,impulsive,-5.0,False,True,8.716929846769666,,cvhi:common_voice_hi_24258403,9.0733642578125,8.557226181030273,0.8495682246991668,1.466159462928772,nan,nan,nan,0.04,
ckpt:runs/vaani_full_r4_s1/best.pt,0013,impulsive_-5,impulsive,-5.0,False,False,-5.307730743520347,,cvhi:common_voice_hi_24758675,14.630805015563965,14.479018211364746,0.9460476812814977,1.8764212131500244,nan,nan,nan,0.0,
ckpt:runs/vaani_full_r4_s1/best.pt,0014,impulsive_-5,impulsive,-5.0,False,True,3.026189359619133,,cvhi:common_voice_hi_24386307,8.391725540161133,7.865495681762695,0.9097181309861071,2.144029378890991,nan,nan,nan,0.0,
ckpt:runs/vaani_full_r4_s1/best.pt,0015,impulsive_-5,impulsive,-5.0,False,False,2.8607651621600425,,cvhi:common_voice_hi_24758708,15.595256805419922,15.910086631774902,0.9579173385006506,2.3169355392456055,nan,nan,nan,0.0,
ckpt:runs/vaani_full_r4_s1/best.pt,0016,impulsive_-5,impulsive,-5.0,False,False,-2.366448390033103,,cvhi:common_voice_hi_27005183,7.38246488571167,6.69913387298584,0.9106734024811155,1.6887154579162598,nan,nan,nan,0.0,
ckpt:runs/vaani_full_r4_s1/best.pt,0017,impulsive_-5,impulsive,-5.0,False,False,6.8193744802353855,,cvhi:common_voice_hi_24228394,11.65685749053955,11.498550415039062,0.9127931275277505,1.957250714302063,nan,nan,nan,0.68,
ckpt:runs/vaani_full_r4_s1/best.pt,0018,impulsive_-5,impulsive,-5.0,False,False,3.088829564298976,,cvhi:common_voice_hi_26008913,11.932530403137207,12.04952335357666,0.9923245946897485,2.3534350395202637,nan,nan,nan,0.0,
ckpt:runs/vaani_full_r4_s1/best.pt,0019,impulsive_-5,impulsive,-5.0,False,False,6.534339188490764,,cvhi:common_voice_hi_27005285,11.440372467041016,11.131685256958008,0.917607935951319,1.7666820287704468,nan,nan,nan,0.0,
ckpt:runs/vaani_full_r4_s1/best.pt,0020,impulsive_-5,impulsive,-5.0,False,False,1.140702013746008,,cvhi:common_voice_hi_24758743,9.080329895019531,8.565692901611328,0.920309257243547,1.5228232145309448,nan,nan,nan,0.04,
ckpt:runs/vaani_full_r4_s1/best.pt,0021,impulsive_-5,impulsive,-5.0,False,True,4.997485514725584,,ls:1263-141777-0001,6.352450370788574,5.363109111785889,0.8355009931112493,1.5300254821777344,nan,nan,nan,0.0,
ckpt:runs/vaani_full_r4_s1/best.pt,0022,impulsive_-5,impulsive,-5.0,False,False,5.383891700523375,,ls:226-131532-0008,14.543207168579102,14.554265975952148,0.7734464124643674,2.1759166717529297,nan,nan,nan,0.0,
ckpt:runs/vaani_full_r4_s1/best.pt,0023,impulsive_-5,impulsive,-5.0,False,False,-3.6254739036354304,,cvhi:common_voice_hi_24759489,8.699320793151855,8.123574256896973,0.8742591103386538,1.546316146850586,nan,nan,nan,0.0,
ckpt:runs/vaani_full_r4_s1/best.pt,0024,impulsive_-5,impulsive,-5.0,False,False,3.8019661913282317,,ls:1263-139804-0015,24.502790451049805,24.790220260620117,0.9945532984643273,3.759247303009033,nan,nan,nan,0.0,
ckpt:runs/vaani_full_r4_s1/best.pt,0025,impulsive_-5,impulsive,-5.0,False,False,-2.9164362496376643,,cvhi:common_voice_hi_24225388,10.627230644226074,10.334857940673828,0.8955921770961545,1.631723403930664,nan,nan,nan,0.18,
ckpt:runs/vaani_full_r4_s1/best.pt,0026,impulsive_-5,impulsive,-5.0,False,True,0.6734343171493578,,cvhi:common_voice_hi_24386375,12.2285795211792,11.977031707763672,0.7823391260128408,1.542189359664917,nan,nan,nan,0.02,
ckpt:runs/vaani_full_r4_s1/best.pt,0027,impulsive_-5,impulsive,-5.0,False,False,11.357170224641326,,cvhi:common_voice_hi_24228360,7.506402015686035,6.812182426452637,0.8601421335329136,1.2334436178207397,nan,nan,nan,0.48,
ckpt:runs/vaani_full_r4_s1/best.pt,0028,impulsive_-5,impulsive,-5.0,False,False,10.900241558391336,,cvhi:common_voice_hi_24226282,12.23009967803955,12.329415321350098,0.9606457538045905,2.5020198822021484,nan,nan,nan,0.14,
ckpt:runs/vaani_full_r4_s1/best.pt,0029,impulsive_-5,impulsive,-5.0,False,False,1.2286564447309933,,ls:226-131533-0011,13.427562713623047,13.494938850402832,0.9795386654297594,3.5596237182617188,nan,nan,nan,0.0,
ckpt:runs/vaani_full_r4_s1/best.pt,0030,impulsive_-5,impulsive,-5.0,False,False,10.318703979693531,,cvhi:common_voice_hi_24258350,16.406461715698242,16.41351890563965,0.9886400895335549,2.8906078338623047,nan,nan,nan,inf,
ckpt:runs/vaani_full_r4_s1/best.pt,0031,impulsive_-5,impulsive,-5.0,False,False,10.851590747783824,,cvhi:common_voice_hi_24759096,13.121081352233887,13.027247428894043,0.9694787804801216,2.1942434310913086,nan,nan,nan,0.0,
ckpt:runs/vaani_full_r4_s1/best.pt,0032,impulsive_-5,impulsive,-5.0,False,False,7.382882953326627,,cvhi:common_voice_hi_24228204,11.385053634643555,11.09054946899414,0.9096805686014936,1.9494850635528564,nan,nan,nan,0.02,
ckpt:runs/vaani_full_r4_s1/best.pt,0033,impulsive_-5,impulsive,-5.0,False,False,-4.106362708938538,,ls:226-131533-0026,8.238612174987793,7.534573554992676,0.7867440741100075,1.7436919212341309,nan,nan,nan,0.0,
ckpt:runs/vaani_full_r4_s1/best.pt,0034,impulsive_-5,impulsive,-5.0,False,False,1.3583724208106007,,ls:150-132655-0017,9.587684631347656,9.11682415008545,0.8783933928838618,1.7439675331115723,nan,nan,nan,0.0,
ckpt:runs/vaani_full_r4_s1/best.pt,0035,impulsive_-5,impulsive,-5.0,False,False,9.001707440185468,,cvhi:common_voice_hi_26007612,9.872182846069336,9.44755744934082,0.9102140560199941,2.247288227081299,nan,nan,nan,0.0,
ckpt:runs/vaani_full_r4_s1/best.pt,0036,impulsive_-5,impulsive,-5.0,False,False,-4.2225473190539695,,cvhi:common_voice_hi_27005654,12.171746253967285,12.223481178283691,0.9797128513452454,3.086470127105713,nan,nan,nan,0.06,
ckpt:runs/vaani_full_r4_s1/best.pt,0037,impulsive_-5,impulsive,-5.0,False,False,-2.478343129388021,,cvhi:common_voice_hi_24938892,24.51387596130371,28.89991569519043,0.9995253836062769,3.0750834941864014,nan,nan,nan,0.04,
ckpt:runs/vaani_full_r4_s1/best.pt,0038,impulsive_-5,impulsive,-5.0,False,False,11.414427857784393,,cvhi:common_voice_hi_24226419,13.5033597946167,13.680124282836914,0.8881418827738732,1.720244288444519,nan,nan,nan,0.24,
ckpt:runs/vaani_full_r4_s1/best.pt,0039,impulsive_-5,impulsive,-5.0,True,False,1.076400974509447,,cvhi:common_voice_hi_26007636,6.251842498779297,5.140393257141113,0.8448891730048363,1.4376407861709595,nan,nan,nan,0.0,
ckpt:runs/vaani_full_r4_s1/best.pt,0000,impulsive_0,impulsive,0.0,False,False,-4.939640577458221,,cvhi:common_voice_hi_24759308,13.245915412902832,13.603918075561523,0.9664235282710895,3.0152924060821533,nan,nan,nan,0.0,
ckpt:runs/vaani_full_r4_s1/best.pt,0001,impulsive_0,impulsive,0.0,False,False,4.185699479239469,,cvhi:common_voice_hi_24938895,13.0855131149292,13.297486305236816,0.908502437165021,1.56511390209198,nan,nan,nan,0.02,
ckpt:runs/vaani_full_r4_s1/best.pt,0002,impulsive_0,impulsive,0.0,False,False,9.534603168673804,,cvhi:common_voice_hi_27005461,12.02988052368164,11.897497177124023,0.9316037814696789,1.8746074438095093,nan,nan,nan,0.06,
ckpt:runs/vaani_full_r4_s1/best.pt,0003,impulsive_0,impulsive,0.0,False,False,-4.089794857660426,,cvhi:common_voice_hi_24228396,14.255517959594727,14.09321403503418,0.8479812602730783,2.342653751373291,nan,nan,nan,0.06,
ckpt:runs/vaani_full_r4_s1/best.pt,0004,impulsive_0,impulsive,0.0,False,False,3.1426363084548914,,cvhi:common_voice_hi_31389170,11.73404598236084,11.541482925415039,0.9098642727673454,1.9175777435302734,nan,nan,nan,0.0,
ckpt:runs/vaani_full_r4_s1/best.pt,0005,impulsive_0,impulsive,0.0,False,False,4.502125965243529,,cvhi:common_voice_hi_25473137,10.8941650390625,10.572858810424805,0.8534131078660128,1.6545467376708984,nan,nan,nan,0.0,
ckpt:runs/vaani_full_r4_s1/best.pt,0006,impulsive_0,impulsive,0.0,False,False,5.606245490290167,,cvhi:common_voice_hi_27945201,8.475915908813477,7.819068431854248,0.9433111754649361,2.212153911590576,nan,nan,nan,0.08,
ckpt:runs/vaani_full_r4_s1/best.pt,0007,impulsive_0,impulsive,0.0,False,False,5.869905035707346,,cvhi:common_voice_hi_25004046,18.88442611694336,19.466144561767578,0.9805096661616237,3.1191773414611816,nan,nan,nan,1.92,
ckpt:runs/vaani_full_r4_s1/best.pt,0008,impulsive_0,impulsive,0.0,False,True,3.1632921822719418,,cvhi:common_voice_hi_27005240,17.23174285888672,17.164989471435547,0.9637976887872775,2.1461148262023926,nan,nan,nan,0.42,
ckpt:runs/vaani_full_r4_s1/best.pt,0009,impulsive_0,impulsive,0.0,False,False,3.6130906178062805,,cvhi:common_voice_hi_24511001,4.776154041290283,4.6497111320495605,0.9900439909531921,3.3459689617156982,nan,nan,nan,0.0,
ckpt:runs/vaani_full_r4_s1/best.pt,0010,impulsive_0,impulsive,0.0,False,False,7.387256500471727,,cvhi:common_voice_hi_24280971,9.159441947937012,8.710489273071289,0.9618004714167214,1.791499137878418,nan,nan,nan,0.0,
ckpt:runs/vaani_full_r4_s1/best.pt,0011,impulsive_0,impulsive,0.0,False,False,-2.436513046999143,,cvhi:common_voice_hi_24759130,17.06487274169922,17.17848014831543,0.9505363854876001,2.1359517574310303,nan,nan,nan,0.0,
ckpt:runs/vaani_full_r4_s1/best.pt,0012,impulsive_0,impulsive,0.0,False,False,11.42216186693323,,cvhi:common_voice_hi_27383945,24.162567138671875,24.695608139038086,0.9231472283359481,2.8272547721862793,nan,nan,nan,0.1,
ckpt:runs/vaani_full_r4_s1/best.pt,0013,impulsive_0,impulsive,0.0,False,False,5.2661435611904395,,cvhi:common_voice_hi_25948432,20.69923210144043,20.786640167236328,0.980404499708124,3.129955291748047,nan,nan,nan,0.0,
ckpt:runs/vaani_full_r4_s1/best.pt,0014,impulsive_0,impulsive,0.0,False,False,9.436767372188928,,cvhi:common_voice_hi_24386877,21.039352416992188,21.26874542236328,0.9846893237554077,3.406996488571167,nan,nan,nan,0.12,
ckpt:runs/vaani_full_r4_s1/best.pt,0015,impulsive_0,impulsive,0.0,False,False,4.0911010470336215,,cvhi:common_voice_hi_37329985,11.618962287902832,11.313404083251953,0.9278038854962385,2.644062042236328,nan,nan,nan,0.1,
ckpt:runs/vaani_full_r4_s1/best.pt,0016,impulsive_0,impulsive,0.0,False,False,-4.416350241983404,,ls:226-131533-0001,14.982209205627441,14.87275505065918,0.9407882033063442,2.921407461166382,nan,nan,nan,0.0,
ckpt:runs/vaani_full_r4_s1/best.pt,0017,impulsive_0,impulsive,0.0,False,False,-4.013671450227635,,cvhi:common_voice_hi_24228396,11.397594451904297,11.375911712646484,0.863375082525215,2.507568597793579,nan,nan,nan,1.0,
ckpt:runs/vaani_full_r4_s1/best.pt,0018,impulsive_0,impulsive,0.0,False,False,11.692706863205043,,cvhi:common_voice_hi_24280951,11.055475234985352,10.705997467041016,0.9355222524885801,2.039649724960327,nan,nan,nan,0.0,
ckpt:runs/vaani_full_r4_s1/best.pt,0019,impulsive_0,impulsive,0.0,False,False,0.5385404260490851,,cvhi:common_voice_hi_24225446,13.241355895996094,13.320314407348633,0.9279877760368219,2.1052374839782715,nan,nan,nan,0.06,
ckpt:runs/vaani_full_r4_s1/best.pt,0020,impulsive_0,impulsive,0.0,False,False,6.531281286556892,,cvhi:common_voice_hi_27005229,10.726746559143066,10.349971771240234,0.9257966628428211,1.8824938535690308,nan,nan,nan,0.0,
ckpt:runs/vaani_full_r4_s1/best.pt,0021,impulsive_0,impulsive,0.0,False,False,0.38543797504645294,,cvhi:common_voice_hi_26007689,19.029170989990234,20.81448745727539,0.9916293724204783,3.181118965148926,nan,nan,nan,0.02,
ckpt:runs/vaani_full_r4_s1/best.pt,0022,impulsive_0,impulsive,0.0,False,False,11.660644073073332,,ls:1263-139804-0002,11.853610038757324,11.726642608642578,0.8803655310805832,2.0379245281219482,nan,nan,nan,0.36,
ckpt:runs/vaani_full_r4_s1/best.pt,0023,impulsive_0,impulsive,0.0,False,False,-0.028653147602585527,,cvhi:common_voice_hi_27122898,11.383772850036621,11.108536720275879,0.9352840153810227,2.4080638885498047,nan,nan,nan,0.0,
ckpt:runs/vaani_full_r4_s1/best.pt,0024,impulsive_0,impulsive,0.0,True,False,9.775214096425108,,cvhi:common_voice_hi_27005514,12.702167510986328,12.508545875549316,0.9448118071958298,1.8927412033081055,nan,nan,nan,0.0,
ckpt:runs/vaani_full_r4_s1/best.pt,0025,impulsive_0,impulsive,0.0,False,False,1.6098190542392379,,ls:226-131532-0020,12.071113586425781,11.819043159484863,0.8653613892486806,2.485595464706421,nan,nan,nan,0.04,
ckpt:runs/vaani_full_r4_s1/best.pt,0026,impulsive_0,impulsive,0.0,False,False,1.720977334986518,,cvhi:common_voice_hi_26253996,14.646759986877441,14.522042274475098,0.9438028117439375,2.940678119659424,nan,nan,nan,0.5,
ckpt:runs/vaani_full_r4_s1/best.pt,0027,impulsive_0,impulsive,0.0,False,False,0.7855152075608034,,cvhi:common_voice_hi_24782642,12.771417617797852,12.538758277893066,0.8489451407084795,1.6119662523269653,nan,nan,nan,0.0,
ckpt:runs/vaani_full_r4_s1/best.pt,0028,impulsive_0,impulsive,0.0,True,False,3.1408847642745847,,cvhi:common_voice_hi_24427450,21.026573181152344,21.132469177246094,0.9881369781119059,2.929187059402466,nan,nan,nan,0.46,
ckpt:runs/vaani_full_r4_s1/best.pt,0029,impulsive_0,impulsive,0.0,False,False,4.615564369043284,,cvhi:common_voice_hi_24758743,20.625818252563477,20.708980560302734,0.9867555139340871,2.792086362838745,nan,nan,nan,0.06,
ckpt:runs/vaani_full_r4_s1/best.pt,0030,impulsive_0,impulsive,0.0,False,False,-3.007376944468273,,cvhi:common_voice_hi_24225590,13.328289031982422,13.260632514953613,0.8761425900037498,2.0765717029571533,nan,nan,nan,0.0,
ckpt:runs/vaani_full_r4_s1/best.pt,0031,impulsive_0,impulsive,0.0,False,False,3.6921254502143235,,cvhi:common_voice_hi_26007765,12.076448440551758,11.847325325012207,0.9461419209055257,2.19500470161438,nan,nan,nan,0.58,
ckpt:runs/vaani_full_r4_s1/best.pt,0032,impulsive_0,impulsive,0.0,False,False,10.654953311677637,,cvhi:common_voice_hi_26967676,14.676321029663086,14.802183151245117,0.9394255824302983,2.5829617977142334,nan,nan,nan,0.1,
ckpt:runs/vaani_full_r4_s1/best.pt,0033,impulsive_0,impulsive,0.0,False,False,-4.910998561275233,,cvhi:common_voice_hi_25982637,12.519142150878906,12.345155715942383,0.9361023840813782,2.6368939876556396,nan,nan,nan,0.0,
ckpt:runs/vaani_full_r4_s1/best.pt,0034,impulsive_0,impulsive,0.0,False,False,-2.3525164440197153,,ls:226-131532-0018,14.715043067932129,14.960223197937012,0.9329996162950999,2.9353935718536377,nan,nan,nan,0.0,
ckpt:runs/vaani_full_r4_s1/best.pt,0035,impulsive_0,impulsive,0.0,False,False,11.884557078840917,,ls:1263-138246-0005,13.682016372680664,13.762593269348145,0.982911541550719,2.742879867553711,nan,nan,nan,0.0,
ckpt:runs/vaani_full_r4_s1/best.pt,0036,impulsive_0,impulsive,0.0,False,False,6.668917575963405,,cvhi:common_voice_hi_27005422,11.124581336975098,10.787168502807617,0.9599053616453842,2.7018179893493652,nan,nan,nan,0.12,
ckpt:runs/vaani_full_r4_s1/best.pt,0037,impulsive_0,impulsive,0.0,False,False,3.0191682895685403,,cvhi:common_voice_hi_27005513,10.453673362731934,10.093597412109375,0.9103103287837131,1.5138068199157715,nan,nan,nan,0.0,
ckpt:runs/vaani_full_r4_s1/best.pt,0038,impulsive_0,impulsive,0.0,False,False,-5.938114247668327,,ls:226-131533-0034,13.189187049865723,13.346841812133789,0.9610654280256488,2.641026020050049,nan,nan,nan,0.0,
ckpt:runs/vaani_full_r4_s1/best.pt,0039,impulsive_0,impulsive,0.0,False,False,-0.7084303935114136,,cvhi:common_voice_hi_26007736,12.86532211303711,12.783140182495117,0.9168926246948197,1.9315537214279175,nan,nan,nan,0.0,
ckpt:runs/vaani_full_r4_s1/best.pt,0000,impulsive_10,impulsive,10.0,False,False,10.303174436317324,,cvhi:common_voice_hi_24510984,9.794885635375977,9.492377281188965,0.9105178784232454,2.3772573471069336,nan,nan,nan,0.2,
ckpt:runs/vaani_full_r4_s1/best.pt,0001,impulsive_10,impulsive,10.0,False,False,9.301249515898771,,cvhi:common_voice_hi_26007768,17.074962615966797,17.203474044799805,0.9906371979709793,2.0770180225372314,nan,nan,nan,0.68,
ckpt:runs/vaani_full_r4_s1/best.pt,0002,impulsive_10,impulsive,10.0,False,False,5.563909858792194,,ls:1898-145702-0017,22.979015350341797,22.95709228515625,0.9565798616423811,3.1554861068725586,nan,nan,nan,0.0,
ckpt:runs/vaani_full_r4_s1/best.pt,0003,impulsive_10,impulsive,10.0,True,False,4.6112726157916395,,cvhi:common_voice_hi_24386564,20.896699905395508,20.988122940063477,0.9668864065911446,2.4375531673431396,nan,nan,nan,0.78,
ckpt:runs/vaani_full_r4_s1/best.pt,0004,impulsive_10,impulsive,10.0,False,False,-4.8149678710982196,,cvhi:common_voice_hi_24258350,14.64975357055664,14.502992630004883,0.9766905064395561,2.5427963733673096,nan,nan,nan,0.28,
ckpt:runs/vaani_full_r4_s1/best.pt,0005,impulsive_10,impulsive,10.0,False,False,-4.548897086355578,,cvhi:common_voice_hi_27005350,19.635589599609375,20.9013729095459,0.9828583794902178,2.9102509021759033,nan,nan,nan,1.2,
ckpt:runs/vaani_full_r4_s1/best.pt,0006,impulsive_10,impulsive,10.0,True,False,-0.49207023303618413,,cvhi:common_voice_hi_24782649,9.247916221618652,9.149134635925293,0.8600959887311567,1.5454785823822021,nan,nan,nan,0.32,
ckpt:runs/vaani_full_r4_s1/best.pt,0007,impulsive_10,impulsive,10.0,False,False,8.762491008046823,,cvhi:common_voice_hi_27005617,17.392288208007812,18.333698272705078,0.9761908971716496,2.570140838623047,nan,nan,nan,0.02,
ckpt:runs/vaani_full_r4_s1/best.pt,0008,impulsive_10,impulsive,10.0,False,False,6.668533028699736,,cvhi:common_voice_hi_23964491,16.31096649169922,17.45968246459961,0.8957702980030119,2.382093667984009,nan,nan,nan,0.04,
ckpt:runs/vaani_full_r4_s1/best.pt,0009,impulsive_10,impulsive,10.0,False,False,10.097756338133653,,cvhi:common_voice_hi_25154358,21.950725555419922,22.0882511138916,0.9555774672557189,3.5786633491516113,nan,nan,nan,0.0,
ckpt:runs/vaani_full_r4_s1/best.pt,0010,impulsive_10,impulsive,10.0,False,False,-3.003403532246708,,cvhi:common_voice_hi_24225549,20.95075225830078,21.933902740478516,0.991288937042876,3.3013720512390137,nan,nan,nan,0.0,
ckpt:runs/vaani_full_r4_s1/best.pt,0011,impulsive_10,impulsive,10.0,False,False,6.043256986615866,,cvhi:common_voice_hi_26769816,17.79306983947754,18.912355422973633,0.8157963553624848,2.040879249572754,nan,nan,nan,0.2,
ckpt:runs/vaani_full_r4_s1/best.pt,0012,impulsive_10,impulsive,10.0,False,False,-0.34227062913313056,,ls:1898-145724-0017,14.741610527038574,15.269918441772461,0.8408413583820681,2.96171498298645,nan,nan,nan,0.0,
ckpt:runs/vaani_full_r4_s1/best.pt,0013,impulsive_10,impulsive,10.0,False,True,7.58471127899668,,cvhi:common_voice_hi_27635669,9.328506469726562,8.793061256408691,0.8849336230062498,2.1530511379241943,nan,nan,nan,0.04,
ckpt:runs/vaani_full_r4_s1/best.pt,0014,impulsive_10,impulsive,10.0,False,False,-4.628738874189533,,cvhi:common_voice_hi_24280952,24.0451602935791,24.238948822021484,0.9965854213128136,3.4540019035339355,nan,nan,nan,0.04,
ckpt:runs/vaani_full_r4_s1/best.pt,0015,impulsive_10,impulsive,10.0,True,False,8.496838651179715,,cvhi:common_voice_hi_26007680,10.145248413085938,11.178251266479492,0.9342292411183866,2.0700597763061523,nan,nan,nan,inf,
ckpt:runs/vaani_full_r4_s1/best.pt,0016,impulsive_10,impulsive,10.0,True,False,-1.048416068313971,,ls:150-126107-0016,16.542280197143555,17.111209869384766,0.9722058900968766,3.904081106185913,nan,nan,nan,0.0,
ckpt:runs/vaani_full_r4_s1/best.pt,0017,impulsive_10,impulsive,10.0,False,False,10.185876109555501,,ls:226-122538-0023,14.88968276977539,15.249683380126953,0.9147024098050054,2.6936817169189453,nan,nan,nan,0.04,
ckpt:runs/vaani_full_r4_s1/best.pt,0018,impulsive_10,impulsive,10.0,False,False,6.7779294275625865,,ls:1263-138246-0027,16.517940521240234,16.78911018371582,0.9787720263037477,3.4328205585479736,nan,nan,nan,0.0,
ckpt:runs/vaani_full_r4_s1/best.pt,0019,impulsive_10,impulsive,10.0,False,False,6.233516663783465,,cvhi:common_voice_hi_27005263,21.78897476196289,22.213138580322266,0.9912919664392792,3.4708197116851807,nan,nan,nan,0.82,
ckpt:runs/vaani_full_r4_s1/best.pt,0020,impulsive_10,impulsive,10.0,False,False,5.964156028731869,,cvhi:common_voice_hi_24427448,20.116470336914062,20.676494598388672,0.9439422026897326,3.0874366760253906,nan,nan,nan,0.22,
ckpt:runs/vaani_full_r4_s1/best.pt,0021,impulsive_10,impulsive,10.0,False,False,1.1131922157978922,,ls:226-122538-0017,22.45267677307129,23.485624313354492,0.980403995149632,4.133521556854248,nan,nan,nan,0.0,
ckpt:runs/vaani_full_r4_s1/best.pt,0022,impulsive_10,impulsive,10.0,False,False,0.7143789363387834,,cvhi:common_voice_hi_32796700,15.234245300292969,15.10284423828125,0.9736388797538259,2.425614833831787,nan,nan,nan,0.2,
ckpt:runs/vaani_full_r4_s1/best.pt,0023,impulsive_10,impulsive,10.0,False,False,6.236415256437059,,ls:1898-145724-0006,14.198596954345703,14.097412109375,0.8575832761349017,1.986682415008545,nan,nan,nan,0.08,
ckpt:runs/vaani_full_r4_s1/best.pt,0024,impulsive_10,impulsive,10.0,False,False,4.936990243138396,,ls:150-126112-0025,15.569129943847656,15.564498901367188,0.8372851781412082,2.161080837249756,nan,nan,nan,0.0,
ckpt:runs/vaani_full_r4_s1/best.pt,0025,impulsive_10,impulsive,10.0,False,False,8.226004375197386,,cvhi:common_voice_hi_23964505,19.643766403198242,21.838279724121094,0.9716983833341708,3.7221169471740723,nan,nan,nan,0.02,
ckpt:runs/vaani_full_r4_s1/best.pt,0026,impulsive_10,impulsive,10.0,True,False,11.615751132497625,,cvhi:common_voice_hi_26687143,20.329378128051758,20.77446746826172,0.9873250261684533,3.139556646347046,nan,nan,nan,1.12,
ckpt:runs/vaani_full_r4_s1/best.pt,0027,impulsive_10,impulsive,10.0,False,False,6.6347090442369705,,cvhi:common_voice_hi_25154407,12.506064414978027,12.37241268157959,0.8826011677487712,3.0220608711242676,nan,nan,nan,0.42,
ckpt:runs/vaani_full_r4_s1/best.pt,0028,impulsive_10,impulsive,10.0,False,False,2.0299301200149973,,cvhi:common_voice_hi_25170238,20.111085891723633,21.146682739257812,0.9395056628321878,2.548557758331299,nan,nan,nan,0.18,
ckpt:runs/vaani_full_r4_s1/best.pt,0029,impulsive_10,impulsive,10.0,False,False,4.5755453682606735,,cvhi:common_voice_hi_26080942,22.65144157409668,22.9459171295166,0.9949276087612418,3.6120591163635254,nan,nan,nan,0.0,
ckpt:runs/vaani_full_r4_s1/best.pt,0030,impulsive_10,impulsive,10.0,False,False,0.9226374183182697,,cvhi:common_voice_hi_24258397,19.614805221557617,22.02621841430664,0.9890333415950106,3.370400905609131,nan,nan,nan,0.34,
ckpt:runs/vaani_full_r4_s1/best.pt,0031,impulsive_10,impulsive,10.0,False,False,9.750486070962772,,cvhi:common_voice_hi_26007591,16.884803771972656,16.809741973876953,0.965844028048764,2.2512881755828857,nan,nan,nan,0.06,
ckpt:runs/vaani_full_r4_s1/best.pt,0032,impulsive_10,impulsive,10.0,True,False,-0.6676191613973073,,cvhi:common_voice_hi_26007765,12.36446762084961,14.297982215881348,0.9511406377703163,2.470435857772827,nan,nan,nan,0.0,
ckpt:runs/vaani_full_r4_s1/best.pt,0033,impulsive_10,impulsive,10.0,False,False,1.3392009573255717,,cvhi:common_voice_hi_24386375,21.962804794311523,23.4456729888916,0.9677083798285112,3.271210193634033,nan,nan,nan,0.0,
ckpt:runs/vaani_full_r4_s1/best.pt,0034,impulsive_10,impulsive,10.0,False,False,-4.423448044903001,,ls:1263-141777-0018,14.171712875366211,14.132657051086426,0.9444877716547706,2.7000839710235596,nan,nan,nan,0.7,
ckpt:runs/vaani_full_r4_s1/best.pt,0035,impulsive_10,impulsive,10.0,False,False,-0.8211304838540023,,ls:1898-145702-0018,17.63532257080078,18.174755096435547,0.9590759992834981,2.6691932678222656,nan,nan,nan,0.3,
ckpt:runs/vaani_full_r4_s1/best.pt,0036,impulsive_10,impulsive,10.0,False,False,-2.4965304670538013,,cvhi:common_voice_hi_24258382,13.453332901000977,14.370845794677734,0.9788315108731838,2.735778331756592,nan,nan,nan,0.02,
ckpt:runs/vaani_full_r4_s1/best.pt,0037,impulsive_10,impulsive,10.0,False,False,5.635017005978561,,ls:1898-145724-0025,15.933455467224121,15.893054008483887,0.893878654247678,2.2898881435394287,nan,nan,nan,0.02,
ckpt:runs/vaani_full_r4_s1/best.pt,0038,impulsive_10,impulsive,10.0,False,False,1.9310548657583535,,cvhi:common_voice_hi_26254101,25.326480865478516,25.31606674194336,0.9654261928461231,3.452010154724121,nan,nan,nan,0.0,
ckpt:runs/vaani_full_r4_s1/best.pt,0039,impulsive_10,impulsive,10.0,False,False,6.075216185278048,,cvhi:common_voice_hi_24280963,14.35120964050293,14.190058708190918,0.9850781733877361,2.899714469909668,nan,nan,nan,0.0,
ckpt:runs/vaani_full_r4_s1/best.pt,0000,impulsive_15,impulsive,15.0,False,False,6.9700936873840735,,cvhi:common_voice_hi_24427752,22.33587074279785,22.354183197021484,0.967567636259581,3.098605155944824,nan,nan,nan,0.0,
ckpt:runs/vaani_full_r4_s1/best.pt,0001,impulsive_15,impulsive,15.0,False,False,3.6546605877105662,,ls:150-132655-0022,18.464820861816406,18.825891494750977,0.9787022279678965,2.4428293704986572,nan,nan,nan,0.06,
ckpt:runs/vaani_full_r4_s1/best.pt,0002,impulsive_15,impulsive,15.0,True,False,0.7417190214336635,,cvhi:common_voice_hi_24386375,13.02646255493164,12.992240905761719,0.9631449140957375,2.7922732830047607,nan,nan,nan,0.0,
ckpt:runs/vaani_full_r4_s1/best.pt,0003,impulsive_15,impulsive,15.0,False,False,3.4451050082520336,,cvhi:common_voice_hi_24759433,20.618131637573242,22.404977798461914,0.9791655593047952,3.351093053817749,nan,nan,nan,0.26,
ckpt:runs/vaani_full_r4_s1/best.pt,0004,impulsive_15,impulsive,15.0,False,False,3.3739419359772818,,cvhi:common_voice_hi_25322998,18.42291259765625,18.377761840820312,0.9902960763969672,2.35581374168396,nan,nan,nan,0.94,
ckpt:runs/vaani_full_r4_s1/best.pt,0005,impulsive_15,impulsive,15.0,False,False,11.961544450997685,,cvhi:common_voice_hi_27035684,19.605798721313477,19.559009552001953,0.9680277950821918,3.1411612033843994,nan,nan,nan,0.06,
ckpt:runs/vaani_full_r4_s1/best.pt,0006,impulsive_15,impulsive,15.0,False,False,-0.3931586248716199,,cvhi:common_voice_hi_26968422,21.252456665039062,21.229259490966797,0.9879850589468188,3.5546419620513916,nan,nan,nan,0.0,
ckpt:runs/vaani_full_r4_s1/best.pt,0007,impulsive_15,impulsive,15.0,False,False,-4.711040507325849,,cvhi:common_voice_hi_24225724,19.761465072631836,20.163532257080078,0.9912748191927756,2.627894639968872,nan,nan,nan,0.0,
ckpt:runs/vaani_full_r4_s1/best.pt,0008,impulsive_15,impulsive,15.0,False,False,2.13348348873882,,cvhi:common_voice_hi_27005243,24.59942054748535,25.677072525024414,0.9965214279357456,3.559537887573242,nan,nan,nan,0.0,
ckpt:runs/vaani_full_r4_s1/best.pt,0009,impulsive_15,impulsive,15.0,False,False,-2.6359239700145767,,cvhi:common_voice_hi_25154332,18.459693908691406,19.852231979370117,0.9625104950955145,3.172619104385376,nan,nan,nan,0.0,
ckpt:runs/vaani_full_r4_s1/best.pt,0010,impulsive_15,impulsive,15.0,False,True,-2.4329251013713717,,ls:1898-145715-0050,20.298847198486328,20.283525466918945,0.9582857914096071,3.055088996887207,nan,nan,nan,0.0,
ckpt:runs/vaani_full_r4_s1/best.pt,0011,impulsive_15,impulsive,15.0,False,False,-5.665456312983087,,ls:1263-139804-0004,19.277523040771484,20.060794830322266,0.9651401056426051,3.0123188495635986,nan,nan,nan,0.12,
ckpt:runs/vaani_full_r4_s1/best.pt,0012,impulsive_15,impulsive,15.0,False,False,-0.9560060549783023,,cvhi:common_voice_hi_24258373,13.697757720947266,14.486082077026367,0.9767024184270703,3.057929515838623,nan,nan,nan,0.0,
ckpt:runs/vaani_full_r4_s1/best.pt,0013,impulsive_15,impulsive,15.0,False,False,4.093489921001133,,ls:226-122538-0029,19.919530868530273,20.42564582824707,0.9830418803582296,3.6718080043792725,nan,nan,nan,0.0,
ckpt:runs/vaani_full_r4_s1/best.pt,0014,impulsive_15,impulsive,15.0,False,False,9.233706732687935,,ls:226-122538-0000,18.372848510742188,18.626556396484375,0.994595592202978,3.680314779281616,nan,nan,nan,0.0,
ckpt:runs/vaani_full_r4_s1/best.pt,0015,impulsive_15,impulsive,15.0,False,False,-0.3030344220161494,,cvhi:common_voice_hi_27005656,17.910783767700195,18.80691909790039,0.9784097774658554,3.0468180179595947,nan,nan,nan,0.0,
ckpt:runs/vaani_full_r4_s1/best.pt,0016,impulsive_15,impulsive,15.0,False,False,-4.614740544984657,,cvhi:common_voice_hi_24427429,20.0535945892334,23.262014389038086,0.9453449127599494,3.767214059829712,nan,nan,nan,0.1,
ckpt:runs/vaani_full_r4_s1/best.pt,0017,impulsive_15,impulsive,15.0,False,False,6.52238517679077,,cvhi:common_voice_hi_27122900,21.00741958618164,21.019012451171875,0.9930517903605409,3.4243273735046387,nan,nan,nan,0.46,
ckpt:runs/vaani_full_r4_s1/best.pt,0018,impulsive_15,impulsive,15.0,False,False,0.828589604891258,,cvhi:common_voice_hi_25154445,21.681324005126953,21.882198333740234,0.9457961750649935,3.3057994842529297,nan,nan,nan,0.0,
ckpt:runs/vaani_full_r4_s1/best.pt,0019,impulsive_15,impulsive,15.0,False,False,11.107397247291168,,cvhi:common_voice_hi_27005549,18.355466842651367,18.291580200195312,0.9736151145474773,3.1602001190185547,nan,nan,nan,0.18,
ckpt:runs/vaani_full_r4_s1/best.pt,0020,impulsive_15,impulsive,15.0,False,False,9.468454833304177,,cvhi:common_voice_hi_25154360,20.675846099853516,21.193742752075195,0.9608235488383507,2.9673893451690674,nan,nan,nan,0.14,
ckpt:runs/vaani_full_r4_s1/best.pt,0021,impulsive_15,impulsive,15.0,False,True,-5.092130187650751,,ls:1263-139804-0008,20.40835952758789,21.49359893798828,0.9885678517419569,3.624645948410034,nan,nan,nan,0.0,
ckpt:runs/vaani_full_r4_s1/best.pt,0022,impulsive_15,impulsive,15.0,False,False,-4.471063914351976,,ls:1898-145724-0035,17.25238800048828,17.176498413085938,0.939627431905975,2.776445150375366,nan,nan,nan,0.0,
ckpt:runs/vaani_full_r4_s1/best.pt,0023,impulsive_15,impulsive,15.0,False,False,10.751056814497218,,cvhi:common_voice_hi_24427881,20.931978225708008,24.14626121520996,0.9895058292432336,3.4009716510772705,nan,nan,nan,1.06,
ckpt:runs/vaani_full_r4_s1/best.pt,0024,impulsive_15,impulsive,15.0,False,False,-2.5860289370421308,,cvhi:common_voice_hi_24258329,19.365032196044922,20.14960289001465,0.9954370626572095,3.754650592803955,nan,nan,nan,0.0,
ckpt:runs/vaani_full_r4_s1/best.pt,0025,impulsive_15,impulsive,15.0,False,False,3.281518476425237,,cvhi:common_voice_hi_25154368,19.09739112854004,19.412185668945312,0.9212719225188083,2.1267435550689697,nan,nan,nan,1.5,
ckpt:runs/vaani_full_r4_s1/best.pt,0026,impulsive_15,impulsive,15.0,False,False,-2.5166620960071775,,cvhi:common_voice_hi_26007589,23.530309677124023,23.533283233642578,0.9904178095645905,3.870065689086914,nan,nan,nan,inf,
ckpt:runs/vaani_full_r4_s1/best.pt,0027,impulsive_15,impulsive,15.0,False,False,-0.4497632697060183,,cvhi:common_voice_hi_24782737,22.85297393798828,22.876359939575195,0.987058205404781,3.536395311355591,nan,nan,nan,0.0,
ckpt:runs/vaani_full_r4_s1/best.pt,0028,impulsive_15,impulsive,15.0,False,False,5.851666233278259,,cvhi:common_voice_hi_26007595,20.149368286132812,20.126829147338867,0.9675813769705763,3.4987661838531494,nan,nan,nan,0.18,
ckpt:runs/vaani_full_r4_s1/best.pt,0029,impulsive_15,impulsive,15.0,True,False,-0.1959239930435155,,cvhi:common_voice_hi_24427430,7.306950569152832,8.549249649047852,0.813310728246425,1.8265787363052368,nan,nan,nan,1.64,
ckpt:runs/vaani_full_r4_s1/best.pt,0030,impulsive_15,impulsive,15.0,False,False,3.715113692182255,,cvhi:common_voice_hi_25154347,21.651126861572266,22.502853393554688,0.9527368170246325,2.978529214859009,nan,nan,nan,0.0,
ckpt:runs/vaani_full_r4_s1/best.pt,0031,impulsive_15,impulsive,15.0,False,False,4.873431271334347,,cvhi:common_voice_hi_24228205,18.30772590637207,18.642574310302734,0.9771809622894104,3.2567360401153564,nan,nan,nan,0.0,
ckpt:runs/vaani_full_r4_s1/best.pt,0032,impulsive_15,impulsive,15.0,False,False,3.328291061783519,,ls:1263-141777-0014,18.566486358642578,19.751895904541016,0.992284248051673,3.4370477199554443,nan,nan,nan,0.06,
ckpt:runs/vaani_full_r4_s1/best.pt,0033,impulsive_15,impulsive,15.0,False,False,-5.293236227223825,,ls:1263-139804-0011,17.771596908569336,18.4090576171875,0.9883664856339429,3.0326199531555176,nan,nan,nan,0.0,
ckpt:runs/vaani_full_r4_s1/best.pt,0034,impulsive_15,impulsive,15.0,False,False,10.144170459875106,,cvhi:common_voice_hi_25154399,21.907848358154297,22.307405471801758,0.9395449999842814,3.380685806274414,nan,nan,nan,0.04,
ckpt:runs/vaani_full_r4_s1/best.pt,0035,impulsive_15,impulsive,15.0,False,False,-2.5916512831794902,,cvhi:common_voice_hi_24258400,19.435930252075195,19.480045318603516,0.993147815330247,3.3866324424743652,nan,nan,nan,0.22,
ckpt:runs/vaani_full_r4_s1/best.pt,0036,impulsive_15,impulsive,15.0,True,False,-4.389138717395578,,cvhi:common_voice_hi_24228363,21.223766326904297,21.19091033935547,0.9888892518964041,2.7551848888397217,nan,nan,nan,0.0,
ckpt:runs/vaani_full_r4_s1/best.pt,0037,impulsive_15,impulsive,15.0,False,False,-0.8077390260684574,,cvhi:common_voice_hi_24280971,20.868545532226562,22.816070556640625,0.9969055533649198,3.4716954231262207,nan,nan,nan,0.96,
ckpt:runs/vaani_full_r4_s1/best.pt,0038,impulsive_15,impulsive,15.0,False,False,9.758077736109444,,cvhi:common_voice_hi_24228331,16.963314056396484,17.04228401184082,0.9401615239315846,2.7956058979034424,nan,nan,nan,0.72,
ckpt:runs/vaani_full_r4_s1/best.pt,0039,impulsive_15,impulsive,15.0,True,False,2.8786564222402653,,cvhi:common_voice_hi_24258326,17.16789436340332,17.38018226623535,0.9640784505722282,3.092388868331909,nan,nan,nan,0.0,
ckpt:runs/vaani_full_r4_s1/best.pt,0000,impulsive_5,impulsive,5.0,False,False,11.61344132302112,,cvhi:common_voice_hi_24427482,12.510241508483887,12.409173011779785,0.8641941314711945,2.1254003047943115,nan,nan,nan,0.0,
ckpt:runs/vaani_full_r4_s1/best.pt,0001,impulsive_5,impulsive,5.0,True,True,8.090763984233766,,cvhi:common_voice_hi_24258391,14.976043701171875,14.939461708068848,0.9257177979994218,1.8995225429534912,nan,nan,nan,0.3,
ckpt:runs/vaani_full_r4_s1/best.pt,0002,impulsive_5,impulsive,5.0,False,False,-3.0506161697382366,,cvhi:common_voice_hi_26007798,20.805452346801758,22.69463539123535,0.9919163024640125,3.1777095794677734,nan,nan,nan,0.0,
ckpt:runs/vaani_full_r4_s1/best.pt,0003,impulsive_5,impulsive,5.0,False,False,9.25717923917993,,cvhi:common_voice_hi_23844517,12.384795188903809,12.128957748413086,0.9542969302029173,2.7712106704711914,nan,nan,nan,0.8,
ckpt:runs/vaani_full_r4_s1/best.pt,0004,impulsive_5,impulsive,5.0,True,False,0.41346623220501755,,cvhi:common_voice_hi_24226416,11.551345825195312,12.188472747802734,0.9339862070826466,2.05739426612854,nan,nan,nan,0.0,
ckpt:runs/vaani_full_r4_s1/best.pt,0005,impulsive_5,impulsive,5.0,False,False,-5.530223284613426,,ls:1898-145724-0032,15.081336975097656,15.051187515258789,0.9677409174143538,3.1994566917419434,nan,nan,nan,0.0,
ckpt:runs/vaani_full_r4_s1/best.pt,0006,impulsive_5,impulsive,5.0,False,False,-3.058353579707248,,cvhi:common_voice_hi_24782669,13.424750328063965,13.317018508911133,0.8441826971504164,1.4689395427703857,nan,nan,nan,0.28,
ckpt:runs/vaani_full_r4_s1/best.pt,0007,impulsive_5,impulsive,5.0,False,False,-4.3514447652846,,ls:226-131533-0035,13.213034629821777,13.471277236938477,0.9180137994424356,2.4166436195373535,nan,nan,nan,0.0,
ckpt:runs/vaani_full_r4_s1/best.pt,0008,impulsive_5,impulsive,5.0,False,False,6.433375785426765,,ls:226-131533-0015,15.830656051635742,16.520601272583008,0.8223639155379122,2.5894179344177246,nan,nan,nan,0.18,
ckpt:runs/vaani_full_r4_s1/best.pt,0009,impulsive_5,impulsive,5.0,False,False,1.9586477249866263,,ls:150-126107-0003,15.498556137084961,15.986230850219727,0.8927327069045845,2.97758150100708,nan,nan,nan,0.0,
ckpt:runs/vaani_full_r4_s1/best.pt,0010,impulsive_5,impulsive,5.0,False,False,5.354407061091097,,cvhi:common_voice_hi_27005527,14.510025024414062,14.640172958374023,0.9721739858851327,2.027879476547241,nan,nan,nan,0.12,
ckpt:runs/vaani_full_r4_s1/best.pt,0011,impulsive_5,impulsive,5.0,False,False,-2.422488724557507,,cvhi:common_voice_hi_25154432,18.115968704223633,18.05548667907715,0.9403172173536526,2.272205114364624,nan,nan,nan,0.28,
ckpt:runs/vaani_full_r4_s1/best.pt,0012,impulsive_5,impulsive,5.0,True,False,11.34161998590724,,cvhi:common_voice_hi_26007665,19.154356002807617,19.125886917114258,0.9907345810615116,3.0824947357177734,nan,nan,nan,0.62,
ckpt:runs/vaani_full_r4_s1/best.pt,0013,impulsive_5,impulsive,5.0,False,False,-5.0750406685082865,,cvhi:common_voice_hi_27005263,14.9761381149292,15.63362979888916,0.9600924496202372,2.3991575241088867,nan,nan,nan,0.0,
ckpt:runs/vaani_full_r4_s1/best.pt,0014,impulsive_5,impulsive,5.0,False,False,-4.240202786436654,,cvhi:common_voice_hi_26687140,11.54980754852295,11.645811080932617,0.9145759844445553,1.6124683618545532,nan,nan,nan,0.1,
ckpt:runs/vaani_full_r4_s1/best.pt,0015,impulsive_5,impulsive,5.0,False,False,11.649402292451203,,cvhi:common_voice_hi_24228159,17.012939453125,17.432514190673828,0.985629975657607,2.4586920738220215,nan,nan,nan,0.28,
ckpt:runs/vaani_full_r4_s1/best.pt,0016,impulsive_5,impulsive,5.0,False,False,-0.32111687097961195,,ls:1898-145720-0007,15.274690628051758,16.187646865844727,0.9256517278447987,2.80513334274292,nan,nan,nan,0.0,
ckpt:runs/vaani_full_r4_s1/best.pt,0017,impulsive_5,impulsive,5.0,False,False,8.25090469848719,,ls:1898-145724-0037,13.122980117797852,12.918087005615234,0.9874655393682639,2.1776769161224365,nan,nan,nan,0.0,
ckpt:runs/vaani_full_r4_s1/best.pt,0018,impulsive_5,impulsive,5.0,False,False,-4.457620576603141,,ls:1898-145702-0011,14.097110748291016,13.924689292907715,0.9396550541588866,2.3794455528259277,nan,nan,nan,0.04,
ckpt:runs/vaani_full_r4_s1/best.pt,0019,impulsive_5,impulsive,5.0,False,False,-3.9296005602359454,,ls:1898-145715-0005,20.629596710205078,21.015348434448242,0.9229585221823696,3.450688600540161,nan,nan,nan,0.0,
ckpt:runs/vaani_full_r4_s1/best.pt,0020,impulsive_5,impulsive,5.0,False,False,-3.572901565171919,,ls:226-122538-0024,21.576519012451172,21.690155029296875,0.9618732904944489,3.7151927947998047,nan,nan,nan,0.04,
ckpt:runs/vaani_full_r4_s1/best.pt,0021,impulsive_5,impulsive,5.0,False,False,6.279899622976185,,cvhi:common_voice_hi_26007736,19.991954803466797,20.214122772216797,0.9929881375326772,2.7384848594665527,nan,nan,nan,0.06,
ckpt:runs/vaani_full_r4_s1/best.pt,0022,impulsive_5,impulsive,5.0,False,False,-5.269417170900687,,cvhi:common_voice_hi_26007596,15.725244522094727,16.07666778564453,0.949394070032399,2.4555184841156006,nan,nan,nan,0.4,
ckpt:runs/vaani_full_r4_s1/best.pt,0023,impulsive_5,impulsive,5.0,False,False,9.649148921603594,,cvhi:common_voice_hi_24427484,20.597930908203125,21.916683197021484,0.9623084046670988,3.3701834678649902,nan,nan,nan,0.4,
ckpt:runs/vaani_full_r4_s1/best.pt,0024,impulsive_5,impulsive,5.0,False,False,-1.4677967709489383,,ls:150-132655-0014,14.349294662475586,14.7981538772583,0.8192935926975623,2.7263052463531494,nan,nan,nan,0.32,
ckpt:runs/vaani_full_r4_s1/best.pt,0025,impulsive_5,impulsive,5.0,False,False,3.1109308172857677,,cvhi:common_voice_hi_24759431,17.302188873291016,18.069168090820312,0.9772296800024403,2.9417641162872314,nan,nan,nan,0.22,
ckpt:runs/vaani_full_r4_s1/best.pt,0026,impulsive_5,impulsive,5.0,False,False,-5.268855409232216,,cvhi:common_voice_hi_24510939,8.925220489501953,8.431573867797852,0.9381831603583234,2.1239802837371826,nan,nan,nan,0.32,
ckpt:runs/vaani_full_r4_s1/best.pt,0027,impulsive_5,impulsive,5.0,False,False,3.333968335267315,,cvhi:common_voice_hi_24280956,17.163127899169922,17.11304473876953,0.9802145018797156,2.8624486923217773,nan,nan,nan,0.62,
ckpt:runs/vaani_full_r4_s1/best.pt,0028,impulsive_5,impulsive,5.0,False,False,-1.5158198495479747,,cvhi:common_voice_hi_26007855,14.368796348571777,14.400581359863281,0.9593132634504805,2.9262375831604004,nan,nan,nan,0.04,
ckpt:runs/vaani_full_r4_s1/best.pt,0029,impulsive_5,impulsive,5.0,False,False,2.9592697481417787,,ls:226-131533-0032,21.44715118408203,21.532480239868164,0.9133777150130586,3.2562577724456787,nan,nan,nan,0.22,
ckpt:runs/vaani_full_r4_s1/best.pt,0030,impulsive_5,impulsive,5.0,False,False,2.784357735827644,,cvhi:common_voice_hi_24427851,16.58531951904297,17.034421920776367,0.9420137165081625,2.7108213901519775,nan,nan,nan,0.16,
ckpt:runs/vaani_full_r4_s1/best.pt,0031,impulsive_5,impulsive,5.0,False,False,10.29465198046453,,cvhi:common_voice_hi_31389170,16.372718811035156,16.705154418945312,0.9345592748338504,2.465076446533203,nan,nan,nan,0.08,
ckpt:runs/vaani_full_r4_s1/best.pt,0032,impulsive_5,impulsive,5.0,False,False,-4.89210630635006,,cvhi:common_voice_hi_27005230,17.059476852416992,18.288890838623047,0.9839264076059526,3.2759931087493896,nan,nan,nan,0.0,
ckpt:runs/vaani_full_r4_s1/best.pt,0033,impulsive_5,impulsive,5.0,False,False,3.082226609212764,,ls:226-131533-0013,16.47333526611328,16.655677795410156,0.8828998548051932,2.8194291591644287,nan,nan,nan,0.0,
ckpt:runs/vaani_full_r4_s1/best.pt,0034,impulsive_5,impulsive,5.0,False,False,11.914087685389017,,cvhi:common_voice_hi_26007855,22.999784469604492,26.90856170654297,0.9934668231625754,3.7972335815429688,nan,nan,nan,0.02,
ckpt:runs/vaani_full_r4_s1/best.pt,0035,impulsive_5,impulsive,5.0,False,False,10.292813163166183,,cvhi:common_voice_hi_24386802,10.074651718139648,9.654743194580078,0.9418786015279859,2.0294933319091797,nan,nan,nan,0.36,
ckpt:runs/vaani_full_r4_s1/best.pt,0036,impulsive_5,impulsive,5.0,False,False,1.2041870095076161,,cvhi:common_voice_hi_24280934,15.652114868164062,15.547722816467285,0.9790083215819143,3.051496982574463,nan,nan,nan,0.0,
ckpt:runs/vaani_full_r4_s1/best.pt,0037,impulsive_5,impulsive,5.0,False,False,-1.629089697222673,,cvhi:common_voice_hi_24759285,16.227909088134766,16.214021682739258,0.9617340020680549,2.4989094734191895,nan,nan,nan,0.0,
ckpt:runs/vaani_full_r4_s1/best.pt,0038,impulsive_5,impulsive,5.0,False,False,10.548727190895214,,cvhi:common_voice_hi_27035759,20.222272872924805,20.566242218017578,0.9731265205127405,3.1428349018096924,nan,nan,nan,0.0,
ckpt:runs/vaani_full_r4_s1/best.pt,0039,impulsive_5,impulsive,5.0,False,False,5.305534664991885,,cvhi:common_voice_hi_26007783,16.563953399658203,16.47525978088379,0.9715327815916076,2.815002679824829,nan,nan,nan,0.0,
ckpt:runs/vaani_full_r4_s1/best.pt,0000,recorded_impulsive+stationary_-10,recorded_impulsive+stationary,-10.0,True,False,9.270135250255716,,cvhi:common_voice_hi_24228160,7.863498687744141,7.246965408325195,0.8360390994952618,1.4559935331344604,nan,nan,nan,0.8,
ckpt:runs/vaani_full_r4_s1/best.pt,0001,recorded_impulsive+stationary_-10,recorded_impulsive+stationary,-10.0,False,True,6.118680658090842,,ls:226-122538-0012,4.525946140289307,2.6842246055603027,0.6794330381359927,1.1229039430618286,nan,nan,nan,0.0,
ckpt:runs/vaani_full_r4_s1/best.pt,0002,recorded_impulsive+stationary_-10,recorded_impulsive+stationary,-10.0,False,False,10.047051950464994,,cvhi:common_voice_hi_24225724,10.539689064025879,10.392175674438477,0.9677884136088769,1.9309782981872559,nan,nan,nan,0.0,
ckpt:runs/vaani_full_r4_s1/best.pt,0003,recorded_impulsive+stationary_-10,recorded_impulsive+stationary,-10.0,False,False,-3.8082900378784768,,cvhi:common_voice_hi_32796700,4.798664093017578,3.131571054458618,0.717817961829057,1.1810342073440552,nan,nan,nan,0.0,
ckpt:runs/vaani_full_r4_s1/best.pt,0004,recorded_impulsive+stationary_-10,recorded_impulsive+stationary,-10.0,False,True,-2.379028045444514,,ls:1263-139804-0028,2.77643084526062,-0.4506632387638092,0.6697865549899318,1.144554615020752,nan,nan,nan,0.0,
ckpt:runs/vaani_full_r4_s1/best.pt,0005,recorded_impulsive+stationary_-10,recorded_impulsive+stationary,-10.0,False,False,-3.343228342832788,,ls:150-132655-0021,4.996601104736328,3.441354990005493,0.6807328210266288,1.204673171043396,nan,nan,nan,0.14,
ckpt:runs/vaani_full_r4_s1/best.pt,0006,recorded_impulsive+stationary_-10,recorded_impulsive+stationary,-10.0,False,False,6.342452732877593,,cvhi:common_voice_hi_23936421,5.417858123779297,4.03326940536499,0.7584812116039593,1.2916585206985474,nan,nan,nan,0.36,
ckpt:runs/vaani_full_r4_s1/best.pt,0007,recorded_impulsive+stationary_-10,recorded_impulsive+stationary,-10.0,False,False,-5.187606435357578,,cvhi:common_voice_hi_27005282,3.373394012451172,0.7009137868881226,0.6530775621300693,1.2244924306869507,nan,nan,nan,0.0,
ckpt:runs/vaani_full_r4_s1/best.pt,0008,recorded_impulsive+stationary_-10,recorded_impulsive+stationary,-10.0,False,False,-3.0411623120041904,,cvhi:common_voice_hi_24280967,3.3970844745635986,0.8596258759498596,0.723025879971186,1.2936962842941284,nan,nan,nan,0.0,
ckpt:runs/vaani_full_r4_s1/best.pt,0009,recorded_impulsive+stationary_-10,recorded_impulsive+stationary,-10.0,False,False,-2.05671813429199,,cvhi:common_voice_hi_24758650,1.5916054248809814,-3.5233254432678223,0.5585530747459727,1.1646289825439453,nan,nan,nan,0.0,
ckpt:runs/vaani_full_r4_s1/best.pt,0010,recorded_impulsive+stationary_-10,recorded_impulsive+stationary,-10.0,True,False,-3.51222849842349,,cvhi:common_voice_hi_25982666,3.8921046257019043,1.888869047164917,0.6836467428244826,1.3078850507736206,nan,nan,nan,0.0,
ckpt:runs/vaani_full_r4_s1/best.pt,0011,recorded_impulsive+stationary_-10,recorded_impulsive+stationary,-10.0,False,False,-5.612346975369003,,cvhi:common_voice_hi_26007687,6.051520347595215,4.812441825866699,0.8533496508537809,1.4167506694793701,nan,nan,nan,0.0,
ckpt:runs/vaani_full_r4_s1/best.pt,0012,recorded_impulsive+stationary_-10,recorded_impulsive+stationary,-10.0,False,False,-0.711397449964867,,ls:150-126112-0029,6.678008556365967,5.646130561828613,0.6931518298721775,1.3238612413406372,nan,nan,nan,0.0,
ckpt:runs/vaani_full_r4_s1/best.pt,0013,recorded_impulsive+stationary_-10,recorded_impulsive+stationary,-10.0,True,False,6.137100781872714,,cvhi:common_voice_hi_26007702,2.7759244441986084,-0.4811875522136688,0.6295664554445656,1.1282252073287964,nan,nan,nan,0.0,
ckpt:runs/vaani_full_r4_s1/best.pt,0014,recorded_impulsive+stationary_-10,recorded_impulsive+stationary,-10.0,False,False,8.720829084970322,,ls:226-122538-0022,5.9010844230651855,4.63651704788208,0.555537744447577,1.3491616249084473,nan,nan,nan,0.42,
ckpt:runs/vaani_full_r4_s1/best.pt,0015,recorded_impulsive+stationary_-10,recorded_impulsive+stationary,-10.0,True,False,-0.5224983808467298,,ls:150-126107-0038,5.3911333084106445,3.9199841022491455,0.568678107195943,1.1493734121322632,nan,nan,nan,0.0,
ckpt:runs/vaani_full_r4_s1/best.pt,0016,recorded_impulsive+stationary_-10,recorded_impulsive+stationary,-10.0,False,False,3.100200907564542,,cvhi:common_voice_hi_25154363,4.93710994720459,3.2715978622436523,0.6170866825901082,1.2323616743087769,nan,nan,nan,0.0,
ckpt:runs/vaani_full_r4_s1/best.pt,0017,recorded_impulsive+stationary_-10,recorded_impulsive+stationary,-10.0,False,False,9.508903921153806,,ls:1898-145715-0023,6.835412979125977,5.838959217071533,0.7802219876076997,1.3014379739761353,nan,nan,nan,0.66,
ckpt:runs/vaani_full_r4_s1/best.pt,0018,recorded_impulsive+stationary_-10,recorded_impulsive+stationary,-10.0,True,False,-2.9355747450088563,,cvhi:common_voice_hi_25948425,5.030310153961182,3.412900924682617,0.7274047384136377,1.322938084602356,nan,nan,nan,0.0,
ckpt:runs/vaani_full_r4_s1/best.pt,0019,recorded_impulsive+stationary_-10,recorded_impulsive+stationary,-10.0,False,False,3.062334895909304,,cvhi:common_voice_hi_25948433,1.1917345523834229,-4.349371910095215,0.42898982516885137,1.0377556085586548,nan,nan,nan,0.0,
ckpt:runs/vaani_full_r4_s1/best.pt,0020,recorded_impulsive+stationary_-10,recorded_impulsive+stationary,-10.0,False,False,-0.8062390922914027,,cvhi:common_voice_hi_23964499,7.938757419586182,7.273479461669922,0.8088261533467413,1.5080552101135254,nan,nan,nan,0.0,
ckpt:runs/vaani_full_r4_s1/best.pt,0021,recorded_impulsive+stationary_-10,recorded_impulsive+stationary,-10.0,False,False,3.1677714386455627,,cvhi:common_voice_hi_23964500,6.7087883949279785,5.927741527557373,0.7064008407188821,1.337587594985962,nan,nan,nan,0.0,
ckpt:runs/vaani_full_r4_s1/best.pt,0022,recorded_impulsive+stationary_-10,recorded_impulsive+stationary,-10.0,False,False,-1.1762809273864194,,cvhi:common_voice_hi_25948428,3.824474811553955,1.5776139497756958,0.6623694623456907,1.2233915328979492,nan,nan,nan,0.0,
ckpt:runs/vaani_full_r4_s1/best.pt,0023,recorded_impulsive+stationary_-10,recorded_impulsive+stationary,-10.0,False,True,8.598557098261594,,cvhi:common_voice_hi_25473110,1.6371582746505737,-3.2933149337768555,0.5711974978437896,1.1037230491638184,nan,nan,nan,0.0,
ckpt:runs/vaani_full_r4_s1/best.pt,0024,recorded_impulsive+stationary_-10,recorded_impulsive+stationary,-10.0,False,False,-4.803334661750945,,cvhi:common_voice_hi_25948433,1.6462242603302002,-3.319119930267334,0.6037875197218454,1.0716309547424316,nan,nan,nan,0.0,
ckpt:runs/vaani_full_r4_s1/best.pt,0025,recorded_impulsive+stationary_-10,recorded_impulsive+stationary,-10.0,False,False,10.95234966276482,,cvhi:common_voice_hi_26007795,6.184105396270752,5.067141532897949,0.8550685600351972,1.408033847808838,nan,nan,nan,0.16,
ckpt:runs/vaani_full_r4_s1/best.pt,0026,recorded_impulsive+stationary_-10,recorded_impulsive+stationary,-10.0,False,False,6.175127230795919,,cvhi:common_voice_hi_24280972,4.810116767883301,3.07985520362854,0.5723568861837482,1.1244919300079346,nan,nan,nan,0.4,
ckpt:runs/vaani_full_r4_s1/best.pt,0027,recorded_impulsive+stationary_-10,recorded_impulsive+stationary,-10.0,False,False,11.511010424237508,,ls:1898-145720-0006,4.286792278289795,2.2670366764068604,0.6140514907019865,1.1282963752746582,nan,nan,nan,0.0,
ckpt:runs/vaani_full_r4_s1/best.pt,0028,recorded_impulsive+stationary_-10,recorded_impulsive+stationary,-10.0,False,True,-4.1111279847513496,,cvhi:common_voice_hi_24759574,7.832274913787842,7.182419300079346,0.9310449522895438,1.9761148691177368,nan,nan,nan,0.0,
ckpt:runs/vaani_full_r4_s1/best.pt,0029,recorded_impulsive+stationary_-10,recorded_impulsive+stationary,-10.0,True,True,6.972908577832742,,ls:1898-145715-0020,2.904245615005493,-0.18558946251869202,0.4896060073991827,1.0644516944885254,nan,nan,nan,0.0,
ckpt:runs/vaani_full_r4_s1/best.pt,0030,recorded_impulsive+stationary_-10,recorded_impulsive+stationary,-10.0,False,False,4.578498147505343,,cvhi:common_voice_hi_25154368,5.480250358581543,4.034698009490967,0.551913181035114,1.2038888931274414,nan,nan,nan,0.0,
ckpt:runs/vaani_full_r4_s1/best.pt,0031,recorded_impulsive+stationary_-10,recorded_impulsive+stationary,-10.0,False,False,5.191977400767048,,ls:1898-145715-0017,4.7931928634643555,3.0434012413024902,0.5270110104916341,1.038069248199463,nan,nan,nan,0.12,
ckpt:runs/vaani_full_r4_s1/best.pt,0032,recorded_impulsive+stationary_-10,recorded_impulsive+stationary,-10.0,False,False,-0.2995981391878395,,cvhi:common_voice_hi_26968240,3.579850673675537,1.0743377208709717,0.597218703232202,1.075234055519104,nan,nan,nan,0.0,
ckpt:runs/vaani_full_r4_s1/best.pt,0033,recorded_impulsive+stationary_-10,recorded_impulsive+stationary,-10.0,False,False,7.691877880793445,,cvhi:common_voice_hi_24759287,2.7575600147247314,-0.4679025709629059,0.7512373300977547,1.3176867961883545,nan,nan,nan,0.2,
ckpt:runs/vaani_full_r4_s1/best.pt,0034,recorded_impulsive+stationary_-10,recorded_impulsive+stationary,-10.0,False,False,10.55424307364559,,ls:1898-145702-0003,5.64192533493042,4.263175010681152,0.6436727909002543,1.288414478302002,nan,nan,nan,0.0,
ckpt:runs/vaani_full_r4_s1/best.pt,0035,recorded_impulsive+stationary_-10,recorded_impulsive+stationary,-10.0,False,False,-5.04129326047356,,cvhi:common_voice_hi_24280963,3.241243362426758,0.45168620347976685,0.7744090787957992,1.231797218322754,nan,nan,nan,0.0,
ckpt:runs/vaani_full_r4_s1/best.pt,0036,recorded_impulsive+stationary_-10,recorded_impulsive+stationary,-10.0,False,False,-0.3076923117216426,,cvhi:common_voice_hi_24228362,5.815373420715332,4.587712287902832,0.8382086902903048,1.3627818822860718,nan,nan,nan,0.0,
ckpt:runs/vaani_full_r4_s1/best.pt,0037,recorded_impulsive+stationary_-10,recorded_impulsive+stationary,-10.0,False,False,10.58505172754493,,ls:226-131533-0010,3.702380895614624,1.2921552658081055,0.6356343266470594,1.124920129776001,nan,nan,nan,0.48,
ckpt:runs/vaani_full_r4_s1/best.pt,0038,recorded_impulsive+stationary_-10,recorded_impulsive+stationary,-10.0,False,False,10.507515937726549,,cvhi:common_voice_hi_24225595,3.5556039810180664,1.0297988653182983,0.6050706172636167,1.2431280612945557,nan,nan,nan,0.0,
ckpt:runs/vaani_full_r4_s1/best.pt,0039,recorded_impulsive+stationary_-10,recorded_impulsive+stationary,-10.0,False,False,2.0850026090466773,,cvhi:common_voice_hi_24386149,2.636307716369629,-0.355818510055542,0.5813598908134028,1.1004902124404907,nan,nan,nan,0.0,
ckpt:runs/vaani_full_r4_s1/best.pt,0000,recorded_impulsive+stationary_-5,recorded_impulsive+stationary,-5.0,False,False,-1.565776430506265,,ls:226-131533-0002,7.285274982452393,6.418654918670654,0.841514437222581,1.588819980621338,nan,nan,nan,0.0,
ckpt:runs/vaani_full_r4_s1/best.pt,0001,recorded_impulsive+stationary_-5,recorded_impulsive+stationary,-5.0,False,False,-5.1777686149048145,,cvhi:common_voice_hi_40337925,5.981764793395996,4.744443416595459,0.8695957122608876,1.4281156063079834,nan,nan,nan,0.0,
ckpt:runs/vaani_full_r4_s1/best.pt,0002,recorded_impulsive+stationary_-5,recorded_impulsive+stationary,-5.0,False,False,-4.756176244998059,,cvhi:common_voice_hi_25323049,7.4532670974731445,6.606829643249512,0.829609960047023,1.4564341306686401,nan,nan,nan,0.2,
ckpt:runs/vaani_full_r4_s1/best.pt,0003,recorded_impulsive+stationary_-5,recorded_impulsive+stationary,-5.0,False,False,3.739566836072205,,cvhi:common_voice_hi_24427429,7.295475482940674,6.453611373901367,0.6133984033389521,1.466325283050537,nan,nan,nan,0.0,
ckpt:runs/vaani_full_r4_s1/best.pt,0004,recorded_impulsive+stationary_-5,recorded_impulsive+stationary,-5.0,False,False,4.924555920359309,,cvhi:common_voice_hi_24228426,7.910769462585449,7.154452323913574,0.79924805766297,1.4071708917617798,nan,nan,nan,0.16,
ckpt:runs/vaani_full_r4_s1/best.pt,0005,recorded_impulsive+stationary_-5,recorded_impulsive+stationary,-5.0,False,False,0.5467488666301437,,cvhi:common_voice_hi_27005387,3.3614423274993896,0.6783923506736755,0.7559638614480981,1.1880091428756714,nan,nan,nan,0.0,
ckpt:runs/vaani_full_r4_s1/best.pt,0006,recorded_impulsive+stationary_-5,recorded_impulsive+stationary,-5.0,False,True,3.59962556285514,,cvhi:common_voice_hi_24427373,7.541036605834961,6.80172061920166,0.7840147571802537,1.902572512626648,nan,nan,nan,1.06,
ckpt:runs/vaani_full_r4_s1/best.pt,0007,recorded_impulsive+stationary_-5,recorded_impulsive+stationary,-5.0,False,False,10.37349014872795,,cvhi:common_voice_hi_24261967,8.509143829345703,7.88860559463501,0.7095191736520662,1.3890457153320312,nan,nan,nan,0.0,
ckpt:runs/vaani_full_r4_s1/best.pt,0008,recorded_impulsive+stationary_-5,recorded_impulsive+stationary,-5.0,False,False,3.873410118313437,,cvhi:common_voice_hi_27005558,3.674508571624756,1.2854183912277222,0.795470505606939,1.2529125213623047,nan,nan,nan,0.0,
ckpt:runs/vaani_full_r4_s1/best.pt,0009,recorded_impulsive+stationary_-5,recorded_impulsive+stationary,-5.0,False,False,-1.3495214807900338,,ls:150-126112-0006,6.656231880187988,5.600508689880371,0.8018127918181599,1.4588195085525513,nan,nan,nan,0.0,
ckpt:runs/vaani_full_r4_s1/best.pt,0010,recorded_impulsive+stationary_-5,recorded_impulsive+stationary,-5.0,False,False,11.417791422488776,,cvhi:common_voice_hi_25170238,8.284348487854004,7.650208950042725,0.7885054204748322,1.3677024841308594,nan,nan,nan,0.0,
ckpt:runs/vaani_full_r4_s1/best.pt,0011,recorded_impulsive+stationary_-5,recorded_impulsive+stationary,-5.0,False,False,1.0884682486747828,,ls:226-131532-0025,6.867130279541016,5.882023811340332,0.6955677704940655,1.2892671823501587,nan,nan,nan,0.66,
ckpt:runs/vaani_full_r4_s1/best.pt,0012,recorded_impulsive+stationary_-5,recorded_impulsive+stationary,-5.0,False,False,2.161681486099898,,cvhi:common_voice_hi_26008938,7.696771621704102,6.902960777282715,0.49374709666909794,1.2496126890182495,nan,nan,nan,0.0,
ckpt:runs/vaani_full_r4_s1/best.pt,0013,recorded_impulsive+stationary_-5,recorded_impulsive+stationary,-5.0,False,False,11.876821356296094,,cvhi:common_voice_hi_24258353,5.463657855987549,4.037491798400879,0.8523800648775884,1.2713624238967896,nan,nan,nan,0.0,
ckpt:runs/vaani_full_r4_s1/best.pt,0014,recorded_impulsive+stationary_-5,recorded_impulsive+stationary,-5.0,False,False,1.4151097349163173,,cvhi:common_voice_hi_27005195,7.187623977661133,6.2887372970581055,0.7914612217905621,1.4598912000656128,nan,nan,nan,0.0,
ckpt:runs/vaani_full_r4_s1/best.pt,0015,recorded_impulsive+stationary_-5,recorded_impulsive+stationary,-5.0,False,False,-3.4659473808576786,,cvhi:common_voice_hi_26008602,5.296184539794922,3.9745006561279297,0.7859546725904539,1.3441588878631592,nan,nan,nan,0.24,
ckpt:runs/vaani_full_r4_s1/best.pt,0016,recorded_impulsive+stationary_-5,recorded_impulsive+stationary,-5.0,False,False,10.19580689215417,,cvhi:common_voice_hi_24386849,8.160300254821777,7.634554386138916,0.6902728636059553,1.4221539497375488,nan,nan,nan,0.0,
ckpt:runs/vaani_full_r4_s1/best.pt,0017,recorded_impulsive+stationary_-5,recorded_impulsive+stationary,-5.0,False,False,6.349431176778349,,cvhi:common_voice_hi_25154387,5.5445356369018555,4.152246475219727,0.6763226715797466,1.3040964603424072,nan,nan,nan,0.0,
ckpt:runs/vaani_full_r4_s1/best.pt,0018,recorded_impulsive+stationary_-5,recorded_impulsive+stationary,-5.0,False,False,1.8408372923835952,,ls:150-126107-0008,6.2334699630737305,5.12667179107666,0.7472951182685199,1.1980210542678833,nan,nan,nan,0.0,
ckpt:runs/vaani_full_r4_s1/best.pt,0019,recorded_impulsive+stationary_-5,recorded_impulsive+stationary,-5.0,False,False,-2.994356853489917,,cvhi:common_voice_hi_24225387,4.575126647949219,2.860210418701172,0.7756091317043212,1.326520323753357,nan,nan,nan,0.0,
ckpt:runs/vaani_full_r4_s1/best.pt,0020,recorded_impulsive+stationary_-5,recorded_impulsive+stationary,-5.0,False,False,-2.4092790249889076,,ls:150-126112-0014,7.343993186950684,6.507406711578369,0.6569915108920972,1.4013924598693848,nan,nan,nan,0.0,
ckpt:runs/vaani_full_r4_s1/best.pt,0021,recorded_impulsive+stationary_-5,recorded_impulsive+stationary,-5.0,False,False,9.497385738843784,,cvhi:common_voice_hi_24258337,6.689932823181152,5.910173416137695,0.865335263867861,1.324108600616455,nan,nan,nan,0.16,
ckpt:runs/vaani_full_r4_s1/best.pt,0022,recorded_impulsive+stationary_-5,recorded_impulsive+stationary,-5.0,False,False,5.029547142435597,,cvhi:common_voice_hi_24386433,8.441523551940918,7.990067005157471,0.7934980534749362,1.5029222965240479,nan,nan,nan,0.2,
ckpt:runs/vaani_full_r4_s1/best.pt,0023,recorded_impulsive+stationary_-5,recorded_impulsive+stationary,-5.0,False,False,9.354105640590236,,cvhi:common_voice_hi_24386606,8.289701461791992,7.605319023132324,0.8102918063512929,1.375582218170166,nan,nan,nan,0.14,
ckpt:runs/vaani_full_r4_s1/best.pt,0024,recorded_impulsive+stationary_-5,recorded_impulsive+stationary,-5.0,False,False,10.791991354618812,,ls:150-126107-0025,9.4144926071167,9.187782287597656,0.7655049078365794,2.0119552612304688,nan,nan,nan,0.0,
ckpt:runs/vaani_full_r4_s1/best.pt,0025,recorded_impulsive+stationary_-5,recorded_impulsive+stationary,-5.0,True,False,5.449573914130049,,ls:226-131533-0008,6.134305953979492,5.014118671417236,0.735941797648918,1.2781474590301514,nan,nan,nan,0.0,
ckpt:runs/vaani_full_r4_s1/best.pt,0026,recorded_impulsive+stationary_-5,recorded_impulsive+stationary,-5.0,False,False,-4.86218642894271,,cvhi:common_voice_hi_24258399,9.353813171386719,8.818780899047852,0.8438180794687088,1.4516410827636719,nan,nan,nan,0.0,
ckpt:runs/vaani_full_r4_s1/best.pt,0027,recorded_impulsive+stationary_-5,recorded_impulsive+stationary,-5.0,False,False,5.3678495222302995,,ls:1898-145715-0018,8.005516052246094,7.258272171020508,0.830695124246244,1.2714980840682983,nan,nan,nan,0.0,
ckpt:runs/vaani_full_r4_s1/best.pt,0028,recorded_impulsive+stationary_-5,recorded_impulsive+stationary,-5.0,False,False,8.092294685456725,,cvhi:common_voice_hi_27005396,4.459273338317871,2.5868704319000244,0.7765446156962921,1.142706036567688,nan,nan,nan,0.0,
ckpt:runs/vaani_full_r4_s1/best.pt,0029,recorded_impulsive+stationary_-5,recorded_impulsive+stationary,-5.0,False,False,11.145362952607162,,cvhi:common_voice_hi_25170231,7.80285120010376,7.016811847686768,0.7861353146349411,1.3830758333206177,nan,nan,nan,0.56,
ckpt:runs/vaani_full_r4_s1/best.pt,0030,recorded_impulsive+stationary_-5,recorded_impulsive+stationary,-5.0,False,False,10.238777826427345,,cvhi:common_voice_hi_24510971,3.5637261867523193,1.7363072633743286,0.7359135317966295,1.2496320009231567,nan,nan,nan,0.48,
ckpt:runs/vaani_full_r4_s1/best.pt,0031,recorded_impulsive+stationary_-5,recorded_impulsive+stationary,-5.0,False,False,0.0381815799760572,,cvhi:common_voice_hi_24228359,7.166430950164795,6.44787073135376,0.8899126727177451,1.6483277082443237,nan,nan,nan,0.0,
ckpt:runs/vaani_full_r4_s1/best.pt,0032,recorded_impulsive+stationary_-5,recorded_impulsive+stationary,-5.0,False,False,9.238253615815394,,cvhi:common_voice_hi_25323046,8.856022834777832,8.275562286376953,0.8903049324397297,1.4301830530166626,nan,nan,nan,0.0,
ckpt:runs/vaani_full_r4_s1/best.pt,0033,recorded_impulsive+stationary_-5,recorded_impulsive+stationary,-5.0,False,False,-3.2031250398091204,,cvhi:common_voice_hi_24759342,6.773019313812256,5.7675862312316895,0.9034151331773906,1.5300698280334473,nan,nan,nan,0.0,
ckpt:runs/vaani_full_r4_s1/best.pt,0034,recorded_impulsive+stationary_-5,recorded_impulsive+stationary,-5.0,False,False,9.112888893473972,,cvhi:common_voice_hi_25128213,4.738406181335449,2.9677531719207764,0.7197155546098957,1.1113359928131104,nan,nan,nan,0.0,
ckpt:runs/vaani_full_r4_s1/best.pt,0035,recorded_impulsive+stationary_-5,recorded_impulsive+stationary,-5.0,False,False,1.4469044700788922,,cvhi:common_voice_hi_26008950,7.583493232727051,6.750998020172119,0.6985012166296436,1.3104068040847778,nan,nan,nan,0.0,
ckpt:runs/vaani_full_r4_s1/best.pt,0036,recorded_impulsive+stationary_-5,recorded_impulsive+stationary,-5.0,False,False,4.948112907681891,,cvhi:common_voice_hi_24759072,8.445293426513672,8.003379821777344,0.8911409083762224,1.595184326171875,nan,nan,nan,0.0,
ckpt:runs/vaani_full_r4_s1/best.pt,0037,recorded_impulsive+stationary_-5,recorded_impulsive+stationary,-5.0,False,False,5.289241849156966,,cvhi:common_voice_hi_26080952,5.12918758392334,3.5580170154571533,0.6901158122077357,1.4264017343521118,nan,nan,nan,0.0,
ckpt:runs/vaani_full_r4_s1/best.pt,0038,recorded_impulsive+stationary_-5,recorded_impulsive+stationary,-5.0,False,False,-3.2280232006803304,,cvhi:common_voice_hi_24228566,6.003670692443848,4.753904342651367,0.7175129337024158,1.2244503498077393,nan,nan,nan,0.0,
ckpt:runs/vaani_full_r4_s1/best.pt,0039,recorded_impulsive+stationary_-5,recorded_impulsive+stationary,-5.0,False,False,10.34564782655378,,cvhi:common_voice_hi_24228566,4.4291791915893555,2.4965996742248535,0.7743832944373046,1.443905234336853,nan,nan,nan,0.0,
ckpt:runs/vaani_full_r4_s1/best.pt,0000,recorded_impulsive+stationary_0,recorded_impulsive+stationary,0.0,False,False,0.7352800176216059,,cvhi:common_voice_hi_24225728,9.857014656066895,9.404010772705078,0.8398034309957718,1.5963307619094849,nan,nan,nan,0.26,
ckpt:runs/vaani_full_r4_s1/best.pt,0001,recorded_impulsive+stationary_0,recorded_impulsive+stationary,0.0,False,False,9.284042477609852,,cvhi:common_voice_hi_27005578,7.614283561706543,6.829801082611084,0.9177370114301159,1.6695791482925415,nan,nan,nan,0.2,
ckpt:runs/vaani_full_r4_s1/best.pt,0002,recorded_impulsive+stationary_0,recorded_impulsive+stationary,0.0,False,False,-2.0877228271162145,,cvhi:common_voice_hi_26007782,8.14503288269043,7.576682090759277,0.8738402766781841,1.54646635055542,nan,nan,nan,1.32,
ckpt:runs/vaani_full_r4_s1/best.pt,0003,recorded_impulsive+stationary_0,recorded_impulsive+stationary,0.0,False,False,-0.2696792283007392,,cvhi:common_voice_hi_24510992,9.145797729492188,8.62738037109375,0.8274398906260727,1.9981794357299805,nan,nan,nan,0.04,
ckpt:runs/vaani_full_r4_s1/best.pt,0004,recorded_impulsive+stationary_0,recorded_impulsive+stationary,0.0,False,False,4.034011938254546,,cvhi:common_voice_hi_26687105,9.307707786560059,8.848959922790527,0.8954089049577464,1.8143795728683472,nan,nan,nan,0.0,
ckpt:runs/vaani_full_r4_s1/best.pt,0005,recorded_impulsive+stationary_0,recorded_impulsive+stationary,0.0,False,False,5.692721789025063,,cvhi:common_voice_hi_24759398,9.607421875,9.147546768188477,0.8747589599552423,1.5738208293914795,nan,nan,nan,0.0,
ckpt:runs/vaani_full_r4_s1/best.pt,0006,recorded_impulsive+stationary_0,recorded_impulsive+stationary,0.0,False,False,8.543461162396985,,ls:1263-141777-0007,8.482430458068848,7.886693477630615,0.8073168534381199,1.5822631120681763,nan,nan,nan,0.62,
ckpt:runs/vaani_full_r4_s1/best.pt,0007,recorded_impulsive+stationary_0,recorded_impulsive+stationary,0.0,False,False,-1.5827811653145698,,ls:150-126112-0034,9.630354881286621,9.151426315307617,0.817743755513556,2.6828742027282715,nan,nan,nan,0.0,
ckpt:runs/vaani_full_r4_s1/best.pt,0008,recorded_impulsive+stationary_0,recorded_impulsive+stationary,0.0,False,False,3.538374458488798,,cvhi:common_voice_hi_24225444,10.344477653503418,10.087827682495117,0.9462764509528798,1.962916612625122,nan,nan,nan,0.0,
ckpt:runs/vaani_full_r4_s1/best.pt,0009,recorded_impulsive+stationary_0,recorded_impulsive+stationary,0.0,True,False,6.096555302985637,,cvhi:common_voice_hi_27005479,7.4176025390625,6.5516862869262695,0.8300852104749692,1.233481526374817,nan,nan,nan,0.0,
ckpt:runs/vaani_full_r4_s1/best.pt,0010,recorded_impulsive+stationary_0,recorded_impulsive+stationary,0.0,False,False,-5.782004943196515,,ls:226-122538-0016,9.81698989868164,9.355569839477539,0.8717732236221766,1.648512601852417,nan,nan,nan,0.0,
ckpt:runs/vaani_full_r4_s1/best.pt,0011,recorded_impulsive+stationary_0,recorded_impulsive+stationary,0.0,False,False,9.191031229803942,,cvhi:common_voice_hi_24427880,8.269475936889648,7.819119453430176,0.7174217331968623,1.4615991115570068,nan,nan,nan,0.0,
ckpt:runs/vaani_full_r4_s1/best.pt,0012,recorded_impulsive+stationary_0,recorded_impulsive+stationary,0.0,False,False,5.165202892457028,,ls:1263-139804-0004,9.08542251586914,8.540364265441895,0.8592330143922927,1.6205815076828003,nan,nan,nan,0.0,
ckpt:runs/vaani_full_r4_s1/best.pt,0013,recorded_impulsive+stationary_0,recorded_impulsive+stationary,0.0,False,False,11.887660072824424,,ls:1263-141777-0012,10.421979904174805,10.032150268554688,0.9155834243946944,1.9736124277114868,nan,nan,nan,0.0,
ckpt:runs/vaani_full_r4_s1/best.pt,0014,recorded_impulsive+stationary_0,recorded_impulsive+stationary,0.0,False,False,-4.565249258711942,,cvhi:common_voice_hi_26007759,8.127902030944824,7.412889003753662,0.8328718033369071,1.4362647533416748,nan,nan,nan,0.0,
ckpt:runs/vaani_full_r4_s1/best.pt,0015,recorded_impulsive+stationary_0,recorded_impulsive+stationary,0.0,False,False,10.534462062223003,,cvhi:common_voice_hi_26254102,8.294931411743164,7.619382858276367,0.8659914213782695,1.4844269752502441,nan,nan,nan,0.0,
ckpt:runs/vaani_full_r4_s1/best.pt,0016,recorded_impulsive+stationary_0,recorded_impulsive+stationary,0.0,False,False,7.729295545807636,,cvhi:common_voice_hi_24427445,9.554018020629883,9.088748931884766,0.6955127922923087,1.5328381061553955,nan,nan,nan,0.0,
ckpt:runs/vaani_full_r4_s1/best.pt,0017,recorded_impulsive+stationary_0,recorded_impulsive+stationary,0.0,True,False,-3.6132993816227943,,cvhi:common_voice_hi_25154361,8.817850112915039,8.256979942321777,0.7757176401909399,1.3324036598205566,nan,nan,nan,0.0,
ckpt:runs/vaani_full_r4_s1/best.pt,0018,recorded_impulsive+stationary_0,recorded_impulsive+stationary,0.0,False,False,0.5960709363081182,,cvhi:common_voice_hi_27005364,4.131599426269531,2.0551984310150146,0.8486512979280861,1.6079181432724,nan,nan,nan,0.0,
ckpt:runs/vaani_full_r4_s1/best.pt,0019,recorded_impulsive+stationary_0,recorded_impulsive+stationary,0.0,False,False,-1.1620665080264097,,cvhi:common_voice_hi_26080950,8.646079063415527,8.013314247131348,0.8158630216979196,1.553127646446228,nan,nan,nan,0.0,
ckpt:runs/vaani_full_r4_s1/best.pt,0020,recorded_impulsive+stationary_0,recorded_impulsive+stationary,0.0,False,False,8.97506620413964,,ls:1263-141777-0035,8.541391372680664,7.988471508026123,0.9052505323279156,1.6823108196258545,nan,nan,nan,0.0,
ckpt:runs/vaani_full_r4_s1/best.pt,0021,recorded_impulsive+stationary_0,recorded_impulsive+stationary,0.0,False,False,4.072299928790324,,ls:1898-145720-0016,12.072418212890625,12.084512710571289,0.9042171590703972,2.403520107269287,nan,nan,nan,0.0,
ckpt:runs/vaani_full_r4_s1/best.pt,0022,recorded_impulsive+stationary_0,recorded_impulsive+stationary,0.0,False,False,11.736184496072294,,cvhi:common_voice_hi_24759344,6.430864334106445,5.318076133728027,0.8172287324429001,1.4307045936584473,nan,nan,nan,0.52,
ckpt:runs/vaani_full_r4_s1/best.pt,0023,recorded_impulsive+stationary_0,recorded_impulsive+stationary,0.0,False,False,3.0165972478408047,,cvhi:common_voice_hi_40355229,10.234962463378906,9.914780616760254,0.8575577180702898,1.6050961017608643,nan,nan,nan,0.0,
ckpt:runs/vaani_full_r4_s1/best.pt,0024,recorded_impulsive+stationary_0,recorded_impulsive+stationary,0.0,False,False,7.385410036460145,,cvhi:common_voice_hi_24228568,9.735294342041016,9.365602493286133,0.8547743787227984,1.6450905799865723,nan,nan,nan,0.0,
ckpt:runs/vaani_full_r4_s1/best.pt,0025,recorded_impulsive+stationary_0,recorded_impulsive+stationary,0.0,False,False,-0.6607748354006375,,ls:1898-145702-0006,9.734415054321289,9.248540878295898,0.8836704802921549,1.6911803483963013,nan,nan,nan,0.0,
ckpt:runs/vaani_full_r4_s1/best.pt,0026,recorded_impulsive+stationary_0,recorded_impulsive+stationary,0.0,False,False,3.0816863447955125,,cvhi:common_voice_hi_25154424,11.882343292236328,11.797111511230469,0.7931238914626926,1.7722575664520264,nan,nan,nan,0.0,
ckpt:runs/vaani_full_r4_s1/best.pt,0027,recorded_impulsive+stationary_0,recorded_impulsive+stationary,0.0,False,True,11.092097529772822,,cvhi:common_voice_hi_24228246,8.508320808410645,7.978082656860352,0.8753487501084516,1.4283852577209473,nan,nan,nan,0.06,
ckpt:runs/vaani_full_r4_s1/best.pt,0028,recorded_impulsive+stationary_0,recorded_impulsive+stationary,0.0,False,False,6.818538395879948,,ls:1898-145720-0010,5.93427848815918,4.656365871429443,0.7296823833057907,1.3145338296890259,nan,nan,nan,0.0,
ckpt:runs/vaani_full_r4_s1/best.pt,0029,recorded_impulsive+stationary_0,recorded_impulsive+stationary,0.0,False,False,-3.167169159557719,,cvhi:common_voice_hi_26769503,10.350041389465332,10.000722885131836,0.6462594299014668,1.90797758102417,nan,nan,nan,0.0,
ckpt:runs/vaani_full_r4_s1/best.pt,0030,recorded_impulsive+stationary_0,recorded_impulsive+stationary,0.0,False,False,7.1809292136730445,,cvhi:common_voice_hi_27005393,6.235218048095703,5.13627290725708,0.8352318393516095,1.2398314476013184,nan,nan,nan,0.0,
ckpt:runs/vaani_full_r4_s1/best.pt,0031,recorded_impulsive+stationary_0,recorded_impulsive+stationary,0.0,False,False,-1.188143820435,,cvhi:common_voice_hi_24280932,10.988570213317871,10.635231971740723,0.9111901917345756,1.8395204544067383,nan,nan,nan,0.16,
ckpt:runs/vaani_full_r4_s1/best.pt,0032,recorded_impulsive+stationary_0,recorded_impulsive+stationary,0.0,False,False,6.3313968801738305,,cvhi:common_voice_hi_26007665,10.757150650024414,10.491185188293457,0.9215055778270899,2.015451669692993,nan,nan,nan,0.72,
ckpt:runs/vaani_full_r4_s1/best.pt,0033,recorded_impulsive+stationary_0,recorded_impulsive+stationary,0.0,False,False,-0.19211525988416334,,cvhi:common_voice_hi_25323014,9.277518272399902,8.76176643371582,0.915149692011861,1.8807427883148193,nan,nan,nan,0.0,
ckpt:runs/vaani_full_r4_s1/best.pt,0034,recorded_impulsive+stationary_0,recorded_impulsive+stationary,0.0,False,False,10.054673540882185,,cvhi:common_voice_hi_25170231,11.460362434387207,11.389583587646484,0.8870973134542913,1.582963228225708,nan,nan,nan,0.16,
ckpt:runs/vaani_full_r4_s1/best.pt,0035,recorded_impulsive+stationary_0,recorded_impulsive+stationary,0.0,False,False,-3.8763336758924627,,cvhi:common_voice_hi_26007591,13.20527172088623,13.202544212341309,0.8933276798771507,1.9422324895858765,nan,nan,nan,0.1,
ckpt:runs/vaani_full_r4_s1/best.pt,0036,recorded_impulsive+stationary_0,recorded_impulsive+stationary,0.0,False,False,4.8319295488847995,,cvhi:common_voice_hi_26007861,15.37674331665039,15.3722562789917,0.8761982468503253,1.8780336380004883,nan,nan,nan,0.0,
ckpt:runs/vaani_full_r4_s1/best.pt,0037,recorded_impulsive+stationary_0,recorded_impulsive+stationary,0.0,False,False,7.432109612980167,,cvhi:common_voice_hi_26769497,11.437459945678711,11.131935119628906,0.7077389909584496,1.6860636472702026,nan,nan,nan,0.04,
ckpt:runs/vaani_full_r4_s1/best.pt,0038,recorded_impulsive+stationary_0,recorded_impulsive+stationary,0.0,False,False,5.793056600908823,,cvhi:common_voice_hi_24386473,9.059883117675781,8.731614112854004,0.7309869753248294,1.486086130142212,nan,nan,nan,0.18,
ckpt:runs/vaani_full_r4_s1/best.pt,0039,recorded_impulsive+stationary_0,recorded_impulsive+stationary,0.0,True,False,-1.740793726552985,,cvhi:common_voice_hi_24759306,8.014636993408203,7.295553684234619,0.8248669394987358,1.4389584064483643,nan,nan,nan,0.0,
ckpt:runs/vaani_full_r4_s1/best.pt,0000,recorded_impulsive+stationary_10,recorded_impulsive+stationary,10.0,False,False,-0.6282548980019946,,cvhi:common_voice_hi_23844514,16.27652359008789,17.060945510864258,0.9307511483767265,2.8394179344177246,nan,nan,nan,0.0,
ckpt:runs/vaani_full_r4_s1/best.pt,0001,recorded_impulsive+stationary_10,recorded_impulsive+stationary,10.0,False,False,1.3984227100023618,,ls:1263-138246-0006,16.699010848999023,16.986289978027344,0.9695263115089435,2.7095110416412354,nan,nan,nan,0.0,
ckpt:runs/vaani_full_r4_s1/best.pt,0002,recorded_impulsive+stationary_10,recorded_impulsive+stationary,10.0,False,False,-0.3177815872429681,,cvhi:common_voice_hi_26008620,15.40793228149414,15.2879638671875,0.90655592036178,2.530296802520752,nan,nan,nan,0.42,
ckpt:runs/vaani_full_r4_s1/best.pt,0003,recorded_impulsive+stationary_10,recorded_impulsive+stationary,10.0,False,False,9.187828124510299,,cvhi:common_voice_hi_24386827,15.800895690917969,16.316791534423828,0.9276635824580531,2.456589698791504,nan,nan,nan,0.0,
ckpt:runs/vaani_full_r4_s1/best.pt,0004,recorded_impulsive+stationary_10,recorded_impulsive+stationary,10.0,False,False,-4.051257550075904,,cvhi:common_voice_hi_23844541,12.954523086547852,13.05778980255127,0.8748896525864623,2.343892812728882,nan,nan,nan,0.0,
ckpt:runs/vaani_full_r4_s1/best.pt,0005,recorded_impulsive+stationary_10,recorded_impulsive+stationary,10.0,False,False,-5.972106053640216,,ls:1263-141777-0012,13.676172256469727,13.680139541625977,0.9776725395969521,2.4870243072509766,nan,nan,nan,0.02,
ckpt:runs/vaani_full_r4_s1/best.pt,0006,recorded_impulsive+stationary_10,recorded_impulsive+stationary,10.0,False,False,3.2820846736677485,,cvhi:common_voice_hi_24427467,14.151041030883789,13.989456176757812,0.89244811937213,2.6138787269592285,nan,nan,nan,0.62,
ckpt:runs/vaani_full_r4_s1/best.pt,0007,recorded_impulsive+stationary_10,recorded_impulsive+stationary,10.0,True,False,1.7378053891727925,,cvhi:common_voice_hi_26007736,13.930917739868164,13.839859008789062,0.9481324304546282,2.2766709327697754,nan,nan,nan,0.0,
ckpt:runs/vaani_full_r4_s1/best.pt,0008,recorded_impulsive+stationary_10,recorded_impulsive+stationary,10.0,False,False,3.545650875734111,,cvhi:common_voice_hi_26253997,16.853429794311523,17.788301467895508,0.8984637863594148,2.3837034702301025,nan,nan,nan,0.02,
ckpt:runs/vaani_full_r4_s1/best.pt,0009,recorded_impulsive+stationary_10,recorded_impulsive+stationary,10.0,False,False,5.578325487030067,,cvhi:common_voice_hi_37209035,13.073976516723633,12.94683837890625,0.9473760291750567,2.5556118488311768,nan,nan,nan,0.0,
ckpt:runs/vaani_full_r4_s1/best.pt,0010,recorded_impulsive+stationary_10,recorded_impulsive+stationary,10.0,False,False,-1.3850826734538249,,cvhi:common_voice_hi_26007746,17.80810546875,18.303630828857422,0.9807914413066895,3.3106114864349365,nan,nan,nan,0.0,
ckpt:runs/vaani_full_r4_s1/best.pt,0011,recorded_impulsive+stationary_10,recorded_impulsive+stationary,10.0,False,False,10.292575854059667,,cvhi:common_voice_hi_25323041,13.80902099609375,13.980294227600098,0.9695605471050804,2.6645655632019043,nan,nan,nan,0.1,
ckpt:runs/vaani_full_r4_s1/best.pt,0012,recorded_impulsive+stationary_10,recorded_impulsive+stationary,10.0,False,False,-5.8857956343874775,,cvhi:common_voice_hi_24280926,15.0651273727417,15.061649322509766,0.9751562376797449,2.654961109161377,nan,nan,nan,0.0,
ckpt:runs/vaani_full_r4_s1/best.pt,0013,recorded_impulsive+stationary_10,recorded_impulsive+stationary,10.0,False,False,-1.414707446853365,,cvhi:common_voice_hi_24258333,14.95387077331543,15.327903747558594,0.9712013134967078,2.84427547454834,nan,nan,nan,0.0,
ckpt:runs/vaani_full_r4_s1/best.pt,0014,recorded_impulsive+stationary_10,recorded_impulsive+stationary,10.0,False,False,0.7413170713436177,,cvhi:common_voice_hi_26007570,15.515402793884277,15.426658630371094,0.9163429515493668,2.368781566619873,nan,nan,nan,0.0,
ckpt:runs/vaani_full_r4_s1/best.pt,0015,recorded_impulsive+stationary_10,recorded_impulsive+stationary,10.0,False,False,2.2963053734123573,,cvhi:common_voice_hi_24759560,14.05306625366211,14.061134338378906,0.950833681741593,2.535501480102539,nan,nan,nan,0.0,
ckpt:runs/vaani_full_r4_s1/best.pt,0016,recorded_impulsive+stationary_10,recorded_impulsive+stationary,10.0,False,False,2.891085464079323,,cvhi:common_voice_hi_26687147,16.00631332397461,16.01264762878418,0.9541829136650407,2.872575521469116,nan,nan,nan,0.0,
ckpt:runs/vaani_full_r4_s1/best.pt,0017,recorded_impulsive+stationary_10,recorded_impulsive+stationary,10.0,False,True,-0.5955374678305354,,cvhi:common_voice_hi_27149956,15.109441757202148,15.219222068786621,0.8089967968985956,2.2173986434936523,nan,nan,nan,0.0,
ckpt:runs/vaani_full_r4_s1/best.pt,0018,recorded_impulsive+stationary_10,recorded_impulsive+stationary,10.0,False,False,3.1912606005071478,,cvhi:common_voice_hi_24427380,17.588420867919922,17.5543212890625,0.8931440755611476,2.3082001209259033,nan,nan,nan,0.0,
ckpt:runs/vaani_full_r4_s1/best.pt,0019,recorded_impulsive+stationary_10,recorded_impulsive+stationary,10.0,False,False,1.9547440837172712,,cvhi:common_voice_hi_24228427,11.785039901733398,12.661529541015625,0.9510475267279369,2.3734042644500732,nan,nan,nan,0.24,
ckpt:runs/vaani_full_r4_s1/best.pt,0020,recorded_impulsive+stationary_10,recorded_impulsive+stationary,10.0,False,False,-1.7600340238048364,,ls:226-131533-0016,17.90573501586914,18.15107536315918,0.8666103223348547,3.328591823577881,nan,nan,nan,0.2,
ckpt:runs/vaani_full_r4_s1/best.pt,0021,recorded_impulsive+stationary_10,recorded_impulsive+stationary,10.0,False,True,9.759702265814452,,cvhi:common_voice_hi_24386503,12.381525993347168,12.222915649414062,0.9798130834693188,1.9737179279327393,nan,nan,nan,0.2,
ckpt:runs/vaani_full_r4_s1/best.pt,0022,recorded_impulsive+stationary_10,recorded_impulsive+stationary,10.0,False,False,1.0654399577400726,,ls:226-131532-0004,15.98631477355957,15.931796073913574,0.7843394127858762,2.6692311763763428,nan,nan,nan,0.0,
ckpt:runs/vaani_full_r4_s1/best.pt,0023,recorded_impulsive+stationary_10,recorded_impulsive+stationary,10.0,False,False,1.4775032602220879,,cvhi:common_voice_hi_24258257,14.075785636901855,13.919525146484375,0.8421878422708772,2.0074756145477295,nan,nan,nan,0.1,
ckpt:runs/vaani_full_r4_s1/best.pt,0024,recorded_impulsive+stationary_10,recorded_impulsive+stationary,10.0,True,False,-3.3937075230253266,,ls:226-131533-0007,14.594773292541504,15.409053802490234,0.8577378916070356,2.831570625305176,nan,nan,nan,0.0,
ckpt:runs/vaani_full_r4_s1/best.pt,0025,recorded_impulsive+stationary_10,recorded_impulsive+stationary,10.0,True,False,5.812952560510169,,cvhi:common_voice_hi_24386655,14.77271556854248,14.62741470336914,0.9366546962364076,2.296008348464966,nan,nan,nan,0.0,
ckpt:runs/vaani_full_r4_s1/best.pt,0026,recorded_impulsive+stationary_10,recorded_impulsive+stationary,10.0,False,False,-0.805545840226813,,cvhi:common_voice_hi_24228162,23.229961395263672,23.220441818237305,0.9979970469703482,4.001699924468994,nan,nan,nan,0.0,
ckpt:runs/vaani_full_r4_s1/best.pt,0027,recorded_impulsive+stationary_10,recorded_impulsive+stationary,10.0,False,False,10.626132107369735,,cvhi:common_voice_hi_24759046,13.63201904296875,13.473353385925293,0.9290611484470901,2.1991519927978516,nan,nan,nan,0.14,
ckpt:runs/vaani_full_r4_s1/best.pt,0028,recorded_impulsive+stationary_10,recorded_impulsive+stationary,10.0,False,False,-3.979979419065995,,ls:150-126107-0017,14.942317008972168,14.966593742370605,0.9664077268250927,2.7498910427093506,nan,nan,nan,0.0,
ckpt:runs/vaani_full_r4_s1/best.pt,0029,recorded_impulsive+stationary_10,recorded_impulsive+stationary,10.0,False,False,-1.4670266275256605,,cvhi:common_voice_hi_25948397,13.710293769836426,13.607239723205566,0.9241109951922922,2.170011520385742,nan,nan,nan,0.0,
ckpt:runs/vaani_full_r4_s1/best.pt,0030,recorded_impulsive+stationary_10,recorded_impulsive+stationary,10.0,False,False,10.208083802296098,,cvhi:common_voice_hi_25170240,21.338420867919922,21.606103897094727,0.9546066326993936,2.6092264652252197,nan,nan,nan,inf,
ckpt:runs/vaani_full_r4_s1/best.pt,0031,recorded_impulsive+stationary_10,recorded_impulsive+stationary,10.0,False,False,7.901771379854775,,cvhi:common_voice_hi_24228579,13.498234748840332,13.385987281799316,0.8833805919742037,2.1914613246917725,nan,nan,nan,0.26,
ckpt:runs/vaani_full_r4_s1/best.pt,0032,recorded_impulsive+stationary_10,recorded_impulsive+stationary,10.0,False,False,0.27562937557302014,,ls:1263-138246-0036,13.389909744262695,13.326061248779297,0.9111499982801595,1.5235395431518555,nan,nan,nan,0.14,
ckpt:runs/vaani_full_r4_s1/best.pt,0033,recorded_impulsive+stationary_10,recorded_impulsive+stationary,10.0,False,False,9.49302667869328,,ls:226-122538-0031,16.74791145324707,16.700754165649414,0.973388865937823,3.2346627712249756,nan,nan,nan,0.92,
ckpt:runs/vaani_full_r4_s1/best.pt,0034,recorded_impulsive+stationary_10,recorded_impulsive+stationary,10.0,False,False,-0.8370944584688136,,cvhi:common_voice_hi_40339895,15.305813789367676,15.207709312438965,0.9546836919851096,2.054769277572632,nan,nan,nan,0.0,
ckpt:runs/vaani_full_r4_s1/best.pt,0035,recorded_impulsive+stationary_10,recorded_impulsive+stationary,10.0,False,False,3.089137189015725,,cvhi:common_voice_hi_24759346,18.012001037597656,18.959184646606445,0.987486959919964,2.817810535430908,nan,nan,nan,0.0,
ckpt:runs/vaani_full_r4_s1/best.pt,0036,recorded_impulsive+stationary_10,recorded_impulsive+stationary,10.0,False,False,1.7134439592409576,,cvhi:common_voice_hi_27005643,13.414305686950684,13.721975326538086,0.9560133261655382,2.427595853805542,nan,nan,nan,0.46,
ckpt:runs/vaani_full_r4_s1/best.pt,0037,recorded_impulsive+stationary_10,recorded_impulsive+stationary,10.0,False,False,-4.931714637450921,,cvhi:common_voice_hi_24758675,15.52090072631836,15.48403263092041,0.9570772971070028,2.1440510749816895,nan,nan,nan,0.0,
ckpt:runs/vaani_full_r4_s1/best.pt,0038,recorded_impulsive+stationary_10,recorded_impulsive+stationary,10.0,True,False,-1.8628814337047537,,cvhi:common_voice_hi_26080949,14.44581127166748,15.24724006652832,0.9324650099001408,2.2640416622161865,nan,nan,nan,0.0,
ckpt:runs/vaani_full_r4_s1/best.pt,0039,recorded_impulsive+stationary_10,recorded_impulsive+stationary,10.0,False,False,0.6686728940894611,,ls:150-132655-0019,13.699300765991211,13.908079147338867,0.8394991351571454,2.488757610321045,nan,nan,nan,0.16,
ckpt:runs/vaani_full_r4_s1/best.pt,0000,recorded_impulsive+stationary_15,recorded_impulsive+stationary,15.0,False,False,8.221163610296436,,cvhi:common_voice_hi_24427374,18.476240158081055,18.41473388671875,0.9003138768263464,2.7823095321655273,nan,nan,nan,0.0,
ckpt:runs/vaani_full_r4_s1/best.pt,0001,recorded_impulsive+stationary_15,recorded_impulsive+stationary,15.0,True,False,10.052913290190187,,cvhi:common_voice_hi_24258367,9.47740650177002,9.981924057006836,0.9460230124600163,2.1258544921875,nan,nan,nan,0.0,
ckpt:runs/vaani_full_r4_s1/best.pt,0002,recorded_impulsive+stationary_15,recorded_impulsive+stationary,15.0,False,False,-4.672988023165847,,cvhi:common_voice_hi_27005460,15.4859619140625,15.43408203125,0.9725145443292504,2.095837354660034,nan,nan,nan,0.0,
ckpt:runs/vaani_full_r4_s1/best.pt,0003,recorded_impulsive+stationary_15,recorded_impulsive+stationary,15.0,False,False,-2.8152209379642934,,ls:1898-145720-0000,19.206632614135742,19.36484718322754,0.9844719761159417,2.9698588848114014,nan,nan,nan,0.0,
ckpt:runs/vaani_full_r4_s1/best.pt,0004,recorded_impulsive+stationary_15,recorded_impulsive+stationary,15.0,False,False,9.763278149741852,,cvhi:common_voice_hi_24258345,14.146641731262207,13.978852272033691,0.9709043821726241,2.481962203979492,nan,nan,nan,0.12,
ckpt:runs/vaani_full_r4_s1/best.pt,0005,recorded_impulsive+stationary_15,recorded_impulsive+stationary,15.0,False,False,7.450819760817142,,ls:1898-145702-0002,17.639867782592773,17.565107345581055,0.9835846299302604,2.7419846057891846,nan,nan,nan,0.0,
ckpt:runs/vaani_full_r4_s1/best.pt,0006,recorded_impulsive+stationary_15,recorded_impulsive+stationary,15.0,False,False,3.872037836664898,,cvhi:common_voice_hi_24562189,19.751628875732422,21.564376831054688,0.9784068257269746,3.2644853591918945,nan,nan,nan,0.54,
ckpt:runs/vaani_full_r4_s1/best.pt,0007,recorded_impulsive+stationary_15,recorded_impulsive+stationary,15.0,False,False,-3.1961665919152207,,ls:150-132655-0020,18.9211483001709,19.15169906616211,0.9690353487657768,3.288336753845215,nan,nan,nan,0.0,
ckpt:runs/vaani_full_r4_s1/best.pt,0008,recorded_impulsive+stationary_15,recorded_impulsive+stationary,15.0,False,True,3.5601639549788633,,cvhi:common_voice_hi_23964484,18.12786293029785,18.771995544433594,0.9043003605356645,2.156473159790039,nan,nan,nan,0.0,
ckpt:runs/vaani_full_r4_s1/best.pt,0009,recorded_impulsive+stationary_15,recorded_impulsive+stationary,15.0,False,False,5.17107466584493,,cvhi:common_voice_hi_24225720,18.40691375732422,19.208677291870117,0.9682317092113045,3.018451452255249,nan,nan,nan,0.0,
ckpt:runs/vaani_full_r4_s1/best.pt,0010,recorded_impulsive+stationary_15,recorded_impulsive+stationary,15.0,False,False,8.460690471260401,,cvhi:common_voice_hi_27035762,16.655757904052734,17.19655990600586,0.9484991733962681,2.5709645748138428,nan,nan,nan,1.86,
ckpt:runs/vaani_full_r4_s1/best.pt,0011,recorded_impulsive+stationary_15,recorded_impulsive+stationary,15.0,True,False,8.429379566554072,,cvhi:common_voice_hi_24258379,12.648634910583496,12.746244430541992,0.9625565499832414,2.343226671218872,nan,nan,nan,0.0,
ckpt:runs/vaani_full_r4_s1/best.pt,0012,recorded_impulsive+stationary_15,recorded_impulsive+stationary,15.0,False,False,10.935807967426886,,cvhi:common_voice_hi_24782684,15.872288703918457,15.767059326171875,0.8819899364624373,2.1964545249938965,nan,nan,nan,0.5,
ckpt:runs/vaani_full_r4_s1/best.pt,0013,recorded_impulsive+stationary_15,recorded_impulsive+stationary,15.0,True,False,2.93804094349529,,ls:1898-145715-0030,17.900192260742188,17.872713088989258,0.986917766614144,3.0508522987365723,nan,nan,nan,0.34,
ckpt:runs/vaani_full_r4_s1/best.pt,0014,recorded_impulsive+stationary_15,recorded_impulsive+stationary,15.0,False,False,0.23508492373111078,,cvhi:common_voice_hi_27035711,18.690692901611328,18.64244842529297,0.9588553439176819,2.7042341232299805,nan,nan,nan,0.0,
ckpt:runs/vaani_full_r4_s1/best.pt,0015,recorded_impulsive+stationary_15,recorded_impulsive+stationary,15.0,False,False,10.146402267198312,,ls:150-126112-0005,16.17472267150879,16.09328842163086,0.8363340486178765,2.7004218101501465,nan,nan,nan,0.02,
ckpt:runs/vaani_full_r4_s1/best.pt,0016,recorded_impulsive+stationary_15,recorded_impulsive+stationary,15.0,False,False,0.40640303510884745,,cvhi:common_voice_hi_24261961,18.093791961669922,18.331594467163086,0.9471158583516307,2.5871365070343018,nan,nan,nan,0.28,
ckpt:runs/vaani_full_r4_s1/best.pt,0017,recorded_impulsive+stationary_15,recorded_impulsive+stationary,15.0,True,False,0.7168124496407327,,cvhi:common_voice_hi_24427413,16.949121475219727,17.17999267578125,0.9438718550789748,2.8567023277282715,nan,nan,nan,0.0,
ckpt:runs/vaani_full_r4_s1/best.pt,0018,recorded_impulsive+stationary_15,recorded_impulsive+stationary,15.0,True,False,10.383757518165805,,ls:226-131532-0012,16.049182891845703,16.789987564086914,0.9355633770477275,2.83236026763916,nan,nan,nan,0.0,
ckpt:runs/vaani_full_r4_s1/best.pt,0019,recorded_impulsive+stationary_15,recorded_impulsive+stationary,15.0,True,False,11.212629084837431,,cvhi:common_voice_hi_25170221,15.509539604187012,16.49730682373047,0.9410085241345495,2.227025270462036,nan,nan,nan,0.0,
ckpt:runs/vaani_full_r4_s1/best.pt,0020,recorded_impulsive+stationary_15,recorded_impulsive+stationary,15.0,False,False,7.687567472484227,,cvhi:common_voice_hi_23844537,14.826738357543945,14.687060356140137,0.9575784398783207,3.009967803955078,nan,nan,nan,0.28,
ckpt:runs/vaani_full_r4_s1/best.pt,0021,recorded_impulsive+stationary_15,recorded_impulsive+stationary,15.0,False,False,5.867591616779993,,cvhi:common_voice_hi_24226286,17.20290756225586,17.419742584228516,0.9704933855565901,2.1135008335113525,nan,nan,nan,0.92,
ckpt:runs/vaani_full_r4_s1/best.pt,0022,recorded_impulsive+stationary_15,recorded_impulsive+stationary,15.0,False,False,-3.006512637194832,,cvhi:common_voice_hi_24228510,22.527315139770508,23.093860626220703,0.9864592943522021,3.79168701171875,nan,nan,nan,0.0,
ckpt:runs/vaani_full_r4_s1/best.pt,0023,recorded_impulsive+stationary_15,recorded_impulsive+stationary,15.0,False,False,11.84401191697027,,cvhi:common_voice_hi_25154333,15.032203674316406,14.930274963378906,0.88325572329159,2.3891892433166504,nan,nan,nan,0.04,
ckpt:runs/vaani_full_r4_s1/best.pt,0024,recorded_impulsive+stationary_15,recorded_impulsive+stationary,15.0,False,False,9.290925213848407,,cvhi:common_voice_hi_27005355,13.03067398071289,13.152034759521484,0.9638038948494249,1.9684908390045166,nan,nan,nan,0.52,
ckpt:runs/vaani_full_r4_s1/best.pt,0025,recorded_impulsive+stationary_15,recorded_impulsive+stationary,15.0,False,False,11.280834378084077,,ls:150-132655-0021,17.47787094116211,17.400842666625977,0.9323338850261247,2.935002088546753,nan,nan,nan,0.0,
ckpt:runs/vaani_full_r4_s1/best.pt,0026,recorded_impulsive+stationary_15,recorded_impulsive+stationary,15.0,False,True,0.7258973762086498,,cvhi:common_voice_hi_23844514,16.65958023071289,16.958385467529297,0.9597130015348281,2.5403964519500732,nan,nan,nan,0.0,
ckpt:runs/vaani_full_r4_s1/best.pt,0027,recorded_impulsive+stationary_15,recorded_impulsive+stationary,15.0,False,False,8.811208233724718,,cvhi:common_voice_hi_25154374,16.3267879486084,16.292917251586914,0.8606208312344018,1.6966402530670166,nan,nan,nan,0.4,
ckpt:runs/vaani_full_r4_s1/best.pt,0028,recorded_impulsive+stationary_15,recorded_impulsive+stationary,15.0,False,False,8.236258114951013,,ls:1898-145702-0002,16.853073120117188,16.836544036865234,0.9461825116244362,2.8422389030456543,nan,nan,nan,0.0,
ckpt:runs/vaani_full_r4_s1/best.pt,0029,recorded_impulsive+stationary_15,recorded_impulsive+stationary,15.0,False,False,6.762834952722869,,cvhi:common_voice_hi_27005518,14.294520378112793,14.737639427185059,0.9661631953021754,2.7606678009033203,nan,nan,nan,0.46,
ckpt:runs/vaani_full_r4_s1/best.pt,0030,recorded_impulsive+stationary_15,recorded_impulsive+stationary,15.0,False,False,5.6926653350111565,,cvhi:common_voice_hi_25154306,19.417903900146484,19.630516052246094,0.8661564077761901,1.93894624710083,nan,nan,nan,0.1,
ckpt:runs/vaani_full_r4_s1/best.pt,0031,recorded_impulsive+stationary_15,recorded_impulsive+stationary,15.0,False,False,5.404293721479107,,cvhi:common_voice_hi_24258308,19.273983001708984,19.82623863220215,0.9735707965260089,2.4201314449310303,nan,nan,nan,0.0,
ckpt:runs/vaani_full_r4_s1/best.pt,0032,recorded_impulsive+stationary_15,recorded_impulsive+stationary,15.0,False,False,4.197999303175708,,cvhi:common_voice_hi_27005545,15.746817588806152,16.494348526000977,0.9757934683563786,2.9931719303131104,nan,nan,nan,0.0,
ckpt:runs/vaani_full_r4_s1/best.pt,0033,recorded_impulsive+stationary_15,recorded_impulsive+stationary,15.0,False,False,9.823564766037752,,cvhi:common_voice_hi_26769811,15.72320556640625,15.985923767089844,0.8116675279734589,2.000154972076416,nan,nan,nan,0.28,
ckpt:runs/vaani_full_r4_s1/best.pt,0034,recorded_impulsive+stationary_15,recorded_impulsive+stationary,15.0,False,True,6.656254921658039,,cvhi:common_voice_hi_24427482,16.12543487548828,16.680694580078125,0.93193408291629,3.002063274383545,nan,nan,nan,0.0,
ckpt:runs/vaani_full_r4_s1/best.pt,0035,recorded_impulsive+stationary_15,recorded_impulsive+stationary,15.0,False,False,0.9955915706923664,,cvhi:common_voice_hi_27005359,15.962486267089844,16.2871150970459,0.9786384188333281,2.843421220779419,nan,nan,nan,0.0,
ckpt:runs/vaani_full_r4_s1/best.pt,0036,recorded_impulsive+stationary_15,recorded_impulsive+stationary,15.0,False,False,11.507430684017315,,cvhi:common_voice_hi_23964483,14.23576831817627,14.68454360961914,0.828166683980987,2.0453619956970215,nan,nan,nan,0.4,
ckpt:runs/vaani_full_r4_s1/best.pt,0037,recorded_impulsive+stationary_15,recorded_impulsive+stationary,15.0,False,False,-3.631872241895948,,ls:150-126107-0035,19.522075653076172,19.477731704711914,0.9220946673362885,2.97420334815979,nan,nan,nan,0.0,
ckpt:runs/vaani_full_r4_s1/best.pt,0038,recorded_impulsive+stationary_15,recorded_impulsive+stationary,15.0,True,False,7.513687029972401,,cvhi:common_voice_hi_24562191,15.23237133026123,15.299646377563477,0.9643703221587637,2.652574062347412,nan,nan,nan,0.0,
ckpt:runs/vaani_full_r4_s1/best.pt,0039,recorded_impulsive+stationary_15,recorded_impulsive+stationary,15.0,False,True,3.7308180458649822,,ls:150-126112-0010,18.35085678100586,18.337446212768555,0.7582140927061674,2.742060422897339,nan,nan,nan,0.0,
ckpt:runs/vaani_full_r4_s1/best.pt,0000,recorded_impulsive+stationary_5,recorded_impulsive+stationary,5.0,True,False,10.57807447264571,,cvhi:common_voice_hi_27005285,5.929721832275391,5.2060699462890625,0.8194092367972072,1.387509822845459,nan,nan,nan,0.0,
ckpt:runs/vaani_full_r4_s1/best.pt,0001,recorded_impulsive+stationary_5,recorded_impulsive+stationary,5.0,False,True,-3.0455670661165275,,ls:1263-138246-0018,9.939249992370605,9.634137153625488,0.9105886654231504,1.959209680557251,nan,nan,nan,0.16,
ckpt:runs/vaani_full_r4_s1/best.pt,0002,recorded_impulsive+stationary_5,recorded_impulsive+stationary,5.0,False,False,11.804773407375801,,cvhi:common_voice_hi_25154336,13.776922225952148,13.90884780883789,0.9132968374855075,2.1756818294525146,nan,nan,nan,1.36,
ckpt:runs/vaani_full_r4_s1/best.pt,0003,recorded_impulsive+stationary_5,recorded_impulsive+stationary,5.0,False,False,3.8490944345051066,,cvhi:common_voice_hi_26008605,10.606030464172363,10.217381477355957,0.8692189194823158,1.6650817394256592,nan,nan,nan,0.16,
ckpt:runs/vaani_full_r4_s1/best.pt,0004,recorded_impulsive+stationary_5,recorded_impulsive+stationary,5.0,False,False,-3.609058526399968,,ls:1263-138246-0010,10.418356895446777,10.0438871383667,0.9460569736046912,1.8976168632507324,nan,nan,nan,0.18,
ckpt:runs/vaani_full_r4_s1/best.pt,0005,recorded_impulsive+stationary_5,recorded_impulsive+stationary,5.0,False,False,6.07953525874273,,cvhi:common_voice_hi_24228142,10.721166610717773,10.431857109069824,0.9497647740817168,2.2707293033599854,nan,nan,nan,0.0,
ckpt:runs/vaani_full_r4_s1/best.pt,0006,recorded_impulsive+stationary_5,recorded_impulsive+stationary,5.0,False,False,7.459787670138281,,cvhi:common_voice_hi_26008618,13.087939262390137,13.040274620056152,0.7034127058963034,1.7588472366333008,nan,nan,nan,0.0,
ckpt:runs/vaani_full_r4_s1/best.pt,0007,recorded_impulsive+stationary_5,recorded_impulsive+stationary,5.0,False,False,-4.341849242454137,,cvhi:common_voice_hi_27005577,11.061123847961426,10.843038558959961,0.9391160540655019,1.9305078983306885,nan,nan,nan,0.0,
ckpt:runs/vaani_full_r4_s1/best.pt,0008,recorded_impulsive+stationary_5,recorded_impulsive+stationary,5.0,False,True,7.130336591507458,,ls:150-126107-0010,12.861263275146484,12.684873580932617,0.8667093363896357,1.6253408193588257,nan,nan,nan,0.0,
ckpt:runs/vaani_full_r4_s1/best.pt,0009,recorded_impulsive+stationary_5,recorded_impulsive+stationary,5.0,False,False,-3.5031731472456618,,cvhi:common_voice_hi_24280937,13.292730331420898,13.402315139770508,0.9264124421133807,2.1509718894958496,nan,nan,nan,0.38,
ckpt:runs/vaani_full_r4_s1/best.pt,0010,recorded_impulsive+stationary_5,recorded_impulsive+stationary,5.0,False,False,-2.632491366112652,,cvhi:common_voice_hi_25948430,18.132658004760742,18.090103149414062,0.9756572830394757,2.802466869354248,nan,nan,nan,0.0,
ckpt:runs/vaani_full_r4_s1/best.pt,0011,recorded_impulsive+stationary_5,recorded_impulsive+stationary,5.0,False,False,6.00981551860861,,cvhi:common_voice_hi_27005244,10.971271514892578,10.65682601928711,0.9208882827843872,2.0338847637176514,nan,nan,nan,0.0,
ckpt:runs/vaani_full_r4_s1/best.pt,0012,recorded_impulsive+stationary_5,recorded_impulsive+stationary,5.0,False,False,0.7788148059853466,,cvhi:common_voice_hi_24427879,12.826361656188965,12.828350067138672,0.8539116371579122,2.216475486755371,nan,nan,nan,0.0,
ckpt:runs/vaani_full_r4_s1/best.pt,0013,recorded_impulsive+stationary_5,recorded_impulsive+stationary,5.0,False,False,-2.07457458781393,,ls:226-131533-0029,12.00260066986084,11.756593704223633,0.8377858208429323,2.0467042922973633,nan,nan,nan,0.04,
ckpt:runs/vaani_full_r4_s1/best.pt,0014,recorded_impulsive+stationary_5,recorded_impulsive+stationary,5.0,False,True,-5.513656947795528,,ls:1898-145720-0017,12.44910717010498,12.37971305847168,0.8836928144907784,2.3454768657684326,nan,nan,nan,0.0,
ckpt:runs/vaani_full_r4_s1/best.pt,0015,recorded_impulsive+stationary_5,recorded_impulsive+stationary,5.0,False,False,4.778490246643948,,cvhi:common_voice_hi_24386851,11.13242244720459,11.102543830871582,0.7364283600000386,1.6020793914794922,nan,nan,nan,0.02,
ckpt:runs/vaani_full_r4_s1/best.pt,0016,recorded_impulsive+stationary_5,recorded_impulsive+stationary,5.0,False,False,3.852446061849431,,cvhi:common_voice_hi_27005228,21.501144409179688,22.087907791137695,0.9960562168711874,3.7902982234954834,nan,nan,nan,0.42,
ckpt:runs/vaani_full_r4_s1/best.pt,0017,recorded_impulsive+stationary_5,recorded_impulsive+stationary,5.0,False,False,4.082017135147506,,cvhi:common_voice_hi_24225485,11.284265518188477,10.960346221923828,0.8415604132347175,1.645938515663147,nan,nan,nan,0.42,
ckpt:runs/vaani_full_r4_s1/best.pt,0018,recorded_impulsive+stationary_5,recorded_impulsive+stationary,5.0,False,False,2.418320069622961,,ls:1263-139804-0020,11.383882522583008,11.104093551635742,0.9220739561148428,2.0894365310668945,nan,nan,nan,0.0,
ckpt:runs/vaani_full_r4_s1/best.pt,0019,recorded_impulsive+stationary_5,recorded_impulsive+stationary,5.0,False,False,-5.176846138778696,,ls:226-131532-0030,15.930330276489258,15.850696563720703,0.9341717268890285,2.999896764755249,nan,nan,nan,0.0,
ckpt:runs/vaani_full_r4_s1/best.pt,0020,recorded_impulsive+stationary_5,recorded_impulsive+stationary,5.0,False,False,-1.2505858161355334,,cvhi:common_voice_hi_27005273,10.790803909301758,10.472601890563965,0.9425975352259983,1.853747844696045,nan,nan,nan,0.0,
ckpt:runs/vaani_full_r4_s1/best.pt,0021,recorded_impulsive+stationary_5,recorded_impulsive+stationary,5.0,False,False,-5.798116043705258,,cvhi:common_voice_hi_27005182,13.015180587768555,12.79444694519043,0.9450390193233136,1.7344398498535156,nan,nan,nan,0.0,
ckpt:runs/vaani_full_r4_s1/best.pt,0022,recorded_impulsive+stationary_5,recorded_impulsive+stationary,5.0,False,False,-0.44915908705748286,,cvhi:common_voice_hi_24228462,11.431464195251465,11.216619491577148,0.9237731243833726,1.7942039966583252,nan,nan,nan,0.0,
ckpt:runs/vaani_full_r4_s1/best.pt,0023,recorded_impulsive+stationary_5,recorded_impulsive+stationary,5.0,True,False,-4.311098216203664,,ls:150-126107-0006,10.660680770874023,11.051897048950195,0.8573669541565201,1.8324801921844482,nan,nan,nan,0.0,
ckpt:runs/vaani_full_r4_s1/best.pt,0024,recorded_impulsive+stationary_5,recorded_impulsive+stationary,5.0,False,False,2.866780966049925,,cvhi:common_voice_hi_24228444,12.484939575195312,12.506196975708008,0.9354317501766299,2.2283055782318115,nan,nan,nan,0.0,
ckpt:runs/vaani_full_r4_s1/best.pt,0025,recorded_impulsive+stationary_5,recorded_impulsive+stationary,5.0,False,False,-4.836377046374713,,ls:1263-141777-0038,13.067484855651855,12.873412132263184,0.9473049121858773,2.228339195251465,nan,nan,nan,0.22,
ckpt:runs/vaani_full_r4_s1/best.pt,0026,recorded_impulsive+stationary_5,recorded_impulsive+stationary,5.0,False,False,2.353729151488851,,cvhi:common_voice_hi_27005655,9.557058334350586,9.179787635803223,0.8794081363073311,1.8251605033874512,nan,nan,nan,0.16,
ckpt:runs/vaani_full_r4_s1/best.pt,0027,recorded_impulsive+stationary_5,recorded_impulsive+stationary,5.0,False,False,3.7497998855520702,,cvhi:common_voice_hi_24228394,10.260814666748047,9.903168678283691,0.9405865981073113,1.529643177986145,nan,nan,nan,0.08,
ckpt:runs/vaani_full_r4_s1/best.pt,0028,recorded_impulsive+stationary_5,recorded_impulsive+stationary,5.0,False,False,-3.4629987981004304,,cvhi:common_voice_hi_26687140,20.77031707763672,23.91838836669922,0.9959206988400401,4.0102620124816895,nan,nan,nan,0.0,
ckpt:runs/vaani_full_r4_s1/best.pt,0029,recorded_impulsive+stationary_5,recorded_impulsive+stationary,5.0,False,False,3.489209750210728,,cvhi:common_voice_hi_24228176,11.660091400146484,11.433354377746582,0.9091457626191531,1.9223395586013794,nan,nan,nan,0.0,
ckpt:runs/vaani_full_r4_s1/best.pt,0030,recorded_impulsive+stationary_5,recorded_impulsive+stationary,5.0,False,False,10.70295882407499,,cvhi:common_voice_hi_24258395,10.460145950317383,10.152483940124512,0.9054167482069988,1.815807580947876,nan,nan,nan,1.12,
ckpt:runs/vaani_full_r4_s1/best.pt,0031,recorded_impulsive+stationary_5,recorded_impulsive+stationary,5.0,False,False,3.66494180123013,,cvhi:common_voice_hi_26008936,11.30832576751709,11.101545333862305,0.929953887805007,2.253021478652954,nan,nan,nan,0.4,
ckpt:runs/vaani_full_r4_s1/best.pt,0032,recorded_impulsive+stationary_5,recorded_impulsive+stationary,5.0,False,False,-3.4795561671228414,,ls:1263-138246-0033,13.089189529418945,13.134879112243652,0.8596981414467244,2.106851816177368,nan,nan,nan,0.36,
ckpt:runs/vaani_full_r4_s1/best.pt,0033,recorded_impulsive+stationary_5,recorded_impulsive+stationary,5.0,False,False,-2.6272155345617634,,cvhi:common_voice_hi_24280968,10.859503746032715,10.496354103088379,0.9414901961360935,2.0528969764709473,nan,nan,nan,0.0,
ckpt:runs/vaani_full_r4_s1/best.pt,0034,recorded_impulsive+stationary_5,recorded_impulsive+stationary,5.0,False,False,4.468439512713083,,cvhi:common_voice_hi_25154445,18.294815063476562,18.539274215698242,0.9097892680574353,2.351806402206421,nan,nan,nan,0.0,
ckpt:runs/vaani_full_r4_s1/best.pt,0035,recorded_impulsive+stationary_5,recorded_impulsive+stationary,5.0,False,False,11.937180057972114,,cvhi:common_voice_hi_24510974,11.717768669128418,11.430769920349121,0.7610060098136433,1.4963723421096802,nan,nan,nan,0.0,
ckpt:runs/vaani_full_r4_s1/best.pt,0036,recorded_impulsive+stationary_5,recorded_impulsive+stationary,5.0,False,False,1.089132897413223,,ls:1263-141777-0010,13.581704139709473,13.936562538146973,0.9453075955085646,2.4377365112304688,nan,nan,nan,0.0,
ckpt:runs/vaani_full_r4_s1/best.pt,0037,recorded_impulsive+stationary_5,recorded_impulsive+stationary,5.0,False,False,7.01915923327579,,cvhi:common_voice_hi_26007747,9.924190521240234,9.875097274780273,0.949306823277852,2.0446889400482178,nan,nan,nan,0.0,
ckpt:runs/vaani_full_r4_s1/best.pt,0038,recorded_impulsive+stationary_5,recorded_impulsive+stationary,5.0,False,False,-3.71305104722095,,cvhi:common_voice_hi_24782713,13.439489364624023,14.015295028686523,0.8636706976614087,1.5622937679290771,nan,nan,nan,0.32,
ckpt:runs/vaani_full_r4_s1/best.pt,0039,recorded_impulsive+stationary_5,recorded_impulsive+stationary,5.0,False,False,2.6070184108507615,,cvhi:common_voice_hi_27005433,12.257288932800293,12.028568267822266,0.9601244653005403,1.8631300926208496,nan,nan,nan,0.0,
ckpt:runs/vaani_full_r4_s1/best.pt,0000,recorded_impulsive_-10,recorded_impulsive,-10.0,False,False,5.59403824567063,,cvhi:common_voice_hi_25170238,21.359769821166992,21.533414840698242,0.9313940213038282,2.768847942352295,nan,nan,nan,0.0,
ckpt:runs/vaani_full_r4_s1/best.pt,0001,recorded_impulsive_-10,recorded_impulsive,-10.0,False,False,-1.0988526044587683,,ls:226-131533-0035,8.499103546142578,7.905533313751221,0.8842761772652197,2.228118896484375,nan,nan,nan,0.0,
ckpt:runs/vaani_full_r4_s1/best.pt,0002,recorded_impulsive_-10,recorded_impulsive,-10.0,False,False,7.494184765231138,,cvhi:common_voice_hi_25154367,12.047155380249023,11.769317626953125,0.847567378124853,1.3716418743133545,nan,nan,nan,0.42,
ckpt:runs/vaani_full_r4_s1/best.pt,0003,recorded_impulsive_-10,recorded_impulsive,-10.0,False,False,3.6970310399340622,,cvhi:common_voice_hi_27248542,9.225618362426758,8.683135986328125,0.8554962161341723,1.8363242149353027,nan,nan,nan,0.0,
ckpt:runs/vaani_full_r4_s1/best.pt,0004,recorded_impulsive_-10,recorded_impulsive,-10.0,False,False,4.472364652848256,,ls:1898-145702-0007,11.20589828491211,10.946892738342285,0.9062420788534239,2.296290874481201,nan,nan,nan,0.0,
ckpt:runs/vaani_full_r4_s1/best.pt,0005,recorded_impulsive_-10,recorded_impulsive,-10.0,False,False,5.501434014360628,,ls:226-131532-0001,14.043832778930664,14.442062377929688,0.8831256271739554,2.5005908012390137,nan,nan,nan,0.0,
ckpt:runs/vaani_full_r4_s1/best.pt,0006,recorded_impulsive_-10,recorded_impulsive,-10.0,True,False,3.3086809654044007,,cvhi:common_voice_hi_25473108,12.549249649047852,12.30082893371582,0.9117153596304896,2.55153226852417,nan,nan,nan,0.0,
ckpt:runs/vaani_full_r4_s1/best.pt,0007,recorded_impulsive_-10,recorded_impulsive,-10.0,False,False,-0.8944548242405528,,ls:226-131532-0025,9.159345626831055,8.599925994873047,0.7410180636034863,1.77852463722229,nan,nan,nan,0.0,
ckpt:runs/vaani_full_r4_s1/best.pt,0008,recorded_impulsive_-10,recorded_impulsive,-10.0,False,False,7.51962620467725,,cvhi:common_voice_hi_24228423,6.774332046508789,5.980964183807373,0.9240032388919572,1.5614089965820312,nan,nan,nan,0.12,
ckpt:runs/vaani_full_r4_s1/best.pt,0009,recorded_impulsive_-10,recorded_impulsive,-10.0,False,False,11.901904546304507,,ls:1263-141777-0003,7.175861358642578,6.84215784072876,0.8817166107936139,1.6159558296203613,nan,nan,nan,0.0,
ckpt:runs/vaani_full_r4_s1/best.pt,0010,recorded_impulsive_-10,recorded_impulsive,-10.0,False,False,2.6452608222021787,,ls:150-132655-0002,9.558116912841797,9.251861572265625,0.8714605348459398,1.6939828395843506,nan,nan,nan,0.0,
ckpt:runs/vaani_full_r4_s1/best.pt,0011,recorded_impulsive_-10,recorded_impulsive,-10.0,False,False,2.4918288056390363,,cvhi:common_voice_hi_25286454,6.014768600463867,4.763882637023926,0.7921104575290857,1.356408953666687,nan,nan,nan,0.0,
ckpt:runs/vaani_full_r4_s1/best.pt,0012,recorded_impulsive_-10,recorded_impulsive,-10.0,False,False,6.8786944274966295,,cvhi:common_voice_hi_24228173,12.216267585754395,12.541282653808594,0.962543040196725,2.7952113151550293,nan,nan,nan,0.0,
ckpt:runs/vaani_full_r4_s1/best.pt,0013,recorded_impulsive_-10,recorded_impulsive,-10.0,False,True,-1.95816376298459,,cvhi:common_voice_hi_27005613,4.351052284240723,2.3731141090393066,0.7616635565296855,1.1837780475616455,nan,nan,nan,0.0,
ckpt:runs/vaani_full_r4_s1/best.pt,0014,recorded_impulsive_-10,recorded_impulsive,-10.0,False,False,2.480313801215072,,cvhi:common_voice_hi_24427414,12.553701400756836,12.371097564697266,0.7670648265625869,2.0935540199279785,nan,nan,nan,0.0,
ckpt:runs/vaani_full_r4_s1/best.pt,0015,recorded_impulsive_-10,recorded_impulsive,-10.0,False,False,5.749727367600727,,cvhi:common_voice_hi_26007796,7.308459281921387,6.442451000213623,0.8333132313368983,1.2851834297180176,nan,nan,nan,0.0,
ckpt:runs/vaani_full_r4_s1/best.pt,0016,recorded_impulsive_-10,recorded_impulsive,-10.0,False,False,-2.4687307472544058,,cvhi:common_voice_hi_24510972,3.1421399116516113,0.2622752785682678,0.6922579373294104,1.266021728515625,nan,nan,nan,0.0,
ckpt:runs/vaani_full_r4_s1/best.pt,0017,recorded_impulsive_-10,recorded_impulsive,-10.0,False,False,4.190906101980817,,cvhi:common_voice_hi_24759462,10.000804901123047,9.553177833557129,0.8601966869209611,1.5653259754180908,nan,nan,nan,0.0,
ckpt:runs/vaani_full_r4_s1/best.pt,0018,recorded_impulsive_-10,recorded_impulsive,-10.0,False,False,11.15687512119414,,cvhi:common_voice_hi_24228511,8.458728790283203,8.492976188659668,0.8782028824330613,1.699429988861084,nan,nan,nan,0.16,
ckpt:runs/vaani_full_r4_s1/best.pt,0019,recorded_impulsive_-10,recorded_impulsive,-10.0,False,False,3.905005845117538,,cvhi:common_voice_hi_27005420,9.329453468322754,8.791333198547363,0.8774894313869936,1.6109247207641602,nan,nan,nan,0.0,
ckpt:runs/vaani_full_r4_s1/best.pt,0020,recorded_impulsive_-10,recorded_impulsive,-10.0,False,False,8.158583690841448,,cvhi:common_voice_hi_26008618,6.834668159484863,5.86662483215332,0.6910954413196309,1.2883453369140625,nan,nan,nan,0.0,
ckpt:runs/vaani_full_r4_s1/best.pt,0021,recorded_impulsive_-10,recorded_impulsive,-10.0,False,False,-2.980719633087154,,cvhi:common_voice_hi_24226415,-6.026421070098877,-7.148372650146484,0.8824714978046024,1.2178293466567993,nan,nan,nan,0.0,
ckpt:runs/vaani_full_r4_s1/best.pt,0022,recorded_impulsive_-10,recorded_impulsive,-10.0,True,False,-1.8319183624278645,,cvhi:common_voice_hi_24280948,6.412768363952637,5.3281145095825195,0.856708592317793,1.3613866567611694,nan,nan,nan,0.24,
ckpt:runs/vaani_full_r4_s1/best.pt,0023,recorded_impulsive_-10,recorded_impulsive,-10.0,False,False,3.794419239955813,,ls:1898-145724-0018,4.235286235809326,2.7327144145965576,0.5910622848183992,1.2819911241531372,nan,nan,nan,0.22,
ckpt:runs/vaani_full_r4_s1/best.pt,0024,recorded_impulsive_-10,recorded_impulsive,-10.0,False,False,1.6454505404983166,,cvhi:common_voice_hi_24280966,5.308773994445801,3.8065290451049805,0.7896844032477461,1.3024213314056396,nan,nan,nan,0.0,
ckpt:runs/vaani_full_r4_s1/best.pt,0025,recorded_impulsive_-10,recorded_impulsive,-10.0,False,False,-5.716536190196405,,cvhi:common_voice_hi_26007760,12.26445198059082,12.294109344482422,0.9394716597607666,2.0320358276367188,nan,nan,nan,0.0,
ckpt:runs/vaani_full_r4_s1/best.pt,0026,recorded_impulsive_-10,recorded_impulsive,-10.0,False,False,11.539909496463327,,cvhi:common_voice_hi_27005230,7.32252836227417,6.467115879058838,0.8863804046266951,1.9658269882202148,nan,nan,nan,0.38,
ckpt:runs/vaani_full_r4_s1/best.pt,0027,recorded_impulsive_-10,recorded_impulsive,-10.0,False,False,5.869961358690597,,cvhi:common_voice_hi_24759305,11.010340690612793,10.651809692382812,0.9318837610596964,2.1235170364379883,nan,nan,nan,0.0,
ckpt:runs/vaani_full_r4_s1/best.pt,0028,recorded_impulsive_-10,recorded_impulsive,-10.0,False,False,-0.5996815356037315,,ls:150-126107-0011,8.395406723022461,7.72248649597168,0.9024939481342273,2.3981456756591797,nan,nan,nan,0.0,
ckpt:runs/vaani_full_r4_s1/best.pt,0029,recorded_impulsive_-10,recorded_impulsive,-10.0,False,False,-0.9467302899572303,,ls:1263-141777-0033,13.219512939453125,13.05240249633789,0.986326635550147,2.5848276615142822,nan,nan,nan,0.2,
ckpt:runs/vaani_full_r4_s1/best.pt,0030,recorded_impulsive_-10,recorded_impulsive,-10.0,False,False,10.770650311523774,,cvhi:common_voice_hi_24228398,10.486207008361816,10.16843032836914,0.8623758549223357,1.550519347190857,nan,nan,nan,2.14,
ckpt:runs/vaani_full_r4_s1/best.pt,0031,recorded_impulsive_-10,recorded_impulsive,-10.0,True,False,8.183329641750369,,cvhi:common_voice_hi_27005229,3.9256694316864014,1.6716041564941406,0.6064503580318982,1.1241583824157715,nan,nan,nan,1.36,
ckpt:runs/vaani_full_r4_s1/best.pt,0032,recorded_impulsive_-10,recorded_impulsive,-10.0,False,True,11.552977245680292,,cvhi:common_voice_hi_24258311,6.792644500732422,5.814921855926514,0.8828657399246316,1.389822006225586,nan,nan,nan,0.1,
ckpt:runs/vaani_full_r4_s1/best.pt,0033,recorded_impulsive_-10,recorded_impulsive,-10.0,False,False,2.9900164492208443,,ls:1898-145715-0019,8.916289329528809,8.391216278076172,0.8387893640502202,1.1889978647232056,nan,nan,nan,0.0,
ckpt:runs/vaani_full_r4_s1/best.pt,0034,recorded_impulsive_-10,recorded_impulsive,-10.0,False,False,-1.06803677081035,,cvhi:common_voice_hi_24386433,11.637300491333008,11.440934181213379,0.8642558430135868,1.784395694732666,nan,nan,nan,0.36,
ckpt:runs/vaani_full_r4_s1/best.pt,0035,recorded_impulsive_-10,recorded_impulsive,-10.0,False,False,0.937260242776734,,cvhi:common_voice_hi_25154370,10.010005950927734,9.74396800994873,0.7217511996904694,1.5867812633514404,nan,nan,nan,0.0,
ckpt:runs/vaani_full_r4_s1/best.pt,0036,recorded_impulsive_-10,recorded_impulsive,-10.0,False,False,0.15698281303924944,,cvhi:common_voice_hi_27005248,10.033010482788086,10.753927230834961,0.8950747030323211,1.8411624431610107,nan,nan,nan,0.0,
ckpt:runs/vaani_full_r4_s1/best.pt,0037,recorded_impulsive_-10,recorded_impulsive,-10.0,False,False,9.332792673763397,,cvhi:common_voice_hi_24386306,17.30152130126953,17.59894561767578,0.983714012426258,2.146216630935669,nan,nan,nan,1.78,
ckpt:runs/vaani_full_r4_s1/best.pt,0038,recorded_impulsive_-10,recorded_impulsive,-10.0,False,False,6.458814260211355,,cvhi:common_voice_hi_24386285,15.399724960327148,15.274740219116211,0.9542748958488906,2.825812578201294,nan,nan,nan,0.0,
ckpt:runs/vaani_full_r4_s1/best.pt,0039,recorded_impulsive_-10,recorded_impulsive,-10.0,False,False,1.613934688253404,,cvhi:common_voice_hi_27005428,5.40752649307251,4.162700653076172,0.7703339386425518,1.1177550554275513,nan,nan,nan,0.32,
ckpt:runs/vaani_full_r4_s1/best.pt,0000,recorded_impulsive_-5,recorded_impulsive,-5.0,False,False,-2.8502372473741913,,cvhi:common_voice_hi_25982647,14.819660186767578,14.707802772521973,0.9571786037555557,2.1078670024871826,nan,nan,nan,0.52,
ckpt:runs/vaani_full_r4_s1/best.pt,0001,recorded_impulsive_-5,recorded_impulsive,-5.0,False,False,6.203289531492768,,cvhi:common_voice_hi_25154361,9.372148513793945,8.846704483032227,0.7402599176843064,1.3493624925613403,nan,nan,nan,0.0,
ckpt:runs/vaani_full_r4_s1/best.pt,0002,recorded_impulsive_-5,recorded_impulsive,-5.0,False,False,2.006790961166633,,cvhi:common_voice_hi_26007862,13.454086303710938,13.608028411865234,0.935955867611317,1.9202373027801514,nan,nan,nan,0.0,
ckpt:runs/vaani_full_r4_s1/best.pt,0003,recorded_impulsive_-5,recorded_impulsive,-5.0,False,False,-5.815581975195347,,cvhi:common_voice_hi_27005391,7.325984954833984,6.448163986206055,0.8470746463420119,1.2269821166992188,nan,nan,nan,0.0,
ckpt:runs/vaani_full_r4_s1/best.pt,0004,recorded_impulsive_-5,recorded_impulsive,-5.0,False,False,-3.45106452578833,,cvhi:common_voice_hi_24280948,6.847805976867676,5.916647434234619,0.9100910241267748,1.5291671752929688,nan,nan,nan,0.22,
ckpt:runs/vaani_full_r4_s1/best.pt,0005,recorded_impulsive_-5,recorded_impulsive,-5.0,False,False,-2.709463837687795,,cvhi:common_voice_hi_24427331,7.321956634521484,6.492311954498291,0.7284457554383004,1.5004947185516357,nan,nan,nan,0.0,
ckpt:runs/vaani_full_r4_s1/best.pt,0006,recorded_impulsive_-5,recorded_impulsive,-5.0,False,False,0.2320071371486998,,cvhi:common_voice_hi_27005460,15.922025680541992,15.92331314086914,0.9868971368059352,2.17889142036438,nan,nan,nan,0.04,
ckpt:runs/vaani_full_r4_s1/best.pt,0007,recorded_impulsive_-5,recorded_impulsive,-5.0,False,False,0.9899494624314276,,cvhi:common_voice_hi_26687131,7.876467227935791,7.2211594581604,0.9132711802965515,1.8385337591171265,nan,nan,nan,0.08,
ckpt:runs/vaani_full_r4_s1/best.pt,0008,recorded_impulsive_-5,recorded_impulsive,-5.0,False,False,7.12127961986835,,cvhi:common_voice_hi_24386376,14.714981079101562,14.834189414978027,0.9179909271419764,2.1374752521514893,nan,nan,nan,0.26,
ckpt:runs/vaani_full_r4_s1/best.pt,0009,recorded_impulsive_-5,recorded_impulsive,-5.0,False,False,-2.7409158609322777,,cvhi:common_voice_hi_27005572,17.543582916259766,17.466615676879883,0.963636986710353,2.1689610481262207,nan,nan,nan,0.32,
ckpt:runs/vaani_full_r4_s1/best.pt,0010,recorded_impulsive_-5,recorded_impulsive,-5.0,False,False,-3.9101284100323586,,cvhi:common_voice_hi_24758743,11.068853378295898,10.71898078918457,0.9190371022474919,1.9270811080932617,nan,nan,nan,0.0,
ckpt:runs/vaani_full_r4_s1/best.pt,0011,recorded_impulsive_-5,recorded_impulsive,-5.0,False,False,9.100910309892628,,ls:1263-141777-0024,11.243711471557617,10.90557861328125,0.9362705403946712,2.2754077911376953,nan,nan,nan,0.12,
ckpt:runs/vaani_full_r4_s1/best.pt,0012,recorded_impulsive_-5,recorded_impulsive,-5.0,False,False,-0.8092189735838611,,cvhi:common_voice_hi_24226282,7.934442043304443,7.205348014831543,0.9253098860829886,1.4123989343643188,nan,nan,nan,0.3,
ckpt:runs/vaani_full_r4_s1/best.pt,0013,recorded_impulsive_-5,recorded_impulsive,-5.0,False,False,2.408210026122198,,cvhi:common_voice_hi_24427322,5.998989105224609,4.748067855834961,0.8050205934629687,1.5118716955184937,nan,nan,nan,0.0,
ckpt:runs/vaani_full_r4_s1/best.pt,0014,recorded_impulsive_-5,recorded_impulsive,-5.0,False,False,-2.365855740559089,,ls:226-122538-0000,10.822495460510254,10.447694778442383,0.9340748512042685,1.9180220365524292,nan,nan,nan,0.0,
ckpt:runs/vaani_full_r4_s1/best.pt,0015,recorded_impulsive_-5,recorded_impulsive,-5.0,True,False,1.763849829960277,,cvhi:common_voice_hi_24759286,8.02958869934082,8.069967269897461,0.9039070131688024,1.6663867235183716,nan,nan,nan,0.14,
ckpt:runs/vaani_full_r4_s1/best.pt,0016,recorded_impulsive_-5,recorded_impulsive,-5.0,True,False,6.450235079181391,,cvhi:common_voice_hi_26007626,10.143599510192871,9.848309516906738,0.8751362443550706,1.9774534702301025,nan,nan,nan,0.12,
ckpt:runs/vaani_full_r4_s1/best.pt,0017,recorded_impulsive_-5,recorded_impulsive,-5.0,False,False,-0.903214034979424,,cvhi:common_voice_hi_27005350,9.731759071350098,9.569696426391602,0.9499431914045903,2.276308059692383,nan,nan,nan,0.0,
ckpt:runs/vaani_full_r4_s1/best.pt,0018,recorded_impulsive_-5,recorded_impulsive,-5.0,False,False,1.2747650742796592,,cvhi:common_voice_hi_24782711,4.820837497711182,3.7408080101013184,0.52958995017781,1.2716346979141235,nan,nan,nan,0.1,
ckpt:runs/vaani_full_r4_s1/best.pt,0019,recorded_impulsive_-5,recorded_impulsive,-5.0,False,False,6.978272125691882,,cvhi:common_voice_hi_27005506,9.413713455200195,8.914009094238281,0.9336549891586404,1.6614112854003906,nan,nan,nan,0.0,
ckpt:runs/vaani_full_r4_s1/best.pt,0020,recorded_impulsive_-5,recorded_impulsive,-5.0,True,False,-4.0135060045899085,,cvhi:common_voice_hi_24510963,14.772356033325195,14.65742015838623,0.8144836122154304,1.8301587104797363,nan,nan,nan,0.0,
ckpt:runs/vaani_full_r4_s1/best.pt,0021,recorded_impulsive_-5,recorded_impulsive,-5.0,False,False,3.0665256837681643,,ls:226-131532-0007,10.712226867675781,10.351767539978027,0.9285328927705195,2.4869463443756104,nan,nan,nan,0.38,
ckpt:runs/vaani_full_r4_s1/best.pt,0022,recorded_impulsive_-5,recorded_impulsive,-5.0,False,True,-5.8866910120749445,,cvhi:common_voice_hi_26959697,6.273698329925537,6.602031707763672,0.9820370015644496,1.5321013927459717,nan,nan,nan,0.2,
ckpt:runs/vaani_full_r4_s1/best.pt,0023,recorded_impulsive_-5,recorded_impulsive,-5.0,False,False,2.0951611727581714,,cvhi:common_voice_hi_25322997,4.13754940032959,3.7833046913146973,0.86091477012767,1.416612982749939,nan,nan,nan,0.56,
ckpt:runs/vaani_full_r4_s1/best.pt,0024,recorded_impulsive_-5,recorded_impulsive,-5.0,False,False,9.363682689805838,,ls:226-131533-0006,8.434941291809082,7.788597106933594,0.7074952634973776,1.5233209133148193,nan,nan,nan,0.0,
ckpt:runs/vaani_full_r4_s1/best.pt,0025,recorded_impulsive_-5,recorded_impulsive,-5.0,False,False,3.393081700309617,,cvhi:common_voice_hi_27005604,14.783689498901367,14.64150333404541,0.9759586007191731,2.5322227478027344,nan,nan,nan,0.0,
ckpt:runs/vaani_full_r4_s1/best.pt,0026,recorded_impulsive_-5,recorded_impulsive,-5.0,False,False,7.6705400569632385,,cvhi:common_voice_hi_27005350,11.830646514892578,11.672043800354004,0.9353904680350792,1.693708896636963,nan,nan,nan,0.0,
ckpt:runs/vaani_full_r4_s1/best.pt,0027,recorded_impulsive_-5,recorded_impulsive,-5.0,False,False,10.008759201191229,,ls:226-122538-0024,8.112405776977539,7.38409423828125,0.8683263536322823,1.3907356262207031,nan,nan,nan,0.06,
ckpt:runs/vaani_full_r4_s1/best.pt,0028,recorded_impulsive_-5,recorded_impulsive,-5.0,False,False,-3.7672862944784598,,cvhi:common_voice_hi_24759342,10.46205997467041,10.061254501342773,0.9093104785911599,1.9208799600601196,nan,nan,nan,0.54,
ckpt:runs/vaani_full_r4_s1/best.pt,0029,recorded_impulsive_-5,recorded_impulsive,-5.0,False,False,3.299880223457798,,cvhi:common_voice_hi_24228203,18.302894592285156,18.303224563598633,0.9430661685612126,2.5895276069641113,nan,nan,nan,0.06,
ckpt:runs/vaani_full_r4_s1/best.pt,0030,recorded_impulsive_-5,recorded_impulsive,-5.0,False,False,3.9686939616730523,,cvhi:common_voice_hi_25473136,9.001678466796875,8.422383308410645,0.8686918149814049,1.718120813369751,nan,nan,nan,0.0,
ckpt:runs/vaani_full_r4_s1/best.pt,0031,recorded_impulsive_-5,recorded_impulsive,-5.0,False,False,5.904183502725189,,cvhi:common_voice_hi_24280949,14.525633811950684,14.645130157470703,0.9786453566566855,2.9325263500213623,nan,nan,nan,0.0,
ckpt:runs/vaani_full_r4_s1/best.pt,0032,recorded_impulsive_-5,recorded_impulsive,-5.0,False,False,11.457279061684712,,cvhi:common_voice_hi_24386851,8.957326889038086,9.132633209228516,0.8241469811756845,1.6859594583511353,nan,nan,nan,0.0,
ckpt:runs/vaani_full_r4_s1/best.pt,0033,recorded_impulsive_-5,recorded_impulsive,-5.0,False,False,8.336141092652499,,cvhi:common_voice_hi_27005244,6.437163352966309,5.320810317993164,0.8411425157720284,1.5965546369552612,nan,nan,nan,0.18,
ckpt:runs/vaani_full_r4_s1/best.pt,0034,recorded_impulsive_-5,recorded_impulsive,-5.0,False,False,-2.991457079837151,,cvhi:common_voice_hi_25170238,12.973100662231445,13.337743759155273,0.7839562175340578,1.5176482200622559,nan,nan,nan,0.4,
ckpt:runs/vaani_full_r4_s1/best.pt,0035,recorded_impulsive_-5,recorded_impulsive,-5.0,False,False,-3.0458486536193465,,cvhi:common_voice_hi_24427336,14.322037696838379,14.255409240722656,0.8818379897084361,2.682187557220459,nan,nan,nan,0.0,
ckpt:runs/vaani_full_r4_s1/best.pt,0036,recorded_impulsive_-5,recorded_impulsive,-5.0,False,False,5.519030815821562,,cvhi:common_voice_hi_24226282,7.602426528930664,6.923947811126709,0.875544202190654,1.4534094333648682,nan,nan,nan,0.0,
ckpt:runs/vaani_full_r4_s1/best.pt,0037,recorded_impulsive_-5,recorded_impulsive,-5.0,True,False,11.369279052781689,,cvhi:common_voice_hi_24759396,7.397608280181885,6.6646599769592285,0.7504935328215467,1.2234253883361816,nan,nan,nan,0.0,
ckpt:runs/vaani_full_r4_s1/best.pt,0038,recorded_impulsive_-5,recorded_impulsive,-5.0,False,False,-5.197262040461191,,cvhi:common_voice_hi_25170248,15.78817367553711,16.30048942565918,0.861353040803061,2.368665933609009,nan,nan,nan,0.0,
ckpt:runs/vaani_full_r4_s1/best.pt,0039,recorded_impulsive_-5,recorded_impulsive,-5.0,False,False,5.439618391576001,,cvhi:common_voice_hi_24782711,13.212688446044922,13.248747825622559,0.7202980558588306,1.4704935550689697,nan,nan,nan,0.0,
ckpt:runs/vaani_full_r4_s1/best.pt,0000,recorded_impulsive_0,recorded_impulsive,0.0,False,False,0.6395732765201174,,cvhi:common_voice_hi_24258391,11.806243896484375,11.721247673034668,0.8263303961490776,1.7159011363983154,nan,nan,nan,0.0,
ckpt:runs/vaani_full_r4_s1/best.pt,0001,recorded_impulsive_0,recorded_impulsive,0.0,False,False,-5.031612779190061,,cvhi:common_voice_hi_24225448,13.440970420837402,13.369564056396484,0.9170089133197787,1.812793493270874,nan,nan,nan,0.0,
ckpt:runs/vaani_full_r4_s1/best.pt,0002,recorded_impulsive_0,recorded_impulsive,0.0,True,False,3.2893634127776323,,cvhi:common_voice_hi_27248546,11.573477745056152,11.265249252319336,0.8542545198581823,1.959758996963501,nan,nan,nan,0.0,
ckpt:runs/vaani_full_r4_s1/best.pt,0003,recorded_impulsive_0,recorded_impulsive,0.0,False,False,-1.9616061860950387,,cvhi:common_voice_hi_24782645,12.938246726989746,12.712702751159668,0.8753001926963776,1.766460657119751,nan,nan,nan,0.08,
ckpt:runs/vaani_full_r4_s1/best.pt,0004,recorded_impulsive_0,recorded_impulsive,0.0,False,False,9.126660598877923,,ls:150-132655-0035,11.477499961853027,11.200422286987305,0.9423360830410888,2.1882057189941406,nan,nan,nan,0.0,
ckpt:runs/vaani_full_r4_s1/best.pt,0005,recorded_impulsive_0,recorded_impulsive,0.0,False,False,3.004696961089282,,ls:150-132655-0009,10.802993774414062,10.567777633666992,0.9278675951807392,2.038829803466797,nan,nan,nan,0.0,
ckpt:runs/vaani_full_r4_s1/best.pt,0006,recorded_impulsive_0,recorded_impulsive,0.0,False,True,6.690369820181859,,cvhi:common_voice_hi_27005462,7.986705780029297,7.26025390625,0.8685984509087142,1.2305659055709839,nan,nan,nan,0.0,
ckpt:runs/vaani_full_r4_s1/best.pt,0007,recorded_impulsive_0,recorded_impulsive,0.0,False,False,11.227153637244491,,cvhi:common_voice_hi_24510935,8.419029235839844,8.192832946777344,0.8060751770460811,2.0322771072387695,nan,nan,nan,0.08,
ckpt:runs/vaani_full_r4_s1/best.pt,0008,recorded_impulsive_0,recorded_impulsive,0.0,False,False,9.777456350270086,,cvhi:common_voice_hi_24759578,11.976612091064453,11.906597137451172,0.9384926622658726,1.9032690525054932,nan,nan,nan,inf,
ckpt:runs/vaani_full_r4_s1/best.pt,0009,recorded_impulsive_0,recorded_impulsive,0.0,False,False,9.881606787841024,,cvhi:common_voice_hi_24759375,11.518476486206055,11.383504867553711,0.8993098039337011,1.9642447233200073,nan,nan,nan,inf,
ckpt:runs/vaani_full_r4_s1/best.pt,0010,recorded_impulsive_0,recorded_impulsive,0.0,True,False,1.3702753779345906,,cvhi:common_voice_hi_26687130,7.865134239196777,7.092794895172119,0.8742415321202273,1.6771618127822876,nan,nan,nan,0.0,
ckpt:runs/vaani_full_r4_s1/best.pt,0011,recorded_impulsive_0,recorded_impulsive,0.0,False,False,-3.392233592393631,,cvhi:common_voice_hi_24386504,11.651554107666016,11.524209976196289,0.9186825355619783,2.1822097301483154,nan,nan,nan,0.08,
ckpt:runs/vaani_full_r4_s1/best.pt,0012,recorded_impulsive_0,recorded_impulsive,0.0,False,False,3.2236178706499263,,cvhi:common_voice_hi_24759486,13.76463508605957,13.586614608764648,0.9572817094979783,2.5760936737060547,nan,nan,nan,0.0,
ckpt:runs/vaani_full_r4_s1/best.pt,0013,recorded_impulsive_0,recorded_impulsive,0.0,False,False,-4.37554822555365,,cvhi:common_voice_hi_24510953,14.19177532196045,14.250179290771484,0.9288093604968449,2.409484386444092,nan,nan,nan,0.0,
ckpt:runs/vaani_full_r4_s1/best.pt,0014,recorded_impulsive_0,recorded_impulsive,0.0,False,False,-3.221482714220839,,cvhi:common_voice_hi_26007643,17.97030258178711,18.633331298828125,0.9873733025346543,3.003495454788208,nan,nan,nan,0.0,
ckpt:runs/vaani_full_r4_s1/best.pt,0015,recorded_impulsive_0,recorded_impulsive,0.0,False,False,-2.8493840640318044,,ls:150-126112-0017,10.465507507324219,10.90644359588623,0.851705264778817,1.8440712690353394,nan,nan,nan,0.0,
ckpt:runs/vaani_full_r4_s1/best.pt,0016,recorded_impulsive_0,recorded_impulsive,0.0,True,False,2.953222728601558,,cvhi:common_voice_hi_26008574,11.685464859008789,11.440406799316406,0.8986151464361557,2.26138973236084,nan,nan,nan,inf,
ckpt:runs/vaani_full_r4_s1/best.pt,0017,recorded_impulsive_0,recorded_impulsive,0.0,False,False,9.043465306142059,,ls:1898-145715-0027,12.251941680908203,11.99887752532959,0.8869869835497067,2.387507915496826,nan,nan,nan,0.14,
ckpt:runs/vaani_full_r4_s1/best.pt,0018,recorded_impulsive_0,recorded_impulsive,0.0,False,False,-5.647976860770622,,ls:1898-145724-0025,13.092405319213867,14.335277557373047,0.9207797789136613,2.147712230682373,nan,nan,nan,0.0,
ckpt:runs/vaani_full_r4_s1/best.pt,0019,recorded_impulsive_0,recorded_impulsive,0.0,False,False,-2.3536076375911,,cvhi:common_voice_hi_24758732,9.247684478759766,8.83771800994873,0.9296298437174887,1.5622243881225586,nan,nan,nan,0.0,
ckpt:runs/vaani_full_r4_s1/best.pt,0020,recorded_impulsive_0,recorded_impulsive,0.0,False,False,-2.6339431124245865,,cvhi:common_voice_hi_27005570,10.016474723815918,9.60732650756836,0.924006629309001,1.6326181888580322,nan,nan,nan,0.0,
ckpt:runs/vaani_full_r4_s1/best.pt,0021,recorded_impulsive_0,recorded_impulsive,0.0,False,False,3.3607554641203397,,cvhi:common_voice_hi_25154393,15.280352592468262,16.043922424316406,0.8562345441388644,1.911008596420288,nan,nan,nan,0.0,
ckpt:runs/vaani_full_r4_s1/best.pt,0022,recorded_impulsive_0,recorded_impulsive,0.0,False,False,-0.5221488633020073,,cvhi:common_voice_hi_27005479,10.047012329101562,9.604476928710938,0.905054808167512,1.3513911962509155,nan,nan,nan,0.0,
ckpt:runs/vaani_full_r4_s1/best.pt,0023,recorded_impulsive_0,recorded_impulsive,0.0,False,False,2.4352508980311125,,cvhi:common_voice_hi_27005230,10.946083068847656,10.58402156829834,0.9300890340298871,2.167525291442871,nan,nan,nan,0.12,
ckpt:runs/vaani_full_r4_s1/best.pt,0024,recorded_impulsive_0,recorded_impulsive,0.0,False,False,0.8838808686609152,,cvhi:common_voice_hi_26967359,18.186471939086914,18.132587432861328,0.9698084605643525,2.495932102203369,nan,nan,nan,0.0,
ckpt:runs/vaani_full_r4_s1/best.pt,0025,recorded_impulsive_0,recorded_impulsive,0.0,False,False,4.278156528056105,,cvhi:common_voice_hi_24280931,8.685256958007812,8.071739196777344,0.9596388622822878,2.023730516433716,nan,nan,nan,0.0,
ckpt:runs/vaani_full_r4_s1/best.pt,0026,recorded_impulsive_0,recorded_impulsive,0.0,False,False,1.5147441655693132,,cvhi:common_voice_hi_23964484,13.507265090942383,13.453824996948242,0.9108720940224524,2.0173492431640625,nan,nan,nan,0.16,
ckpt:runs/vaani_full_r4_s1/best.pt,0027,recorded_impulsive_0,recorded_impulsive,0.0,False,False,2.392645666027052,,cvhi:common_voice_hi_26967688,11.942343711853027,12.405519485473633,0.9200120162194119,2.1695451736450195,nan,nan,nan,0.0,
ckpt:runs/vaani_full_r4_s1/best.pt,0028,recorded_impulsive_0,recorded_impulsive,0.0,False,False,4.771127163013938,,cvhi:common_voice_hi_26968244,18.32748794555664,18.289628982543945,0.9655611198386659,2.751126289367676,nan,nan,nan,0.0,
ckpt:runs/vaani_full_r4_s1/best.pt,0029,recorded_impulsive_0,recorded_impulsive,0.0,False,False,0.7750504638370028,,cvhi:common_voice_hi_24386653,11.572833061218262,12.387009620666504,0.9034566299952145,2.00333309173584,nan,nan,nan,0.0,
ckpt:runs/vaani_full_r4_s1/best.pt,0030,recorded_impulsive_0,recorded_impulsive,0.0,False,False,5.028789228961006,,cvhi:common_voice_hi_26008914,15.47702693939209,15.937870025634766,0.9588005396580969,2.0016748905181885,nan,nan,nan,0.76,
ckpt:runs/vaani_full_r4_s1/best.pt,0031,recorded_impulsive_0,recorded_impulsive,0.0,False,False,9.591597119681897,,cvhi:common_voice_hi_27005482,15.7068452835083,15.916110038757324,0.9698053702307264,2.508512496948242,nan,nan,nan,0.0,
ckpt:runs/vaani_full_r4_s1/best.pt,0032,recorded_impulsive_0,recorded_impulsive,0.0,True,False,11.109649132571075,,ls:1898-145724-0029,12.506776809692383,12.25878620147705,0.8892029365934502,2.0806689262390137,nan,nan,nan,0.1,
ckpt:runs/vaani_full_r4_s1/best.pt,0033,recorded_impulsive_0,recorded_impulsive,0.0,False,False,6.05000704877051,,cvhi:common_voice_hi_24386246,11.564303398132324,11.312589645385742,0.9301743310722078,2.2495601177215576,nan,nan,nan,0.0,
ckpt:runs/vaani_full_r4_s1/best.pt,0034,recorded_impulsive_0,recorded_impulsive,0.0,True,False,5.187672412716545,,cvhi:common_voice_hi_24427818,15.054388999938965,14.91660213470459,0.8854809442524674,2.1568892002105713,nan,nan,nan,0.08,
ckpt:runs/vaani_full_r4_s1/best.pt,0035,recorded_impulsive_0,recorded_impulsive,0.0,False,False,7.633033030194092,,ls:226-131533-0034,10.421375274658203,10.095893859863281,0.9156596073968453,1.9574233293533325,nan,nan,nan,0.0,
ckpt:runs/vaani_full_r4_s1/best.pt,0036,recorded_impulsive_0,recorded_impulsive,0.0,False,False,-3.0270393360507386,,ls:1263-141777-0013,12.661084175109863,12.461737632751465,0.936020025068647,2.2498114109039307,nan,nan,nan,0.0,
ckpt:runs/vaani_full_r4_s1/best.pt,0037,recorded_impulsive_0,recorded_impulsive,0.0,False,False,4.535027558245385,,cvhi:common_voice_hi_23964472,12.222743034362793,12.002218246459961,0.8247480239647063,1.7670543193817139,nan,nan,nan,0.12,
ckpt:runs/vaani_full_r4_s1/best.pt,0038,recorded_impulsive_0,recorded_impulsive,0.0,False,False,10.26859951230827,,cvhi:common_voice_hi_24759432,9.646936416625977,9.14969539642334,0.855110371351142,1.5157899856567383,nan,nan,nan,inf,
ckpt:runs/vaani_full_r4_s1/best.pt,0039,recorded_impulsive_0,recorded_impulsive,0.0,False,False,7.939613263608766,,cvhi:common_voice_hi_25154423,9.142393112182617,8.67740249633789,0.8930967048876325,1.7171988487243652,nan,nan,nan,0.22,
ckpt:runs/vaani_full_r4_s1/best.pt,0000,recorded_impulsive_10,recorded_impulsive,10.0,True,False,-4.492078973071773,,cvhi:common_voice_hi_26007863,14.400657653808594,14.60862922668457,0.9724426477511042,2.8384549617767334,nan,nan,nan,0.38,
ckpt:runs/vaani_full_r4_s1/best.pt,0001,recorded_impulsive_10,recorded_impulsive,10.0,False,False,-1.9982029592347512,,cvhi:common_voice_hi_24759375,24.136852264404297,26.364093780517578,0.9982946549318835,3.486481189727783,nan,nan,nan,0.0,
ckpt:runs/vaani_full_r4_s1/best.pt,0002,recorded_impulsive_10,recorded_impulsive,10.0,False,False,6.150071959526043,,cvhi:common_voice_hi_25948426,16.432758331298828,16.596921920776367,0.9670459560686251,2.4493625164031982,nan,nan,nan,0.0,
ckpt:runs/vaani_full_r4_s1/best.pt,0003,recorded_impulsive_10,recorded_impulsive,10.0,False,False,4.024298477222995,,cvhi:common_voice_hi_24386151,14.508657455444336,14.626641273498535,0.9647053032634682,2.2355332374572754,nan,nan,nan,0.42,
ckpt:runs/vaani_full_r4_s1/best.pt,0004,recorded_impulsive_10,recorded_impulsive,10.0,False,False,3.103558445007792,,cvhi:common_voice_hi_25004048,20.773738861083984,23.102760314941406,0.9879187107148241,3.206573009490967,nan,nan,nan,0.5,
ckpt:runs/vaani_full_r4_s1/best.pt,0005,recorded_impulsive_10,recorded_impulsive,10.0,False,False,11.855404016303808,,cvhi:common_voice_hi_24258323,19.644886016845703,20.038131713867188,0.9892226153887292,2.8952136039733887,nan,nan,nan,0.08,
ckpt:runs/vaani_full_r4_s1/best.pt,0006,recorded_impulsive_10,recorded_impulsive,10.0,False,False,2.232062195678619,,cvhi:common_voice_hi_26687133,20.508190155029297,22.21525001525879,0.9918414353584825,3.191776752471924,nan,nan,nan,0.14,
ckpt:runs/vaani_full_r4_s1/best.pt,0007,recorded_impulsive_10,recorded_impulsive,10.0,False,False,7.889515053789356,,cvhi:common_voice_hi_24938892,19.5633487701416,21.684154510498047,0.999381960454557,3.5432021617889404,nan,nan,nan,2.58,
ckpt:runs/vaani_full_r4_s1/best.pt,0008,recorded_impulsive_10,recorded_impulsive,10.0,False,False,10.568552522964037,,cvhi:common_voice_hi_27005427,11.857450485229492,11.93199634552002,0.9574709791120478,2.471662998199463,nan,nan,nan,0.0,
ckpt:runs/vaani_full_r4_s1/best.pt,0009,recorded_impulsive_10,recorded_impulsive,10.0,False,False,-3.0609919827580403,,cvhi:common_voice_hi_27005228,15.602485656738281,15.530220031738281,0.9457359104550837,2.350062370300293,nan,nan,nan,0.0,
ckpt:runs/vaani_full_r4_s1/best.pt,0010,recorded_impulsive_10,recorded_impulsive,10.0,False,False,-1.3683510738554912,,cvhi:common_voice_hi_24228288,17.173316955566406,17.365070343017578,0.9121811518375327,2.0859720706939697,nan,nan,nan,0.0,
ckpt:runs/vaani_full_r4_s1/best.pt,0011,recorded_impulsive_10,recorded_impulsive,10.0,False,False,8.942107009045543,,cvhi:common_voice_hi_24759434,15.416568756103516,15.545757293701172,0.9769083888645081,2.4492831230163574,nan,nan,nan,0.0,
ckpt:runs/vaani_full_r4_s1/best.pt,0012,recorded_impulsive_10,recorded_impulsive,10.0,False,False,7.916045071980257,,cvhi:common_voice_hi_26254104,15.590143203735352,15.895085334777832,0.9605591777856982,2.7546396255493164,nan,nan,nan,0.0,
ckpt:runs/vaani_full_r4_s1/best.pt,0013,recorded_impulsive_10,recorded_impulsive,10.0,True,False,7.096054549930308,,ls:1898-145715-0001,15.806904792785645,15.834441184997559,0.9259794124841926,2.845736503601074,nan,nan,nan,0.0,
ckpt:runs/vaani_full_r4_s1/best.pt,0014,recorded_impulsive_10,recorded_impulsive,10.0,False,False,-1.4611504393419423,,ls:1263-141777-0024,15.571121215820312,15.72686767578125,0.9671008404275673,2.7148618698120117,nan,nan,nan,0.0,
ckpt:runs/vaani_full_r4_s1/best.pt,0015,recorded_impulsive_10,recorded_impulsive,10.0,False,False,-0.2223817900219638,,ls:150-132655-0005,15.684718132019043,15.747119903564453,0.9505879990527627,2.3828349113464355,nan,nan,nan,0.14,
ckpt:runs/vaani_full_r4_s1/best.pt,0016,recorded_impulsive_10,recorded_impulsive,10.0,False,False,1.3815195761783565,,cvhi:common_voice_hi_24228162,16.530454635620117,16.433176040649414,0.9605406616187847,2.564953088760376,nan,nan,nan,0.0,
ckpt:runs/vaani_full_r4_s1/best.pt,0017,recorded_impulsive_10,recorded_impulsive,10.0,False,False,-3.403143679208336,,cvhi:common_voice_hi_25154372,22.932397842407227,25.447004318237305,0.9614739050442519,2.9501094818115234,nan,nan,nan,0.1,
ckpt:runs/vaani_full_r4_s1/best.pt,0018,recorded_impulsive_10,recorded_impulsive,10.0,True,False,0.39968590606981635,,ls:1263-138246-0002,14.41773796081543,14.718427658081055,0.9823260404185403,2.9997379779815674,nan,nan,nan,0.38,
ckpt:runs/vaani_full_r4_s1/best.pt,0019,recorded_impulsive_10,recorded_impulsive,10.0,False,False,8.249237390855885,,cvhi:common_voice_hi_24386243,20.507522583007812,21.01466178894043,0.9889310353615557,2.8993821144104004,nan,nan,nan,0.0,
ckpt:runs/vaani_full_r4_s1/best.pt,0020,recorded_impulsive_10,recorded_impulsive,10.0,False,False,8.409440342057021,,ls:1898-145702-0013,17.658010482788086,17.629581451416016,0.9697291456291597,3.0344960689544678,nan,nan,nan,0.14,
ckpt:runs/vaani_full_r4_s1/best.pt,0021,recorded_impulsive_10,recorded_impulsive,10.0,False,False,6.532033521037258,,cvhi:common_voice_hi_24228360,21.04274559020996,21.462486267089844,0.9882010468831319,3.081541061401367,nan,nan,nan,0.0,
ckpt:runs/vaani_full_r4_s1/best.pt,0022,recorded_impulsive_10,recorded_impulsive,10.0,False,False,5.537664922323046,,cvhi:common_voice_hi_26769815,16.416324615478516,17.096040725708008,0.8461804780637007,2.884955644607544,nan,nan,nan,0.0,
ckpt:runs/vaani_full_r4_s1/best.pt,0023,recorded_impulsive_10,recorded_impulsive,10.0,False,False,7.343209126805865,,cvhi:common_voice_hi_24758650,17.933143615722656,18.10319709777832,0.9768031830667449,2.466907024383545,nan,nan,nan,0.76,
ckpt:runs/vaani_full_r4_s1/best.pt,0024,recorded_impulsive_10,recorded_impulsive,10.0,False,False,9.259936497084233,,cvhi:common_voice_hi_31389170,11.866804122924805,11.67905044555664,0.8867032240992969,2.0774974822998047,nan,nan,nan,0.16,
ckpt:runs/vaani_full_r4_s1/best.pt,0025,recorded_impulsive_10,recorded_impulsive,10.0,False,False,4.982046030563954,,cvhi:common_voice_hi_24386915,14.048410415649414,14.300434112548828,0.9207268527339488,2.2765650749206543,nan,nan,nan,0.0,
ckpt:runs/vaani_full_r4_s1/best.pt,0026,recorded_impulsive_10,recorded_impulsive,10.0,False,False,0.6518964085744079,,cvhi:common_voice_hi_24759434,16.380516052246094,16.642087936401367,0.9740313028682447,2.5947158336639404,nan,nan,nan,0.0,
ckpt:runs/vaani_full_r4_s1/best.pt,0027,recorded_impulsive_10,recorded_impulsive,10.0,False,False,11.93881555617843,,cvhi:common_voice_hi_27005639,16.4372615814209,17.927648544311523,0.9692257777631493,2.0994274616241455,nan,nan,nan,0.0,
ckpt:runs/vaani_full_r4_s1/best.pt,0028,recorded_impulsive_10,recorded_impulsive,10.0,False,False,-4.2059544268121405,,cvhi:common_voice_hi_24280971,16.08338165283203,15.977288246154785,0.989799416090338,2.451690435409546,nan,nan,nan,inf,
ckpt:runs/vaani_full_r4_s1/best.pt,0029,recorded_impulsive_10,recorded_impulsive,10.0,False,False,7.655514068345333,,cvhi:common_voice_hi_26769814,15.379581451416016,15.26193618774414,0.8681200563113989,2.609184980392456,nan,nan,nan,0.04,
ckpt:runs/vaani_full_r4_s1/best.pt,0030,recorded_impulsive_10,recorded_impulsive,10.0,False,False,-5.019676419493685,,cvhi:common_voice_hi_24386189,21.976757049560547,22.274961471557617,0.9979351188170574,3.149919033050537,nan,nan,nan,0.12,
ckpt:runs/vaani_full_r4_s1/best.pt,0031,recorded_impulsive_10,recorded_impulsive,10.0,False,False,9.471001184379652,,cvhi:common_voice_hi_24759307,15.264867782592773,15.495796203613281,0.9579637348823407,2.389172315597534,nan,nan,nan,0.66,
ckpt:runs/vaani_full_r4_s1/best.pt,0032,recorded_impulsive_10,recorded_impulsive,10.0,False,False,4.789127012578579,,ls:226-131532-0033,16.269187927246094,16.45402717590332,0.9305767855764896,2.776334762573242,nan,nan,nan,0.0,
ckpt:runs/vaani_full_r4_s1/best.pt,0033,recorded_impulsive_10,recorded_impulsive,10.0,False,False,2.8183658612474893,,cvhi:common_voice_hi_25154369,17.697874069213867,18.24972915649414,0.9616507363994496,2.730682134628296,nan,nan,nan,1.82,
ckpt:runs/vaani_full_r4_s1/best.pt,0034,recorded_impulsive_10,recorded_impulsive,10.0,False,False,-5.895321957428251,,cvhi:common_voice_hi_27005203,19.500341415405273,20.22783660888672,0.9140241428911173,2.932466506958008,nan,nan,nan,0.0,
ckpt:runs/vaani_full_r4_s1/best.pt,0035,recorded_impulsive_10,recorded_impulsive,10.0,False,False,-3.5647662213600966,,ls:1263-138246-0028,17.807275772094727,17.75211524963379,0.9811510845356682,3.2546937465667725,nan,nan,nan,0.08,
ckpt:runs/vaani_full_r4_s1/best.pt,0036,recorded_impulsive_10,recorded_impulsive,10.0,False,False,3.585216087105806,,cvhi:common_voice_hi_24228580,21.660497665405273,21.63872528076172,0.9328431593940556,3.1616129875183105,nan,nan,nan,0.0,
ckpt:runs/vaani_full_r4_s1/best.pt,0037,recorded_impulsive_10,recorded_impulsive,10.0,True,False,1.978445008406462,,cvhi:common_voice_hi_26007753,14.391885757446289,14.559469223022461,0.9899942337169801,3.1903514862060547,nan,nan,nan,0.0,
ckpt:runs/vaani_full_r4_s1/best.pt,0038,recorded_impulsive_10,recorded_impulsive,10.0,False,False,-3.0065218466497488,,cvhi:common_voice_hi_24386848,14.729476928710938,14.672700881958008,0.852824989509464,2.0985090732574463,nan,nan,nan,0.3,
ckpt:runs/vaani_full_r4_s1/best.pt,0039,recorded_impulsive_10,recorded_impulsive,10.0,False,True,-5.103822557424924,,cvhi:common_voice_hi_24427673,17.03350257873535,16.963237762451172,0.9557801987314237,3.0390305519104004,nan,nan,nan,inf,
ckpt:runs/vaani_full_r4_s1/best.pt,0000,recorded_impulsive_15,recorded_impulsive,15.0,False,False,10.552497682596321,,ls:1263-139804-0005,11.246606826782227,11.613883972167969,0.9694781344403028,2.8029050827026367,nan,nan,nan,0.22,
ckpt:runs/vaani_full_r4_s1/best.pt,0001,recorded_impulsive_15,recorded_impulsive,15.0,False,False,0.2858620570480763,,cvhi:common_voice_hi_26254103,17.17094612121582,17.166057586669922,0.8939908097497452,2.7775790691375732,nan,nan,nan,0.16,
ckpt:runs/vaani_full_r4_s1/best.pt,0002,recorded_impulsive_15,recorded_impulsive,15.0,False,False,9.153610978007745,,cvhi:common_voice_hi_27035759,17.33514976501465,17.29727554321289,0.9723187487687854,2.9726614952087402,nan,nan,nan,0.26,
ckpt:runs/vaani_full_r4_s1/best.pt,0003,recorded_impulsive_15,recorded_impulsive,15.0,False,False,9.9109742151015,,cvhi:common_voice_hi_27149957,13.314687728881836,13.660249710083008,0.9305053506568647,2.3608126640319824,nan,nan,nan,0.04,
ckpt:runs/vaani_full_r4_s1/best.pt,0004,recorded_impulsive_15,recorded_impulsive,15.0,False,False,-0.1771662851515341,,ls:150-126107-0027,16.045654296875,16.23914909362793,0.879136188448118,3.0527381896972656,nan,nan,nan,0.0,
ckpt:runs/vaani_full_r4_s1/best.pt,0005,recorded_impulsive_15,recorded_impulsive,15.0,True,False,6.34350337048342,,cvhi:common_voice_hi_23844516,9.251996994018555,9.558061599731445,0.9188099553367745,2.452897787094116,nan,nan,nan,0.82,
ckpt:runs/vaani_full_r4_s1/best.pt,0006,recorded_impulsive_15,recorded_impulsive,15.0,False,False,4.165551246011622,,cvhi:common_voice_hi_24758653,18.76481056213379,18.880239486694336,0.9920554632233761,3.24534010887146,nan,nan,nan,inf,
ckpt:runs/vaani_full_r4_s1/best.pt,0007,recorded_impulsive_15,recorded_impulsive,15.0,False,False,5.78905850908129,,cvhi:common_voice_hi_25170230,17.44314956665039,18.16034507751465,0.9625653895824788,2.808553457260132,nan,nan,nan,0.0,
ckpt:runs/vaani_full_r4_s1/best.pt,0008,recorded_impulsive_15,recorded_impulsive,15.0,True,False,-0.2648367365666662,,cvhi:common_voice_hi_24427429,19.633079528808594,19.687850952148438,0.9356118633371616,2.936750888824463,nan,nan,nan,0.48,
ckpt:runs/vaani_full_r4_s1/best.pt,0009,recorded_impulsive_15,recorded_impulsive,15.0,False,True,10.948198687256909,,ls:1898-145715-0022,16.67218780517578,16.764543533325195,0.9070936611692747,2.5465643405914307,nan,nan,nan,0.02,
ckpt:runs/vaani_full_r4_s1/best.pt,0010,recorded_impulsive_15,recorded_impulsive,15.0,False,False,-2.724471892187541,,cvhi:common_voice_hi_24759092,20.290250778198242,21.91800308227539,0.9850576005093608,2.9369986057281494,nan,nan,nan,0.0,
ckpt:runs/vaani_full_r4_s1/best.pt,0011,recorded_impulsive_15,recorded_impulsive,15.0,True,False,10.067570757979702,,cvhi:common_voice_hi_24427336,19.079458236694336,19.23796272277832,0.9201180864372088,2.7732367515563965,nan,nan,nan,0.16,
ckpt:runs/vaani_full_r4_s1/best.pt,0012,recorded_impulsive_15,recorded_impulsive,15.0,False,False,0.893756747550511,,cvhi:common_voice_hi_24510981,19.037403106689453,20.41812515258789,0.9754704205833331,2.9167730808258057,nan,nan,nan,0.0,
ckpt:runs/vaani_full_r4_s1/best.pt,0013,recorded_impulsive_15,recorded_impulsive,15.0,False,False,11.79731470162395,,ls:1898-145702-0006,15.345526695251465,15.329828262329102,0.9431543392839379,2.291260004043579,nan,nan,nan,0.32,
ckpt:runs/vaani_full_r4_s1/best.pt,0014,recorded_impulsive_15,recorded_impulsive,15.0,False,False,-5.9938145752950724,,ls:1263-139804-0026,23.83197593688965,24.09806251525879,0.9951901601965417,3.6763789653778076,nan,nan,nan,0.0,
ckpt:runs/vaani_full_r4_s1/best.pt,0015,recorded_impulsive_15,recorded_impulsive,15.0,False,False,4.2731071320723615,,ls:1263-139804-0006,14.600933074951172,15.2047119140625,0.9874609881026344,2.871070146560669,nan,nan,nan,0.04,
ckpt:runs/vaani_full_r4_s1/best.pt,0016,recorded_impulsive_15,recorded_impulsive,15.0,True,False,7.944047672326596,,ls:1263-141777-0023,15.479327201843262,16.063901901245117,0.9766117532897306,2.9248602390289307,nan,nan,nan,0.16,
ckpt:runs/vaani_full_r4_s1/best.pt,0017,recorded_impulsive_15,recorded_impulsive,15.0,False,False,1.069182093528573,,cvhi:common_voice_hi_25180521,19.065486907958984,19.65563201904297,0.9386161603573829,3.0834195613861084,nan,nan,nan,0.1,
ckpt:runs/vaani_full_r4_s1/best.pt,0018,recorded_impulsive_15,recorded_impulsive,15.0,False,False,5.315715201884629,,ls:226-131533-0003,18.704532623291016,19.5467529296875,0.9756655048342767,3.4775643348693848,nan,nan,nan,0.0,
ckpt:runs/vaani_full_r4_s1/best.pt,0019,recorded_impulsive_15,recorded_impulsive,15.0,False,False,3.1446126270824877,,cvhi:common_voice_hi_24258318,15.203441619873047,15.296164512634277,0.9752243894659732,2.4678492546081543,nan,nan,nan,inf,
ckpt:runs/vaani_full_r4_s1/best.pt,0020,recorded_impulsive_15,recorded_impulsive,15.0,False,False,7.656500556724016,,cvhi:common_voice_hi_24759094,18.53146743774414,19.519752502441406,0.9863175777147803,3.3238093852996826,nan,nan,nan,0.0,
ckpt:runs/vaani_full_r4_s1/best.pt,0021,recorded_impulsive_15,recorded_impulsive,15.0,False,False,7.069022774115778,,cvhi:common_voice_hi_24759076,19.20432472229004,20.410306930541992,0.9852830800660958,3.342493772506714,nan,nan,nan,0.12,
ckpt:runs/vaani_full_r4_s1/best.pt,0022,recorded_impulsive_15,recorded_impulsive,15.0,False,False,-0.8973276631797713,,cvhi:common_voice_hi_24225595,18.62787628173828,19.596885681152344,0.9729836035465736,2.81284761428833,nan,nan,nan,0.22,
ckpt:runs/vaani_full_r4_s1/best.pt,0023,recorded_impulsive_15,recorded_impulsive,15.0,True,False,-0.43189228601978424,,cvhi:common_voice_hi_24225553,16.263002395629883,17.01384735107422,0.988134040974108,3.3366260528564453,nan,nan,nan,0.0,
ckpt:runs/vaani_full_r4_s1/best.pt,0024,recorded_impulsive_15,recorded_impulsive,15.0,False,False,-2.692146212887341,,cvhi:common_voice_hi_24782736,23.12335968017578,23.99126434326172,0.9853622096544231,2.6734366416931152,nan,nan,nan,inf,
ckpt:runs/vaani_full_r4_s1/best.pt,0025,recorded_impulsive_15,recorded_impulsive,15.0,True,False,-4.881511027970769,,cvhi:common_voice_hi_24258380,19.144155502319336,19.653642654418945,0.9844520634416839,3.5859715938568115,nan,nan,nan,0.0,
ckpt:runs/vaani_full_r4_s1/best.pt,0026,recorded_impulsive_15,recorded_impulsive,15.0,False,False,9.759318476879615,,ls:150-126112-0005,16.242403030395508,16.69037437438965,0.8524361900614311,3.368853807449341,nan,nan,nan,0.0,
ckpt:runs/vaani_full_r4_s1/best.pt,0027,recorded_impulsive_15,recorded_impulsive,15.0,False,False,2.883919309748684,,cvhi:common_voice_hi_24427465,25.19725799560547,34.34925842285156,0.999669356689339,4.012914180755615,nan,nan,nan,0.02,
ckpt:runs/vaani_full_r4_s1/best.pt,0028,recorded_impulsive_15,recorded_impulsive,15.0,False,False,4.060288135520798,,cvhi:common_voice_hi_27005182,20.4609375,21.606454849243164,0.9483395635766818,2.0559778213500977,nan,nan,nan,0.06,
ckpt:runs/vaani_full_r4_s1/best.pt,0029,recorded_impulsive_15,recorded_impulsive,15.0,False,False,11.06039025382318,,cvhi:common_voice_hi_25323046,15.345044136047363,15.880987167358398,0.9355681079230045,2.203256368637085,nan,nan,nan,0.28,
ckpt:runs/vaani_full_r4_s1/best.pt,0030,recorded_impulsive_15,recorded_impulsive,15.0,False,False,4.21995009948586,,cvhi:common_voice_hi_24280931,15.409255981445312,15.93438720703125,0.974401969314476,2.8857688903808594,nan,nan,nan,1.4,
ckpt:runs/vaani_full_r4_s1/best.pt,0031,recorded_impulsive_15,recorded_impulsive,15.0,False,False,8.903283856246349,,cvhi:common_voice_hi_25982640,19.032119750976562,20.751747131347656,0.9969418448913152,3.6599299907684326,nan,nan,nan,2.24,
ckpt:runs/vaani_full_r4_s1/best.pt,0032,recorded_impulsive_15,recorded_impulsive,15.0,False,False,-3.064273258504408,,ls:1898-145724-0002,21.598636627197266,21.573068618774414,0.9711425710668886,3.0263829231262207,nan,nan,nan,0.0,
ckpt:runs/vaani_full_r4_s1/best.pt,0033,recorded_impulsive_15,recorded_impulsive,15.0,False,False,-4.777185135973132,,ls:226-131532-0025,21.70509147644043,22.02601432800293,0.9042815166950794,3.458991289138794,nan,nan,nan,0.0,
ckpt:runs/vaani_full_r4_s1/best.pt,0034,recorded_impulsive_15,recorded_impulsive,15.0,False,False,6.750491259514366,,cvhi:common_voice_hi_26007589,18.45547103881836,18.693347930908203,0.9385338096600586,3.230372428894043,nan,nan,nan,0.36,
ckpt:runs/vaani_full_r4_s1/best.pt,0035,recorded_impulsive_15,recorded_impulsive,15.0,False,False,6.68753940294328,,cvhi:common_voice_hi_26967383,22.818124771118164,24.476497650146484,0.9671221351755638,3.591676950454712,nan,nan,nan,0.0,
ckpt:runs/vaani_full_r4_s1/best.pt,0036,recorded_impulsive_15,recorded_impulsive,15.0,False,False,6.277231790057321,,cvhi:common_voice_hi_24258310,21.27411651611328,22.37686538696289,0.9846040359008806,3.490776300430298,nan,nan,nan,0.96,
ckpt:runs/vaani_full_r4_s1/best.pt,0037,recorded_impulsive_15,recorded_impulsive,15.0,False,False,2.2410112556563355,,ls:150-126107-0035,16.76750373840332,16.762189865112305,0.8978665231125188,3.1333000659942627,nan,nan,nan,0.0,
ckpt:runs/vaani_full_r4_s1/best.pt,0038,recorded_impulsive_15,recorded_impulsive,15.0,False,False,7.008691240607437,,cvhi:common_voice_hi_27639379,17.97728729248047,18.22879409790039,0.9475874841252014,2.927015542984009,nan,nan,nan,0.32,
ckpt:runs/vaani_full_r4_s1/best.pt,0039,recorded_impulsive_15,recorded_impulsive,15.0,False,False,3.5601305750228107,,cvhi:common_voice_hi_26968422,20.420841217041016,22.528188705444336,0.9835767298064242,3.223170042037964,nan,nan,nan,0.0,
ckpt:runs/vaani_full_r4_s1/best.pt,0000,recorded_impulsive_5,recorded_impulsive,5.0,True,False,1.798416198605179,,ls:226-122538-0005,17.589006423950195,17.860742568969727,0.9699111068836028,3.301940441131592,nan,nan,nan,0.0,
ckpt:runs/vaani_full_r4_s1/best.pt,0001,recorded_impulsive_5,recorded_impulsive,5.0,False,False,-4.820322634738789,,ls:150-126107-0036,12.604517936706543,12.48034954071045,0.9891833531730347,3.6963281631469727,nan,nan,nan,0.0,
ckpt:runs/vaani_full_r4_s1/best.pt,0002,recorded_impulsive_5,recorded_impulsive,5.0,False,False,10.028680301014411,,cvhi:common_voice_hi_24510980,14.20439624786377,14.349154472351074,0.9086782774828188,2.062152147293091,nan,nan,nan,0.46,
ckpt:runs/vaani_full_r4_s1/best.pt,0003,recorded_impulsive_5,recorded_impulsive,5.0,False,False,9.034087450720332,,cvhi:common_voice_hi_24258323,12.350431442260742,13.545794486999512,0.9578137426462996,2.3674886226654053,nan,nan,nan,0.04,
ckpt:runs/vaani_full_r4_s1/best.pt,0004,recorded_impulsive_5,recorded_impulsive,5.0,False,False,-0.030201084074227502,,cvhi:common_voice_hi_27005666,10.688711166381836,10.34192180633545,0.9537025750575394,2.188281774520874,nan,nan,nan,0.0,
ckpt:runs/vaani_full_r4_s1/best.pt,0005,recorded_impulsive_5,recorded_impulsive,5.0,False,False,-0.486121921571109,,ls:150-132655-0031,11.91362476348877,11.626819610595703,0.9589330760407069,2.75357985496521,nan,nan,nan,0.0,
ckpt:runs/vaani_full_r4_s1/best.pt,0006,recorded_impulsive_5,recorded_impulsive,5.0,False,False,5.61581907494287,,cvhi:common_voice_hi_23844536,13.958277702331543,13.892803192138672,0.89547563595062,2.2496891021728516,nan,nan,nan,1.34,
ckpt:runs/vaani_full_r4_s1/best.pt,0007,recorded_impulsive_5,recorded_impulsive,5.0,False,False,4.350048075976826,,ls:1263-141777-0016,14.591306686401367,14.794633865356445,0.9578509030224556,2.5012013912200928,nan,nan,nan,0.2,
ckpt:runs/vaani_full_r4_s1/best.pt,0008,recorded_impulsive_5,recorded_impulsive,5.0,False,False,-0.28214278641409507,,cvhi:common_voice_hi_40337919,10.490007400512695,10.321721076965332,0.9380239431634919,1.980790138244629,nan,nan,nan,0.0,
ckpt:runs/vaani_full_r4_s1/best.pt,0009,recorded_impulsive_5,recorded_impulsive,5.0,False,False,6.07836390350276,,cvhi:common_voice_hi_27005450,10.708876609802246,10.476276397705078,0.9497566732286008,1.7433223724365234,nan,nan,nan,0.0,
ckpt:runs/vaani_full_r4_s1/best.pt,0010,recorded_impulsive_5,recorded_impulsive,5.0,False,False,6.812341093609859,,cvhi:common_voice_hi_24258349,21.986431121826172,22.298057556152344,0.9852976765911827,3.614020586013794,nan,nan,nan,0.18,
ckpt:runs/vaani_full_r4_s1/best.pt,0011,recorded_impulsive_5,recorded_impulsive,5.0,False,False,-5.731525261618403,,cvhi:common_voice_hi_24228204,17.056522369384766,17.415569305419922,0.9682583821063816,2.1711440086364746,nan,nan,nan,0.0,
ckpt:runs/vaani_full_r4_s1/best.pt,0012,recorded_impulsive_5,recorded_impulsive,5.0,False,False,9.524111505526516,,cvhi:common_voice_hi_24228603,16.250444412231445,16.53135108947754,0.9694495974443542,2.4769914150238037,nan,nan,nan,0.0,
ckpt:runs/vaani_full_r4_s1/best.pt,0013,recorded_impulsive_5,recorded_impulsive,5.0,False,False,0.46360803284295304,,cvhi:common_voice_hi_27005271,15.195250511169434,15.165279388427734,0.970009218239385,2.6182918548583984,nan,nan,nan,0.0,
ckpt:runs/vaani_full_r4_s1/best.pt,0014,recorded_impulsive_5,recorded_impulsive,5.0,False,False,7.04835005944221,,ls:150-126112-0029,16.915311813354492,17.172887802124023,0.9160917435185657,2.74194598197937,nan,nan,nan,0.0,
ckpt:runs/vaani_full_r4_s1/best.pt,0015,recorded_impulsive_5,recorded_impulsive,5.0,False,False,5.097260982476948,,cvhi:common_voice_hi_26966925,20.814247131347656,22.3709659576416,0.9876787707009013,3.2066426277160645,nan,nan,nan,0.86,
ckpt:runs/vaani_full_r4_s1/best.pt,0016,recorded_impulsive_5,recorded_impulsive,5.0,False,False,-0.13622370166232134,,cvhi:common_voice_hi_24228152,16.677221298217773,17.246047973632812,0.9650212327684369,2.880906581878662,nan,nan,nan,0.0,
ckpt:runs/vaani_full_r4_s1/best.pt,0017,recorded_impulsive_5,recorded_impulsive,5.0,False,False,-1.5140936886203216,,cvhi:common_voice_hi_27005441,14.061172485351562,14.034771919250488,0.948352508680643,2.301103353500366,nan,nan,nan,0.0,
ckpt:runs/vaani_full_r4_s1/best.pt,0018,recorded_impulsive_5,recorded_impulsive,5.0,True,False,8.665278692926243,,cvhi:common_voice_hi_24782740,18.862462997436523,19.65800666809082,0.9150623557597473,2.1554417610168457,nan,nan,nan,0.0,
ckpt:runs/vaani_full_r4_s1/best.pt,0019,recorded_impulsive_5,recorded_impulsive,5.0,False,False,7.039470028902549,,cvhi:common_voice_hi_27005203,13.851463317871094,13.96940803527832,0.924873462480949,2.7899301052093506,nan,nan,nan,0.0,
ckpt:runs/vaani_full_r4_s1/best.pt,0020,recorded_impulsive_5,recorded_impulsive,5.0,False,False,-3.857200289997631,,cvhi:common_voice_hi_24386916,16.4812068939209,16.475749969482422,0.9245394568830213,2.2559316158294678,nan,nan,nan,0.0,
ckpt:runs/vaani_full_r4_s1/best.pt,0021,recorded_impulsive_5,recorded_impulsive,5.0,True,False,8.52862313637004,,cvhi:common_voice_hi_24225492,9.90527057647705,9.61457633972168,0.9560118942573229,2.2437870502471924,nan,nan,nan,0.26,
ckpt:runs/vaani_full_r4_s1/best.pt,0022,recorded_impulsive_5,recorded_impulsive,5.0,False,False,7.848206944694379,,cvhi:common_voice_hi_24228548,14.5880126953125,14.458202362060547,0.9246795529431829,2.163928985595703,nan,nan,nan,0.0,
ckpt:runs/vaani_full_r4_s1/best.pt,0023,recorded_impulsive_5,recorded_impulsive,5.0,True,False,-2.0747953953470857,,cvhi:common_voice_hi_27005233,15.13644790649414,15.27048110961914,0.9705131484186246,2.8065783977508545,nan,nan,nan,0.0,
ckpt:runs/vaani_full_r4_s1/best.pt,0024,recorded_impulsive_5,recorded_impulsive,5.0,False,False,4.223856992295071,,cvhi:common_voice_hi_27005642,13.324212074279785,13.164397239685059,0.9456085928849628,1.7957327365875244,nan,nan,nan,0.0,
ckpt:runs/vaani_full_r4_s1/best.pt,0025,recorded_impulsive_5,recorded_impulsive,5.0,False,False,-1.0871625872363602,,cvhi:common_voice_hi_24427696,17.50339698791504,18.848302841186523,0.8745925665218525,2.63413667678833,nan,nan,nan,0.04,
ckpt:runs/vaani_full_r4_s1/best.pt,0026,recorded_impulsive_5,recorded_impulsive,5.0,False,False,5.570273032326961,,cvhi:common_voice_hi_24427849,13.018442153930664,13.130635261535645,0.8235479214854355,2.046816110610962,nan,nan,nan,0.02,
ckpt:runs/vaani_full_r4_s1/best.pt,0027,recorded_impulsive_5,recorded_impulsive,5.0,False,False,-1.32895260016969,,cvhi:common_voice_hi_27005181,25.1578369140625,25.59138298034668,0.9466706363926194,2.988842010498047,nan,nan,nan,0.0,
ckpt:runs/vaani_full_r4_s1/best.pt,0028,recorded_impulsive_5,recorded_impulsive,5.0,False,False,-4.095967728859255,,cvhi:common_voice_hi_24258386,8.895256042480469,8.471548080444336,0.9400601603560184,1.6487183570861816,nan,nan,nan,0.16,
ckpt:runs/vaani_full_r4_s1/best.pt,0029,recorded_impulsive_5,recorded_impulsive,5.0,False,False,11.309009481064322,,ls:1263-141777-0007,15.267574310302734,15.585512161254883,0.9666183064617003,3.237030506134033,nan,nan,nan,0.0,
ckpt:runs/vaani_full_r4_s1/best.pt,0030,recorded_impulsive_5,recorded_impulsive,5.0,False,False,2.6344664717466095,,cvhi:common_voice_hi_24386309,14.269145965576172,14.859407424926758,0.94479990922344,2.653355598449707,nan,nan,nan,0.0,
ckpt:runs/vaani_full_r4_s1/best.pt,0031,recorded_impulsive_5,recorded_impulsive,5.0,True,False,9.473221144807663,,cvhi:common_voice_hi_26008603,18.255205154418945,18.3192138671875,0.9150958608196221,2.1702868938446045,nan,nan,nan,0.0,
ckpt:runs/vaani_full_r4_s1/best.pt,0032,recorded_impulsive_5,recorded_impulsive,5.0,False,False,8.225726794173614,,cvhi:common_voice_hi_24759434,14.141034126281738,14.469442367553711,0.9900185538250419,2.7323343753814697,nan,nan,nan,0.0,
ckpt:runs/vaani_full_r4_s1/best.pt,0033,recorded_impulsive_5,recorded_impulsive,5.0,False,False,8.67337396742759,,cvhi:common_voice_hi_24427333,8.09037971496582,7.830293655395508,0.7069440566849685,1.6130268573760986,nan,nan,nan,0.28,
ckpt:runs/vaani_full_r4_s1/best.pt,0034,recorded_impulsive_5,recorded_impulsive,5.0,False,False,8.71896348454575,,cvhi:common_voice_hi_25154411,14.710721015930176,14.66838264465332,0.8278916793599304,2.257690906524658,nan,nan,nan,0.08,
ckpt:runs/vaani_full_r4_s1/best.pt,0035,recorded_impulsive_5,recorded_impulsive,5.0,False,False,-4.060316463013525,,ls:1263-141777-0001,14.12701416015625,13.981805801391602,0.9525847038885072,2.534294843673706,nan,nan,nan,0.0,
ckpt:runs/vaani_full_r4_s1/best.pt,0036,recorded_impulsive_5,recorded_impulsive,5.0,False,False,9.5844301985829,,cvhi:common_voice_hi_27005505,18.588022232055664,19.48566436767578,0.9880209849978071,2.7089474201202393,nan,nan,nan,1.42,
ckpt:runs/vaani_full_r4_s1/best.pt,0037,recorded_impulsive_5,recorded_impulsive,5.0,False,False,1.124645020617332,,cvhi:common_voice_hi_25154354,21.74639129638672,22.283702850341797,0.8223769139511322,2.315382719039917,nan,nan,nan,0.0,
ckpt:runs/vaani_full_r4_s1/best.pt,0038,recorded_impulsive_5,recorded_impulsive,5.0,False,False,-4.436890819136119,,ls:1263-138246-0034,8.84693717956543,8.408417701721191,0.9502511471473879,1.2984507083892822,nan,nan,nan,0.7,
ckpt:runs/vaani_full_r4_s1/best.pt,0039,recorded_impulsive_5,recorded_impulsive,5.0,False,False,10.391862816313854,,ls:1898-145715-0037,12.09372615814209,11.822235107421875,0.8856344019497076,1.8501076698303223,nan,nan,nan,0.74,
ckpt:runs/vaani_full_r4_s1/best.pt,0000,stationary_-10,stationary,-10.0,False,False,,,cvhi:common_voice_hi_26080943,3.316328763961792,0.7584803104400635,0.7748348377829133,1.3426883220672607,nan,nan,nan,nan,
ckpt:runs/vaani_full_r4_s1/best.pt,0001,stationary_-10,stationary,-10.0,False,True,,,cvhi:common_voice_hi_24228152,1.744879961013794,-2.685694694519043,0.4689801627357529,1.050671935081482,nan,nan,nan,nan,
ckpt:runs/vaani_full_r4_s1/best.pt,0002,stationary_-10,stationary,-10.0,False,False,,,ls:1263-141777-0034,5.432242393493652,3.974541664123535,0.8214614604265467,1.2858902215957642,nan,nan,nan,nan,
ckpt:runs/vaani_full_r4_s1/best.pt,0003,stationary_-10,stationary,-10.0,False,False,,,cvhi:common_voice_hi_24228568,3.674156427383423,1.2399036884307861,0.7572404785147576,1.6017783880233765,nan,nan,nan,nan,
ckpt:runs/vaani_full_r4_s1/best.pt,0004,stationary_-10,stationary,-10.0,False,False,,,cvhi:common_voice_hi_24258333,5.954592227935791,4.68337345123291,0.7019062411563046,1.1689201593399048,nan,nan,nan,nan,
ckpt:runs/vaani_full_r4_s1/best.pt,0005,stationary_-10,stationary,-10.0,False,False,,,ls:1898-145720-0011,5.496383190155029,4.13050651550293,0.512027113177125,1.1290075778961182,nan,nan,nan,nan,
ckpt:runs/vaani_full_r4_s1/best.pt,0006,stationary_-10,stationary,-10.0,False,False,,,cvhi:common_voice_hi_27005248,1.8283772468566895,-2.7996649742126465,0.5540924315752355,1.0910356044769287,nan,nan,nan,nan,
ckpt:runs/vaani_full_r4_s1/best.pt,0007,stationary_-10,stationary,-10.0,False,False,,,cvhi:common_voice_hi_27005268,3.2684412002563477,0.754837155342102,0.6540316346062055,1.1252484321594238,nan,nan,nan,nan,
ckpt:runs/vaani_full_r4_s1/best.pt,0008,stationary_-10,stationary,-10.0,False,False,,,ls:150-126112-0009,6.632648468017578,5.571712493896484,0.6856712203807936,1.230614185333252,nan,nan,nan,nan,
ckpt:runs/vaani_full_r4_s1/best.pt,0009,stationary_-10,stationary,-10.0,False,False,,,cvhi:common_voice_hi_24228163,11.460967063903809,11.349430084228516,0.8557246146448111,1.4993071556091309,nan,nan,nan,nan,
ckpt:runs/vaani_full_r4_s1/best.pt,0010,stationary_-10,stationary,-10.0,False,False,,,cvhi:common_voice_hi_26967397,8.166741371154785,7.483868598937988,0.7792752923076833,1.5228221416473389,nan,nan,nan,nan,
ckpt:runs/vaani_full_r4_s1/best.pt,0011,stationary_-10,stationary,-10.0,False,False,,,ls:226-122538-0003,6.937891960144043,5.980759620666504,0.7761757968532447,1.625887155532837,nan,nan,nan,nan,
ckpt:runs/vaani_full_r4_s1/best.pt,0012,stationary_-10,stationary,-10.0,False,False,,,cvhi:common_voice_hi_24427849,6.439174652099609,5.343255996704102,0.648888877702525,1.4225521087646484,nan,nan,nan,nan,
ckpt:runs/vaani_full_r4_s1/best.pt,0013,stationary_-10,stationary,-10.0,False,False,,,cvhi:common_voice_hi_24510992,3.4678196907043457,1.2155247926712036,0.5704452284785091,1.2606874704360962,nan,nan,nan,nan,
ckpt:runs/vaani_full_r4_s1/best.pt,0014,stationary_-10,stationary,-10.0,False,False,,,cvhi:common_voice_hi_26007591,6.977169990539551,6.152558326721191,0.734242337996837,1.328817367553711,nan,nan,nan,nan,
ckpt:runs/vaani_full_r4_s1/best.pt,0015,stationary_-10,stationary,-10.0,False,False,,,cvhi:common_voice_hi_24386806,4.783565521240234,3.087284803390503,0.7911039985821121,1.3427778482437134,nan,nan,nan,nan,
ckpt:runs/vaani_full_r4_s1/best.pt,0016,stationary_-10,stationary,-10.0,False,False,,,cvhi:common_voice_hi_27248545,7.247733116149902,6.4240193367004395,0.7141298490365664,1.411710262298584,nan,nan,nan,nan,
ckpt:runs/vaani_full_r4_s1/best.pt,0017,stationary_-10,stationary,-10.0,False,False,,,cvhi:common_voice_hi_24258400,3.7112202644348145,1.3043105602264404,0.6772383435179097,1.1830087900161743,nan,nan,nan,nan,
ckpt:runs/vaani_full_r4_s1/best.pt,0018,stationary_-10,stationary,-10.0,True,False,,,ls:226-131533-0033,5.85481071472168,4.691699028015137,0.6059063656476062,1.22408926486969,nan,nan,nan,nan,
ckpt:runs/vaani_full_r4_s1/best.pt,0019,stationary_-10,stationary,-10.0,True,True,,,cvhi:common_voice_hi_24427451,6.589953422546387,5.547192096710205,0.6642000800421591,1.3342124223709106,nan,nan,nan,nan,
ckpt:runs/vaani_full_r4_s1/best.pt,0020,stationary_-10,stationary,-10.0,False,False,,,cvhi:common_voice_hi_24228290,4.456496238708496,2.5452880859375,0.7416020889735578,1.1772854328155518,nan,nan,nan,nan,
ckpt:runs/vaani_full_r4_s1/best.pt,0021,stationary_-10,stationary,-10.0,False,False,,,cvhi:common_voice_hi_25154411,3.6032609939575195,1.2737594842910767,0.6179620384234754,1.220360517501831,nan,nan,nan,nan,
ckpt:runs/vaani_full_r4_s1/best.pt,0022,stationary_-10,stationary,-10.0,False,False,,,cvhi:common_voice_hi_25128206,7.822778224945068,7.061777114868164,0.7822494377488157,1.2085484266281128,nan,nan,nan,nan,
ckpt:runs/vaani_full_r4_s1/best.pt,0023,stationary_-10,stationary,-10.0,False,False,,,cvhi:common_voice_hi_24782658,3.4924488067626953,0.9832534193992615,0.6110390456152134,1.1040005683898926,nan,nan,nan,nan,
ckpt:runs/vaani_full_r4_s1/best.pt,0024,stationary_-10,stationary,-10.0,False,False,,,cvhi:common_voice_hi_24510992,3.1971933841705322,0.5824421644210815,0.6194162037719283,1.3187885284423828,nan,nan,nan,nan,
ckpt:runs/vaani_full_r4_s1/best.pt,0025,stationary_-10,stationary,-10.0,False,False,,,cvhi:common_voice_hi_24225720,2.923689126968384,-0.02370285615324974,0.5303289100751895,1.0757715702056885,nan,nan,nan,nan,
ckpt:runs/vaani_full_r4_s1/best.pt,0026,stationary_-10,stationary,-10.0,False,False,,,cvhi:common_voice_hi_26007792,2.0279736518859863,-2.1513006687164307,0.39715787965514965,1.1201967000961304,nan,nan,nan,nan,
ckpt:runs/vaani_full_r4_s1/best.pt,0027,stationary_-10,stationary,-10.0,False,False,,,cvhi:common_voice_hi_23964474,3.8684985637664795,1.917335033416748,0.7050228121904708,1.166494369506836,nan,nan,nan,nan,
ckpt:runs/vaani_full_r4_s1/best.pt,0028,stationary_-10,stationary,-10.0,False,False,,,cvhi:common_voice_hi_24280936,4.032742977142334,1.8807592391967773,0.7623136388743033,1.2393548488616943,nan,nan,nan,nan,
ckpt:runs/vaani_full_r4_s1/best.pt,0029,stationary_-10,stationary,-10.0,False,False,,,cvhi:common_voice_hi_25154267,5.659638404846191,4.335210800170898,0.6075346617910636,1.1105328798294067,nan,nan,nan,nan,
ckpt:runs/vaani_full_r4_s1/best.pt,0030,stationary_-10,stationary,-10.0,False,False,,,cvhi:common_voice_hi_24386565,9.627789497375488,9.230533599853516,0.6660822130384808,1.4312269687652588,nan,nan,nan,nan,
ckpt:runs/vaani_full_r4_s1/best.pt,0031,stationary_-10,stationary,-10.0,False,False,,,cvhi:common_voice_hi_24386308,6.2822346687316895,5.2454094886779785,0.5619478677450122,1.2024424076080322,nan,nan,nan,nan,
ckpt:runs/vaani_full_r4_s1/best.pt,0032,stationary_-10,stationary,-10.0,False,False,,,ls:1898-145715-0022,3.5070083141326904,0.9693453311920166,0.5566174635659193,1.084923267364502,nan,nan,nan,nan,
ckpt:runs/vaani_full_r4_s1/best.pt,0033,stationary_-10,stationary,-10.0,False,False,,,cvhi:common_voice_hi_37329985,3.314558267593384,0.6157504320144653,0.6027455620820182,1.1727112531661987,nan,nan,nan,nan,
ckpt:runs/vaani_full_r4_s1/best.pt,0034,stationary_-10,stationary,-10.0,False,False,,,cvhi:common_voice_hi_25948428,4.666023254394531,2.9772565364837646,0.7014756701073599,1.279946208000183,nan,nan,nan,nan,
ckpt:runs/vaani_full_r4_s1/best.pt,0035,stationary_-10,stationary,-10.0,False,False,,,cvhi:common_voice_hi_24228142,4.526398658752441,2.8050007820129395,0.7326281121237216,1.3079155683517456,nan,nan,nan,nan,
ckpt:runs/vaani_full_r4_s1/best.pt,0036,stationary_-10,stationary,-10.0,False,False,,,ls:226-122538-0022,6.105109214782715,4.999291896820068,0.5648503481770238,1.2469381093978882,nan,nan,nan,nan,
ckpt:runs/vaani_full_r4_s1/best.pt,0037,stationary_-10,stationary,-10.0,False,False,,,cvhi:common_voice_hi_27035687,5.029587268829346,3.435901403427124,0.705752028435952,1.304383635520935,nan,nan,nan,nan,
ckpt:runs/vaani_full_r4_s1/best.pt,0038,stationary_-10,stationary,-10.0,False,False,,,cvhi:common_voice_hi_25323041,3.6914238929748535,1.270700454711914,0.7745922806806642,1.1872972249984741,nan,nan,nan,nan,
ckpt:runs/vaani_full_r4_s1/best.pt,0039,stationary_-10,stationary,-10.0,False,False,,,ls:226-122538-0021,4.083454132080078,1.9352569580078125,0.6900014379996094,1.16184663772583,nan,nan,nan,nan,
ckpt:runs/vaani_full_r4_s1/best.pt,0000,stationary_-5,stationary,-5.0,False,False,,,cvhi:common_voice_hi_27005421,4.412051677703857,2.5778894424438477,0.7824218282793794,1.156879186630249,nan,nan,nan,nan,
ckpt:runs/vaani_full_r4_s1/best.pt,0001,stationary_-5,stationary,-5.0,False,False,,,cvhi:common_voice_hi_26967980,8.258055686950684,7.62160587310791,0.820183718005072,1.4604440927505493,nan,nan,nan,nan,
ckpt:runs/vaani_full_r4_s1/best.pt,0002,stationary_-5,stationary,-5.0,False,False,,,ls:226-131532-0001,6.5216875076293945,5.480945587158203,0.5542840686802564,1.272756814956665,nan,nan,nan,nan,
ckpt:runs/vaani_full_r4_s1/best.pt,0003,stationary_-5,stationary,-5.0,False,False,,,ls:1263-138246-0034,4.863264083862305,3.212385416030884,0.6815913917157371,1.2113209962844849,nan,nan,nan,nan,
ckpt:runs/vaani_full_r4_s1/best.pt,0004,stationary_-5,stationary,-5.0,False,False,,,ls:150-126107-0002,5.81249475479126,4.780559539794922,0.5429501378324355,1.1360161304473877,nan,nan,nan,nan,
ckpt:runs/vaani_full_r4_s1/best.pt,0005,stationary_-5,stationary,-5.0,False,False,,,ls:150-126107-0031,12.976250648498535,12.8070650100708,0.7740411890663103,2.061509847640991,nan,nan,nan,nan,
ckpt:runs/vaani_full_r4_s1/best.pt,0006,stationary_-5,stationary,-5.0,False,False,,,cvhi:common_voice_hi_26008912,7.421656131744385,6.577362060546875,0.6893009830511274,1.1492433547973633,nan,nan,nan,nan,
ckpt:runs/vaani_full_r4_s1/best.pt,0007,stationary_-5,stationary,-5.0,False,False,,,cvhi:common_voice_hi_25154306,4.237228870391846,2.1875836849212646,0.7002535829899564,1.1625078916549683,nan,nan,nan,nan,
ckpt:runs/vaani_full_r4_s1/best.pt,0008,stationary_-5,stationary,-5.0,False,False,,,cvhi:common_voice_hi_26253997,6.799230098724365,5.802600383758545,0.7653326229695039,1.4264545440673828,nan,nan,nan,nan,
ckpt:runs/vaani_full_r4_s1/best.pt,0009,stationary_-5,stationary,-5.0,False,False,,,cvhi:common_voice_hi_26253996,5.218809127807617,3.948683977127075,0.7855287209932512,1.3912732601165771,nan,nan,nan,nan,
ckpt:runs/vaani_full_r4_s1/best.pt,0010,stationary_-5,stationary,-5.0,False,False,,,cvhi:common_voice_hi_25154301,6.4702606201171875,5.361588478088379,0.4607230832194831,1.1497288942337036,nan,nan,nan,nan,
ckpt:runs/vaani_full_r4_s1/best.pt,0011,stationary_-5,stationary,-5.0,False,False,,,cvhi:common_voice_hi_24759098,4.850343227386475,3.1335904598236084,0.7801653410248129,1.1542960405349731,nan,nan,nan,nan,
ckpt:runs/vaani_full_r4_s1/best.pt,0012,stationary_-5,stationary,-5.0,False,False,,,ls:1263-138246-0015,8.327329635620117,7.6898980140686035,0.8713241670217448,1.5832738876342773,nan,nan,nan,nan,
ckpt:runs/vaani_full_r4_s1/best.pt,0013,stationary_-5,stationary,-5.0,False,False,,,cvhi:common_voice_hi_24280949,4.064268112182617,2.209413528442383,0.783346764394144,1.2801508903503418,nan,nan,nan,nan,
ckpt:runs/vaani_full_r4_s1/best.pt,0014,stationary_-5,stationary,-5.0,False,False,,,cvhi:common_voice_hi_25005860,4.468878746032715,2.786522150039673,0.6830290819646457,1.3188438415527344,nan,nan,nan,nan,
ckpt:runs/vaani_full_r4_s1/best.pt,0015,stationary_-5,stationary,-5.0,False,False,,,cvhi:common_voice_hi_27005206,3.618330717086792,1.7192660570144653,0.6929971982758415,1.164638876914978,nan,nan,nan,nan,
ckpt:runs/vaani_full_r4_s1/best.pt,0016,stationary_-5,stationary,-5.0,False,False,,,cvhi:common_voice_hi_27005198,4.315248012542725,2.3827462196350098,0.6987561608053221,1.235173225402832,nan,nan,nan,nan,
ckpt:runs/vaani_full_r4_s1/best.pt,0017,stationary_-5,stationary,-5.0,False,False,,,cvhi:common_voice_hi_27149956,5.990235805511475,4.739058017730713,0.6692915289945829,1.329685091972351,nan,nan,nan,nan,
ckpt:runs/vaani_full_r4_s1/best.pt,0018,stationary_-5,stationary,-5.0,False,False,,,cvhi:common_voice_hi_26967409,6.744400978088379,5.72072696685791,0.8106599412634778,1.6729878187179565,nan,nan,nan,nan,
ckpt:runs/vaani_full_r4_s1/best.pt,0019,stationary_-5,stationary,-5.0,False,False,,,ls:1263-138246-0031,5.820503234863281,4.6058735847473145,0.79978693308625,1.3877625465393066,nan,nan,nan,nan,
ckpt:runs/vaani_full_r4_s1/best.pt,0020,stationary_-5,stationary,-5.0,False,False,,,cvhi:common_voice_hi_26008606,7.6181416511535645,6.899840354919434,0.6443783527519044,1.1329113245010376,nan,nan,nan,nan,
ckpt:runs/vaani_full_r4_s1/best.pt,0021,stationary_-5,stationary,-5.0,False,False,,,ls:1263-139804-0006,4.508120536804199,2.911104679107666,0.7411453176260764,1.2250746488571167,nan,nan,nan,nan,
ckpt:runs/vaani_full_r4_s1/best.pt,0022,stationary_-5,stationary,-5.0,False,False,,,cvhi:common_voice_hi_24386473,8.233736991882324,7.966751575469971,0.8579972018721015,1.5262101888656616,nan,nan,nan,nan,
ckpt:runs/vaani_full_r4_s1/best.pt,0023,stationary_-5,stationary,-5.0,False,False,,,cvhi:common_voice_hi_25154371,8.54557991027832,7.906333923339844,0.6912569322538886,1.447797417640686,nan,nan,nan,nan,
ckpt:runs/vaani_full_r4_s1/best.pt,0024,stationary_-5,stationary,-5.0,False,False,,,ls:1898-145724-0008,11.543319702148438,11.280287742614746,0.8918132891019682,2.0501863956451416,nan,nan,nan,nan,
ckpt:runs/vaani_full_r4_s1/best.pt,0025,stationary_-5,stationary,-5.0,False,False,,,cvhi:common_voice_hi_26253997,11.051093101501465,10.755353927612305,0.7362068580645782,1.4360824823379517,nan,nan,nan,nan,
ckpt:runs/vaani_full_r4_s1/best.pt,0026,stationary_-5,stationary,-5.0,False,False,,,cvhi:common_voice_hi_24427350,5.767924785614014,4.514332294464111,0.5032060166060629,1.392440915107727,nan,nan,nan,nan,
ckpt:runs/vaani_full_r4_s1/best.pt,0027,stationary_-5,stationary,-5.0,False,False,,,ls:150-132655-0024,8.627391815185547,8.00918960571289,0.8467057835776622,1.9332298040390015,nan,nan,nan,nan,
ckpt:runs/vaani_full_r4_s1/best.pt,0028,stationary_-5,stationary,-5.0,False,False,,,cvhi:common_voice_hi_24225726,6.9860100746154785,6.145316123962402,0.8987426133719992,1.5744866132736206,nan,nan,nan,nan,
ckpt:runs/vaani_full_r4_s1/best.pt,0029,stationary_-5,stationary,-5.0,False,False,,,cvhi:common_voice_hi_24386505,9.289348602294922,8.790151596069336,0.764586468763359,1.5696227550506592,nan,nan,nan,nan,
ckpt:runs/vaani_full_r4_s1/best.pt,0030,stationary_-5,stationary,-5.0,False,False,,,cvhi:common_voice_hi_24427729,7.015446662902832,6.056855201721191,0.7295746870663233,1.3155733346939087,nan,nan,nan,nan,
ckpt:runs/vaani_full_r4_s1/best.pt,0031,stationary_-5,stationary,-5.0,False,False,,,ls:1263-141777-0006,8.655937194824219,8.019822120666504,0.9073831544469242,1.6653189659118652,nan,nan,nan,nan,
ckpt:runs/vaani_full_r4_s1/best.pt,0032,stationary_-5,stationary,-5.0,False,False,,,cvhi:common_voice_hi_24258347,5.275388240814209,4.015355587005615,0.7605543625246536,1.2916765213012695,nan,nan,nan,nan,
ckpt:runs/vaani_full_r4_s1/best.pt,0033,stationary_-5,stationary,-5.0,False,False,,,ls:1898-145702-0004,7.522802829742432,6.762576580047607,0.8104833782943499,1.4568578004837036,nan,nan,nan,nan,
ckpt:runs/vaani_full_r4_s1/best.pt,0034,stationary_-5,stationary,-5.0,False,False,,,cvhi:common_voice_hi_24386830,7.2380499839782715,6.384427070617676,0.8682059421070583,1.4787790775299072,nan,nan,nan,nan,
ckpt:runs/vaani_full_r4_s1/best.pt,0035,stationary_-5,stationary,-5.0,True,False,,,cvhi:common_voice_hi_24427695,7.239906311035156,6.337038993835449,0.7005156148970156,1.438277006149292,nan,nan,nan,nan,
ckpt:runs/vaani_full_r4_s1/best.pt,0036,stationary_-5,stationary,-5.0,False,False,,,ls:1263-139804-0014,5.919005393981934,4.778918266296387,0.8115005930901887,1.4664888381958008,nan,nan,nan,nan,
ckpt:runs/vaani_full_r4_s1/best.pt,0037,stationary_-5,stationary,-5.0,False,False,,,ls:150-132655-0034,7.334656238555908,6.482755661010742,0.8534381849015278,1.4491753578186035,nan,nan,nan,nan,
ckpt:runs/vaani_full_r4_s1/best.pt,0038,stationary_-5,stationary,-5.0,False,False,,,ls:1263-138246-0034,4.847021579742432,3.1318342685699463,0.7340307917501947,1.338428020477295,nan,nan,nan,nan,
ckpt:runs/vaani_full_r4_s1/best.pt,0039,stationary_-5,stationary,-5.0,False,True,,,ls:226-122538-0024,4.6570844650268555,2.8381850719451904,0.6442645918944848,1.1817715167999268,nan,nan,nan,nan,
ckpt:runs/vaani_full_r4_s1/best.pt,0000,stationary_0,stationary,0.0,False,False,,,cvhi:common_voice_hi_40339895,8.40262222290039,7.821438312530518,0.8334995458333624,1.3016114234924316,nan,nan,nan,nan,
ckpt:runs/vaani_full_r4_s1/best.pt,0001,stationary_0,stationary,0.0,False,False,,,cvhi:common_voice_hi_27944991,11.201969146728516,11.214040756225586,0.9466053701540696,2.183175563812256,nan,nan,nan,nan,
ckpt:runs/vaani_full_r4_s1/best.pt,0002,stationary_0,stationary,0.0,False,False,,,cvhi:common_voice_hi_26769503,9.604100227355957,9.217649459838867,0.5973944720109043,1.6731278896331787,nan,nan,nan,nan,
ckpt:runs/vaani_full_r4_s1/best.pt,0003,stationary_0,stationary,0.0,False,False,,,ls:150-126107-0032,8.513504028320312,7.897656440734863,0.8038712037884451,1.6460881233215332,nan,nan,nan,nan,
ckpt:runs/vaani_full_r4_s1/best.pt,0004,stationary_0,stationary,0.0,False,True,,,cvhi:common_voice_hi_24225726,7.387273788452148,6.763668060302734,0.8161054859038217,1.4144986867904663,nan,nan,nan,nan,
ckpt:runs/vaani_full_r4_s1/best.pt,0005,stationary_0,stationary,0.0,False,False,,,ls:1263-138246-0016,7.56413459777832,6.794365882873535,0.9211603307173634,1.7697913646697998,nan,nan,nan,nan,
ckpt:runs/vaani_full_r4_s1/best.pt,0006,stationary_0,stationary,0.0,True,False,,,ls:1898-145724-0011,11.041035652160645,10.696364402770996,0.8624450323638054,2.176532030105591,nan,nan,nan,nan,
ckpt:runs/vaani_full_r4_s1/best.pt,0007,stationary_0,stationary,0.0,False,False,,,ls:150-132655-0016,9.280592918395996,8.736323356628418,0.8376710410530319,1.8205676078796387,nan,nan,nan,nan,
ckpt:runs/vaani_full_r4_s1/best.pt,0008,stationary_0,stationary,0.0,False,False,,,cvhi:common_voice_hi_24280969,9.066096305847168,8.491865158081055,0.8597015228227406,1.5549261569976807,nan,nan,nan,nan,
ckpt:runs/vaani_full_r4_s1/best.pt,0009,stationary_0,stationary,0.0,False,False,,,ls:1898-145724-0004,13.476418495178223,13.286391258239746,0.8503280860346928,1.6375072002410889,nan,nan,nan,nan,
ckpt:runs/vaani_full_r4_s1/best.pt,0010,stationary_0,stationary,0.0,False,False,,,cvhi:common_voice_hi_24759523,8.755889892578125,8.163820266723633,0.916832217820898,1.9227813482284546,nan,nan,nan,nan,
ckpt:runs/vaani_full_r4_s1/best.pt,0011,stationary_0,stationary,0.0,False,False,,,ls:150-126112-0005,9.726905822753906,9.239727020263672,0.7939622232641004,1.941846489906311,nan,nan,nan,nan,
ckpt:runs/vaani_full_r4_s1/best.pt,0012,stationary_0,stationary,0.0,False,False,,,ls:1263-138246-0023,7.461791515350342,6.725489616394043,0.8213947807948944,1.5292940139770508,nan,nan,nan,nan,
ckpt:runs/vaani_full_r4_s1/best.pt,0013,stationary_0,stationary,0.0,True,True,,,cvhi:common_voice_hi_27005359,5.695638656616211,4.751309394836426,0.8415357153765985,1.2987990379333496,nan,nan,nan,nan,
ckpt:runs/vaani_full_r4_s1/best.pt,0014,stationary_0,stationary,0.0,False,False,,,cvhi:common_voice_hi_24258342,7.834577560424805,7.06196403503418,0.8058917759867008,1.2520310878753662,nan,nan,nan,nan,
ckpt:runs/vaani_full_r4_s1/best.pt,0015,stationary_0,stationary,0.0,False,False,,,cvhi:common_voice_hi_26968413,13.832483291625977,13.7035551071167,0.937241492913654,2.231949806213379,nan,nan,nan,nan,
ckpt:runs/vaani_full_r4_s1/best.pt,0016,stationary_0,stationary,0.0,False,False,,,cvhi:common_voice_hi_25154332,9.62501049041748,9.232328414916992,0.8015124396127851,1.5097055435180664,nan,nan,nan,nan,
ckpt:runs/vaani_full_r4_s1/best.pt,0017,stationary_0,stationary,0.0,False,False,,,ls:1898-145702-0016,11.024179458618164,10.669353485107422,0.8474174139670247,1.6608223915100098,nan,nan,nan,nan,
ckpt:runs/vaani_full_r4_s1/best.pt,0018,stationary_0,stationary,0.0,False,True,,,cvhi:common_voice_hi_24228285,8.850150108337402,8.270406723022461,0.8139573466360839,1.4006297588348389,nan,nan,nan,nan,
ckpt:runs/vaani_full_r4_s1/best.pt,0019,stationary_0,stationary,0.0,False,False,,,cvhi:common_voice_hi_26007581,7.315744400024414,6.435388565063477,0.8596731823596133,1.8895468711853027,nan,nan,nan,nan,
ckpt:runs/vaani_full_r4_s1/best.pt,0020,stationary_0,stationary,0.0,False,False,,,cvhi:common_voice_hi_27005391,9.45773983001709,9.076314926147461,0.9327469932821277,1.6451066732406616,nan,nan,nan,nan,
ckpt:runs/vaani_full_r4_s1/best.pt,0021,stationary_0,stationary,0.0,False,False,,,ls:226-131532-0027,11.620173454284668,11.327581405639648,0.8944438065572271,2.31732177734375,nan,nan,nan,nan,
ckpt:runs/vaani_full_r4_s1/best.pt,0022,stationary_0,stationary,0.0,True,False,,,ls:226-122538-0030,7.211187362670898,6.3063859939575195,0.8126940883938402,1.23931086063385,nan,nan,nan,nan,
ckpt:runs/vaani_full_r4_s1/best.pt,0023,stationary_0,stationary,0.0,False,False,,,cvhi:common_voice_hi_25154420,12.222824096679688,12.068366050720215,0.7719682189428604,1.5704193115234375,nan,nan,nan,nan,
ckpt:runs/vaani_full_r4_s1/best.pt,0024,stationary_0,stationary,0.0,False,False,,,ls:150-132655-0004,8.802210807800293,8.19349479675293,0.8114641751810099,1.7494077682495117,nan,nan,nan,nan,
ckpt:runs/vaani_full_r4_s1/best.pt,0025,stationary_0,stationary,0.0,False,False,,,cvhi:common_voice_hi_24427727,15.760083198547363,16.44403839111328,0.929071261847,2.798807144165039,nan,nan,nan,nan,
ckpt:runs/vaani_full_r4_s1/best.pt,0026,stationary_0,stationary,0.0,False,False,,,ls:150-132655-0014,8.762105941772461,8.304328918457031,0.8174626698313506,1.7547918558120728,nan,nan,nan,nan,
ckpt:runs/vaani_full_r4_s1/best.pt,0027,stationary_0,stationary,0.0,False,False,,,cvhi:common_voice_hi_24228606,6.565189361572266,5.632259368896484,0.7747075239240964,1.438785195350647,nan,nan,nan,nan,
ckpt:runs/vaani_full_r4_s1/best.pt,0028,stationary_0,stationary,0.0,False,False,,,cvhi:common_voice_hi_25323049,15.15881633758545,15.130290985107422,0.9711621480157216,2.4662351608276367,nan,nan,nan,nan,
ckpt:runs/vaani_full_r4_s1/best.pt,0029,stationary_0,stationary,0.0,False,False,,,cvhi:common_voice_hi_24969841,8.760193824768066,8.143505096435547,0.8434667834163692,1.3786370754241943,nan,nan,nan,nan,
ckpt:runs/vaani_full_r4_s1/best.pt,0030,stationary_0,stationary,0.0,False,False,,,cvhi:common_voice_hi_26966925,7.921513557434082,7.225925445556641,0.7738466202147352,1.2887160778045654,nan,nan,nan,nan,
ckpt:runs/vaani_full_r4_s1/best.pt,0031,stationary_0,stationary,0.0,False,False,,,cvhi:common_voice_hi_24228329,12.480578422546387,12.297882080078125,0.8552093364478444,1.5283136367797852,nan,nan,nan,nan,
ckpt:runs/vaani_full_r4_s1/best.pt,0032,stationary_0,stationary,0.0,False,False,,,cvhi:common_voice_hi_26687134,8.076708793640137,7.343926429748535,0.8344049699338012,1.374367117881775,nan,nan,nan,nan,
ckpt:runs/vaani_full_r4_s1/best.pt,0033,stationary_0,stationary,0.0,False,False,,,cvhi:common_voice_hi_24759543,8.67553997039795,8.139294624328613,0.827913653048677,1.4324594736099243,nan,nan,nan,nan,
ckpt:runs/vaani_full_r4_s1/best.pt,0034,stationary_0,stationary,0.0,False,False,,,cvhi:common_voice_hi_24758709,8.184051513671875,7.597377777099609,0.8093313292390637,1.4709721803665161,nan,nan,nan,nan,
ckpt:runs/vaani_full_r4_s1/best.pt,0035,stationary_0,stationary,0.0,False,False,,,cvhi:common_voice_hi_27005281,10.728128433227539,10.717720985412598,0.9209330804043445,1.6989154815673828,nan,nan,nan,nan,
ckpt:runs/vaani_full_r4_s1/best.pt,0036,stationary_0,stationary,0.0,False,False,,,cvhi:common_voice_hi_24226280,8.48825454711914,8.160245895385742,0.9079891192978939,1.6391620635986328,nan,nan,nan,nan,
ckpt:runs/vaani_full_r4_s1/best.pt,0037,stationary_0,stationary,0.0,False,False,,,cvhi:common_voice_hi_24386877,11.589165687561035,11.57363510131836,0.8272219132177578,1.8854374885559082,nan,nan,nan,nan,
ckpt:runs/vaani_full_r4_s1/best.pt,0038,stationary_0,stationary,0.0,False,False,,,cvhi:common_voice_hi_26007643,11.10032844543457,10.759218215942383,0.9270848976842535,1.9633638858795166,nan,nan,nan,nan,
ckpt:runs/vaani_full_r4_s1/best.pt,0039,stationary_0,stationary,0.0,False,False,,,cvhi:common_voice_hi_24386714,8.722188949584961,8.278285026550293,0.742345410192894,1.4979881048202515,nan,nan,nan,nan,
ckpt:runs/vaani_full_r4_s1/best.pt,0000,stationary_10,stationary,10.0,False,False,,,ls:226-131533-0031,13.400358200073242,13.499298095703125,0.9184903613091606,2.331369400024414,nan,nan,nan,nan,
ckpt:runs/vaani_full_r4_s1/best.pt,0001,stationary_10,stationary,10.0,False,False,,,ls:1263-138246-0034,14.624738693237305,14.616899490356445,0.9478677426791322,2.394592761993408,nan,nan,nan,nan,
ckpt:runs/vaani_full_r4_s1/best.pt,0002,stationary_10,stationary,10.0,False,False,,,cvhi:common_voice_hi_27639377,16.215065002441406,16.42520523071289,0.8963850842008774,2.626258373260498,nan,nan,nan,nan,
ckpt:runs/vaani_full_r4_s1/best.pt,0003,stationary_10,stationary,10.0,True,False,,,cvhi:common_voice_hi_24759397,9.826969146728516,9.619102478027344,0.9429050227226268,1.9649701118469238,nan,nan,nan,nan,
ckpt:runs/vaani_full_r4_s1/best.pt,0004,stationary_10,stationary,10.0,False,False,,,ls:1898-145702-0015,17.599742889404297,17.571792602539062,0.9551223924594363,2.552565097808838,nan,nan,nan,nan,
ckpt:runs/vaani_full_r4_s1/best.pt,0005,stationary_10,stationary,10.0,False,False,,,cvhi:common_voice_hi_24386806,25.913026809692383,25.904129028320312,0.9778079360131725,3.8474557399749756,nan,nan,nan,nan,
ckpt:runs/vaani_full_r4_s1/best.pt,0006,stationary_10,stationary,10.0,False,False,,,cvhi:common_voice_hi_24228206,14.777862548828125,14.64220142364502,0.960837776710818,2.723148822784424,nan,nan,nan,nan,
ckpt:runs/vaani_full_r4_s1/best.pt,0007,stationary_10,stationary,10.0,False,False,,,cvhi:common_voice_hi_24782681,13.212474822998047,13.024560928344727,0.951622377962449,2.2551541328430176,nan,nan,nan,nan,
ckpt:runs/vaani_full_r4_s1/best.pt,0008,stationary_10,stationary,10.0,False,False,,,ls:1898-145724-0005,15.529780387878418,15.471244812011719,0.8992083096036813,2.0674960613250732,nan,nan,nan,nan,
ckpt:runs/vaani_full_r4_s1/best.pt,0009,stationary_10,stationary,10.0,False,False,,,cvhi:common_voice_hi_24758671,16.30674934387207,16.374309539794922,0.9646736361275704,2.3815314769744873,nan,nan,nan,nan,
ckpt:runs/vaani_full_r4_s1/best.pt,0010,stationary_10,stationary,10.0,True,False,,,cvhi:common_voice_hi_27005257,13.455113410949707,13.355798721313477,0.9590287518063862,2.1733498573303223,nan,nan,nan,nan,
ckpt:runs/vaani_full_r4_s1/best.pt,0011,stationary_10,stationary,10.0,False,False,,,cvhi:common_voice_hi_27149958,15.443968772888184,15.335233688354492,0.9725776629516092,2.449190139770508,nan,nan,nan,nan,
ckpt:runs/vaani_full_r4_s1/best.pt,0012,stationary_10,stationary,10.0,False,False,,,cvhi:common_voice_hi_27005260,13.552591323852539,13.589190483093262,0.9400671514641684,2.4802730083465576,nan,nan,nan,nan,
ckpt:runs/vaani_full_r4_s1/best.pt,0013,stationary_10,stationary,10.0,False,False,,,cvhi:common_voice_hi_26008605,14.896886825561523,14.756231307983398,0.9824393523689743,2.8885836601257324,nan,nan,nan,nan,
ckpt:runs/vaani_full_r4_s1/best.pt,0014,stationary_10,stationary,10.0,False,False,,,cvhi:common_voice_hi_24386326,13.564604759216309,13.570178985595703,0.9222713513169178,2.098529815673828,nan,nan,nan,nan,
ckpt:runs/vaani_full_r4_s1/best.pt,0015,stationary_10,stationary,10.0,False,False,,,ls:1263-141777-0014,15.01250171661377,15.016935348510742,0.9764634351523136,2.72829532623291,nan,nan,nan,nan,
ckpt:runs/vaani_full_r4_s1/best.pt,0016,stationary_10,stationary,10.0,False,False,,,cvhi:common_voice_hi_25473136,13.147989273071289,12.93505859375,0.8409352786759694,2.044649124145508,nan,nan,nan,nan,
ckpt:runs/vaani_full_r4_s1/best.pt,0017,stationary_10,stationary,10.0,False,True,,,cvhi:common_voice_hi_24510993,18.091941833496094,18.14000701904297,0.9823768621386987,2.5480401515960693,nan,nan,nan,nan,
ckpt:runs/vaani_full_r4_s1/best.pt,0018,stationary_10,stationary,10.0,True,False,,,cvhi:common_voice_hi_27005604,15.153742790222168,15.0386381149292,0.9698999443151358,2.415754556655884,nan,nan,nan,nan,
ckpt:runs/vaani_full_r4_s1/best.pt,0019,stationary_10,stationary,10.0,True,False,,,ls:1898-145702-0018,12.688600540161133,12.611495018005371,0.758864263750439,1.34857177734375,nan,nan,nan,nan,
ckpt:runs/vaani_full_r4_s1/best.pt,0020,stationary_10,stationary,10.0,False,False,,,cvhi:common_voice_hi_24228514,14.29114818572998,14.137812614440918,0.7912722821464124,2.145537853240967,nan,nan,nan,nan,
ckpt:runs/vaani_full_r4_s1/best.pt,0021,stationary_10,stationary,10.0,False,False,,,cvhi:common_voice_hi_23964503,17.32364845275879,17.24494743347168,0.9550894232191792,2.471891164779663,nan,nan,nan,nan,
ckpt:runs/vaani_full_r4_s1/best.pt,0022,stationary_10,stationary,10.0,False,True,,,cvhi:common_voice_hi_24759373,19.08974838256836,19.055883407592773,0.9780818185215214,2.9446067810058594,nan,nan,nan,nan,
ckpt:runs/vaani_full_r4_s1/best.pt,0023,stationary_10,stationary,10.0,False,False,,,ls:226-131532-0021,14.712224006652832,14.914852142333984,0.9487809088720793,2.2390151023864746,nan,nan,nan,nan,
ckpt:runs/vaani_full_r4_s1/best.pt,0024,stationary_10,stationary,10.0,False,False,,,cvhi:common_voice_hi_24228142,17.709646224975586,17.74441909790039,0.9883897911644376,2.9350998401641846,nan,nan,nan,nan,
ckpt:runs/vaani_full_r4_s1/best.pt,0025,stationary_10,stationary,10.0,False,False,,,cvhi:common_voice_hi_25154446,15.795232772827148,15.798259735107422,0.8963337288365012,2.452609062194824,nan,nan,nan,nan,
ckpt:runs/vaani_full_r4_s1/best.pt,0026,stationary_10,stationary,10.0,False,False,,,ls:1898-145720-0008,15.83849048614502,16.20956039428711,0.9438582341702663,2.7344064712524414,nan,nan,nan,nan,
ckpt:runs/vaani_full_r4_s1/best.pt,0027,stationary_10,stationary,10.0,False,False,,,cvhi:common_voice_hi_24386436,19.95648193359375,20.2993221282959,0.9598902810505404,3.090531826019287,nan,nan,nan,nan,
ckpt:runs/vaani_full_r4_s1/best.pt,0028,stationary_10,stationary,10.0,False,False,,,cvhi:common_voice_hi_26967972,18.51384925842285,18.46727180480957,0.9545140486560728,2.9418911933898926,nan,nan,nan,nan,
ckpt:runs/vaani_full_r4_s1/best.pt,0029,stationary_10,stationary,10.0,False,False,,,cvhi:common_voice_hi_26080953,17.652591705322266,18.227584838867188,0.9960007570262425,3.268728494644165,nan,nan,nan,nan,
ckpt:runs/vaani_full_r4_s1/best.pt,0030,stationary_10,stationary,10.0,False,False,,,cvhi:common_voice_hi_24782713,18.790897369384766,19.438716888427734,0.9750471424859303,2.35736346244812,nan,nan,nan,nan,
ckpt:runs/vaani_full_r4_s1/best.pt,0031,stationary_10,stationary,10.0,False,True,,,ls:150-132655-0006,15.619253158569336,15.684228897094727,0.8966598880646974,2.60404372215271,nan,nan,nan,nan,
ckpt:runs/vaani_full_r4_s1/best.pt,0032,stationary_10,stationary,10.0,False,False,,,ls:1898-145715-0046,14.293408393859863,14.3917236328125,0.9592637397687446,2.3788514137268066,nan,nan,nan,nan,
ckpt:runs/vaani_full_r4_s1/best.pt,0033,stationary_10,stationary,10.0,False,False,,,cvhi:common_voice_hi_23936423,21.693925857543945,22.00946807861328,0.9946863997631764,3.457691192626953,nan,nan,nan,nan,
ckpt:runs/vaani_full_r4_s1/best.pt,0034,stationary_10,stationary,10.0,False,False,,,cvhi:common_voice_hi_24258260,15.123085975646973,15.237122535705566,0.9611423157891174,2.852426052093506,nan,nan,nan,nan,
ckpt:runs/vaani_full_r4_s1/best.pt,0035,stationary_10,stationary,10.0,False,False,,,cvhi:common_voice_hi_24225553,14.102448463439941,14.418415069580078,0.9143818478140828,2.08506441116333,nan,nan,nan,nan,
ckpt:runs/vaani_full_r4_s1/best.pt,0036,stationary_10,stationary,10.0,False,False,,,cvhi:common_voice_hi_24228398,13.978280067443848,14.044839859008789,0.9668208760234147,2.268401861190796,nan,nan,nan,nan,
ckpt:runs/vaani_full_r4_s1/best.pt,0037,stationary_10,stationary,10.0,False,False,,,ls:1898-145720-0017,15.343158721923828,15.67977523803711,0.8726809204816746,2.183337450027466,nan,nan,nan,nan,
ckpt:runs/vaani_full_r4_s1/best.pt,0038,stationary_10,stationary,10.0,False,False,,,cvhi:common_voice_hi_24758706,14.995494842529297,14.858522415161133,0.953147412413119,2.504781723022461,nan,nan,nan,nan,
ckpt:runs/vaani_full_r4_s1/best.pt,0039,stationary_10,stationary,10.0,False,False,,,cvhi:common_voice_hi_26007735,13.608592987060547,13.741849899291992,0.9438764976334839,2.2587273120880127,nan,nan,nan,nan,
ckpt:runs/vaani_full_r4_s1/best.pt,0000,stationary_15,stationary,15.0,False,False,,,cvhi:common_voice_hi_24258309,16.7277889251709,17.10940170288086,0.9795158120579746,2.767669677734375,nan,nan,nan,nan,
ckpt:runs/vaani_full_r4_s1/best.pt,0001,stationary_15,stationary,15.0,False,False,,,cvhi:common_voice_hi_24758650,18.885944366455078,20.230621337890625,0.9892519203569662,2.479158639907837,nan,nan,nan,nan,
ckpt:runs/vaani_full_r4_s1/best.pt,0002,stationary_15,stationary,15.0,False,False,,,cvhi:common_voice_hi_25154331,19.335256576538086,21.770227432250977,0.9032094993886037,2.9024369716644287,nan,nan,nan,nan,
ckpt:runs/vaani_full_r4_s1/best.pt,0003,stationary_15,stationary,15.0,True,False,,,ls:226-122538-0000,17.336790084838867,17.297365188598633,0.7286368567519275,2.591609001159668,nan,nan,nan,nan,
ckpt:runs/vaani_full_r4_s1/best.pt,0004,stationary_15,stationary,15.0,False,True,,,cvhi:common_voice_hi_24386606,16.11505889892578,16.66989517211914,0.9746597038059814,2.813180446624756,nan,nan,nan,nan,
ckpt:runs/vaani_full_r4_s1/best.pt,0005,stationary_15,stationary,15.0,False,False,,,ls:226-131533-0019,17.52130699157715,17.790891647338867,0.9669584835421441,3.2863657474517822,nan,nan,nan,nan,
ckpt:runs/vaani_full_r4_s1/best.pt,0006,stationary_15,stationary,15.0,False,False,,,cvhi:common_voice_hi_24782740,17.091167449951172,17.195659637451172,0.9576259326715573,2.34218168258667,nan,nan,nan,nan,
ckpt:runs/vaani_full_r4_s1/best.pt,0007,stationary_15,stationary,15.0,False,True,,,cvhi:common_voice_hi_27005343,15.081199645996094,15.562379837036133,0.9831174219259237,2.97550892829895,nan,nan,nan,nan,
ckpt:runs/vaani_full_r4_s1/best.pt,0008,stationary_15,stationary,15.0,False,False,,,cvhi:common_voice_hi_24427750,16.853750228881836,17.57861328125,0.9802929422650605,2.6910486221313477,nan,nan,nan,nan,
ckpt:runs/vaani_full_r4_s1/best.pt,0009,stationary_15,stationary,15.0,False,False,,,ls:1898-145715-0039,18.777931213378906,18.752338409423828,0.9460568716846047,2.7349963188171387,nan,nan,nan,nan,
ckpt:runs/vaani_full_r4_s1/best.pt,0010,stationary_15,stationary,15.0,False,False,,,cvhi:common_voice_hi_26007767,19.250301361083984,20.019691467285156,0.9845051652263783,2.803050994873047,nan,nan,nan,nan,
ckpt:runs/vaani_full_r4_s1/best.pt,0011,stationary_15,stationary,15.0,False,False,,,cvhi:common_voice_hi_24280938,19.129329681396484,19.769542694091797,0.9922656245570188,2.9268062114715576,nan,nan,nan,nan,
ckpt:runs/vaani_full_r4_s1/best.pt,0012,stationary_15,stationary,15.0,False,False,,,ls:1898-145715-0050,18.483766555786133,18.442340850830078,0.955182488304559,3.107351541519165,nan,nan,nan,nan,
ckpt:runs/vaani_full_r4_s1/best.pt,0013,stationary_15,stationary,15.0,False,False,,,cvhi:common_voice_hi_24758753,17.7163028717041,18.552940368652344,0.9619857597604172,2.4780824184417725,nan,nan,nan,nan,
ckpt:runs/vaani_full_r4_s1/best.pt,0014,stationary_15,stationary,15.0,False,False,,,cvhi:common_voice_hi_27005260,19.952369689941406,21.945878982543945,0.9904622709741054,3.529017925262451,nan,nan,nan,nan,
ckpt:runs/vaani_full_r4_s1/best.pt,0015,stationary_15,stationary,15.0,True,False,,,cvhi:common_voice_hi_24258344,15.281953811645508,15.157154083251953,0.9681361520750779,2.2920567989349365,nan,nan,nan,nan,
ckpt:runs/vaani_full_r4_s1/best.pt,0016,stationary_15,stationary,15.0,False,False,,,cvhi:common_voice_hi_26007650,18.071624755859375,18.407766342163086,0.9876973325698546,2.688080072402954,nan,nan,nan,nan,
ckpt:runs/vaani_full_r4_s1/best.pt,0017,stationary_15,stationary,15.0,False,False,,,ls:1898-145724-0024,19.004331588745117,19.935606002807617,0.9908802829062674,3.03473162651062,nan,nan,nan,nan,
ckpt:runs/vaani_full_r4_s1/best.pt,0018,stationary_15,stationary,15.0,False,False,,,cvhi:common_voice_hi_26967980,17.560617446899414,18.33049774169922,0.9358636216726118,2.4780948162078857,nan,nan,nan,nan,
ckpt:runs/vaani_full_r4_s1/best.pt,0019,stationary_15,stationary,15.0,False,False,,,cvhi:common_voice_hi_24386147,20.31549644470215,21.088258743286133,0.9435047929674485,2.6794793605804443,nan,nan,nan,nan,
ckpt:runs/vaani_full_r4_s1/best.pt,0020,stationary_15,stationary,15.0,True,False,,,cvhi:common_voice_hi_26007580,15.47224235534668,15.36323356628418,0.9441175676564801,2.4361720085144043,nan,nan,nan,nan,
ckpt:runs/vaani_full_r4_s1/best.pt,0021,stationary_15,stationary,15.0,False,False,,,ls:150-126112-0035,19.40767478942871,19.584157943725586,0.8250492494212764,3.087172508239746,nan,nan,nan,nan,
ckpt:runs/vaani_full_r4_s1/best.pt,0022,stationary_15,stationary,15.0,False,False,,,ls:150-132655-0008,20.290002822875977,21.738609313964844,0.9523868134355858,3.6472420692443848,nan,nan,nan,nan,
ckpt:runs/vaani_full_r4_s1/best.pt,0023,stationary_15,stationary,15.0,False,False,,,cvhi:common_voice_hi_24386150,16.29997444152832,17.01306915283203,0.9905935404555493,2.749408483505249,nan,nan,nan,nan,
ckpt:runs/vaani_full_r4_s1/best.pt,0024,stationary_15,stationary,15.0,False,False,,,cvhi:common_voice_hi_26769497,16.037322998046875,16.49596405029297,0.7680606831607097,1.828636884689331,nan,nan,nan,nan,
ckpt:runs/vaani_full_r4_s1/best.pt,0025,stationary_15,stationary,15.0,False,True,,,cvhi:common_voice_hi_27005346,19.74605369567871,21.652057647705078,0.9988563846495315,3.247407913208008,nan,nan,nan,nan,
ckpt:runs/vaani_full_r4_s1/best.pt,0026,stationary_15,stationary,15.0,False,True,,,cvhi:common_voice_hi_25154332,20.124197006225586,20.089542388916016,0.9570860839789883,2.8994059562683105,nan,nan,nan,nan,
ckpt:runs/vaani_full_r4_s1/best.pt,0027,stationary_15,stationary,15.0,False,False,,,cvhi:common_voice_hi_24280966,16.956817626953125,17.048303604125977,0.9823247953125849,2.5816898345947266,nan,nan,nan,nan,
ckpt:runs/vaani_full_r4_s1/best.pt,0028,stationary_15,stationary,15.0,False,False,,,cvhi:common_voice_hi_24226287,17.859426498413086,18.274280548095703,0.9773363384609616,2.620779275894165,nan,nan,nan,nan,
ckpt:runs/vaani_full_r4_s1/best.pt,0029,stationary_15,stationary,15.0,False,True,,,cvhi:common_voice_hi_24228424,17.390962600708008,17.31808853149414,0.9849843328795143,2.4672183990478516,nan,nan,nan,nan,
ckpt:runs/vaani_full_r4_s1/best.pt,0030,stationary_15,stationary,15.0,True,False,,,cvhi:common_voice_hi_26769512,14.009465217590332,14.263153076171875,0.7581005014260257,1.601282000541687,nan,nan,nan,nan,
ckpt:runs/vaani_full_r4_s1/best.pt,0031,stationary_15,stationary,15.0,True,False,,,ls:150-126112-0021,18.820960998535156,18.815845489501953,0.837585559576277,2.9188101291656494,nan,nan,nan,nan,
ckpt:runs/vaani_full_r4_s1/best.pt,0032,stationary_15,stationary,15.0,False,False,,,cvhi:common_voice_hi_27945022,17.284809112548828,17.613357543945312,0.9796991111198882,2.8144302368164062,nan,nan,nan,nan,
ckpt:runs/vaani_full_r4_s1/best.pt,0033,stationary_15,stationary,15.0,False,False,,,cvhi:common_voice_hi_24427693,13.493059158325195,13.993473052978516,0.9592190550840328,1.7566721439361572,nan,nan,nan,nan,
ckpt:runs/vaani_full_r4_s1/best.pt,0034,stationary_15,stationary,15.0,False,False,,,ls:150-126112-0009,21.082077026367188,21.117000579833984,0.7271403899007473,3.241809844970703,nan,nan,nan,nan,
ckpt:runs/vaani_full_r4_s1/best.pt,0035,stationary_15,stationary,15.0,False,False,,,ls:226-122538-0034,19.218456268310547,19.28871726989746,0.9138903840917317,3.292585611343384,nan,nan,nan,nan,
ckpt:runs/vaani_full_r4_s1/best.pt,0036,stationary_15,stationary,15.0,False,False,,,cvhi:common_voice_hi_26008914,18.006317138671875,18.748916625976562,0.967362814970395,3.028139114379883,nan,nan,nan,nan,
ckpt:runs/vaani_full_r4_s1/best.pt,0037,stationary_15,stationary,15.0,False,False,,,ls:1263-139804-0020,19.205263137817383,19.27069854736328,0.9924972871162733,3.056929111480713,nan,nan,nan,nan,
ckpt:runs/vaani_full_r4_s1/best.pt,0038,stationary_15,stationary,15.0,False,False,,,cvhi:common_voice_hi_30527197,19.606956481933594,20.62598991394043,0.9915044381623305,3.0577609539031982,nan,nan,nan,nan,
ckpt:runs/vaani_full_r4_s1/best.pt,0039,stationary_15,stationary,15.0,False,False,,,cvhi:common_voice_hi_24261968,18.922395706176758,18.89533805847168,0.9117371613275088,2.564361333847046,nan,nan,nan,nan,
ckpt:runs/vaani_full_r4_s1/best.pt,0000,stationary_5,stationary,5.0,False,False,,,ls:1898-145702-0009,12.056758880615234,11.78994083404541,0.8865260735606553,1.983282208442688,nan,nan,nan,nan,
ckpt:runs/vaani_full_r4_s1/best.pt,0001,stationary_5,stationary,5.0,False,False,,,ls:226-122538-0024,10.98356819152832,10.743781089782715,0.8417586350382833,1.8476697206497192,nan,nan,nan,nan,
ckpt:runs/vaani_full_r4_s1/best.pt,0002,stationary_5,stationary,5.0,False,False,,,ls:1263-139804-0020,11.782583236694336,11.48520565032959,0.9398928132946911,2.5116443634033203,nan,nan,nan,nan,
ckpt:runs/vaani_full_r4_s1/best.pt,0003,stationary_5,stationary,5.0,False,False,,,ls:1263-139804-0017,10.53335189819336,10.270431518554688,0.916243255744053,1.9650909900665283,nan,nan,nan,nan,
ckpt:runs/vaani_full_r4_s1/best.pt,0004,stationary_5,stationary,5.0,False,False,,,cvhi:common_voice_hi_25948424,10.117608070373535,9.822311401367188,0.9176474428314718,1.8155345916748047,nan,nan,nan,nan,
ckpt:runs/vaani_full_r4_s1/best.pt,0005,stationary_5,stationary,5.0,False,False,,,ls:1898-145715-0008,17.832565307617188,17.870080947875977,0.9829232594658112,3.265486717224121,nan,nan,nan,nan,
ckpt:runs/vaani_full_r4_s1/best.pt,0006,stationary_5,stationary,5.0,False,False,,,cvhi:common_voice_hi_27005392,10.038360595703125,9.666390419006348,0.9342102826537755,1.9071173667907715,nan,nan,nan,nan,
ckpt:runs/vaani_full_r4_s1/best.pt,0007,stationary_5,stationary,5.0,False,False,,,cvhi:common_voice_hi_25323047,9.827081680297852,9.350004196166992,0.913423077841672,1.8596999645233154,nan,nan,nan,nan,
ckpt:runs/vaani_full_r4_s1/best.pt,0008,stationary_5,stationary,5.0,True,False,,,cvhi:common_voice_hi_24782654,11.722463607788086,11.500272750854492,0.8799458156206793,1.5485444068908691,nan,nan,nan,nan,
ckpt:runs/vaani_full_r4_s1/best.pt,0009,stationary_5,stationary,5.0,False,False,,,cvhi:common_voice_hi_25154396,15.906888961791992,16.17947769165039,0.8916483846152813,2.093535900115967,nan,nan,nan,nan,
ckpt:runs/vaani_full_r4_s1/best.pt,0010,stationary_5,stationary,5.0,False,False,,,cvhi:common_voice_hi_24225553,16.231979370117188,16.214582443237305,0.9741053596360816,2.3995048999786377,nan,nan,nan,nan,
ckpt:runs/vaani_full_r4_s1/best.pt,0011,stationary_5,stationary,5.0,False,False,,,cvhi:common_voice_hi_25154420,14.438138961791992,15.112942695617676,0.8958419859031957,2.2610883712768555,nan,nan,nan,nan,
ckpt:runs/vaani_full_r4_s1/best.pt,0012,stationary_5,stationary,5.0,False,False,,,ls:150-126107-0002,15.383233070373535,15.260071754455566,0.7602350029208186,2.433290719985962,nan,nan,nan,nan,
ckpt:runs/vaani_full_r4_s1/best.pt,0013,stationary_5,stationary,5.0,True,False,,,ls:226-131532-0002,15.219352722167969,15.087002754211426,0.943529029485389,2.691200017929077,nan,nan,nan,nan,
ckpt:runs/vaani_full_r4_s1/best.pt,0014,stationary_5,stationary,5.0,False,False,,,cvhi:common_voice_hi_27005208,11.91773796081543,11.673004150390625,0.9240154870356388,1.989578366279602,nan,nan,nan,nan,
ckpt:runs/vaani_full_r4_s1/best.pt,0015,stationary_5,stationary,5.0,False,False,,,cvhi:common_voice_hi_30527199,13.364230155944824,13.198453903198242,0.9340473254550683,1.9015882015228271,nan,nan,nan,nan,
ckpt:runs/vaani_full_r4_s1/best.pt,0016,stationary_5,stationary,5.0,False,False,,,ls:1898-145724-0003,14.548925399780273,14.39438247680664,0.8866224185993555,2.398284673690796,nan,nan,nan,nan,
ckpt:runs/vaani_full_r4_s1/best.pt,0017,stationary_5,stationary,5.0,False,False,,,cvhi:common_voice_hi_25948398,15.174546241760254,15.262292861938477,0.9475880099470935,1.762198805809021,nan,nan,nan,nan,
ckpt:runs/vaani_full_r4_s1/best.pt,0018,stationary_5,stationary,5.0,False,False,,,cvhi:common_voice_hi_26007795,19.502458572387695,20.520008087158203,0.9863214075484277,3.046278953552246,nan,nan,nan,nan,
ckpt:runs/vaani_full_r4_s1/best.pt,0019,stationary_5,stationary,5.0,False,False,,,ls:1263-138246-0027,15.926896095275879,15.888992309570312,0.9765165622169646,2.7983245849609375,nan,nan,nan,nan,
ckpt:runs/vaani_full_r4_s1/best.pt,0020,stationary_5,stationary,5.0,False,False,,,cvhi:common_voice_hi_24386306,13.131514549255371,13.516372680664062,0.9423665332343071,2.4096519947052,nan,nan,nan,nan,
ckpt:runs/vaani_full_r4_s1/best.pt,0021,stationary_5,stationary,5.0,True,False,,,cvhi:common_voice_hi_27005637,10.844314575195312,10.53238296508789,0.9119995095973683,1.514882206916809,nan,nan,nan,nan,
ckpt:runs/vaani_full_r4_s1/best.pt,0022,stationary_5,stationary,5.0,True,False,,,cvhi:common_voice_hi_24427374,10.660744667053223,10.659364700317383,0.7878967082327278,1.7883129119873047,nan,nan,nan,nan,
ckpt:runs/vaani_full_r4_s1/best.pt,0023,stationary_5,stationary,5.0,False,False,,,cvhi:common_voice_hi_24280938,10.728410720825195,10.346488952636719,0.9471293065682479,2.012317657470703,nan,nan,nan,nan,
ckpt:runs/vaani_full_r4_s1/best.pt,0024,stationary_5,stationary,5.0,False,False,,,cvhi:common_voice_hi_24759076,21.248271942138672,21.652332305908203,0.9912269851201417,3.3391671180725098,nan,nan,nan,nan,
ckpt:runs/vaani_full_r4_s1/best.pt,0025,stationary_5,stationary,5.0,False,False,,,cvhi:common_voice_hi_25323108,10.215082168579102,9.82468318939209,0.8307027488792615,1.7128932476043701,nan,nan,nan,nan,
ckpt:runs/vaani_full_r4_s1/best.pt,0026,stationary_5,stationary,5.0,True,False,,,ls:1898-145715-0021,18.16670799255371,19.07292938232422,0.984047017136157,3.559358835220337,nan,nan,nan,nan,
ckpt:runs/vaani_full_r4_s1/best.pt,0027,stationary_5,stationary,5.0,False,True,,,cvhi:common_voice_hi_25473145,11.751758575439453,11.586441993713379,0.8838705866667907,2.2240543365478516,nan,nan,nan,nan,
ckpt:runs/vaani_full_r4_s1/best.pt,0028,stationary_5,stationary,5.0,False,False,,,cvhi:common_voice_hi_27005430,9.938041687011719,10.056940078735352,0.9372720191785728,1.5995676517486572,nan,nan,nan,nan,
ckpt:runs/vaani_full_r4_s1/best.pt,0029,stationary_5,stationary,5.0,False,False,,,cvhi:common_voice_hi_40339887,13.022148132324219,13.240692138671875,0.9380237573239176,1.8487045764923096,nan,nan,nan,nan,
ckpt:runs/vaani_full_r4_s1/best.pt,0030,stationary_5,stationary,5.0,False,False,,,ls:1898-145724-0033,13.930381774902344,13.77051830291748,0.923611367417613,2.3304102420806885,nan,nan,nan,nan,
ckpt:runs/vaani_full_r4_s1/best.pt,0031,stationary_5,stationary,5.0,False,False,,,cvhi:common_voice_hi_27005245,12.362430572509766,12.333868026733398,0.9533778461487704,2.472646713256836,nan,nan,nan,nan,
ckpt:runs/vaani_full_r4_s1/best.pt,0032,stationary_5,stationary,5.0,False,False,,,ls:1898-145720-0003,11.487408638000488,11.47773265838623,0.8813244370573339,2.0466666221618652,nan,nan,nan,nan,
ckpt:runs/vaani_full_r4_s1/best.pt,0033,stationary_5,stationary,5.0,False,False,,,cvhi:common_voice_hi_24782656,11.914190292358398,11.97762680053711,0.7815481583636902,1.4551639556884766,nan,nan,nan,nan,
ckpt:runs/vaani_full_r4_s1/best.pt,0034,stationary_5,stationary,5.0,False,False,,,ls:1898-145715-0040,12.038267135620117,11.831022262573242,0.7517261259889617,1.6139392852783203,nan,nan,nan,nan,
ckpt:runs/vaani_full_r4_s1/best.pt,0035,stationary_5,stationary,5.0,False,False,,,cvhi:common_voice_hi_24759286,13.062368392944336,12.877225875854492,0.9099703708946968,2.4168319702148438,nan,nan,nan,nan,
ckpt:runs/vaani_full_r4_s1/best.pt,0036,stationary_5,stationary,5.0,False,False,,,cvhi:common_voice_hi_24782654,9.204438209533691,8.648765563964844,0.9222304276237953,1.8810937404632568,nan,nan,nan,nan,
ckpt:runs/vaani_full_r4_s1/best.pt,0037,stationary_5,stationary,5.0,False,False,,,cvhi:common_voice_hi_24759434,11.30091667175293,11.032633781433105,0.9590527996916155,1.7405850887298584,nan,nan,nan,nan,
ckpt:runs/vaani_full_r4_s1/best.pt,0038,stationary_5,stationary,5.0,False,False,,,cvhi:common_voice_hi_24759522,12.273702621459961,12.065515518188477,0.9203571495241164,1.7832633256912231,nan,nan,nan,nan,
ckpt:runs/vaani_full_r4_s1/best.pt,0039,stationary_5,stationary,5.0,False,False,,,cvhi:common_voice_hi_24782741,11.465612411499023,11.378259658813477,0.8289685508304163,1.4180967807769775,nan,nan,nan,nan,
