system,id,bucket,noise_class,snr_in,clipped,ref_dropout,impulse_peak_db,fault,speech_source,snr_out,si_sdr,stoi,pesq_wb,dnsmos_sig,dnsmos_bak,dnsmos_ovrl,recovery_s,asr_text
ckpt:runs/r6_e32/best.pt,0000,changing_-10,changing,-10.0,False,False,,,cvhi:common_voice_hi_23796048,8.507345199584961,7.852453231811523,0.8609104760463173,1.283912181854248,3.0940799140850945,3.275594388121549,2.5435686883661393,nan,
ckpt:runs/r6_e32/best.pt,0001,changing_-10,changing,-10.0,False,False,,,ls:87-121553-0085,8.12224006652832,7.420244216918945,0.8436040733147435,1.334745168685913,3.295243410710294,3.3743821689546163,2.7633115002409774,nan,
ckpt:runs/r6_e32/best.pt,0002,changing_-10,changing,-10.0,False,False,,,ls:4051-10927-0023,10.5906343460083,10.242905616760254,0.865145542119151,1.467527151107788,2.714269336158642,3.7052675207128853,2.4220409945305246,nan,
ckpt:runs/r6_e32/best.pt,0003,changing_-10,changing,-10.0,True,False,,,ls:328-129766-0003,3.6155846118927,1.443660020828247,0.7782957572352758,1.1808981895446777,2.4246000488427235,3.218725384768264,2.028846985287931,nan,
ckpt:runs/r6_e32/best.pt,0004,changing_-10,changing,-10.0,False,False,,,ls:1926-147979-0020,5.603109359741211,4.286604404449463,0.7651243278638952,1.3186899423599243,1.9371679854113284,3.6448703401318836,1.7999740478331732,nan,
ckpt:runs/r6_e32/best.pt,0005,changing_-10,changing,-10.0,True,False,,,ls:2007-132570-0045,9.999444961547852,9.911581039428711,0.8599464738204551,1.9119737148284912,3.0012228351176744,4.000601075685256,2.783306413872411,nan,
ckpt:runs/r6_e32/best.pt,0006,changing_-10,changing,-10.0,False,False,,,ls:4830-25904-0015,7.879608154296875,7.255404472351074,0.8030089949700744,1.8416568040847778,2.1628352942975413,3.1674890270835863,1.8656818137954934,nan,
ckpt:runs/r6_e32/best.pt,0007,changing_-10,changing,-10.0,False,False,,,ls:6147-34607-0019,13.678511619567871,13.907517433166504,0.8526267198890402,2.1421027183532715,2.852524013755609,3.8172105263001637,2.568747414671572,nan,
ckpt:runs/r6_e32/best.pt,0008,changing_-10,changing,-10.0,False,False,,,ls:1081-125237-0089,4.194081783294678,2.1231961250305176,0.7577460072815596,1.3600776195526123,1.6654592170352818,3.11620043038146,1.4568307871585389,nan,
ckpt:runs/r6_e32/best.pt,0009,changing_-10,changing,-10.0,False,True,,,cvhi:common_voice_hi_27749161,8.24008846282959,7.705913543701172,0.9008421838772783,1.8438568115234375,2.2845887660900415,3.6089117009197436,1.9457540399996534,nan,
ckpt:runs/r6_e32/best.pt,0010,changing_-10,changing,-10.0,False,True,,,ls:6272-70191-0025,6.582552909851074,5.564667701721191,0.8627883179116477,1.4204535484313965,2.532814566689061,3.508589178869149,2.1829290843881712,nan,
ckpt:runs/r6_e32/best.pt,0011,changing_-10,changing,-10.0,False,False,,,ls:7447-91186-0013,3.3558356761932373,0.6780257225036621,0.8285937018127046,1.3330423831939697,2.334705474709357,3.807250560595347,2.102003337530649,nan,
ckpt:runs/r6_e32/best.pt,0012,changing_-10,changing,-10.0,False,False,,,cvhi:common_voice_hi_24359457,10.611871719360352,10.239395141601562,0.8636162935674655,1.744450569152832,2.7023579783454115,3.7206210318670214,2.426693177200448,nan,
ckpt:runs/r6_e32/best.pt,0013,changing_-10,changing,-10.0,False,False,,,ls:4830-25904-0029,6.514520645141602,5.418963432312012,0.8079982518510983,1.5419200658798218,2.359135673008837,3.405405346103582,2.029930880232491,nan,
ckpt:runs/r6_e32/best.pt,0014,changing_-10,changing,-10.0,False,False,,,ls:1081-125237-0084,3.9546024799346924,1.8187525272369385,0.8481236575442868,1.3691399097442627,2.5302862846393595,3.326362836491721,2.2290565999273313,nan,
ckpt:runs/r6_e32/best.pt,0015,changing_-10,changing,-10.0,False,False,,,ls:6385-34655-0035,12.930985450744629,12.709760665893555,0.9511135473659393,1.7275896072387695,3.054826038497301,3.7439428993643435,2.6677803916797034,nan,
ckpt:runs/r6_e32/best.pt,0016,changing_-10,changing,-10.0,False,False,,,cvhi:common_voice_hi_24359425,13.854154586791992,13.87800121307373,0.9227774900621677,1.8623881340026855,3.354433660447988,3.944855040904023,3.009068053727861,nan,
ckpt:runs/r6_e32/best.pt,0017,changing_-10,changing,-10.0,False,False,,,ls:328-129766-0014,3.133469581604004,0.6236681342124939,0.7938085395681704,1.1079291105270386,2.3176235630006805,3.292454670811801,1.8985116105481372,nan,
ckpt:runs/r6_e32/best.pt,0018,changing_-10,changing,-10.0,False,False,,,ls:302-123516-0017,7.671342849731445,6.896735191345215,0.8886358117972558,1.5377485752105713,2.838474176909218,3.612086580720982,2.4567695653324573,nan,
ckpt:runs/r6_e32/best.pt,0019,changing_-10,changing,-10.0,False,False,,,cvhi:common_voice_hi_24359400,6.8787384033203125,5.884722709655762,0.88369064427502,1.2739758491516113,2.021218330718416,3.499877414486149,1.8093771015906597,nan,
ckpt:runs/r6_e32/best.pt,0020,changing_-10,changing,-10.0,False,False,,,ls:6147-34606-0028,15.350927352905273,16.030719757080078,0.9165271150683193,2.1082305908203125,3.245043953174228,3.908994754502803,2.9308475747391625,nan,
ckpt:runs/r6_e32/best.pt,0021,changing_-10,changing,-10.0,True,False,,,ls:7402-59171-0006,7.599366188049316,6.882179260253906,0.78912905466142,1.315505027770996,1.9108881425914561,3.3029830579976562,1.624572436947642,nan,
ckpt:runs/r6_e32/best.pt,0022,changing_-10,changing,-10.0,False,False,,,cvhi:common_voice_hi_25149717,8.349709510803223,7.677727222442627,0.9005799965417843,1.5886878967285156,2.094101911257811,3.64639640699244,1.8842702856776372,nan,
ckpt:runs/r6_e32/best.pt,0023,changing_-10,changing,-10.0,False,False,,,ls:7447-91187-0025,4.567185401916504,2.9006457328796387,0.9176036282952117,1.4832518100738525,2.5741766221595896,3.6100333453403373,2.229952299827819,nan,
ckpt:runs/r6_e32/best.pt,0024,changing_-10,changing,-10.0,False,False,,,ls:6078-54013-0018,9.934943199157715,9.721098899841309,0.8846303986836171,1.7023401260375977,3.055847919248788,3.7661718357953227,2.7188496735264414,nan,
ckpt:runs/r6_e32/best.pt,0025,changing_-10,changing,-10.0,False,False,,,ls:4051-10927-0014,10.43989372253418,10.057210922241211,0.8292600305289546,1.5684268474578857,3.09564247323173,3.485941378687266,2.6513588233928767,nan,
ckpt:runs/r6_e32/best.pt,0026,changing_-10,changing,-10.0,False,False,,,ls:1081-125237-0021,4.834064960479736,3.1819655895233154,0.8813130749015443,1.6815621852874756,3.3443647010737183,4.012733370743135,3.0802282752269425,nan,
ckpt:runs/r6_e32/best.pt,0027,changing_-10,changing,-10.0,False,False,,,ls:2391-145015-0036,17.18431282043457,17.204137802124023,0.9630260028434049,2.2036983966827393,3.3824652916392393,4.003480769267619,3.1003135191093087,nan,
ckpt:runs/r6_e32/best.pt,0028,changing_-10,changing,-10.0,True,False,,,cvhi:common_voice_hi_27749242,8.88659381866455,8.303915023803711,0.8557495054680101,1.633838415145874,2.0959370257769008,3.864322423849268,1.8950765156805425,nan,
ckpt:runs/r6_e32/best.pt,0029,changing_-10,changing,-10.0,False,False,,,ls:6147-34605-0021,12.795906066894531,12.584121704101562,0.8304949761896193,1.8757050037384033,2.422142167779299,3.6088563604822816,2.1340764124733864,nan,
ckpt:runs/r6_e32/best.pt,0030,changing_-10,changing,-10.0,False,False,,,ls:1081-125237-0030,5.998907089233398,4.850252151489258,0.7527166501140355,2.0793371200561523,3.17612005115027,3.602690366539102,2.74570510907391,nan,
ckpt:runs/r6_e32/best.pt,0031,changing_-10,changing,-10.0,False,False,,,ls:7402-90848-0033,2.9946157932281494,-0.019897978752851486,0.7206309677203514,1.1674439907073975,2.428115212361761,2.4899801314939163,1.841536569514172,nan,
ckpt:runs/r6_e32/best.pt,0032,changing_-10,changing,-10.0,False,False,,,ls:5192-19397-0045,7.068769454956055,6.199359893798828,0.8996804984740527,1.991811752319336,2.9898794595502904,3.801205276145275,2.6398559385561096,nan,
ckpt:runs/r6_e32/best.pt,0033,changing_-10,changing,-10.0,False,False,,,ls:6078-54007-0048,10.360203742980957,10.169994354248047,0.8841398554280534,1.856497049331665,3.170108637113726,3.939818358127458,2.8661220558914713,nan,
ckpt:runs/r6_e32/best.pt,0034,changing_-10,changing,-10.0,False,False,,,ls:6385-220959-0040,11.168926239013672,10.862034797668457,0.9187664318249442,1.235835313796997,3.0075809964620266,3.911794181490028,2.699988926399631,nan,
ckpt:runs/r6_e32/best.pt,0035,changing_-10,changing,-10.0,False,False,,,ls:87-121553-0086,9.277055740356445,9.055618286132812,0.8181376465742294,1.4769287109375,2.658263872709649,3.661939641434711,2.368993753108334,nan,
ckpt:runs/r6_e32/best.pt,0036,changing_-10,changing,-10.0,False,False,,,ls:1926-143879-0005,8.625080108642578,7.993278503417969,0.8499605732907478,1.6595773696899414,2.1915912393677828,3.6001492338300327,1.9708597834476203,nan,
ckpt:runs/r6_e32/best.pt,0037,changing_-10,changing,-10.0,False,False,,,ls:2007-149877-0059,9.836437225341797,9.393560409545898,0.8160632336798163,1.60884428024292,2.971598194963542,3.6091963059435903,2.635740542953825,nan,
ckpt:runs/r6_e32/best.pt,0038,changing_-10,changing,-10.0,False,False,,,ls:2391-145015-0106,12.01582145690918,12.047276496887207,0.8101872523403318,1.610047698020935,2.388539098658182,3.628371492887398,2.083991896256147,nan,
ckpt:runs/r6_e32/best.pt,0039,changing_-10,changing,-10.0,False,False,,,ls:5192-19397-0032,10.578096389770508,10.520100593566895,0.9105018964803472,2.2508952617645264,3.2492963942559405,3.908443167195899,2.9045433687940023,nan,
ckpt:runs/r6_e32/best.pt,0000,changing_-5,changing,-5.0,False,False,,,ls:6147-34607-0000,12.873815536499023,12.64776611328125,0.8481765784384102,1.8166234493255615,2.9794237401671904,3.793103831255464,2.6525233211873833,nan,
ckpt:runs/r6_e32/best.pt,0001,changing_-5,changing,-5.0,False,True,,,ls:328-129766-0069,6.417974472045898,5.29842472076416,0.8763022034708983,1.6879847049713135,3.3155983807866884,3.98500549674897,3.042352481229468,nan,
ckpt:runs/r6_e32/best.pt,0002,changing_-5,changing,-5.0,False,False,,,ls:6272-70191-0037,11.766519546508789,11.616168022155762,0.8806302159515444,1.7878600358963013,2.9391257899171293,3.518676006686088,2.5103077933751967,nan,
ckpt:runs/r6_e32/best.pt,0003,changing_-5,changing,-5.0,False,False,,,ls:4830-25904-0043,9.065773963928223,8.591710090637207,0.8733861312050063,1.7214293479919434,2.072605030813434,3.1984163667793215,1.7518146181447005,nan,
ckpt:runs/r6_e32/best.pt,0004,changing_-5,changing,-5.0,False,False,,,ls:6272-70171-0025,11.499528884887695,11.183110237121582,0.8822861175093066,2.0709893703460693,2.6454307016539857,3.7813640834898434,2.352357768689596,nan,
ckpt:runs/r6_e32/best.pt,0005,changing_-5,changing,-5.0,False,True,,,ls:302-123516-0026,7.881119251251221,7.231665134429932,0.8756926116088497,1.4689769744873047,2.3340211301409926,3.5352187633040297,2.0687532686757577,nan,
ckpt:runs/r6_e32/best.pt,0006,changing_-5,changing,-5.0,False,False,,,ls:1081-125237-0006,4.259871959686279,2.288409471511841,0.8699806169650542,1.6410903930664062,2.674751446470294,3.6163955350179817,2.338954345346282,nan,
ckpt:runs/r6_e32/best.pt,0007,changing_-5,changing,-5.0,False,True,,,cvhi:common_voice_hi_24360553,12.921773910522461,12.959538459777832,0.9405164867471344,1.7703927755355835,3.1879647578057053,3.334508985957054,2.6604979543239313,nan,
ckpt:runs/r6_e32/best.pt,0008,changing_-5,changing,-5.0,False,False,,,ls:1926-143879-0028,13.82767105102539,13.679750442504883,0.9126391930212899,2.110842704772949,2.7214350557085574,3.4898685857860516,2.3631527507696064,nan,
ckpt:runs/r6_e32/best.pt,0009,changing_-5,changing,-5.0,False,False,,,ls:1926-143879-0036,13.462695121765137,13.262995719909668,0.9336807190879584,2.080174684524536,2.937046558283901,3.928587106091417,2.6374651000740497,nan,
ckpt:runs/r6_e32/best.pt,0010,changing_-5,changing,-5.0,False,False,,,cvhi:common_voice_hi_26131738,14.064571380615234,14.118396759033203,0.8443866729576193,1.8305044174194336,2.869731720811291,3.816054368328956,2.542001302666097,nan,
ckpt:runs/r6_e32/best.pt,0011,changing_-5,changing,-5.0,False,False,,,ls:302-123504-0012,14.12027359008789,14.07183837890625,0.9856225856318874,2.472254753112793,3.619257673297721,3.988686430824754,3.3297681959086476,nan,
ckpt:runs/r6_e32/best.pt,0012,changing_-5,changing,-5.0,False,False,,,cvhi:common_voice_hi_24359416,10.566581726074219,10.242834091186523,0.9039569209497371,1.6273529529571533,2.3595333503205205,3.4418105705890283,2.027379308237289,nan,
ckpt:runs/r6_e32/best.pt,0013,changing_-5,changing,-5.0,False,False,,,ls:2514-149482-0060,4.857401371002197,3.2981040477752686,0.9002821675537278,1.5357732772827148,3.0981617359034144,3.7533985854284326,2.739980302465211,nan,
ckpt:runs/r6_e32/best.pt,0014,changing_-5,changing,-5.0,False,False,,,ls:2391-145015-0100,13.941058158874512,14.48385238647461,0.887967486440597,1.9077143669128418,2.86402022504556,3.706989691253275,2.5372902368301156,nan,
ckpt:runs/r6_e32/best.pt,0015,changing_-5,changing,-5.0,True,False,,,ls:2391-145015-0092,12.727813720703125,13.603208541870117,0.9053574419400862,1.7798080444335938,3.055974183841639,3.6775855275866505,2.6831484393655245,nan,
ckpt:runs/r6_e32/best.pt,0016,changing_-5,changing,-5.0,False,False,,,ls:7402-90848-0035,17.37923240661621,17.308101654052734,0.9206542322094359,2.270728588104248,2.7023384744217873,3.8246988694747204,2.4284026843214646,nan,
ckpt:runs/r6_e32/best.pt,0017,changing_-5,changing,-5.0,False,False,,,cvhi:common_voice_hi_26131366,8.049400329589844,7.443692207336426,0.9415909113912686,1.524900197982788,2.8678838896505843,3.557468494364676,2.4541579384570333,nan,
ckpt:runs/r6_e32/best.pt,0018,changing_-5,changing,-5.0,False,False,,,cvhi:common_voice_hi_25149665,14.744454383850098,14.604878425598145,0.9612789733594823,2.099945545196533,3.066670427173182,3.798269745762375,2.711914435666495,nan,
ckpt:runs/r6_e32/best.pt,0019,changing_-5,changing,-5.0,False,False,,,cvhi:common_voice_hi_27860276,14.210295677185059,14.115907669067383,0.9350925603886028,2.4818766117095947,2.974103876743626,3.938089960313868,2.667758948294323,nan,
ckpt:runs/r6_e32/best.pt,0020,changing_-5,changing,-5.0,False,False,,,ls:2514-149482-0035,11.4402437210083,11.35251235961914,0.956872478086872,2.2272469997406006,3.5543957970893456,3.790592092432946,3.12953240890703,nan,
ckpt:runs/r6_e32/best.pt,0021,changing_-5,changing,-5.0,False,False,,,cvhi:common_voice_hi_27860295,18.52530288696289,18.79878807067871,0.9474929030636322,3.2342655658721924,3.2179824570595494,4.023654689932733,2.9378601343626873,nan,
ckpt:runs/r6_e32/best.pt,0022,changing_-5,changing,-5.0,True,False,,,cvhi:common_voice_hi_27860276,10.3165922164917,9.948328971862793,0.875390476015482,1.614102840423584,2.824853787618696,3.5586191595219145,2.3977548224504295,nan,
ckpt:runs/r6_e32/best.pt,0023,changing_-5,changing,-5.0,False,False,,,ls:1081-125237-0044,5.614068031311035,4.242674827575684,0.8511569151439594,1.9163248538970947,2.3642200481545395,3.628235032004323,2.124909980573915,nan,
ckpt:runs/r6_e32/best.pt,0024,changing_-5,changing,-5.0,False,False,,,ls:1081-125237-0059,6.630500793457031,5.581432342529297,0.8778760932771966,1.7595494985580444,3.2415448503866218,3.8442117945550605,2.8951371816004525,nan,
ckpt:runs/r6_e32/best.pt,0025,changing_-5,changing,-5.0,False,False,,,ls:2007-132570-0004,14.008817672729492,13.992842674255371,0.9026795051745197,2.2421586513519287,2.953834408472873,3.558419764704299,2.57798130011793,nan,
ckpt:runs/r6_e32/best.pt,0026,changing_-5,changing,-5.0,False,False,,,ls:87-121553-0072,12.23872184753418,12.087745666503906,0.925519733321972,1.7131837606430054,3.1279713142737204,3.92873724441218,2.811603772580882,nan,
ckpt:runs/r6_e32/best.pt,0027,changing_-5,changing,-5.0,False,False,,,cvhi:common_voice_hi_26152090,12.816849708557129,12.708111763000488,0.9344023416776698,1.9070016145706177,2.9190688114738528,3.970906153950385,2.6491251439786616,nan,
ckpt:runs/r6_e32/best.pt,0028,changing_-5,changing,-5.0,False,False,,,ls:8098-278252-0015,9.39848804473877,8.884719848632812,0.9537403737995798,2.030081033706665,3.2783994047158966,3.992732809440188,2.9728611783872094,nan,
ckpt:runs/r6_e32/best.pt,0029,changing_-5,changing,-5.0,False,False,,,ls:1926-143879-0034,10.44421672821045,10.034313201904297,0.9002336960435293,1.4191490411758423,2.9885363272441907,3.5579981675485985,2.617582568597896,nan,
ckpt:runs/r6_e32/best.pt,0030,changing_-5,changing,-5.0,False,True,,,ls:4051-11218-0040,15.990312576293945,15.954998016357422,0.965334197944095,1.857776403427124,3.561441579573141,4.172090966876872,3.3431342779484123,nan,
ckpt:runs/r6_e32/best.pt,0031,changing_-5,changing,-5.0,False,False,,,cvhi:common_voice_hi_28885854,9.000460624694824,8.472875595092773,0.9302537146561076,1.6798020601272583,2.2125337845646444,3.7394441223416086,2.008956017712626,nan,
ckpt:runs/r6_e32/best.pt,0032,changing_-5,changing,-5.0,False,False,,,ls:302-123504-0022,11.544858932495117,11.239047050476074,0.9239514071394009,1.6891145706176758,3.488098488412131,4.100908859930777,3.242018501426825,nan,
ckpt:runs/r6_e32/best.pt,0033,changing_-5,changing,-5.0,False,False,,,ls:5192-19396-0027,7.008599758148193,6.084075450897217,0.8267950910449103,1.8060169219970703,3.068761431475454,3.7074677660961184,2.719786985105211,nan,
ckpt:runs/r6_e32/best.pt,0034,changing_-5,changing,-5.0,False,False,,,ls:1926-147979-0049,11.237070083618164,11.154309272766113,0.8862531879228516,1.8436181545257568,2.8882354687416014,3.7899096151383125,2.5564927615494857,nan,
ckpt:runs/r6_e32/best.pt,0035,changing_-5,changing,-5.0,False,False,,,ls:6078-54007-0045,13.186640739440918,13.079730987548828,0.9209093457479776,2.1772396564483643,3.315126880656953,4.033882464847938,3.043894364769411,nan,
ckpt:runs/r6_e32/best.pt,0036,changing_-5,changing,-5.0,False,False,,,ls:302-123516-0029,18.035663604736328,18.072248458862305,0.9570036711120994,2.540912389755249,3.4733524578854125,4.1210704439822035,3.2149371159287803,nan,
ckpt:runs/r6_e32/best.pt,0037,changing_-5,changing,-5.0,False,False,,,ls:6272-70191-0034,9.837117195129395,9.420623779296875,0.9487045748946363,1.8938939571380615,3.2233901710627175,3.964464513143069,2.9290754598062003,nan,
ckpt:runs/r6_e32/best.pt,0038,changing_-5,changing,-5.0,False,False,,,cvhi:common_voice_hi_25149635,9.53681755065918,9.247777938842773,0.9157735616967724,1.6716642379760742,2.006026984777833,3.5206637801949965,1.7731729424441698,nan,
ckpt:runs/r6_e32/best.pt,0039,changing_-5,changing,-5.0,False,False,,,ls:6272-70168-0004,15.210871696472168,15.215325355529785,0.8826349335668049,1.9431419372558594,2.982610022603257,3.8418119280238416,2.6660854824420377,nan,
ckpt:runs/r6_e32/best.pt,0000,changing_0,changing,0.0,False,False,,,ls:6385-220959-0010,12.452859878540039,12.528529167175293,0.9275578070719546,1.650500774383545,2.861941651178797,3.5956748296649543,2.4837411127959426,nan,
ckpt:runs/r6_e32/best.pt,0001,changing_0,changing,0.0,False,False,,,ls:6078-54007-0014,13.984170913696289,14.31869125366211,0.9691704605226928,2.046356201171875,3.3759027161059514,4.079805733366404,3.1173874349191055,nan,
ckpt:runs/r6_e32/best.pt,0002,changing_0,changing,0.0,False,False,,,ls:2007-149877-0059,12.138998031616211,11.865415573120117,0.8966832377328753,1.5650602579116821,3.452003618091324,3.9513924012081363,3.125640245984499,nan,
ckpt:runs/r6_e32/best.pt,0003,changing_0,changing,0.0,False,False,,,cvhi:common_voice_hi_26131736,10.35628890991211,10.120504379272461,0.9526187740501078,1.8693113327026367,2.687977187976075,3.782896724867765,2.374130949538204,nan,
ckpt:runs/r6_e32/best.pt,0004,changing_0,changing,0.0,False,False,,,ls:7447-91187-0039,13.885478019714355,14.361068725585938,0.9378352187759662,2.4429924488067627,3.3660383018269036,4.033770458836243,3.095124901259058,nan,
ckpt:runs/r6_e32/best.pt,0005,changing_0,changing,0.0,False,True,,,ls:5192-19397-0064,4.735464572906494,3.191603422164917,0.9058867290441569,1.8765356540679932,3.1089006575424394,3.1488554097855648,2.5072106167492696,nan,
ckpt:runs/r6_e32/best.pt,0006,changing_0,changing,0.0,False,True,,,ls:4051-11218-0006,13.018349647521973,13.919464111328125,0.9285164121832832,1.7112637758255005,3.3292565427025,3.704194577224026,2.9434353391354557,nan,
ckpt:runs/r6_e32/best.pt,0007,changing_0,changing,0.0,False,False,,,cvhi:common_voice_hi_24225999,16.091949462890625,15.988582611083984,0.9547282032536085,2.1648178100585938,3.035703641905009,3.7351649632365627,2.6746850268323215,nan,
ckpt:runs/r6_e32/best.pt,0008,changing_0,changing,0.0,False,False,,,cvhi:common_voice_hi_26088253,15.098039627075195,15.006775856018066,0.8257871203444975,1.943658709526062,3.0864213670826546,3.841313820972366,2.7421329040578666,nan,
ckpt:runs/r6_e32/best.pt,0009,changing_0,changing,0.0,False,False,,,ls:4830-25904-0044,9.652207374572754,9.157106399536133,0.902494824492624,1.9892446994781494,2.8158781217657958,3.658589629439681,2.4629704878638234,nan,
ckpt:runs/r6_e32/best.pt,0010,changing_0,changing,0.0,False,False,,,cvhi:common_voice_hi_24758398,15.282747268676758,15.190332412719727,0.9368838612224581,2.0588619709014893,2.427655095713807,3.7298021503992675,2.1590487150576974,nan,
ckpt:runs/r6_e32/best.pt,0011,changing_0,changing,0.0,False,False,,,ls:1926-143879-0036,15.725384712219238,15.76561164855957,0.9650849156843863,2.4810802936553955,3.3208423273143057,3.951412762146121,2.9920108537748886,nan,
ckpt:runs/r6_e32/best.pt,0012,changing_0,changing,0.0,False,False,,,ls:302-123504-0009,19.033939361572266,19.10761833190918,0.9463395355028101,2.4774954319000244,3.5569954510380257,4.050595252830679,3.2875547392599636,nan,
ckpt:runs/r6_e32/best.pt,0013,changing_0,changing,0.0,True,False,,,cvhi:common_voice_hi_26152440,11.654956817626953,11.609432220458984,0.9604355912736109,2.423718214035034,2.737434573035933,3.9648099538214776,2.4605187001863484,nan,
ckpt:runs/r6_e32/best.pt,0014,changing_0,changing,0.0,False,False,,,ls:2514-149482-0066,8.20020580291748,7.649939060211182,0.9564509765349916,1.9917504787445068,3.5003937136630467,4.087609077279193,3.2238244823619295,nan,
ckpt:runs/r6_e32/best.pt,0015,changing_0,changing,0.0,False,False,,,ls:6385-34669-0016,7.34587287902832,7.476253032684326,0.8080952169587803,1.3867161273956299,2.70994708100456,3.8527145765949298,2.382911404249019,nan,
ckpt:runs/r6_e32/best.pt,0016,changing_0,changing,0.0,True,False,,,ls:87-121553-0042,10.989297866821289,11.447907447814941,0.917376045464799,2.0395524501800537,3.466464892126547,3.970368859355557,3.153002131168701,nan,
ckpt:runs/r6_e32/best.pt,0017,changing_0,changing,0.0,False,False,,,cvhi:common_voice_hi_27749265,11.85754680633545,11.943325996398926,0.9191628581280198,2.2048864364624023,2.8756834990549582,3.962696676592228,2.5990766653357475,nan,
ckpt:runs/r6_e32/best.pt,0018,changing_0,changing,0.0,False,False,,,ls:6147-34607-0013,20.89849853515625,22.170330047607422,0.9517853129800954,3.3418262004852295,3.585768177215536,4.005172256084552,3.2906178050816837,nan,
ckpt:runs/r6_e32/best.pt,0019,changing_0,changing,0.0,False,False,,,ls:328-129766-0091,7.023870944976807,6.0650248527526855,0.9752221949259339,2.2978920936584473,3.694537732999915,4.1639277212835735,3.451213947585873,nan,
ckpt:runs/r6_e32/best.pt,0020,changing_0,changing,0.0,False,False,,,ls:1926-147979-0035,16.13396453857422,16.376110076904297,0.9780285744367112,2.7650821208953857,3.312368083312561,4.00405733960996,3.029766002804309,nan,
ckpt:runs/r6_e32/best.pt,0021,changing_0,changing,0.0,False,False,,,ls:6078-54013-0077,12.106477737426758,11.877222061157227,0.9153926696059185,1.9564210176467896,3.0671201613162364,3.890095637733741,2.7619677185386102,nan,
ckpt:runs/r6_e32/best.pt,0022,changing_0,changing,0.0,False,False,,,ls:6147-34606-0019,18.13907814025879,18.69746208190918,0.9117033033545268,2.4450323581695557,2.972842089538688,3.9609079145607717,2.7214234638838115,nan,
ckpt:runs/r6_e32/best.pt,0023,changing_0,changing,0.0,False,False,,,ls:6078-54007-0010,19.411422729492188,19.37027359008789,0.979969251621198,2.668759822845459,3.481060878749895,4.117619627292228,3.228741531529039,nan,
ckpt:runs/r6_e32/best.pt,0024,changing_0,changing,0.0,False,False,,,ls:4051-11218-0047,17.746679306030273,18.064485549926758,0.950195911431062,2.425736427307129,3.5849632377301694,4.132389500048101,3.3356525641349326,nan,
ckpt:runs/r6_e32/best.pt,0025,changing_0,changing,0.0,True,False,,,ls:5192-19397-0051,8.784161567687988,8.183305740356445,0.9294066893517283,2.7587149143218994,3.266462050159245,3.840248279627356,2.909921497939333,nan,
ckpt:runs/r6_e32/best.pt,0026,changing_0,changing,0.0,False,False,,,ls:328-129766-0004,6.13159704208374,5.092033863067627,0.9522046902475966,2.396984338760376,3.580802039980922,4.100119754466076,3.298332886264005,nan,
ckpt:runs/r6_e32/best.pt,0027,changing_0,changing,0.0,False,False,,,ls:7447-91186-0031,6.7232489585876465,5.699995994567871,0.9344855112529272,1.519153118133545,3.0183983445976743,3.738645127898568,2.616388825993151,nan,
ckpt:runs/r6_e32/best.pt,0028,changing_0,changing,0.0,False,False,,,ls:87-121553-0100,12.403295516967773,12.71786880493164,0.892198595048239,1.7317872047424316,3.0509553029297045,3.8502067443271937,2.7555586012262636,nan,
ckpt:runs/r6_e32/best.pt,0029,changing_0,changing,0.0,False,False,,,cvhi:common_voice_hi_23833319,17.338655471801758,17.372142791748047,0.8950212614115567,2.617319345474243,3.0456948108001662,3.627320229596817,2.6590665564060143,nan,
ckpt:runs/r6_e32/best.pt,0030,changing_0,changing,0.0,False,False,,,ls:6272-70168-0016,14.046300888061523,14.031373023986816,0.9601450123442175,1.9735164642333984,3.4778030927191934,4.093312202633035,3.208669031106123,nan,
ckpt:runs/r6_e32/best.pt,0031,changing_0,changing,0.0,True,False,,,ls:6078-54013-0075,12.500648498535156,13.197660446166992,0.9711100611303528,2.3845789432525635,3.220820612609715,4.064918968730563,2.991275989007597,nan,
ckpt:runs/r6_e32/best.pt,0032,changing_0,changing,0.0,False,False,,,cvhi:common_voice_hi_24225982,18.13836097717285,18.443302154541016,0.9772378039572253,2.327272415161133,2.912719038807347,3.6648473856406767,2.563866625554365,nan,
ckpt:runs/r6_e32/best.pt,0033,changing_0,changing,0.0,False,False,,,ls:87-121553-0052,17.532445907592773,17.494033813476562,0.9391831010771601,2.4958102703094482,3.363747380476094,4.0304517619514595,3.078149761702501,nan,
ckpt:runs/r6_e32/best.pt,0034,changing_0,changing,0.0,False,False,,,ls:2007-132570-0004,12.553095817565918,12.40799331665039,0.8920450483206723,1.9876606464385986,3.285930438773609,3.9446964587050655,2.96712034570589,nan,
ckpt:runs/r6_e32/best.pt,0035,changing_0,changing,0.0,False,False,,,ls:8098-278278-0033,10.440303802490234,10.100700378417969,0.9682585689889575,2.0818889141082764,3.4620631907550594,4.09266039778329,3.1994555774704416,nan,
ckpt:runs/r6_e32/best.pt,0036,changing_0,changing,0.0,False,False,,,ls:4051-11217-0033,12.326242446899414,12.0689115524292,0.9543003019084565,1.458836317062378,3.409720975277521,3.8254616831066697,3.0432045551115867,nan,
ckpt:runs/r6_e32/best.pt,0037,changing_0,changing,0.0,False,False,,,ls:4830-25904-0038,9.968603134155273,9.518600463867188,0.9245636997977936,2.0114431381225586,3.101507483571366,3.959610333741016,2.827224543927222,nan,
ckpt:runs/r6_e32/best.pt,0038,changing_0,changing,0.0,False,False,,,ls:6272-70171-0018,20.448463439941406,20.584678649902344,0.9832936101363743,2.727508306503296,3.349560565692888,4.12806151076374,3.1208529558418823,nan,
ckpt:runs/r6_e32/best.pt,0039,changing_0,changing,0.0,False,False,,,ls:87-121553-0082,10.104242324829102,9.90379810333252,0.9008509572054483,1.4742778539657593,3.3408466657694955,3.588110401084567,2.899429640523663,nan,
ckpt:runs/r6_e32/best.pt,0000,changing_10,changing,10.0,False,False,,,ls:1926-147987-0022,13.777750015258789,13.746927261352539,0.9623997709169281,2.261920928955078,2.9524229357928733,3.7554075385940138,2.589230183485586,nan,
ckpt:runs/r6_e32/best.pt,0001,changing_10,changing,10.0,False,False,,,ls:8098-275181-0011,14.193599700927734,14.506103515625,0.9858874308432322,2.8103597164154053,3.4742084595628517,4.115624271089779,3.2280784891718888,nan,
ckpt:runs/r6_e32/best.pt,0002,changing_10,changing,10.0,False,False,,,ls:2391-145015-0053,24.57754135131836,26.896677017211914,0.9876037260497046,3.4539575576782227,3.597923911161671,4.117243978375292,3.3277086760881933,nan,
ckpt:runs/r6_e32/best.pt,0003,changing_10,changing,10.0,False,True,,,ls:2391-145015-0118,14.717841148376465,15.041860580444336,0.9229822333669567,2.2676894664764404,3.361511204459168,3.9277210434027365,3.0060626859243866,nan,
ckpt:runs/r6_e32/best.pt,0004,changing_10,changing,10.0,False,False,,,cvhi:common_voice_hi_26152442,20.787809371948242,20.79196548461914,0.9970129902277314,2.801281690597534,3.186547898576986,4.000680662363886,2.891246308010301,nan,
ckpt:runs/r6_e32/best.pt,0005,changing_10,changing,10.0,True,False,,,ls:328-129766-0087,12.144279479980469,11.916175842285156,0.9696011564231143,2.552471399307251,3.4230928659378446,3.968843299854659,3.0924842312676133,nan,
ckpt:runs/r6_e32/best.pt,0006,changing_10,changing,10.0,False,False,,,cvhi:common_voice_hi_27860377,24.8203067779541,24.81107521057129,0.988786327147251,3.198754072189331,3.4525217366956666,4.113170513693143,3.208804519324769,nan,
ckpt:runs/r6_e32/best.pt,0007,changing_10,changing,10.0,False,False,,,ls:8098-278278-0015,15.635164260864258,16.11724281311035,0.9893411518759636,3.3542065620422363,3.643188986662696,4.157261150977798,3.4218720715237354,nan,
ckpt:runs/r6_e32/best.pt,0008,changing_10,changing,10.0,False,True,,,cvhi:common_voice_hi_27749143,18.75991439819336,20.832107543945312,0.9728357518642033,2.918149471282959,3.0829392505943085,4.030966118943108,2.784027142287472,nan,
ckpt:runs/r6_e32/best.pt,0009,changing_10,changing,10.0,False,False,,,ls:6272-70171-0021,21.32735824584961,21.687395095825195,0.9909331119372917,3.2821896076202393,3.5394180322611977,4.1335492194659995,3.2864311854368573,nan,
ckpt:runs/r6_e32/best.pt,0010,changing_10,changing,10.0,False,False,,,ls:6272-70168-0015,23.791362762451172,24.69008445739746,0.9882268880958206,3.4009766578674316,3.498015712472462,4.130611882413961,3.2393105627391896,nan,
ckpt:runs/r6_e32/best.pt,0011,changing_10,changing,10.0,False,False,,,cvhi:common_voice_hi_24758410,19.881603240966797,24.216310501098633,0.9964274775744579,3.5613503456115723,3.4705933832132185,4.143154623191883,3.24354099012604,nan,
ckpt:runs/r6_e32/best.pt,0012,changing_10,changing,10.0,False,False,,,ls:6272-70168-0014,20.90506362915039,25.708404541015625,0.994486766722924,3.7072606086730957,3.3882108146688865,4.069253387644333,3.131726416864367,nan,
ckpt:runs/r6_e32/best.pt,0013,changing_10,changing,10.0,False,False,,,ls:6078-54007-0008,23.910526275634766,24.25310516357422,0.996737599696033,3.4635603427886963,3.5870063188922674,4.129441929732887,3.338790686955133,nan,
ckpt:runs/r6_e32/best.pt,0014,changing_10,changing,10.0,False,False,,,cvhi:common_voice_hi_24359454,20.154888153076172,20.186717987060547,0.9951265888056935,3.044635772705078,2.7388465274573544,3.7964178145415834,2.4395778591028634,nan,
ckpt:runs/r6_e32/best.pt,0015,changing_10,changing,10.0,True,False,,,ls:2514-149482-0034,10.459213256835938,10.555100440979004,0.9400667134968131,2.0261404514312744,3.5803268597053406,4.157661019302637,3.373323461148815,nan,
ckpt:runs/r6_e32/best.pt,0016,changing_10,changing,10.0,False,False,,,ls:4051-11217-0037,21.631433486938477,22.24226188659668,0.9778219878122248,2.973193645477295,3.307539583550468,4.141963185628436,3.0976894581097176,nan,
ckpt:runs/r6_e32/best.pt,0017,changing_10,changing,10.0,False,False,,,cvhi:common_voice_hi_24359439,25.76103401184082,25.83755111694336,0.9975872092899744,3.6842479705810547,3.4346121566851795,4.051940141318617,3.16325314321369,nan,
ckpt:runs/r6_e32/best.pt,0018,changing_10,changing,10.0,False,False,,,ls:1081-125237-0093,13.118157386779785,12.934072494506836,0.9951137656831314,2.845999240875244,3.568229078344742,4.0332459834262275,3.2788721880094562,nan,
ckpt:runs/r6_e32/best.pt,0019,changing_10,changing,10.0,False,False,,,ls:2007-132570-0030,15.092912673950195,15.131922721862793,0.9601633697524078,2.506349563598633,3.342156224560203,3.8248985948042433,2.992135812342207,nan,
ckpt:runs/r6_e32/best.pt,0020,changing_10,changing,10.0,False,False,,,ls:6078-54013-0058,18.804344177246094,19.266387939453125,0.9461711343089283,2.9006309509277344,3.5454815163966953,4.119744778306618,3.301432741275137,nan,
ckpt:runs/r6_e32/best.pt,0021,changing_10,changing,10.0,True,False,,,ls:302-123504-0028,15.353675842285156,15.647845268249512,0.9809419547128713,2.839935302734375,3.638165628859995,4.198011851107624,3.410934306064835,nan,
ckpt:runs/r6_e32/best.pt,0022,changing_10,changing,10.0,False,False,,,ls:1081-125237-0063,13.225101470947266,13.443745613098145,0.9775998771959283,3.007469415664673,3.535801296311663,4.03811159729027,3.2748740706933654,nan,
ckpt:runs/r6_e32/best.pt,0023,changing_10,changing,10.0,False,False,,,ls:1081-125237-0094,13.317943572998047,13.598445892333984,0.9911295002470962,2.837495803833008,3.305501427792181,3.9316170564240833,2.9998469777715946,nan,
ckpt:runs/r6_e32/best.pt,0024,changing_10,changing,10.0,False,False,,,cvhi:common_voice_hi_27761505,19.368837356567383,19.318531036376953,0.9607983588036447,2.9715569019317627,3.378943650334366,4.178743977457793,3.130936073929817,nan,
ckpt:runs/r6_e32/best.pt,0025,changing_10,changing,10.0,False,False,,,cvhi:common_voice_hi_26152010,20.446937561035156,20.411800384521484,0.9965661830382861,3.0949432849884033,2.959406132035836,3.593827001033674,2.597455087367803,nan,
ckpt:runs/r6_e32/best.pt,0026,changing_10,changing,10.0,False,False,,,ls:6272-70171-0014,20.149974822998047,20.159133911132812,0.9832498990232956,2.5480072498321533,3.580091786925198,4.191166702912309,3.372029188464028,nan,
ckpt:runs/r6_e32/best.pt,0027,changing_10,changing,10.0,False,False,,,ls:4051-11217-0030,19.04619598388672,19.72287940979004,0.9871553508474737,2.857882261276245,3.494941580259303,3.95436775112071,3.1806124438127026,nan,
ckpt:runs/r6_e32/best.pt,0028,changing_10,changing,10.0,True,False,,,ls:4051-11218-0047,19.91827964782715,19.979915618896484,0.97972935995109,2.973663091659546,3.5869081594245795,4.152455626179327,3.3486384729174237,nan,
ckpt:runs/r6_e32/best.pt,0029,changing_10,changing,10.0,False,False,,,ls:2007-132570-0032,15.745368003845215,15.797307968139648,0.970425653381319,2.5562665462493896,3.4747547210728023,4.098445810402709,3.2215260426651455,nan,
ckpt:runs/r6_e32/best.pt,0030,changing_10,changing,10.0,False,False,,,cvhi:common_voice_hi_27761658,19.081899642944336,19.033117294311523,0.9734907206445642,3.1796088218688965,3.1087852838919687,3.9978247118677865,2.757091207816037,nan,
ckpt:runs/r6_e32/best.pt,0031,changing_10,changing,10.0,False,False,,,ls:4051-11217-0029,20.131132125854492,20.117340087890625,0.9486113396261894,3.079876184463501,3.605463172447283,4.05010626390082,3.303358248165903,nan,
ckpt:runs/r6_e32/best.pt,0032,changing_10,changing,10.0,False,False,,,cvhi:common_voice_hi_26131828,28.56328010559082,28.660991668701172,0.9015262996195703,3.383138418197632,2.667392091124114,3.5128939779176602,2.267014767045852,nan,
ckpt:runs/r6_e32/best.pt,0033,changing_10,changing,10.0,False,False,,,cvhi:common_voice_hi_27749277,11.514755249023438,11.237092018127441,0.9482826995316573,1.6641147136688232,2.8297040905834447,3.764080755226667,2.3913999298789186,nan,
ckpt:runs/r6_e32/best.pt,0034,changing_10,changing,10.0,False,False,,,ls:4830-25904-0045,12.193293571472168,12.074804306030273,0.9644631562551307,1.8344571590423584,3.5861180774990244,3.0729540899309686,2.777097571984573,nan,
ckpt:runs/r6_e32/best.pt,0035,changing_10,changing,10.0,False,False,,,cvhi:common_voice_hi_26131929,16.184720993041992,17.012451171875,0.9880394716042102,2.6196413040161133,3.2746298003073773,3.9002359909273725,2.908204925505112,nan,
ckpt:runs/r6_e32/best.pt,0036,changing_10,changing,10.0,False,True,,,ls:6147-34605-0005,22.657873153686523,24.45563316345215,0.9850773235377305,3.69928240776062,3.4413593681317307,3.9119653304990134,3.091577550510197,nan,
ckpt:runs/r6_e32/best.pt,0037,changing_10,changing,10.0,False,True,,,ls:7447-91186-0040,15.392805099487305,15.85389518737793,0.9797622244157478,2.5903615951538086,3.5609776983256345,4.161063660998719,3.3442298588981023,nan,
ckpt:runs/r6_e32/best.pt,0038,changing_10,changing,10.0,False,False,,,ls:2514-149482-0052,12.572422981262207,12.530913352966309,0.9806012685733911,2.2647197246551514,3.5850144212294293,4.138581628832584,3.3535701375652147,nan,
ckpt:runs/r6_e32/best.pt,0039,changing_10,changing,10.0,False,False,,,ls:2391-145015-0117,21.031103134155273,22.05754852294922,0.97591576257528,3.1947717666625977,3.6379921204353622,4.178406900642475,3.414071193570972,nan,
ckpt:runs/r6_e32/best.pt,0000,changing_15,changing,15.0,False,False,,,ls:8098-278252-0026,18.39017105102539,18.35411834716797,0.9941552004405543,3.1924946308135986,3.526555196532111,4.048241220860505,3.259987361859777,nan,
ckpt:runs/r6_e32/best.pt,0001,changing_15,changing,15.0,False,True,,,ls:1081-125237-0079,13.771316528320312,13.818292617797852,0.9877832880211381,2.1364386081695557,3.481184306912131,2.9241195638382727,2.6401331442129643,nan,
ckpt:runs/r6_e32/best.pt,0002,changing_15,changing,15.0,False,False,,,ls:8098-278278-0021,18.02404022216797,18.662187576293945,0.9967505387425927,3.250471591949463,3.4367439245007763,3.9301955753223288,3.10290333052752,nan,
ckpt:runs/r6_e32/best.pt,0003,changing_15,changing,15.0,False,False,,,ls:6147-34606-0031,20.900531768798828,24.86936378479004,0.989236979756367,3.6771984100341797,3.598469118362237,4.1976755675351525,3.3645026191617537,nan,
ckpt:runs/r6_e32/best.pt,0004,changing_15,changing,15.0,False,False,,,ls:2514-149482-0052,19.632278442382812,19.853914260864258,0.9900518207922505,3.7753872871398926,3.7258109198218063,4.193381145956523,3.5185988334695386,nan,
ckpt:runs/r6_e32/best.pt,0005,changing_15,changing,15.0,False,False,,,cvhi:common_voice_hi_24996689,25.290489196777344,25.57835578918457,0.996366394624869,3.3714706897735596,2.904268180511188,3.7431855650430528,2.5818882097506175,nan,
ckpt:runs/r6_e32/best.pt,0006,changing_15,changing,15.0,False,False,,,ls:1081-125237-0027,14.8563871383667,14.712295532226562,0.9920960390304661,3.7526817321777344,3.6003121729646073,4.066858189810799,3.334856306730948,nan,
ckpt:runs/r6_e32/best.pt,0007,changing_15,changing,15.0,False,True,,,ls:4830-25898-0049,23.977333068847656,23.985424041748047,0.9938753091703164,3.3777971267700195,3.4940044919556303,4.119930289126106,3.241404104755821,nan,
ckpt:runs/r6_e32/best.pt,0008,changing_15,changing,15.0,False,False,,,cvhi:common_voice_hi_26152437,19.550981521606445,19.9204158782959,0.9948581930239235,2.5996007919311523,3.3911263203439934,4.074235595167097,3.126246357866361,nan,
ckpt:runs/r6_e32/best.pt,0009,changing_15,changing,15.0,False,False,,,ls:328-129766-0029,4.654516696929932,4.308700084686279,0.9624528605088839,1.946411371231079,3.4200467859575467,3.9919867051194116,3.105726448055569,nan,
ckpt:runs/r6_e32/best.pt,0010,changing_15,changing,15.0,False,True,,,cvhi:common_voice_hi_27761609,22.537954330444336,27.88668441772461,0.9825312685525326,3.6839029788970947,3.2373508388692986,4.042904010134435,2.981564769914334,nan,
ckpt:runs/r6_e32/best.pt,0011,changing_15,changing,15.0,False,False,,,cvhi:common_voice_hi_23833333,20.329784393310547,21.353137969970703,0.9662256064227113,2.729199171066284,2.8003756431664932,3.39621742723473,2.342931505840683,nan,
ckpt:runs/r6_e32/best.pt,0012,changing_15,changing,15.0,False,False,,,ls:5192-19397-0077,10.667352676391602,10.608138084411621,0.9717572989142117,3.3966944217681885,3.4042114192904545,3.9670620973944644,3.0889236519683863,nan,
ckpt:runs/r6_e32/best.pt,0013,changing_15,changing,15.0,False,False,,,ls:8098-275181-0030,20.92961883544922,23.254844665527344,0.9977376127625643,4.083654880523682,3.573369726089072,4.157045072086756,3.3327874307437515,nan,
ckpt:runs/r6_e32/best.pt,0014,changing_15,changing,15.0,False,False,,,cvhi:common_voice_hi_23833317,24.590883255004883,25.960372924804688,0.9597963671971588,3.1591947078704834,2.962937213366733,3.644279137494803,2.554807779114814,nan,
ckpt:runs/r6_e32/best.pt,0015,changing_15,changing,15.0,False,False,,,ls:4830-25904-0001,19.54229164123535,20.972640991210938,0.9830698412066596,3.359020709991455,3.4110672354171854,4.105550135999956,3.1542609227884997,nan,
ckpt:runs/r6_e32/best.pt,0016,changing_15,changing,15.0,False,False,,,cvhi:common_voice_hi_27761476,24.061851501464844,27.746841430664062,0.9924786566156598,3.6704277992248535,3.0081989943783496,3.95871643497059,2.6867053947456427,nan,
ckpt:runs/r6_e32/best.pt,0017,changing_15,changing,15.0,False,False,,,ls:7447-91187-0051,17.5870304107666,18.513442993164062,0.9793113429663068,3.132073402404785,3.331569544465069,4.078672333048635,3.086363598539206,nan,
ckpt:runs/r6_e32/best.pt,0018,changing_15,changing,15.0,False,False,,,ls:87-121553-0001,19.101566314697266,21.634519577026367,0.9959947011016591,3.5939958095550537,3.621258710502342,4.162396292557092,3.3618141596715865,nan,
ckpt:runs/r6_e32/best.pt,0019,changing_15,changing,15.0,False,True,,,ls:2391-145015-0031,25.53638458251953,25.549123764038086,0.979599532177773,3.3562588691711426,3.4475620231468085,4.099580700852213,3.1891152652761208,nan,
ckpt:runs/r6_e32/best.pt,0020,changing_15,changing,15.0,True,False,,,ls:6385-220959-0037,15.172657012939453,15.488537788391113,0.9416436457749264,2.1403379440307617,3.2646913514748883,4.01254892053573,2.9956018449224975,nan,
ckpt:runs/r6_e32/best.pt,0021,changing_15,changing,15.0,False,True,,,ls:328-129766-0088,17.096275329589844,17.25366973876953,0.9635739212823264,2.0002875328063965,3.111051629138982,3.9041989156642156,2.810987973504413,nan,
ckpt:runs/r6_e32/best.pt,0022,changing_15,changing,15.0,False,False,,,cvhi:common_voice_hi_26131930,28.184532165527344,28.783496856689453,0.8573879651633461,3.410658121109009,2.9426589461931862,3.9467877751973246,2.6605664192874667,nan,
ckpt:runs/r6_e32/best.pt,0023,changing_15,changing,15.0,False,False,,,ls:8098-278278-0004,15.755091667175293,15.809375762939453,0.9905337171607708,2.678497552871704,3.5681355328054205,4.101922686385082,3.32380536320521,nan,
ckpt:runs/r6_e32/best.pt,0024,changing_15,changing,15.0,False,False,,,ls:5192-19397-0005,10.482872009277344,10.807276725769043,0.9835530520274002,2.8456530570983887,3.338333678483421,3.9855467285293305,3.0394275006010734,nan,
ckpt:runs/r6_e32/best.pt,0025,changing_15,changing,15.0,False,False,,,ls:7402-90848-0018,16.25868034362793,16.58491325378418,0.9909994111456726,3.982225179672241,3.2796619861472456,4.073689910220255,3.0283268780962773,nan,
ckpt:runs/r6_e32/best.pt,0026,changing_15,changing,15.0,False,False,,,cvhi:common_voice_hi_24225998,28.121606826782227,29.87349510192871,0.9986357218057376,4.1956963539123535,3.419969796749168,4.106116535829312,3.1694036950829347,nan,
ckpt:runs/r6_e32/best.pt,0027,changing_15,changing,15.0,False,False,,,ls:1081-125237-0000,15.479537963867188,15.944768905639648,0.9975726643775553,3.241549253463745,3.5694101122924575,3.697862149770235,3.063383146179825,nan,
ckpt:runs/r6_e32/best.pt,0028,changing_15,changing,15.0,False,False,,,ls:6272-70168-0010,20.745582580566406,20.771697998046875,0.9679588431116123,3.061424732208252,3.409687272417445,4.105648425864954,3.1396910352470697,nan,
ckpt:runs/r6_e32/best.pt,0029,changing_15,changing,15.0,False,False,,,ls:87-121553-0026,21.301921844482422,26.625015258789062,0.9961578793985943,3.8103442192077637,3.772644409218974,4.222594757377289,3.5481800417161424,nan,
ckpt:runs/r6_e32/best.pt,0030,changing_15,changing,15.0,False,False,,,ls:7402-59171-0005,20.737266540527344,20.79116439819336,0.9584495513457,3.141294002532959,3.351472227151317,4.045760199721136,3.051576052023806,nan,
ckpt:runs/r6_e32/best.pt,0031,changing_15,changing,15.0,False,False,,,ls:8098-278252-0007,19.659690856933594,19.636924743652344,0.9890438486038255,3.294713258743286,3.544156199095112,4.090574504253194,3.2800523075324017,nan,
ckpt:runs/r6_e32/best.pt,0032,changing_15,changing,15.0,False,False,,,cvhi:common_voice_hi_26132089,18.098604202270508,18.967365264892578,0.9915843859784343,2.6307570934295654,3.0478108383390787,4.06826940332899,2.794908156075053,nan,
ckpt:runs/r6_e32/best.pt,0033,changing_15,changing,15.0,False,False,,,ls:8098-278252-0036,17.8953914642334,20.382614135742188,0.9919971340977559,3.8917651176452637,3.5178041445116928,4.180288838277865,3.319589467433052,nan,
ckpt:runs/r6_e32/best.pt,0034,changing_15,changing,15.0,False,False,,,ls:2514-149482-0010,19.83540916442871,19.85005760192871,0.9946705598029922,3.8547799587249756,3.676930003948166,4.198995715254923,3.4414330262564867,nan,
ckpt:runs/r6_e32/best.pt,0035,changing_15,changing,15.0,False,False,,,ls:1926-143879-0023,14.003997802734375,14.233139038085938,0.9328572290983046,2.5625247955322266,3.4394066025043215,4.028890572656105,3.159708382441311,nan,
ckpt:runs/r6_e32/best.pt,0036,changing_15,changing,15.0,False,False,,,ls:1081-125237-0089,14.397282600402832,15.333305358886719,0.9774616642767701,3.6858561038970947,3.663378057859215,4.16510116145331,3.4461805613905376,nan,
ckpt:runs/r6_e32/best.pt,0037,changing_15,changing,15.0,False,False,,,ls:6147-34605-0002,26.161773681640625,29.04172134399414,0.9911395156172802,3.880549192428589,3.625210508023172,4.182536005299122,3.38864549341175,nan,
ckpt:runs/r6_e32/best.pt,0038,changing_15,changing,15.0,False,False,,,cvhi:common_voice_hi_24758530,20.62180519104004,21.869876861572266,0.9952150112825541,2.849630832672119,3.16475393765913,4.071569680922966,2.927564176734826,nan,
ckpt:runs/r6_e32/best.pt,0039,changing_15,changing,15.0,False,True,,,ls:6147-34605-0029,20.93491554260254,24.708057403564453,0.984637266357638,3.785257577896118,3.4974729651421232,4.170255118663474,3.260021936105543,nan,
ckpt:runs/r6_e32/best.pt,0000,changing_5,changing,5.0,False,False,,,cvhi:common_voice_hi_26131771,20.494003295898438,21.436872482299805,0.8093860484083387,2.437166213989258,2.39680383964116,3.692552659849195,2.1250473712054863,nan,
ckpt:runs/r6_e32/best.pt,0001,changing_5,changing,5.0,False,False,,,ls:8098-278278-0002,11.123786926269531,10.785914421081543,0.9772264860876072,2.028059482574463,3.4411143566824784,4.00911372276906,3.1433281563000905,nan,
ckpt:runs/r6_e32/best.pt,0002,changing_5,changing,5.0,True,False,,,ls:6272-70191-0026,16.482463836669922,18.073471069335938,0.993545111204454,3.0982234477996826,3.560128230306713,4.172554226513693,3.350338412649086,nan,
ckpt:runs/r6_e32/best.pt,0003,changing_5,changing,5.0,True,False,,,ls:6272-70171-0016,13.575634956359863,14.30801010131836,0.9449275793896058,2.6660051345825195,3.3365722882130653,3.9668507348428275,3.042323604034661,nan,
ckpt:runs/r6_e32/best.pt,0004,changing_5,changing,5.0,False,False,,,cvhi:common_voice_hi_25149605,16.532949447631836,16.44272232055664,0.985130204853181,2.1670873165130615,3.1457502371128547,3.948059536188601,2.8335926519230554,nan,
ckpt:runs/r6_e32/best.pt,0005,changing_5,changing,5.0,False,False,,,ls:6385-220959-0008,20.656776428222656,21.849611282348633,0.9652372231828041,2.498631477355957,3.067200538485456,3.8642831811103138,2.766866971716104,nan,
ckpt:runs/r6_e32/best.pt,0006,changing_5,changing,5.0,False,False,,,ls:6078-54013-0078,19.817340850830078,22.940670013427734,0.9932597584134866,3.175497055053711,3.5480450563641788,4.1591468120152895,3.299902525215842,nan,
ckpt:runs/r6_e32/best.pt,0007,changing_5,changing,5.0,False,False,,,ls:328-129766-0032,8.245893478393555,7.643650054931641,0.9801420250873984,1.2306033372879028,3.6458305638201187,4.1850976240321,3.40003685392127,nan,
ckpt:runs/r6_e32/best.pt,0008,changing_5,changing,5.0,False,True,,,ls:6147-34606-0034,22.22075653076172,24.466960906982422,0.9700476779707847,3.170264482498169,3.2216136128985107,3.9625441900664775,2.940050227408161,nan,
ckpt:runs/r6_e32/best.pt,0009,changing_5,changing,5.0,False,False,,,ls:2514-149482-0039,12.851741790771484,12.622126579284668,0.942597341116912,2.3520569801330566,3.5101356785475235,4.103714147935149,3.236627666977821,nan,
ckpt:runs/r6_e32/best.pt,0010,changing_5,changing,5.0,False,False,,,cvhi:common_voice_hi_24359436,15.697105407714844,16.6163330078125,0.9771930842158738,2.4956021308898926,3.3945366223565934,4.04647183636807,3.1293419485444165,nan,
ckpt:runs/r6_e32/best.pt,0011,changing_5,changing,5.0,False,False,,,ls:8098-278252-0014,9.571551322937012,9.45858383178711,0.9431675023100706,1.9630656242370605,2.7889791127150443,3.9906165966289286,2.5505884005711885,nan,
ckpt:runs/r6_e32/best.pt,0012,changing_5,changing,5.0,False,False,,,ls:8098-278252-0016,9.14394760131836,8.627664566040039,0.9545843175467178,2.0355019569396973,3.16534100952598,3.9770161738022978,2.8930539558531505,nan,
ckpt:runs/r6_e32/best.pt,0013,changing_5,changing,5.0,False,False,,,ls:4830-25898-0045,7.174491882324219,6.317215442657471,0.8198302300484521,1.4165420532226562,2.5528672168389743,3.6261868663453196,2.1909359654805427,nan,
ckpt:runs/r6_e32/best.pt,0014,changing_5,changing,5.0,False,False,,,cvhi:common_voice_hi_24758397,11.502792358398438,11.226871490478516,0.9240796383846814,1.5133473873138428,2.9746225696352475,3.358512701009639,2.519699535918927,nan,
ckpt:runs/r6_e32/best.pt,0015,changing_5,changing,5.0,False,False,,,ls:6147-34605-0020,4.776477813720703,4.120335578918457,0.8853641129800984,1.1701469421386719,3.369944066020677,2.742327914027148,2.5427592720157546,nan,
ckpt:runs/r6_e32/best.pt,0016,changing_5,changing,5.0,False,False,,,cvhi:common_voice_hi_25149662,14.295287132263184,14.345731735229492,0.9698740864063305,2.171163558959961,2.6219431379713525,3.73836177221476,2.338465526721784,nan,
ckpt:runs/r6_e32/best.pt,0017,changing_5,changing,5.0,False,False,,,cvhi:common_voice_hi_27749173,12.93511962890625,14.075526237487793,0.9402066203920086,2.7210984230041504,3.032811404802075,3.966693409599701,2.714343678790097,nan,
ckpt:runs/r6_e32/best.pt,0018,changing_5,changing,5.0,False,False,,,ls:6272-70168-0000,19.380033493041992,20.086109161376953,0.9788546525186913,2.6209850311279297,3.224043081984989,3.9282176687867665,2.9187877537288607,nan,
ckpt:runs/r6_e32/best.pt,0019,changing_5,changing,5.0,False,False,,,ls:4051-10927-0024,20.78433609008789,20.890766143798828,0.9626255312148037,2.9936017990112305,3.4421938689052407,3.9641814246079905,3.145926677515135,nan,
ckpt:runs/r6_e32/best.pt,0020,changing_5,changing,5.0,False,False,,,ls:328-129766-0035,8.386253356933594,7.717439651489258,0.938890996461179,1.9266555309295654,3.4865754186218068,3.995652796428761,3.1803598146764753,nan,
ckpt:runs/r6_e32/best.pt,0021,changing_5,changing,5.0,False,False,,,cvhi:common_voice_hi_27860189,17.88343620300293,18.737903594970703,0.9662915845848098,3.426392078399658,3.1791040347636956,3.6612802967955638,2.7337321901405267,nan,
ckpt:runs/r6_e32/best.pt,0022,changing_5,changing,5.0,False,False,,,cvhi:common_voice_hi_24225980,10.642457008361816,10.808430671691895,0.9712824273241679,1.6155917644500732,3.318330961052212,3.2929006087348953,2.70253244935286,nan,
ckpt:runs/r6_e32/best.pt,0023,changing_5,changing,5.0,False,False,,,ls:1926-143879-0020,13.579614639282227,13.406538009643555,0.9623945025459285,2.415903091430664,3.0325785914930394,3.7569198572778575,2.7032463759131207,nan,
ckpt:runs/r6_e32/best.pt,0024,changing_5,changing,5.0,False,False,,,ls:4051-11217-0028,19.731464385986328,19.845888137817383,0.9737174822314323,2.803844451904297,3.556963463252347,4.002623029922474,3.2544048950193676,nan,
ckpt:runs/r6_e32/best.pt,0025,changing_5,changing,5.0,True,False,,,ls:302-123504-0006,16.920930862426758,16.832515716552734,0.9787243385967483,2.5262997150421143,3.0606191915223095,3.6588303942576044,2.7183416956679087,nan,
ckpt:runs/r6_e32/best.pt,0026,changing_5,changing,5.0,False,False,,,ls:1081-128618-0004,7.049985885620117,6.222655296325684,0.8528275736720622,2.192385673522949,3.419623379320609,4.096320645294565,3.1766975454545268,nan,
ckpt:runs/r6_e32/best.pt,0027,changing_5,changing,5.0,False,False,,,ls:6272-70191-0035,18.268678665161133,18.24784278869629,0.9896180081595238,2.806910514831543,3.4205951279479394,4.021399943637277,3.126248955009948,nan,
ckpt:runs/r6_e32/best.pt,0028,changing_5,changing,5.0,False,False,,,ls:8098-278278-0003,15.731958389282227,16.329063415527344,0.988159417804473,3.3553826808929443,3.500797242665791,4.117892137715359,3.2586628576664007,nan,
ckpt:runs/r6_e32/best.pt,0029,changing_5,changing,5.0,True,True,,,cvhi:common_voice_hi_35077432,12.852668762207031,13.882503509521484,0.927461714648765,1.6718459129333496,3.2427416021020514,3.601101409013632,2.7927140912523227,nan,
ckpt:runs/r6_e32/best.pt,0030,changing_5,changing,5.0,False,False,,,cvhi:common_voice_hi_35077962,16.234548568725586,16.305892944335938,0.9535241358533519,1.8760185241699219,3.22198597305529,3.971990718964398,2.913717836942113,nan,
ckpt:runs/r6_e32/best.pt,0031,changing_5,changing,5.0,False,False,,,ls:4830-25898-0035,20.2388973236084,20.275001525878906,0.9833123070423119,2.939910411834717,3.4283273053636356,4.090219136781585,3.180371816554162,nan,
ckpt:runs/r6_e32/best.pt,0032,changing_5,changing,5.0,False,False,,,ls:1081-125237-0022,10.808424949645996,10.684394836425781,0.8946168833739444,2.8080780506134033,3.4564340422660527,4.104297426282325,3.21328464894969,nan,
ckpt:runs/r6_e32/best.pt,0033,changing_5,changing,5.0,False,False,,,ls:6078-54013-0003,13.62997817993164,13.437838554382324,0.940505367309211,1.9937005043029785,3.2361784170555548,3.953287016078593,2.9382606905092423,nan,
ckpt:runs/r6_e32/best.pt,0034,changing_5,changing,5.0,False,False,,,ls:6272-70171-0001,16.584341049194336,17.45929527282715,0.9820860303190511,2.382805585861206,3.1585717530236423,3.8278381890420103,2.796709732964535,nan,
ckpt:runs/r6_e32/best.pt,0035,changing_5,changing,5.0,False,True,,,ls:6078-54013-0069,13.075156211853027,13.102882385253906,0.9880123948925075,2.948587656021118,3.5318477030719793,4.140433757809974,3.2730411760545732,nan,
ckpt:runs/r6_e32/best.pt,0036,changing_5,changing,5.0,True,False,,,ls:1081-128618-0006,8.75013256072998,8.152424812316895,0.8904869661012682,2.0561187267303467,3.493782294437364,4.061368616769149,3.221276823707134,nan,
ckpt:runs/r6_e32/best.pt,0037,changing_5,changing,5.0,False,False,,,cvhi:common_voice_hi_24359445,19.48046112060547,19.449020385742188,0.9813608051483695,2.911316394805908,3.2586366264510094,4.06245774505374,3.009459206714969,nan,
ckpt:runs/r6_e32/best.pt,0038,changing_5,changing,5.0,False,False,,,ls:1926-147979-0000,15.491640090942383,15.373726844787598,0.9393896227184985,2.8027071952819824,3.1910083283688806,3.690405165069177,2.806164444137409,nan,
ckpt:runs/r6_e32/best.pt,0039,changing_5,changing,5.0,False,False,,,ls:1926-147979-0037,14.816088676452637,16.028743743896484,0.9763033922075469,2.896097183227539,3.2957239340280045,3.7537319273692606,2.920902160202558,nan,
ckpt:runs/r6_e32/best.pt,0000,clean_inf,clean,inf,False,False,,,ls:302-123523-0035,34.03321075439453,34.73569107055664,0.99298435575163,4.412116050720215,3.723073749409882,4.190090591014421,3.5089569804093745,nan,
ckpt:runs/r6_e32/best.pt,0001,clean_inf,clean,inf,False,False,,,cvhi:common_voice_hi_23796048,24.66517448425293,24.744909286499023,0.9798752858083961,3.8795673847198486,2.999740727249236,2.9758209515426164,2.271243258108792,nan,
ckpt:runs/r6_e32/best.pt,0002,clean_inf,clean,inf,False,False,,,cvhi:common_voice_hi_37398692,28.263452529907227,29.346179962158203,0.9926553158448554,4.246845245361328,2.236572561786689,3.0411666792238443,1.8151349880970844,nan,
ckpt:runs/r6_e32/best.pt,0003,clean_inf,clean,inf,False,False,,,ls:1926-147987-0027,29.965227127075195,31.005647659301758,0.9945367837095265,4.295475006103516,3.416149958743206,3.837002588666536,3.057199005508507,nan,
ckpt:runs/r6_e32/best.pt,0004,clean_inf,clean,inf,False,False,,,cvhi:common_voice_hi_24360525,37.486534118652344,38.19622039794922,0.9998729850508201,4.408553600311279,3.4368808350789952,4.050768390241979,3.154251841410631,nan,
ckpt:runs/r6_e32/best.pt,0005,clean_inf,clean,inf,False,False,,,ls:6147-34607-0032,32.31693649291992,33.85786819458008,0.9988715046248836,4.35418701171875,3.573596954472356,4.04993514076533,3.3047464377570397,nan,
ckpt:runs/r6_e32/best.pt,0006,clean_inf,clean,inf,False,False,,,ls:328-129766-0049,31.492706298828125,32.3420295715332,0.9963583995464971,4.028284072875977,3.4625388660049174,3.8276342776993397,3.082880138240788,nan,
ckpt:runs/r6_e32/best.pt,0007,clean_inf,clean,inf,False,False,,,cvhi:common_voice_hi_25149666,36.23431396484375,36.80126953125,0.9998543914686322,4.506063938140869,3.321413146308299,4.105867920133466,3.068451176738274,nan,
ckpt:runs/r6_e32/best.pt,0008,clean_inf,clean,inf,False,False,,,ls:5192-19397-0001,31.824216842651367,32.75513458251953,0.989963338444455,4.120932579040527,3.4546124956643314,3.705954733645526,3.0064678457742353,nan,
ckpt:runs/r6_e32/best.pt,0009,clean_inf,clean,inf,False,False,,,ls:1081-125237-0040,25.714157104492188,29.087865829467773,0.9927386177769704,4.3136701583862305,3.5479527897082406,3.914284397956166,3.228530714478951,nan,
ckpt:runs/r6_e32/best.pt,0010,clean_inf,clean,inf,False,False,,,ls:6078-54013-0027,31.98638916015625,33.164459228515625,0.9866018977550186,4.202155590057373,3.7001237540416074,4.135462053718322,3.435016285968773,nan,
ckpt:runs/r6_e32/best.pt,0011,clean_inf,clean,inf,False,False,,,cvhi:common_voice_hi_26088194,35.95665740966797,36.030006408691406,0.9996163127798487,4.530213832855225,3.45293511679891,4.147296862572437,3.204991026389353,nan,
ckpt:runs/r6_e32/best.pt,0012,clean_inf,clean,inf,False,False,,,ls:6147-34606-0006,31.857383728027344,32.00761032104492,0.9932412796031368,4.335546016693115,3.5005863025933124,4.053072814939727,3.202463007406229,nan,
ckpt:runs/r6_e32/best.pt,0013,clean_inf,clean,inf,False,False,,,ls:2007-132570-0032,30.712905883789062,31.777515411376953,0.9983896881150918,4.315874099731445,3.5904875870274675,4.088760276660922,3.3239424244281777,nan,
ckpt:runs/r6_e32/best.pt,0014,clean_inf,clean,inf,False,False,,,ls:302-123523-0022,35.67929458618164,36.630348205566406,0.9974079256205132,4.467904567718506,3.580614241400098,4.059902770119637,3.312584184328776,nan,
ckpt:runs/r6_e32/best.pt,0015,clean_inf,clean,inf,False,False,,,ls:7402-90848-0036,34.57698059082031,34.92665481567383,0.9985273267380506,4.307137966156006,3.4139453383259566,4.0049079265851795,3.1259712008260316,nan,
ckpt:runs/r6_e32/best.pt,0016,clean_inf,clean,inf,False,False,,,ls:302-123516-0032,35.90934371948242,36.30364990234375,0.9991718966701392,4.45750617980957,3.6183554713760593,4.134953674239135,3.3706897608990656,nan,
ckpt:runs/r6_e32/best.pt,0017,clean_inf,clean,inf,False,False,,,ls:302-123523-0037,35.47415542602539,35.978111267089844,0.9992126989979314,4.428101062774658,3.632684907568703,4.193496707575805,3.430136302068341,nan,
ckpt:runs/r6_e32/best.pt,0018,clean_inf,clean,inf,False,False,,,ls:6272-70168-0010,35.57772445678711,35.93431091308594,0.9983791729266938,4.256392002105713,3.6026079030548237,4.188259863908734,3.3783954746586047,nan,
ckpt:runs/r6_e32/best.pt,0019,clean_inf,clean,inf,False,False,,,cvhi:common_voice_hi_26127944,37.54872131347656,37.54834747314453,0.9990628925730898,4.50339412689209,3.481214790144878,4.147757108245523,3.2499727600834905,nan,
ckpt:runs/r6_e32/best.pt,0020,clean_inf,clean,inf,False,False,,,ls:1081-125237-0106,31.579071044921875,34.22571563720703,0.9836961101014918,4.330507278442383,3.4952435294095956,3.8614534961082736,3.1428713260864347,nan,
ckpt:runs/r6_e32/best.pt,0021,clean_inf,clean,inf,False,False,,,ls:302-123504-0031,32.82842254638672,33.741119384765625,0.9899721678292384,4.302383899688721,3.5473151572140558,4.141966804688672,3.3074734942039834,nan,
ckpt:runs/r6_e32/best.pt,0022,clean_inf,clean,inf,False,False,,,ls:2514-149482-0052,34.144168853759766,35.87400817871094,0.9941491367201596,4.322288990020752,3.7307714517787285,4.184216141709413,3.5097819586421433,nan,
ckpt:runs/r6_e32/best.pt,0023,clean_inf,clean,inf,False,False,,,ls:6147-34605-0016,34.779685974121094,35.50784683227539,0.9995590627978023,4.224463939666748,3.298942336436503,4.153937806799363,3.0809291265670797,nan,
ckpt:runs/r6_e32/best.pt,0024,clean_inf,clean,inf,False,False,,,cvhi:common_voice_hi_27761616,36.74620056152344,37.13908767700195,0.996663363097299,4.324153900146484,3.2741100771393046,4.132955575517206,3.043710356861101,nan,
ckpt:runs/r6_e32/best.pt,0025,clean_inf,clean,inf,False,False,,,ls:328-129766-0026,23.0831241607666,23.801651000976562,0.9933965824537343,4.074289798736572,3.546437158702096,3.780759004075324,3.133380556947126,nan,
ckpt:runs/r6_e32/best.pt,0026,clean_inf,clean,inf,False,False,,,ls:8098-278252-0014,34.24372100830078,35.269805908203125,0.9977695159651255,4.376164436340332,3.4962195247708805,4.1531582943153476,3.2726723588537805,nan,
ckpt:runs/r6_e32/best.pt,0027,clean_inf,clean,inf,False,False,,,ls:87-121553-0081,34.71320343017578,35.576873779296875,0.9996827969034038,4.465993404388428,3.704017830610001,4.176431488796118,3.4693467577008743,nan,
ckpt:runs/r6_e32/best.pt,0028,clean_inf,clean,inf,False,False,,,ls:1926-147987-0030,29.89490509033203,30.92006492614746,0.9885872933221086,4.297848224639893,3.4063052073090643,3.8107563148785264,3.042191456157476,nan,
ckpt:runs/r6_e32/best.pt,0029,clean_inf,clean,inf,False,False,,,ls:5192-19396-0027,24.664480209350586,25.122802734375,0.9781927528522663,4.1606645584106445,3.632290920799124,4.07362398925821,3.3501804439178593,nan,
ckpt:runs/r6_e32/best.pt,0030,clean_inf,clean,inf,False,False,,,ls:1926-147987-0025,30.509742736816406,31.544200897216797,0.9988831811836113,4.149889945983887,3.4656239129819237,4.024896838441558,3.1942320265325694,nan,
ckpt:runs/r6_e32/best.pt,0031,clean_inf,clean,inf,False,False,,,ls:7402-90848-0012,36.2243537902832,36.612709045410156,0.999549400881268,4.34707498550415,3.486607977853188,4.14821580316363,3.255785201882443,nan,
ckpt:runs/r6_e32/best.pt,0032,clean_inf,clean,inf,False,False,,,ls:4830-25904-0028,35.028221130371094,36.081966400146484,0.9992011935025809,4.364532470703125,3.556879199978501,4.17439298665975,3.340435354357835,nan,
ckpt:runs/r6_e32/best.pt,0033,clean_inf,clean,inf,False,False,,,cvhi:common_voice_hi_27369009,30.370588302612305,31.505353927612305,0.9929069978058868,4.117100238800049,2.9975932081030514,4.025341547003262,2.7386612475109855,nan,
ckpt:runs/r6_e32/best.pt,0034,clean_inf,clean,inf,False,False,,,ls:4051-11217-0023,29.383708953857422,30.04786491394043,0.9977202766070596,4.067479610443115,3.5941346055730263,3.7923783869532963,3.188823281831481,nan,
ckpt:runs/r6_e32/best.pt,0035,clean_inf,clean,inf,False,False,,,cvhi:common_voice_hi_24359463,35.7772331237793,36.277069091796875,0.9998408864011044,4.250019073486328,3.6456253194389303,4.18487074693493,3.4376421799665673,nan,
ckpt:runs/r6_e32/best.pt,0036,clean_inf,clean,inf,False,False,,,ls:6385-34669-0007,33.47929000854492,34.533836364746094,0.9990028610228692,4.308017730712891,3.4197578169304617,3.8937957531193064,3.096077447842408,nan,
ckpt:runs/r6_e32/best.pt,0037,clean_inf,clean,inf,False,False,,,ls:6272-70191-0037,35.210472106933594,35.668453216552734,0.9992239093674047,4.264481544494629,3.500831436065992,3.9388800644809114,3.1706605064427356,nan,
ckpt:runs/r6_e32/best.pt,0038,clean_inf,clean,inf,False,False,,,ls:302-123523-0031,34.01340103149414,34.924522399902344,0.9993965811717131,4.2252984046936035,3.634565717951725,4.1689012769182066,3.415863240893693,nan,
ckpt:runs/r6_e32/best.pt,0039,clean_inf,clean,inf,False,False,,,ls:7402-59171-0003,31.78791046142578,32.7646369934082,0.99749854161492,4.194876670837402,3.565083000482333,4.077154644047046,3.2759519269482347,nan,
ckpt:runs/r6_e32/best.pt,0000,stationary_-10,stationary,-10.0,False,False,,,ls:328-129766-0053,3.0258095264434814,0.5760557055473328,0.6501077870066464,1.1495352983474731,1.9554931678396765,3.386551877453853,1.7567624528334485,nan,
ckpt:runs/r6_e32/best.pt,0001,stationary_-10,stationary,-10.0,False,True,,,cvhi:common_voice_hi_27761571,1.3575011491775513,-4.16264533996582,0.45359118390716413,1.0551185607910156,1.1232890639550175,2.4819889701029862,1.22909663822073,nan,
ckpt:runs/r6_e32/best.pt,0002,stationary_-10,stationary,-10.0,False,False,,,ls:1926-143879-0014,7.2817254066467285,6.527358055114746,0.8644468845373389,1.7232364416122437,2.501327445669552,3.7214813067627786,2.2467003492129507,nan,
ckpt:runs/r6_e32/best.pt,0003,stationary_-10,stationary,-10.0,False,False,,,cvhi:common_voice_hi_26152093,3.1063458919525146,0.5049026012420654,0.6845889494714719,1.3817203044891357,1.6577314619887875,1.6134286855892845,1.2048785929391865,nan,
ckpt:runs/r6_e32/best.pt,0004,stationary_-10,stationary,-10.0,False,False,,,cvhi:common_voice_hi_26131739,2.852505683898926,-0.273784875869751,0.39417690442223735,1.0281261205673218,2.103277919288728,2.868319894085387,1.6791932243233283,nan,
ckpt:runs/r6_e32/best.pt,0005,stationary_-10,stationary,-10.0,False,False,,,ls:2391-145015-0051,4.3648529052734375,2.531140089035034,0.6672737252390714,1.158493161201477,2.2368411986231203,3.056862726059994,1.8201950506923772,nan,
ckpt:runs/r6_e32/best.pt,0006,stationary_-10,stationary,-10.0,False,False,,,ls:6272-70191-0032,1.1565190553665161,-4.654959678649902,0.5952695129064803,1.1088913679122925,1.623635446521395,2.9263400796553545,1.3593032460728385,nan,
ckpt:runs/r6_e32/best.pt,0007,stationary_-10,stationary,-10.0,False,False,,,ls:6385-220959-0014,2.0131964683532715,-2.166116952896118,0.6876366028077142,1.0767287015914917,1.5381769006258257,2.1977709972676185,1.3157741798281446,nan,
ckpt:runs/r6_e32/best.pt,0008,stationary_-10,stationary,-10.0,False,False,,,ls:1926-147979-0050,4.492326259613037,2.6041646003723145,0.6809917637636578,1.1770761013031006,1.8670596537256157,3.103500663003789,1.5896667155420354,nan,
ckpt:runs/r6_e32/best.pt,0009,stationary_-10,stationary,-10.0,False,False,,,cvhi:common_voice_hi_27761549,2.6401190757751465,-0.7490067481994629,0.551388419367051,1.0626391172409058,1.9404241181852446,3.4715860519620914,1.6562366652900153,nan,
ckpt:runs/r6_e32/best.pt,0010,stationary_-10,stationary,-10.0,False,False,,,ls:5192-19397-0026,1.5994733572006226,-3.5007076263427734,0.6500137330262944,1.098987340927124,1.9267080511099224,3.567365314948752,1.792988521058629,nan,
ckpt:runs/r6_e32/best.pt,0011,stationary_-10,stationary,-10.0,False,False,,,ls:2391-145015-0120,5.351755619049072,3.883944511413574,0.6199550777515337,1.1331663131713867,2.049770560053099,3.258759468859925,1.7321570951174257,nan,
ckpt:runs/r6_e32/best.pt,0012,stationary_-10,stationary,-10.0,False,False,,,ls:87-121553-0045,4.385335445404053,2.4190499782562256,0.7288803713357489,1.2123264074325562,2.3708066468043683,3.398127499036576,2.00405315839407,nan,
ckpt:runs/r6_e32/best.pt,0013,stationary_-10,stationary,-10.0,False,False,,,ls:87-121553-0094,3.450023889541626,0.8433491587638855,0.6348626070136709,1.139534592628479,1.9044287876480857,2.722995856620588,1.5178165298610982,nan,
ckpt:runs/r6_e32/best.pt,0014,stationary_-10,stationary,-10.0,False,False,,,ls:6147-34607-0024,6.031308174133301,4.874876976013184,0.74248387574547,1.3058542013168335,2.1779696395774435,3.1347828146837915,1.8408491092841959,nan,
ckpt:runs/r6_e32/best.pt,0015,stationary_-10,stationary,-10.0,False,False,,,ls:7447-91187-0061,0.8077077865600586,-3.816026449203491,0.5083147473664518,1.1060627698898315,2.1012058130827214,2.4699081343335356,1.620380913693371,nan,
ckpt:runs/r6_e32/best.pt,0016,stationary_-10,stationary,-10.0,False,False,,,ls:302-123523-0032,3.4443047046661377,0.9723336696624756,0.7909862172560908,1.1538745164871216,1.7190877714584116,3.1861888735696886,1.4884989554330854,nan,
ckpt:runs/r6_e32/best.pt,0017,stationary_-10,stationary,-10.0,False,False,,,cvhi:common_voice_hi_23833334,3.285897731781006,0.7849794626235962,0.5923180465897242,1.1595638990402222,1.7892212099699383,2.39457665387822,1.4306121774851968,nan,
ckpt:runs/r6_e32/best.pt,0018,stationary_-10,stationary,-10.0,True,False,,,ls:302-123504-0032,1.667432188987732,-3.295375347137451,0.6144478799881499,1.0468119382858276,1.744007628308101,3.0023437447033605,1.4532852197061517,nan,
ckpt:runs/r6_e32/best.pt,0019,stationary_-10,stationary,-10.0,True,True,,,ls:8098-278278-0020,1.4016900062561035,-3.4210941791534424,0.6380550976098582,1.1329742670059204,2.0558476582660603,2.8622965668916933,1.6824355779640077,nan,
ckpt:runs/r6_e32/best.pt,0020,stationary_-10,stationary,-10.0,False,False,,,cvhi:common_voice_hi_27592071,4.2796831130981445,2.3529162406921387,0.6430646696397695,1.2118966579437256,1.7734859983607796,2.8205537700069034,1.442572335967532,nan,
ckpt:runs/r6_e32/best.pt,0021,stationary_-10,stationary,-10.0,False,False,,,ls:6078-54007-0049,2.6672401428222656,-0.5049992799758911,0.6424993380295833,1.0421818494796753,2.073197630954616,2.9057462302122303,1.6281050430333899,nan,
ckpt:runs/r6_e32/best.pt,0022,stationary_-10,stationary,-10.0,False,False,,,ls:328-129766-0060,1.3911229372024536,-3.701584815979004,0.6142380090077396,1.0582292079925537,1.6481355801106792,2.770082089735091,1.370334109797087,nan,
ckpt:runs/r6_e32/best.pt,0023,stationary_-10,stationary,-10.0,False,False,,,cvhi:common_voice_hi_27749162,2.944572925567627,-0.08739129453897476,0.6523206316222181,1.1695888042449951,1.719770006176434,3.439701324165362,1.567393900967628,nan,
ckpt:runs/r6_e32/best.pt,0024,stationary_-10,stationary,-10.0,False,False,,,ls:87-121553-0094,3.702971935272217,1.8170446157455444,0.6040622654191794,1.1818864345550537,1.7580284780979398,2.6819966764948036,1.3263204713291477,nan,
ckpt:runs/r6_e32/best.pt,0025,stationary_-10,stationary,-10.0,False,False,,,cvhi:common_voice_hi_27860310,3.752657413482666,1.3838876485824585,0.6958333289907442,1.1239062547683716,2.1554289376540807,3.1623527358362344,1.7785248726321492,nan,
ckpt:runs/r6_e32/best.pt,0026,stationary_-10,stationary,-10.0,False,False,,,ls:6147-34605-0038,4.724155902862549,3.0840163230895996,0.6976447487925634,1.2321124076843262,2.3563073604042404,3.255839436384954,1.989835608661506,nan,
ckpt:runs/r6_e32/best.pt,0027,stationary_-10,stationary,-10.0,False,False,,,ls:4051-11218-0046,5.807610511779785,4.4851298332214355,0.7769526434106951,1.2155299186706543,2.55378967786732,3.4780820469809357,2.252413917789011,nan,
ckpt:runs/r6_e32/best.pt,0028,stationary_-10,stationary,-10.0,False,False,,,cvhi:common_voice_hi_26897388,3.971573829650879,1.7562689781188965,0.7130331519112717,1.5020432472229004,2.1169024717110876,2.4647583007536316,1.633147543606691,nan,
ckpt:runs/r6_e32/best.pt,0029,stationary_-10,stationary,-10.0,False,False,,,ls:6078-54007-0028,4.197220325469971,2.167344331741333,0.7584932132761438,1.161611795425415,2.37496706334101,3.4614693325571566,2.1095273400213292,nan,
ckpt:runs/r6_e32/best.pt,0030,stationary_-10,stationary,-10.0,False,False,,,ls:7447-91187-0025,1.6305447816848755,-2.497777223587036,0.5030847549465217,1.1029337644577026,2.119612835272258,3.1209120785456714,1.7393688974466788,nan,
ckpt:runs/r6_e32/best.pt,0031,stationary_-10,stationary,-10.0,False,False,,,ls:7447-91186-0025,2.689763069152832,-0.6394680738449097,0.7733245086389268,1.1767489910125732,2.3336131991213613,3.473408296019486,2.0559731076292174,nan,
ckpt:runs/r6_e32/best.pt,0032,stationary_-10,stationary,-10.0,False,False,,,ls:2007-149877-0055,7.164673805236816,6.379392147064209,0.7905129674094733,1.3351887464523315,1.7868270714262464,3.442281507479471,1.6357188373225022,nan,
ckpt:runs/r6_e32/best.pt,0033,stationary_-10,stationary,-10.0,False,False,,,ls:302-123516-0002,1.4916458129882812,-2.940025806427002,0.6617290726078257,1.118953824043274,1.63415623940859,2.9542973313725973,1.4430347726864787,nan,
ckpt:runs/r6_e32/best.pt,0034,stationary_-10,stationary,-10.0,False,False,,,ls:4830-25904-0011,7.212508201599121,6.389718055725098,0.6686814914154205,1.4984180927276611,2.8410971306517303,3.099646586327777,2.225898356669405,nan,
ckpt:runs/r6_e32/best.pt,0035,stationary_-10,stationary,-10.0,False,False,,,cvhi:common_voice_hi_27761609,2.013789415359497,-2.1286699771881104,0.587040836881953,1.1509546041488647,1.7804483956207304,2.652831225462039,1.4593245031544675,nan,
ckpt:runs/r6_e32/best.pt,0036,stationary_-10,stationary,-10.0,False,False,,,ls:2514-149482-0024,2.862210512161255,-0.2594394385814667,0.7283117139944507,1.1798449754714966,2.3029018779485173,3.4555781185326158,1.9744667261726214,nan,
ckpt:runs/r6_e32/best.pt,0037,stationary_-10,stationary,-10.0,False,False,,,ls:5192-19397-0075,2.1409361362457275,-1.7174016237258911,0.5838915251705126,1.1810290813446045,2.026911441605598,2.9237448456003845,1.6249135721775645,nan,
ckpt:runs/r6_e32/best.pt,0038,stationary_-10,stationary,-10.0,False,False,,,ls:5192-19396-0027,3.4207143783569336,0.8165760040283203,0.7736049711176719,1.3714640140533447,2.152720098383302,3.4092445122702206,1.8871100494444102,nan,
ckpt:runs/r6_e32/best.pt,0039,stationary_-10,stationary,-10.0,False,False,,,ls:2514-149482-0024,3.056126594543457,0.27804112434387207,0.7347157728475594,1.1000477075576782,2.7183795414680265,2.7755074882799255,2.0471664934724383,nan,
ckpt:runs/r6_e32/best.pt,0000,stationary_-5,stationary,-5.0,False,False,,,ls:6385-34669-0004,8.315515518188477,7.901102066040039,0.8142888606187869,1.2521305084228516,2.6226413007900384,3.4177814395079755,2.229235637571904,nan,
ckpt:runs/r6_e32/best.pt,0001,stationary_-5,stationary,-5.0,False,False,,,ls:5192-19397-0043,5.753657817840576,4.41772985458374,0.7632530936087114,1.6829676628112793,2.61835121790451,3.1383332256329823,2.109285078251124,nan,
ckpt:runs/r6_e32/best.pt,0002,stationary_-5,stationary,-5.0,False,False,,,ls:2514-149482-0044,5.231861114501953,3.710543632507324,0.8680154261658961,1.5022491216659546,3.0205558813550293,3.041162259938206,2.385642918285574,nan,
ckpt:runs/r6_e32/best.pt,0003,stationary_-5,stationary,-5.0,False,False,,,ls:1081-125237-0049,4.436493396759033,2.5024173259735107,0.7332016823249712,1.286402702331543,2.2746901218112323,2.144991413566273,1.5297819529253964,nan,
ckpt:runs/r6_e32/best.pt,0004,stationary_-5,stationary,-5.0,False,False,,,ls:1926-143879-0028,6.589237213134766,5.62722110748291,0.7941252955728016,1.3135793209075928,1.6913533586463079,3.355954273514601,1.5195058754027253,nan,
ckpt:runs/r6_e32/best.pt,0005,stationary_-5,stationary,-5.0,False,False,,,ls:1926-147979-0024,6.644690036773682,5.681216716766357,0.8222170127705529,1.505310297012329,2.2647569996658503,3.5698845447180467,2.0402692052282627,nan,
ckpt:runs/r6_e32/best.pt,0006,stationary_-5,stationary,-5.0,False,False,,,ls:4830-25904-0033,5.431877136230469,4.072121620178223,0.8435731394650462,1.427217721939087,2.551531271974494,2.8870335898938273,1.9390187778346009,nan,
ckpt:runs/r6_e32/best.pt,0007,stationary_-5,stationary,-5.0,False,False,,,ls:6078-54007-0026,2.3745200634002686,-1.013008713722229,0.7666294386617132,1.0520660877227783,2.4619830379995786,3.0037613114284345,1.9940173458642227,nan,
ckpt:runs/r6_e32/best.pt,0008,stationary_-5,stationary,-5.0,False,False,,,ls:4051-11218-0003,7.386991500854492,6.517641067504883,0.8393539933562429,1.3366568088531494,2.1135973826219527,3.2448346314443133,1.850088399162863,nan,
ckpt:runs/r6_e32/best.pt,0009,stationary_-5,stationary,-5.0,False,False,,,ls:4051-11218-0005,9.127045631408691,9.022929191589355,0.8207832954236657,1.3072519302368164,2.893379471984767,3.1958477681055673,2.4113672552417347,nan,
ckpt:runs/r6_e32/best.pt,0010,stationary_-5,stationary,-5.0,False,False,,,ls:6078-54013-0073,6.226182460784912,5.089947700500488,0.7372628550586137,1.2673125267028809,1.9898513106920546,3.0684153752149355,1.6552304252754915,nan,
ckpt:runs/r6_e32/best.pt,0011,stationary_-5,stationary,-5.0,False,False,,,cvhi:common_voice_hi_26151892,4.562066078186035,2.7245988845825195,0.6340726239000514,1.1687194108963013,2.197741060808702,2.8393479443276255,1.7262987648394386,nan,
ckpt:runs/r6_e32/best.pt,0012,stationary_-5,stationary,-5.0,False,False,,,ls:1081-125237-0021,4.617330551147461,3.1413893699645996,0.8280284085719926,1.3914453983306885,2.0343885509309327,2.3369147384804534,1.7423838068611817,nan,
ckpt:runs/r6_e32/best.pt,0013,stationary_-5,stationary,-5.0,False,False,,,cvhi:common_voice_hi_27369009,4.866158485412598,3.240659236907959,0.7491671575980169,1.230188250541687,1.8913052951199079,3.083982179952967,1.5835804463374115,nan,
ckpt:runs/r6_e32/best.pt,0014,stationary_-5,stationary,-5.0,False,False,,,ls:302-123523-0015,6.558642387390137,5.477099418640137,0.8650521576182627,1.2918517589569092,2.6932030292299514,3.535775296525295,2.3583466495330905,nan,
ckpt:runs/r6_e32/best.pt,0015,stationary_-5,stationary,-5.0,False,False,,,ls:6272-70171-0040,4.62863826751709,3.0526604652404785,0.8394502723508179,1.3304072618484497,1.8673899436007149,3.5330543290647918,1.7030574249264303,nan,
ckpt:runs/r6_e32/best.pt,0016,stationary_-5,stationary,-5.0,False,False,,,ls:6272-70171-0027,7.405272006988525,6.6024169921875,0.8718266152812774,1.3932952880859375,2.1155616629459404,3.2919816120389367,1.7917420962513098,nan,
ckpt:runs/r6_e32/best.pt,0017,stationary_-5,stationary,-5.0,False,False,,,ls:328-129766-0011,3.044293165206909,0.6914764642715454,0.738145367206355,1.1347980499267578,1.9321040697331744,2.2083156661614636,1.687857201087238,nan,
ckpt:runs/r6_e32/best.pt,0018,stationary_-5,stationary,-5.0,False,False,,,ls:5192-19397-0028,5.182757377624512,3.6872496604919434,0.7709622222668372,1.3136370182037354,2.1165018712814745,3.014940865011543,1.76362008478956,nan,
ckpt:runs/r6_e32/best.pt,0019,stationary_-5,stationary,-5.0,False,False,,,ls:1081-125237-0045,5.472535133361816,4.22605037689209,0.8476849391244208,1.4644862413406372,2.3996355651638237,3.260575783661875,2.0127205239388943,nan,
ckpt:runs/r6_e32/best.pt,0020,stationary_-5,stationary,-5.0,False,False,,,ls:4830-25904-0024,4.461039066314697,2.5383129119873047,0.8009382470232903,1.375254511833191,2.3527277233821473,3.2765291441187268,1.9844220278658489,nan,
ckpt:runs/r6_e32/best.pt,0021,stationary_-5,stationary,-5.0,False,False,,,ls:1081-125237-0062,4.256231784820557,2.2755911350250244,0.8056222315533373,1.3660106658935547,2.6181011291213125,2.883867628464999,1.9704383129101735,nan,
ckpt:runs/r6_e32/best.pt,0022,stationary_-5,stationary,-5.0,False,False,,,ls:7447-91187-0011,5.4415411949157715,4.02710485458374,0.5937613950918937,1.142530083656311,2.239511080302716,3.1183782905096997,1.8463212261087951,nan,
ckpt:runs/r6_e32/best.pt,0023,stationary_-5,stationary,-5.0,False,False,,,ls:6078-54013-0039,4.98206901550293,3.50131893157959,0.7623182271586421,1.3312621116638184,2.521520843534908,3.2986676732537408,2.118331714938753,nan,
ckpt:runs/r6_e32/best.pt,0024,stationary_-5,stationary,-5.0,False,False,,,ls:2391-145015-0074,10.94836139678955,10.692214965820312,0.8436887550980652,1.5896459817886353,3.0767596334531753,3.4133126510718768,2.5979014313134288,nan,
ckpt:runs/r6_e32/best.pt,0025,stationary_-5,stationary,-5.0,False,False,,,ls:4051-11218-0004,0.919479489326477,-0.039681948721408844,0.838147659834252,1.3563075065612793,2.4816093838270827,2.5964067943832134,1.8155384956203071,nan,
ckpt:runs/r6_e32/best.pt,0026,stationary_-5,stationary,-5.0,False,False,,,ls:8098-278252-0024,2.766420364379883,-0.10101330280303955,0.7611977457201712,1.2748854160308838,2.837336266843862,2.5818380631203666,1.9617302648104735,nan,
ckpt:runs/r6_e32/best.pt,0027,stationary_-5,stationary,-5.0,False,False,,,ls:2007-132570-0038,7.511050701141357,6.670529842376709,0.8147877092040361,1.3903306722640991,1.953712615543011,3.43586031497574,1.7374078116005038,nan,
ckpt:runs/r6_e32/best.pt,0028,stationary_-5,stationary,-5.0,False,False,,,cvhi:common_voice_hi_27860336,5.672541618347168,4.305883407592773,0.7887005701783985,1.3462750911712646,2.3671492909775345,3.213319874717907,1.9105714523737165,nan,
ckpt:runs/r6_e32/best.pt,0029,stationary_-5,stationary,-5.0,False,False,,,ls:7447-91187-0018,2.9413094520568848,-0.09886826574802399,0.7001498388998941,1.161421775817871,2.2667459296527395,3.2046474441690873,1.9186711893847734,nan,
ckpt:runs/r6_e32/best.pt,0030,stationary_-5,stationary,-5.0,False,False,,,ls:87-121553-0022,9.34864616394043,8.81529712677002,0.8647965876532588,1.4182677268981934,2.9110094908952187,3.6477226629236545,2.5596671456565683,nan,
ckpt:runs/r6_e32/best.pt,0031,stationary_-5,stationary,-5.0,False,False,,,ls:1081-125237-0105,3.100998640060425,0.2278619259595871,0.7003777352612122,1.2855968475341797,2.2891895675691027,3.085275903099545,1.8722785625207858,nan,
ckpt:runs/r6_e32/best.pt,0032,stationary_-5,stationary,-5.0,False,False,,,cvhi:common_voice_hi_25149605,7.033078670501709,6.478973388671875,0.8626955489265731,1.3942086696624756,1.7319191403912197,3.045979145149037,1.4738034750264735,nan,
ckpt:runs/r6_e32/best.pt,0033,stationary_-5,stationary,-5.0,False,False,,,ls:2007-149877-0001,10.49404239654541,10.320052146911621,0.8936290812301934,1.5701344013214111,2.903470653194002,2.80354531117126,2.161782598480868,nan,
ckpt:runs/r6_e32/best.pt,0034,stationary_-5,stationary,-5.0,False,False,,,ls:8098-275181-0004,4.832124710083008,3.1026501655578613,0.8429366556418888,1.2947208881378174,2.4748302269912794,3.359652542941434,2.0675536360517386,nan,
ckpt:runs/r6_e32/best.pt,0035,stationary_-5,stationary,-5.0,True,False,,,ls:87-121553-0011,5.618283748626709,4.270560264587402,0.806968704070732,1.4586832523345947,2.3270662654662355,3.314367348672411,2.01420859850802,nan,
ckpt:runs/r6_e32/best.pt,0036,stationary_-5,stationary,-5.0,False,False,,,ls:1081-125237-0073,4.771194934844971,3.1559486389160156,0.8726024071513501,1.3481380939483643,3.0737286706985474,3.071723343495752,2.442329927788747,nan,
ckpt:runs/r6_e32/best.pt,0037,stationary_-5,stationary,-5.0,False,False,,,ls:2007-132570-0053,8.61850643157959,7.97675085067749,0.8412815141038475,1.5456737279891968,2.13821245829693,3.605720525945088,1.9299484752069413,nan,
ckpt:runs/r6_e32/best.pt,0038,stationary_-5,stationary,-5.0,False,False,,,ls:1081-125237-0049,4.360018253326416,2.6188273429870605,0.7163175629892826,1.2655402421951294,2.3242122533352436,2.967457726150058,1.8820918409455478,nan,
ckpt:runs/r6_e32/best.pt,0039,stationary_-5,stationary,-5.0,False,True,,,ls:2514-149482-0028,3.065066337585449,0.1091221421957016,0.7893245149056638,1.0996168851852417,2.743802582321458,3.370067636539374,2.314790610573314,nan,
ckpt:runs/r6_e32/best.pt,0000,stationary_0,stationary,0.0,False,False,,,ls:328-129766-0027,7.2919697761535645,6.596329689025879,0.9163597792200583,1.3688758611679077,2.9763173094860393,3.5670551606348333,2.5577817564798817,nan,
ckpt:runs/r6_e32/best.pt,0001,stationary_0,stationary,0.0,False,False,,,ls:4051-10927-0000,10.650633811950684,10.411237716674805,0.8884913660166718,1.4358265399932861,2.9211859901482424,2.9394310070649596,2.2729034276072415,nan,
ckpt:runs/r6_e32/best.pt,0002,stationary_0,stationary,0.0,False,False,,,ls:4051-11217-0025,5.268900394439697,4.380697250366211,0.8704376223151022,1.4754912853240967,2.201261219697207,2.5872580989440848,1.6915472426044584,nan,
ckpt:runs/r6_e32/best.pt,0003,stationary_0,stationary,0.0,False,False,,,ls:1926-147979-0025,10.492205619812012,10.101959228515625,0.9232710650683841,1.952608585357666,2.6800862986790466,2.90935832801209,2.114284931168709,nan,
ckpt:runs/r6_e32/best.pt,0004,stationary_0,stationary,0.0,False,True,,,cvhi:common_voice_hi_27860336,8.817835807800293,8.351391792297363,0.8750971256567542,1.5902714729309082,2.77874717997949,2.677684723888479,1.9825498455857704,nan,
ckpt:runs/r6_e32/best.pt,0005,stationary_0,stationary,0.0,False,False,,,ls:1081-125237-0023,5.870635509490967,4.820441246032715,0.8187612057461695,1.6084516048431396,2.885206362408147,3.21810544854546,2.4080913466634875,nan,
ckpt:runs/r6_e32/best.pt,0006,stationary_0,stationary,0.0,True,False,,,ls:2391-145015-0077,7.704179286956787,6.910229682922363,0.8381458626475078,1.2491337060928345,2.7086336495766177,3.59389029052076,2.3512124208648357,nan,
ckpt:runs/r6_e32/best.pt,0007,stationary_0,stationary,0.0,False,False,,,ls:2007-132570-0028,8.9178466796875,8.329408645629883,0.8238718177779148,1.5110173225402832,2.198346575789483,3.5510925328726586,1.964697249045668,nan,
ckpt:runs/r6_e32/best.pt,0008,stationary_0,stationary,0.0,False,False,,,cvhi:common_voice_hi_24973515,7.312108039855957,6.579725742340088,0.6981549327400519,1.233474850654602,2.582894824659736,3.006228909368107,2.017444380366187,nan,
ckpt:runs/r6_e32/best.pt,0009,stationary_0,stationary,0.0,False,False,,,ls:2391-145015-0067,7.704862594604492,6.91789436340332,0.8142679197857747,1.5656542778015137,2.0942547942817438,3.6716366910687777,1.9362053653117446,nan,
ckpt:runs/r6_e32/best.pt,0010,stationary_0,stationary,0.0,False,False,,,cvhi:common_voice_hi_24359464,9.825108528137207,9.370316505432129,0.8679853484723605,1.6986030340194702,2.51518103222101,3.7481934797414835,2.2350306322812674,nan,
ckpt:runs/r6_e32/best.pt,0011,stationary_0,stationary,0.0,False,False,,,ls:1926-147979-0045,10.978751182556152,10.64326286315918,0.8745957446184383,1.8998260498046875,2.7132533763940994,3.4703780846011343,2.3279849091314784,nan,
ckpt:runs/r6_e32/best.pt,0012,stationary_0,stationary,0.0,False,False,,,ls:1081-125237-0033,6.601175308227539,5.688836574554443,0.8389585742065083,1.714500069618225,3.146796265018776,3.1531952979806848,2.5524182115047926,nan,
ckpt:runs/r6_e32/best.pt,0013,stationary_0,stationary,0.0,True,True,,,ls:6385-34655-0005,8.102010726928711,7.613766670227051,0.8603950788210338,1.3130524158477783,2.344647711130037,2.6562507165326843,1.8501678978997609,nan,
ckpt:runs/r6_e32/best.pt,0014,stationary_0,stationary,0.0,False,False,,,cvhi:common_voice_hi_25161549,8.313518524169922,7.893947601318359,0.9002861653435786,1.4473929405212402,2.362935189681152,3.414782814041129,2.028591670766082,nan,
ckpt:runs/r6_e32/best.pt,0015,stationary_0,stationary,0.0,False,False,,,ls:5192-19397-0063,6.432336807250977,5.449381351470947,0.8802279919053739,1.6869503259658813,3.031991961114267,3.358217254021194,2.5105233577164423,nan,
ckpt:runs/r6_e32/best.pt,0016,stationary_0,stationary,0.0,False,False,,,ls:6147-34605-0001,11.42749309539795,11.501189231872559,0.7572041415505038,1.7445735931396484,2.238837915438564,3.386714005985433,1.9710423731871192,nan,
ckpt:runs/r6_e32/best.pt,0017,stationary_0,stationary,0.0,False,False,,,ls:2007-149877-0018,12.377089500427246,12.225286483764648,0.9461043886975243,2.0249850749969482,3.126403045309609,3.8088414939271873,2.7834723578546803,nan,
ckpt:runs/r6_e32/best.pt,0018,stationary_0,stationary,0.0,False,True,,,cvhi:common_voice_hi_27592097,11.417825698852539,11.093087196350098,0.8929794898663557,2.1883487701416016,2.2361380701898255,3.529019676702179,1.9372349467151417,nan,
ckpt:runs/r6_e32/best.pt,0019,stationary_0,stationary,0.0,False,False,,,ls:6147-34607-0018,10.921764373779297,11.100735664367676,0.8144439535393088,1.7003384828567505,2.800687981947879,3.7369022593681507,2.499060188512612,nan,
ckpt:runs/r6_e32/best.pt,0020,stationary_0,stationary,0.0,False,False,,,ls:6385-34655-0027,9.3417387008667,9.288941383361816,0.872881312621941,1.3149598836898804,2.729904941130271,3.07465224780537,2.220915236576079,nan,
ckpt:runs/r6_e32/best.pt,0021,stationary_0,stationary,0.0,False,False,,,ls:2514-149482-0082,7.858733654022217,7.091769218444824,0.8616382203991703,1.3392325639724731,2.892273073786986,3.5298044301166724,2.506147443604178,nan,
ckpt:runs/r6_e32/best.pt,0022,stationary_0,stationary,0.0,True,False,,,ls:2514-149482-0036,3.279374837875366,0.5322622060775757,0.8533634481205626,1.2904611825942993,3.439644765513233,3.397948040506637,2.8419994210373627,nan,
ckpt:runs/r6_e32/best.pt,0023,stationary_0,stationary,0.0,False,False,,,ls:6078-54007-0046,7.316001892089844,6.643629550933838,0.8469600301086658,1.3226549625396729,2.5463498365010637,3.179583728324688,2.0942099512665906,nan,
ckpt:runs/r6_e32/best.pt,0024,stationary_0,stationary,0.0,False,False,,,ls:2007-132570-0010,6.881630897521973,5.90390682220459,0.856690938321315,1.3605879545211792,2.6440018728085564,2.8685013652555793,2.063741899653674,nan,
ckpt:runs/r6_e32/best.pt,0025,stationary_0,stationary,0.0,False,False,,,ls:87-121553-0019,6.736412525177002,5.765597343444824,0.7918325195415682,1.2486140727996826,2.3985477965792454,3.676274839495406,2.14193039347653,nan,
ckpt:runs/r6_e32/best.pt,0026,stationary_0,stationary,0.0,False,False,,,ls:2007-132570-0025,8.685408592224121,8.054258346557617,0.8080446599220227,1.3760089874267578,2.227398945134937,3.5511337575182216,1.9675256387853535,nan,
ckpt:runs/r6_e32/best.pt,0027,stationary_0,stationary,0.0,False,False,,,cvhi:common_voice_hi_26018195,7.114839553833008,6.501166820526123,0.7933205110267212,1.3501317501068115,1.923908915108793,3.385366697615064,1.6672333522427474,nan,
ckpt:runs/r6_e32/best.pt,0028,stationary_0,stationary,0.0,False,False,,,ls:5192-19397-0011,5.366294860839844,4.044482707977295,0.8486623012010294,1.5272111892700195,2.5533204037241943,3.573335717112341,2.209239686297646,nan,
ckpt:runs/r6_e32/best.pt,0029,stationary_0,stationary,0.0,False,False,,,ls:302-123516-0006,9.302827835083008,9.015314102172852,0.9252126040127407,1.7486884593963623,2.9746881950008968,3.6110864872768103,2.5964554267439235,nan,
ckpt:runs/r6_e32/best.pt,0030,stationary_0,stationary,0.0,False,False,,,ls:5192-19397-0056,7.479609489440918,6.822004318237305,0.9261021988076645,1.9998698234558105,3.069819288881395,3.6947772424392458,2.6944422035572875,nan,
ckpt:runs/r6_e32/best.pt,0031,stationary_0,stationary,0.0,False,False,,,cvhi:common_voice_hi_24360553,10.3272705078125,9.927058219909668,0.8969369110630565,1.4099364280700684,2.3909914143383184,3.3214212944943884,2.053524301341633,nan,
ckpt:runs/r6_e32/best.pt,0032,stationary_0,stationary,0.0,False,False,,,ls:4051-11217-0004,10.542131423950195,10.146768569946289,0.9082504300498043,1.582381248474121,3.066882419128439,2.528351001021216,2.2366303085351076,nan,
ckpt:runs/r6_e32/best.pt,0033,stationary_0,stationary,0.0,False,False,,,cvhi:common_voice_hi_24359472,11.76751708984375,11.715950965881348,0.952690527067035,1.7877999544143677,2.975346711186123,3.496778765005038,2.574695481604218,nan,
ckpt:runs/r6_e32/best.pt,0034,stationary_0,stationary,0.0,False,False,,,cvhi:common_voice_hi_26131366,9.29995346069336,8.792495727539062,0.8684885632603648,1.4214379787445068,2.423459847167217,2.618989629141878,1.7985515405626618,nan,
ckpt:runs/r6_e32/best.pt,0035,stationary_0,stationary,0.0,False,False,,,ls:6385-220959-0025,9.098023414611816,9.032722473144531,0.8668911458617241,1.4656965732574463,2.7405811295938887,3.6786443937737845,2.4050960313367944,nan,
ckpt:runs/r6_e32/best.pt,0036,stationary_0,stationary,0.0,False,False,,,cvhi:common_voice_hi_27860348,10.395646095275879,10.04318618774414,0.8587419099565831,1.6279606819152832,2.7102344414587796,3.9472253887834006,2.4465953521329173,nan,
ckpt:runs/r6_e32/best.pt,0037,stationary_0,stationary,0.0,False,False,,,ls:8098-275181-0015,9.268501281738281,9.396760940551758,0.8719291057488378,1.722959041595459,2.7340624243543528,3.770672254691892,2.4289612375884477,nan,
ckpt:runs/r6_e32/best.pt,0038,stationary_0,stationary,0.0,False,False,,,ls:6272-70168-0031,12.770971298217773,12.540410995483398,0.8999126232927284,1.8995150327682495,3.1329138846245295,4.025816964505156,2.862956453167762,nan,
ckpt:runs/r6_e32/best.pt,0039,stationary_0,stationary,0.0,False,False,,,ls:7447-91187-0044,6.722352981567383,5.906403064727783,0.6630910320502403,1.213685154914856,2.279239685969803,3.1783446506047124,1.9157845322988925,nan,
ckpt:runs/r6_e32/best.pt,0000,stationary_10,stationary,10.0,False,False,,,ls:302-123504-0029,12.094476699829102,12.114084243774414,0.9514247296240836,1.9511404037475586,3.4549217649652553,3.9752200998882508,3.1301774128062787,nan,
ckpt:runs/r6_e32/best.pt,0001,stationary_10,stationary,10.0,False,False,,,ls:1081-125237-0049,10.296781539916992,10.257081031799316,0.916295413132079,2.185641050338745,3.4270940015408735,3.8233853658862325,3.08432091537973,nan,
ckpt:runs/r6_e32/best.pt,0002,stationary_10,stationary,10.0,False,False,,,ls:328-129766-0038,11.517104148864746,11.891788482666016,0.9019902430870468,1.8879401683807373,3.1435676225913034,3.625778915308838,2.7047078568658147,nan,
ckpt:runs/r6_e32/best.pt,0003,stationary_10,stationary,10.0,True,False,,,cvhi:common_voice_hi_24359430,9.976435661315918,10.559678077697754,0.6729229819865639,1.3151099681854248,2.235416148991903,3.8129918145317045,2.017607785349643,nan,
ckpt:runs/r6_e32/best.pt,0004,stationary_10,stationary,10.0,False,False,,,ls:2007-149877-0016,15.414430618286133,15.841129302978516,0.9610287886072252,2.0934324264526367,3.2789986611025745,4.027028695114988,2.99779112699911,nan,
ckpt:runs/r6_e32/best.pt,0005,stationary_10,stationary,10.0,False,False,,,ls:7447-91187-0062,13.051925659179688,12.8328218460083,0.9517180890630106,2.067469835281372,3.409746392487432,3.282880331530852,2.7639497133910718,nan,
ckpt:runs/r6_e32/best.pt,0006,stationary_10,stationary,10.0,False,False,,,cvhi:common_voice_hi_27761516,15.766807556152344,15.74827766418457,0.9489579070391317,2.257507801055908,3.0520006052817457,3.5595154172078582,2.530378812158685,nan,
ckpt:runs/r6_e32/best.pt,0007,stationary_10,stationary,10.0,False,False,,,cvhi:common_voice_hi_27749201,14.657354354858398,14.512406349182129,0.9371255501906638,2.2724335193634033,2.8045902407932184,3.2121748519991002,2.1218848628529026,nan,
ckpt:runs/r6_e32/best.pt,0008,stationary_10,stationary,10.0,False,False,,,ls:2391-145015-0069,15.88836669921875,15.906376838684082,0.9347154218043014,2.4049336910247803,3.273407221620433,3.845636143037667,2.9590412020602677,nan,
ckpt:runs/r6_e32/best.pt,0009,stationary_10,stationary,10.0,False,False,,,cvhi:common_voice_hi_23796063,14.897497177124023,14.766328811645508,0.9026136222586139,1.9554800987243652,2.854766872331736,3.5220328167151482,2.4540061648418043,nan,
ckpt:runs/r6_e32/best.pt,0010,stationary_10,stationary,10.0,True,False,,,ls:6272-70191-0035,13.939528465270996,14.23082160949707,0.9678440363746528,2.4081127643585205,3.2149801110885488,3.675123015988804,2.8297005683669596,nan,
ckpt:runs/r6_e32/best.pt,0011,stationary_10,stationary,10.0,False,False,,,ls:328-129766-0013,13.773111343383789,14.125490188598633,0.8626619887452521,1.8780055046081543,3.438173681386332,3.936971600229576,3.0886353876754318,nan,
ckpt:runs/r6_e32/best.pt,0012,stationary_10,stationary,10.0,False,False,,,ls:6385-220959-0002,19.17952537536621,19.665285110473633,0.9544782166822988,2.254380464553833,3.225057035292716,3.895256743176443,2.8936216794879313,nan,
ckpt:runs/r6_e32/best.pt,0013,stationary_10,stationary,10.0,False,False,,,ls:5192-19396-0004,13.655587196350098,13.59647274017334,0.9705152571575234,2.8207931518554688,3.414721146950079,3.9719420262586267,3.0991794843450027,nan,
ckpt:runs/r6_e32/best.pt,0014,stationary_10,stationary,10.0,False,False,,,ls:7447-91186-0036,12.541308403015137,12.681314468383789,0.9679262515747018,2.107574462890625,3.2037179876238695,3.832293393332872,2.8619421237270544,nan,
ckpt:runs/r6_e32/best.pt,0015,stationary_10,stationary,10.0,False,False,,,ls:1081-128618-0000,13.181323051452637,13.024490356445312,0.9254797420710021,2.2567644119262695,3.4086211357917517,3.829256672645039,2.9958785499159015,nan,
ckpt:runs/r6_e32/best.pt,0016,stationary_10,stationary,10.0,False,False,,,ls:4051-10927-0002,15.4182767868042,15.302595138549805,0.9225228876570472,1.6630157232284546,3.3273914812692076,3.7941228271407716,2.9475129927300405,nan,
ckpt:runs/r6_e32/best.pt,0017,stationary_10,stationary,10.0,False,True,,,ls:87-121553-0095,16.101961135864258,16.18097496032715,0.9515360085463401,2.2090811729431152,3.3638465496935828,4.001125636672875,3.0904197532989834,nan,
ckpt:runs/r6_e32/best.pt,0018,stationary_10,stationary,10.0,True,False,,,ls:7402-90848-0024,13.304618835449219,13.110527992248535,0.9011082385186013,2.0328946113586426,2.8826228749641998,3.0151858484330956,2.2606974221967095,nan,
ckpt:runs/r6_e32/best.pt,0019,stationary_10,stationary,10.0,True,False,,,ls:2007-149877-0021,9.510212898254395,8.994710922241211,0.9319292764054832,1.7809221744537354,3.0997870960852647,3.838698546630914,2.775388848041081,nan,
ckpt:runs/r6_e32/best.pt,0020,stationary_10,stationary,10.0,False,False,,,cvhi:common_voice_hi_24225998,18.033811569213867,17.970598220825195,0.9796551781730363,2.770944595336914,3.271762566078289,3.6912267149631584,2.8334191139880467,nan,
ckpt:runs/r6_e32/best.pt,0021,stationary_10,stationary,10.0,False,False,,,ls:4051-11218-0062,15.318198204040527,15.21943473815918,0.9399964627886597,1.9911587238311768,2.9070040483529413,3.6164638067401036,2.5240615466646457,nan,
ckpt:runs/r6_e32/best.pt,0022,stationary_10,stationary,10.0,False,True,,,cvhi:common_voice_hi_24359419,13.964252471923828,13.78650188446045,0.9208101314948067,2.578481435775757,2.6186345067278274,3.7463682726668637,2.318228781992077,nan,
ckpt:runs/r6_e32/best.pt,0023,stationary_10,stationary,10.0,False,False,,,ls:2514-149482-0073,12.932438850402832,13.156742095947266,0.9309768400908608,2.4592337608337402,3.6223064970688132,4.149839655834615,3.399163738107078,nan,
ckpt:runs/r6_e32/best.pt,0024,stationary_10,stationary,10.0,False,False,,,cvhi:common_voice_hi_27761614,15.052698135375977,15.022944450378418,0.9243603405959384,2.4909067153930664,2.619992979529009,3.9272399347939917,2.3479990383558174,nan,
ckpt:runs/r6_e32/best.pt,0025,stationary_10,stationary,10.0,False,False,,,ls:6078-54013-0062,14.361736297607422,14.215238571166992,0.9686882213827926,2.7071337699890137,3.5287149613330904,4.006387695672917,3.2474057274961896,nan,
ckpt:runs/r6_e32/best.pt,0026,stationary_10,stationary,10.0,False,False,,,ls:2391-145015-0046,16.07290267944336,16.357688903808594,0.9602600903006411,2.361243724822998,3.033568284339911,3.8080655261545946,2.693276172705903,nan,
ckpt:runs/r6_e32/best.pt,0027,stationary_10,stationary,10.0,False,False,,,ls:7447-91187-0003,12.848398208618164,12.618101119995117,0.8988153744771242,2.2863030433654785,3.164045961096429,3.875912526075002,2.8590625900337376,nan,
ckpt:runs/r6_e32/best.pt,0028,stationary_10,stationary,10.0,False,False,,,ls:5192-19397-0042,12.881505966186523,12.655754089355469,0.8900233558999322,2.6008718013763428,3.0268588784951467,3.6716411544778635,2.6428313417464455,nan,
ckpt:runs/r6_e32/best.pt,0029,stationary_10,stationary,10.0,False,False,,,ls:328-129766-0046,9.529969215393066,9.074087142944336,0.933654099243033,1.8882665634155273,3.392521463430477,4.035980913275396,3.0972656753768297,nan,
ckpt:runs/r6_e32/best.pt,0030,stationary_10,stationary,10.0,False,False,,,cvhi:common_voice_hi_27749265,17.373699188232422,18.139392852783203,0.933954618661504,2.6408565044403076,3.103459270071546,3.935010763196556,2.7828428817823996,nan,
ckpt:runs/r6_e32/best.pt,0031,stationary_10,stationary,10.0,False,True,,,ls:2007-132570-0013,13.424179077148438,13.780853271484375,0.9321800000661127,2.214853525161743,3.215591955708834,3.922315081712987,2.893619874732122,nan,
ckpt:runs/r6_e32/best.pt,0032,stationary_10,stationary,10.0,False,False,,,ls:2391-145015-0027,14.172574043273926,14.768260955810547,0.9327425654983367,2.1602420806884766,3.169440187388896,3.861807118448282,2.8417402157621052,nan,
ckpt:runs/r6_e32/best.pt,0033,stationary_10,stationary,10.0,False,False,,,ls:328-129766-0022,13.631338119506836,14.204076766967773,0.8855735880738963,1.732410192489624,3.3959897195639894,3.8182596082081046,2.9967998832382463,nan,
ckpt:runs/r6_e32/best.pt,0034,stationary_10,stationary,10.0,False,False,,,cvhi:common_voice_hi_26152089,13.160463333129883,13.03668212890625,0.9678600928013493,2.431192636489868,2.628073441443639,3.822131640407358,2.348922745307785,nan,
ckpt:runs/r6_e32/best.pt,0035,stationary_10,stationary,10.0,False,False,,,cvhi:common_voice_hi_27860235,15.156601905822754,15.717205047607422,0.9339745186424621,2.2730000019073486,2.6095856661793717,3.6057220152801914,2.194050973411728,nan,
ckpt:runs/r6_e32/best.pt,0036,stationary_10,stationary,10.0,False,False,,,cvhi:common_voice_hi_26018232,11.952858924865723,12.56509017944336,0.9348787316893307,1.8577407598495483,2.3000490113179475,3.445504507936488,1.9727164130062798,nan,
ckpt:runs/r6_e32/best.pt,0037,stationary_10,stationary,10.0,False,False,,,ls:2391-145015-0059,12.045912742614746,12.426692962646484,0.8710218771443117,1.993018627166748,2.7078724684802435,3.843935169515041,2.4503280390235513,nan,
ckpt:runs/r6_e32/best.pt,0038,stationary_10,stationary,10.0,False,False,,,cvhi:common_voice_hi_26131644,16.52069854736328,16.42302131652832,0.9706170366956491,2.1420016288757324,2.9113256582435243,3.265298398419123,2.408082630937596,nan,
ckpt:runs/r6_e32/best.pt,0039,stationary_10,stationary,10.0,False,False,,,ls:6147-34606-0032,16.74513053894043,17.088504791259766,0.9441143487661001,2.3946709632873535,2.706322658702251,3.587725438722599,2.3740504189669434,nan,
ckpt:runs/r6_e32/best.pt,0000,stationary_15,stationary,15.0,False,False,,,cvhi:common_voice_hi_26131959,21.964109420776367,24.20907211303711,0.8765333963116239,2.8300812244415283,3.3374101622294665,4.032068024740892,3.048682686854605,nan,
ckpt:runs/r6_e32/best.pt,0001,stationary_15,stationary,15.0,False,False,,,cvhi:common_voice_hi_23796064,17.021318435668945,17.606313705444336,0.9077414307633147,1.8391096591949463,2.4953709307014464,3.340207613980136,2.1029130144248183,nan,
ckpt:runs/r6_e32/best.pt,0002,stationary_15,stationary,15.0,False,False,,,ls:6078-54007-0036,17.874101638793945,18.777366638183594,0.9807763966110971,2.798832893371582,3.6004886837485977,4.157976088704022,3.3534515283342317,nan,
ckpt:runs/r6_e32/best.pt,0003,stationary_15,stationary,15.0,True,False,,,ls:2391-145015-0116,16.681501388549805,16.59929084777832,0.9566186462436355,2.5007286071777344,3.1935687608210728,3.798914208887121,2.8483408845694536,nan,
ckpt:runs/r6_e32/best.pt,0004,stationary_15,stationary,15.0,False,True,,,ls:7447-91187-0033,14.618102073669434,15.429587364196777,0.9532856978266532,2.3026037216186523,3.167010747896294,4.098140486213879,2.9414666822803563,nan,
ckpt:runs/r6_e32/best.pt,0005,stationary_15,stationary,15.0,False,False,,,ls:302-123504-0012,18.7534236907959,18.949329376220703,0.9840917022891847,2.8240416049957275,3.4973086730944853,3.842879946375742,3.1421194633893683,nan,
ckpt:runs/r6_e32/best.pt,0006,stationary_15,stationary,15.0,False,False,,,cvhi:common_voice_hi_27749300,18.516090393066406,19.058162689208984,0.9684362494357937,3.0701584815979004,3.143842419709626,4.009924035274719,2.8468717358409865,nan,
ckpt:runs/r6_e32/best.pt,0007,stationary_15,stationary,15.0,False,True,,,ls:6385-220959-0034,19.994672775268555,22.055908203125,0.9725775166702931,2.6746129989624023,3.344396991764389,3.957735646778569,3.048089943904545,nan,
ckpt:runs/r6_e32/best.pt,0008,stationary_15,stationary,15.0,False,False,,,ls:87-121553-0025,17.359161376953125,18.22884750366211,0.98550685037854,2.915573835372925,3.5698547304772825,4.01935469599262,3.2729603018851514,nan,
ckpt:runs/r6_e32/best.pt,0009,stationary_15,stationary,15.0,False,False,,,ls:2391-145015-0017,19.02601432800293,19.135772705078125,0.9751334939627421,2.9117252826690674,3.3139087981445847,3.9809637138069673,3.0103482039856857,nan,
ckpt:runs/r6_e32/best.pt,0010,stationary_15,stationary,15.0,False,False,,,ls:6147-34606-0012,15.834619522094727,15.882372856140137,0.9427760826397451,2.617304801940918,3.2709442917561184,3.862560811976545,2.923778176350542,nan,
ckpt:runs/r6_e32/best.pt,0011,stationary_15,stationary,15.0,False,False,,,cvhi:common_voice_hi_24977128,18.421287536621094,19.180078506469727,0.9671791615235267,1.8635179996490479,2.758301972797796,3.9101484125726635,2.4667627933209433,nan,
ckpt:runs/r6_e32/best.pt,0012,stationary_15,stationary,15.0,False,False,,,ls:2391-145015-0033,18.054285049438477,18.09111785888672,0.9650001196112781,2.8100547790527344,3.252927809569516,3.669096066053858,2.8114672916912107,nan,
ckpt:runs/r6_e32/best.pt,0013,stationary_15,stationary,15.0,False,False,,,cvhi:common_voice_hi_26131167,18.516056060791016,19.37769889831543,0.9418837721308694,2.717848062515259,2.6565055563356412,3.369990991549916,2.1941253194966,nan,
ckpt:runs/r6_e32/best.pt,0014,stationary_15,stationary,15.0,False,False,,,ls:6385-220959-0002,18.94655418395996,21.177371978759766,0.9793002256172112,2.6344897747039795,3.122881498367676,3.884763234826928,2.8135173268204494,nan,
ckpt:runs/r6_e32/best.pt,0015,stationary_15,stationary,15.0,True,False,,,cvhi:common_voice_hi_25149597,14.24966812133789,14.340161323547363,0.9403814611479486,2.2186596393585205,3.016797721500383,3.6734007353479186,2.589850369725909,nan,
ckpt:runs/r6_e32/best.pt,0016,stationary_15,stationary,15.0,False,False,,,ls:6272-70168-0033,17.691741943359375,17.968528747558594,0.9669447053220815,2.8763272762298584,3.312419937256577,4.102684152430714,3.089445985568997,nan,
ckpt:runs/r6_e32/best.pt,0017,stationary_15,stationary,15.0,False,False,,,ls:2391-145015-0096,17.073036193847656,18.43418312072754,0.9762325535942461,3.481118679046631,3.5887844833097184,3.961898088067799,3.2526431857617415,nan,
ckpt:runs/r6_e32/best.pt,0018,stationary_15,stationary,15.0,False,False,,,ls:5192-19397-0043,13.401830673217773,13.582109451293945,0.9577076405415504,3.01544451713562,3.075046717742246,3.816620010075085,2.729622350348691,nan,
ckpt:runs/r6_e32/best.pt,0019,stationary_15,stationary,15.0,False,False,,,cvhi:common_voice_hi_27641130,17.214059829711914,17.83446502685547,0.9645521596100606,3.1797897815704346,3.2235630264174264,4.068810250612222,2.959108165850204,nan,
ckpt:runs/r6_e32/best.pt,0020,stationary_15,stationary,15.0,True,False,,,ls:6147-34607-0017,14.595693588256836,14.46595573425293,0.9211094675877085,2.2690887451171875,3.219888168348467,3.544199822431833,2.7569946183095126,nan,
ckpt:runs/r6_e32/best.pt,0021,stationary_15,stationary,15.0,False,False,,,ls:2007-132570-0002,17.84830093383789,17.886865615844727,0.9539299668810681,2.8031084537506104,2.9310086954212657,3.338083901562206,2.3824850854432476,nan,
ckpt:runs/r6_e32/best.pt,0022,stationary_15,stationary,15.0,False,False,,,ls:2007-132570-0016,13.086563110351562,14.423727989196777,0.9288473250130602,2.7581231594085693,3.3246867289907724,3.880045311914861,2.999176203858204,nan,
ckpt:runs/r6_e32/best.pt,0023,stationary_15,stationary,15.0,False,False,,,cvhi:common_voice_hi_38227751,16.19611358642578,16.28742027282715,0.9676047774814702,2.655701160430908,3.4860462871833495,4.077603799304957,3.1818811101671964,nan,
ckpt:runs/r6_e32/best.pt,0024,stationary_15,stationary,15.0,False,False,,,ls:4051-11217-0023,17.227928161621094,18.197628021240234,0.9542057164439249,2.667842149734497,3.536456432937886,3.9728645134424525,3.2204368615776673,nan,
ckpt:runs/r6_e32/best.pt,0025,stationary_15,stationary,15.0,False,True,,,ls:6385-220959-0039,19.638198852539062,20.96827507019043,0.9722957250363378,2.9145326614379883,3.401051968458075,4.04963506614438,3.1402014219103287,nan,
ckpt:runs/r6_e32/best.pt,0026,stationary_15,stationary,15.0,False,True,,,ls:6147-34605-0001,17.88442039489746,17.96971893310547,0.9544582016940713,2.860513687133789,3.139371668930091,3.3579628112409496,2.6000895148227223,nan,
ckpt:runs/r6_e32/best.pt,0027,stationary_15,stationary,15.0,False,False,,,cvhi:common_voice_hi_37630598,18.11094093322754,18.179779052734375,0.9790892797962418,2.94502592086792,2.6974769526962477,3.250703905799509,2.234826400515852,nan,
ckpt:runs/r6_e32/best.pt,0028,stationary_15,stationary,15.0,False,False,,,cvhi:common_voice_hi_27860377,18.156829833984375,18.346832275390625,0.961200666036736,2.3048698902130127,3.1664137576705116,3.6412401503132843,2.7082974678103544,nan,
ckpt:runs/r6_e32/best.pt,0029,stationary_15,stationary,15.0,False,True,,,cvhi:common_voice_hi_24758475,15.320962905883789,15.19234561920166,0.9536005544373986,2.7073066234588623,3.0541343181525704,3.6412117586219805,2.6363104403876854,nan,
ckpt:runs/r6_e32/best.pt,0030,stationary_15,stationary,15.0,True,False,,,ls:4051-11217-0008,14.800615310668945,15.322117805480957,0.9560028716819337,2.2478878498077393,3.447632591319444,4.054166311475966,3.1606944619681236,nan,
ckpt:runs/r6_e32/best.pt,0031,stationary_15,stationary,15.0,True,False,,,ls:1926-147987-0014,19.24925994873047,19.283077239990234,0.9859956642045595,2.902031660079956,3.46199970393735,3.9689335052830543,3.124269439902705,nan,
ckpt:runs/r6_e32/best.pt,0032,stationary_15,stationary,15.0,False,False,,,ls:328-129766-0093,16.306936264038086,16.222583770751953,0.9609846110756853,2.3589718341827393,3.4066894533229464,4.01136794218718,3.0976988645637435,nan,
ckpt:runs/r6_e32/best.pt,0033,stationary_15,stationary,15.0,False,False,,,ls:87-121553-0008,17.800891876220703,18.162120819091797,0.9756583855022642,2.518481731414795,3.4056385149353128,3.761469993880265,2.952931926376682,nan,
ckpt:runs/r6_e32/best.pt,0034,stationary_15,stationary,15.0,False,False,,,ls:1926-147979-0051,19.088836669921875,19.119108200073242,0.8770198114168521,2.9281346797943115,3.5600680019546145,3.845746575356329,3.1902301269907545,nan,
ckpt:runs/r6_e32/best.pt,0035,stationary_15,stationary,15.0,False,False,,,ls:2514-149482-0042,17.761856079101562,17.70578384399414,0.9476264774779944,2.498263359069824,3.470625259915939,4.0444227111382505,3.2078577507208257,nan,
ckpt:runs/r6_e32/best.pt,0036,stationary_15,stationary,15.0,False,False,,,ls:4830-25904-0036,16.19232177734375,16.329341888427734,0.9594945714739735,2.8629069328308105,2.970531317381704,3.3369401091201882,2.4368200175291017,nan,
ckpt:runs/r6_e32/best.pt,0037,stationary_15,stationary,15.0,False,False,,,ls:1081-125237-0082,16.470237731933594,16.902677536010742,0.9770662093205255,3.025240659713745,3.4190178813631755,3.791791272616364,3.040169321921562,nan,
ckpt:runs/r6_e32/best.pt,0038,stationary_15,stationary,15.0,False,False,,,ls:302-123516-0015,17.956844329833984,17.8922061920166,0.963384783616124,2.59541654586792,3.4495391891074285,3.9658415084751395,3.1682129336291034,nan,
ckpt:runs/r6_e32/best.pt,0039,stationary_15,stationary,15.0,False,False,,,cvhi:common_voice_hi_25188956,19.57840347290039,19.716766357421875,0.9345104024195531,2.84378981590271,2.5908985118295886,3.5902099196364037,2.239326730101066,nan,
ckpt:runs/r6_e32/best.pt,0000,stationary_5,stationary,5.0,False,False,,,ls:2007-149877-0008,11.695337295532227,11.777151107788086,0.9445878814749004,1.867581844329834,2.822625960788812,3.7633030427024794,2.526847126768237,nan,
ckpt:runs/r6_e32/best.pt,0001,stationary_5,stationary,5.0,False,False,,,ls:2514-149482-0027,8.837113380432129,8.461746215820312,0.8901258253825123,1.361079216003418,3.0220489952649823,3.43100789008566,2.5345666517740852,nan,
ckpt:runs/r6_e32/best.pt,0002,stationary_5,stationary,5.0,False,False,,,ls:1081-125237-0082,10.465250015258789,10.187654495239258,0.86660439505336,2.102217435836792,3.0937307369546554,3.570305385229879,2.7006236234660097,nan,
ckpt:runs/r6_e32/best.pt,0003,stationary_5,stationary,5.0,False,False,,,ls:1081-125237-0077,7.975983619689941,7.245589256286621,0.8778577467490347,1.7271268367767334,3.1673322063337066,2.9981348916443293,2.4879203115645105,nan,
ckpt:runs/r6_e32/best.pt,0004,stationary_5,stationary,5.0,False,False,,,ls:4830-25898-0037,11.045244216918945,10.765497207641602,0.9359313896832253,2.1159865856170654,3.1095516352262798,3.9369708072480716,2.8002045031524636,nan,
ckpt:runs/r6_e32/best.pt,0005,stationary_5,stationary,5.0,False,False,,,ls:2007-149877-0035,12.360901832580566,12.521818161010742,0.9197808353083381,1.9776818752288818,3.0255666671861094,3.762133238532182,2.6734788068200563,nan,
ckpt:runs/r6_e32/best.pt,0006,stationary_5,stationary,5.0,False,False,,,ls:6385-34655-0028,9.070178985595703,8.59729290008545,0.881118052000596,1.7206310033798218,2.5687344392659295,3.787002268398827,2.3052840410227717,nan,
ckpt:runs/r6_e32/best.pt,0007,stationary_5,stationary,5.0,False,False,,,ls:5192-19397-0007,10.20516586303711,9.934353828430176,0.8639010374717677,2.1035118103027344,3.1096098644561256,3.710677238428673,2.7219819258906237,nan,
ckpt:runs/r6_e32/best.pt,0008,stationary_5,stationary,5.0,True,False,,,cvhi:common_voice_hi_27749160,12.623079299926758,12.959223747253418,0.8663628109045113,2.0666990280151367,2.5747977744339448,3.645096987751505,2.1493934453122283,nan,
ckpt:runs/r6_e32/best.pt,0009,stationary_5,stationary,5.0,False,False,,,ls:6078-54007-0047,11.731429100036621,11.719867706298828,0.857111540910235,1.8114757537841797,3.159039394017619,3.790345366983101,2.7838498908922844,nan,
ckpt:runs/r6_e32/best.pt,0010,stationary_5,stationary,5.0,False,False,,,cvhi:common_voice_hi_27860235,13.395042419433594,13.19168472290039,0.9316751675709158,2.175977945327759,3.1463265564626943,3.4345418032560984,2.6018511186925752,nan,
ckpt:runs/r6_e32/best.pt,0011,stationary_5,stationary,5.0,False,False,,,ls:6078-54007-0046,10.530119895935059,10.340481758117676,0.9075954755716451,1.8517746925354004,2.8147888168004656,3.71754758900937,2.4784301650111553,nan,
ckpt:runs/r6_e32/best.pt,0012,stationary_5,stationary,5.0,False,False,,,ls:1926-143879-0029,11.793479919433594,11.500724792480469,0.9194673174151429,1.9191814661026,3.1583171526886646,3.768309240676765,2.7954640984550037,nan,
ckpt:runs/r6_e32/best.pt,0013,stationary_5,stationary,5.0,True,False,,,ls:2514-149482-0045,8.055183410644531,7.549617767333984,0.9512962008352782,1.5938316583633423,3.471359233012891,4.114804163772759,3.231419118528527,nan,
ckpt:runs/r6_e32/best.pt,0014,stationary_5,stationary,5.0,False,False,,,ls:6272-70191-0000,12.092538833618164,11.83289623260498,0.9150912789752758,1.9951801300048828,2.7765930662726843,3.575916319982236,2.365181834733592,nan,
ckpt:runs/r6_e32/best.pt,0015,stationary_5,stationary,5.0,False,False,,,ls:302-123516-0013,12.275667190551758,12.048687934875488,0.9506868777903575,1.9849543571472168,3.084250116902061,3.2362585859435495,2.5406286635215967,nan,
ckpt:runs/r6_e32/best.pt,0016,stationary_5,stationary,5.0,False,False,,,ls:2391-145015-0065,12.90273666381836,12.690764427185059,0.8973723156558449,2.0469932556152344,2.5673628649233766,3.8060390112911113,2.29893056769895,nan,
ckpt:runs/r6_e32/best.pt,0017,stationary_5,stationary,5.0,False,False,,,ls:4830-25904-0017,10.946428298950195,10.585237503051758,0.940512027026093,2.2422680854797363,2.9995234577974337,3.8625164642412724,2.7225164121837877,nan,
ckpt:runs/r6_e32/best.pt,0018,stationary_5,stationary,5.0,False,False,,,ls:6147-34605-0034,14.458642959594727,14.408650398254395,0.8956067266506996,2.3217830657958984,2.6550512082777926,3.521869778330222,2.330511185666292,nan,
ckpt:runs/r6_e32/best.pt,0019,stationary_5,stationary,5.0,False,False,,,ls:1081-125237-0039,8.132105827331543,7.429606914520264,0.8522220537745311,1.758102536201477,3.282896763112592,2.8960590587364536,2.5006509552664435,nan,
ckpt:runs/r6_e32/best.pt,0020,stationary_5,stationary,5.0,False,False,,,ls:7447-91186-0023,10.26543140411377,10.339868545532227,0.9360094879602483,2.156708240509033,3.125521989635804,3.8613571393379447,2.7973742703890916,nan,
ckpt:runs/r6_e32/best.pt,0021,stationary_5,stationary,5.0,True,False,,,ls:7402-90848-0013,11.938767433166504,11.659881591796875,0.8419349602456547,1.8336429595947266,2.4502843259270475,3.259202740030137,2.0839774108435116,nan,
ckpt:runs/r6_e32/best.pt,0022,stationary_5,stationary,5.0,True,False,,,ls:8098-278252-0031,9.433255195617676,9.380657196044922,0.9139465111353792,1.9702327251434326,3.0429408578099957,3.9580759059376733,2.7670961701651446,nan,
ckpt:runs/r6_e32/best.pt,0023,stationary_5,stationary,5.0,False,False,,,cvhi:common_voice_hi_26897392,8.842860221862793,8.414140701293945,0.8392482211626108,1.63008451461792,2.7327357594078086,2.7680876816886677,2.096826490458357,nan,
ckpt:runs/r6_e32/best.pt,0024,stationary_5,stationary,5.0,False,False,,,cvhi:common_voice_hi_26151856,11.558008193969727,11.419934272766113,0.9523122541541235,2.1128971576690674,2.485112020733931,3.4853235847078805,2.1147626534072077,nan,
ckpt:runs/r6_e32/best.pt,0025,stationary_5,stationary,5.0,False,False,,,ls:5192-19397-0020,10.339442253112793,9.937843322753906,0.8295827548450402,1.9367035627365112,2.951159294647233,3.6803936836125555,2.5791351568777405,nan,
ckpt:runs/r6_e32/best.pt,0026,stationary_5,stationary,5.0,True,False,,,ls:2007-149877-0054,12.155709266662598,12.404891014099121,0.9329432354545716,2.1498148441314697,2.9521739615642577,3.5155591772435537,2.5392528774331553,nan,
ckpt:runs/r6_e32/best.pt,0027,stationary_5,stationary,5.0,False,True,,,ls:4051-10927-0004,12.868437767028809,12.766581535339355,0.9150213829520685,1.519758939743042,3.5510960580629476,4.14282530979861,3.320070915097766,nan,
ckpt:runs/r6_e32/best.pt,0028,stationary_5,stationary,5.0,False,False,,,ls:6385-34669-0018,11.283027648925781,11.799676895141602,0.8939436024549124,1.5454844236373901,2.5023020527804576,3.3162663981171177,2.141388147123342,nan,
ckpt:runs/r6_e32/best.pt,0029,stationary_5,stationary,5.0,False,False,,,ls:328-129766-0032,8.45163345336914,7.993034839630127,0.9338602995044346,1.4547128677368164,2.9971948765138183,3.9333953422433794,2.720357036890163,nan,
ckpt:runs/r6_e32/best.pt,0030,stationary_5,stationary,5.0,False,False,,,ls:2391-145015-0109,12.30992317199707,12.127140045166016,0.8793291772653742,1.847595453262329,2.8456944453325024,3.3170443519110537,2.415988032026002,nan,
ckpt:runs/r6_e32/best.pt,0031,stationary_5,stationary,5.0,False,False,,,ls:6272-70191-0027,11.509679794311523,11.247115135192871,0.948845258248592,2.0034430027008057,3.07262299363072,3.8326424157212555,2.755700557480701,nan,
ckpt:runs/r6_e32/best.pt,0032,stationary_5,stationary,5.0,False,False,,,ls:2391-145015-0038,10.73207950592041,10.526962280273438,0.913866828115809,1.9093362092971802,2.8860670490857063,3.439201937489574,2.423726054733234,nan,
ckpt:runs/r6_e32/best.pt,0033,stationary_5,stationary,5.0,False,False,,,cvhi:common_voice_hi_27749162,10.68732738494873,10.339763641357422,0.8815754322107078,1.7865395545959473,2.680804583909588,3.05828661025371,2.015448741185897,nan,
ckpt:runs/r6_e32/best.pt,0034,stationary_5,stationary,5.0,False,False,,,ls:2391-145015-0018,11.457863807678223,11.473854064941406,0.9352712690653543,2.11795711517334,3.0330797971351986,3.523786495563603,2.5795027762718035,nan,
ckpt:runs/r6_e32/best.pt,0035,stationary_5,stationary,5.0,False,False,,,cvhi:common_voice_hi_24758534,13.772550582885742,13.613780975341797,0.9611030506957392,2.127232551574707,3.384313404018177,3.8530407117333514,3.016811192924635,nan,
ckpt:runs/r6_e32/best.pt,0036,stationary_5,stationary,5.0,False,False,,,cvhi:common_voice_hi_27749160,11.434798240661621,11.116828918457031,0.9357837614887415,2.031484842300415,2.6295817037113167,3.7828941987834126,2.229972339404983,nan,
ckpt:runs/r6_e32/best.pt,0037,stationary_5,stationary,5.0,False,False,,,cvhi:common_voice_hi_24359440,12.841316223144531,12.680868148803711,0.9271407916876427,1.6604480743408203,2.789462201827462,3.8189927605382534,2.482314387486839,nan,
ckpt:runs/r6_e32/best.pt,0038,stationary_5,stationary,5.0,False,False,,,cvhi:common_voice_hi_24359462,12.465267181396484,12.499608993530273,0.9414265726728752,2.0893592834472656,2.790208994359853,3.4937201256745074,2.4311288864614493,nan,
ckpt:runs/r6_e32/best.pt,0039,stationary_5,stationary,5.0,False,False,,,cvhi:common_voice_hi_27749305,10.108478546142578,9.706197738647461,0.7836504114421876,1.731033444404602,2.2205407932143095,2.929354454188537,1.6477847572753073,nan,
