id,bucket,mask_phase_deg,model_snr,model_stoi,model_pesq,oph_snr,oph_stoi,oph_pesq,omag_snr,omag_stoi,omag_pesq
0000,changing_-10,38.986392974853516,12.381085395812988,0.9617453505700702,1.9879581928253174,13.873273849487305,0.9698698817858564,2.4441168308258057,15.826705932617188,0.9923020902069588,3.6439106464385986
0001,changing_-10,8.933773040771484,21.059606552124023,0.9903415468835524,3.6627674102783203,25.4995059967041,0.9949866400631505,3.930205821990967,31.0512638092041,0.996495468488443,4.432441234588623
0002,changing_-10,19.021028518676758,7.173459529876709,0.8524914472841296,1.3191578388214111,8.235776901245117,0.8849595170900102,1.426105260848999,9.643373489379883,0.9766439031732868,3.4732818603515625
0003,changing_-10,19.095232009887695,4.711302757263184,0.7949641463647963,1.4694103002548218,6.61574125289917,0.838887170112695,1.6084797382354736,7.866613864898682,0.9696779241911678,3.510810136795044
0004,changing_-10,17.552621841430664,9.394510269165039,0.8658738587508055,1.7734357118606567,10.478110313415527,0.8987924906976672,1.9281537532806396,13.014260292053223,0.9690532646357128,3.8138890266418457
0005,changing_-10,32.269500732421875,7.897878646850586,0.8488958094545284,1.7570204734802246,9.046112060546875,0.886785406863423,2.000138282775879,10.708913803100586,0.9588288848778109,3.7361323833465576
0006,changing_-10,27.828927993774414,5.924930095672607,0.8448836555774429,1.4020460844039917,7.8975114822387695,0.8793453618135366,1.508177399635315,8.10190486907959,0.9683703653120072,3.6715521812438965
0007,changing_-10,35.427738189697266,15.268383026123047,0.9662230280659332,2.0724031925201416,16.497419357299805,0.9734641299095536,2.243532419204712,19.56972312927246,0.9945400608710907,4.2436981201171875
0008,changing_-10,24.95940589904785,5.808050155639648,0.7476377131337553,1.235535740852356,7.325375080108643,0.7801447645929006,1.3422605991363525,7.592445373535156,0.9690151988954016,3.1881608963012695
0009,changing_-10,22.3979434967041,4.840595245361328,0.7028999723433721,1.261405348777771,6.275321960449219,0.7471596131257124,1.405479907989502,9.530773162841797,0.9435608563011764,3.020688772201538
0010,changing_-10,6.7051262855529785,5.266210556030273,0.8840890127031741,1.4861023426055908,7.255917549133301,0.9031377669512005,2.140537738800049,8.129057884216309,0.9707070442218317,3.2600998878479004
0011,changing_-10,62.58335494995117,12.19924545288086,0.8995961798116724,1.6997981071472168,14.935636520385742,0.9284603483500035,2.141122579574585,15.69587230682373,0.9774674462779702,3.1879286766052246
0012,changing_-10,5.588624477386475,15.5582914352417,0.9694303055390878,3.535282850265503,17.62013816833496,0.9783454483712758,3.829293966293335,20.06560516357422,0.9909193365713246,4.3335862159729
0013,changing_-10,25.195993423461914,14.865927696228027,0.830394880970656,2.2193453311920166,16.860225677490234,0.8603336775714119,2.4552931785583496,23.40285301208496,0.9804341627141653,4.1535725593566895
0014,changing_-10,22.10232925415039,13.810598373413086,0.970706641671222,2.5589935779571533,14.541471481323242,0.9754982630688951,2.731461763381958,20.081153869628906,0.997004780300757,4.319358825683594
0015,changing_-10,22.228307723999023,10.740507125854492,0.9116942767276991,1.318932294845581,12.117204666137695,0.9238501768206141,1.4251136779785156,14.79559326171875,0.9912774060596397,3.673011302947998
0016,changing_-10,23.086328506469727,13.388175964355469,0.9638335116807737,2.1606285572052,15.471587181091309,0.9709883876213884,2.1517398357391357,15.999845504760742,0.995818773634449,3.9980907440185547
0017,changing_-10,39.96553039550781,9.918511390686035,0.8626258890023109,1.4036535024642944,11.670282363891602,0.8875757716246732,1.5285916328430176,12.56965446472168,0.9787352173190237,4.098985195159912
0018,changing_-10,61.19084930419922,9.895783424377441,0.7140198129794212,1.2581353187561035,11.36060619354248,0.7624219252205121,1.353912115097046,14.624346733093262,0.9318637819119212,2.9645917415618896
0019,changing_-10,24.65713882446289,8.08047103881836,0.8124512767360926,1.662149429321289,10.58768367767334,0.851885115416196,1.9800680875778198,10.509673118591309,0.9713741487767267,3.527193784713745
0020,changing_-10,15.299182891845703,8.057269096374512,0.8552287166652364,1.6153653860092163,9.06439208984375,0.870569979184084,1.8125569820404053,11.224023818969727,0.9815134745455981,3.68164324760437
0021,changing_-10,20.756603240966797,6.110268592834473,0.7395319459911947,1.1238731145858765,7.30631160736084,0.7643075247087369,1.1767094135284424,8.0457763671875,0.9645734803032402,2.3307607173919678
0022,changing_-10,54.70000457763672,9.16101360321045,0.838705200189558,1.6588819026947021,10.131349563598633,0.8677804028613934,1.9511570930480957,13.322149276733398,0.9816059716353283,3.9213099479675293
0023,changing_-10,27.059188842773438,13.213422775268555,0.7971496462670301,1.5781183242797852,14.44791316986084,0.837034908825194,1.7558245658874512,15.583773612976074,0.9708098054461506,3.720764636993408
0024,changing_-10,77.87932586669922,19.60944938659668,0.8900513339451626,1.7369660139083862,21.03285026550293,0.9040985947613389,1.8525786399841309,27.072668075561523,0.9871374087998219,4.258864402770996
0025,changing_-10,66.27268981933594,7.117611885070801,0.7720043170089858,1.4955060482025146,8.861396789550781,0.8139446260742569,1.9625847339630127,11.645992279052734,0.9591521770305754,3.248936653137207
0026,changing_-10,5.866481304168701,14.925539016723633,0.9766002462171939,3.17618989944458,15.689535140991211,0.9788079255524946,3.4259018898010254,18.378623962402344,0.996435076050153,4.288734436035156
0027,changing_-10,27.67157554626465,4.122623443603516,0.7094931009442901,1.1423720121383667,5.186249732971191,0.7630484867397174,1.239288091659546,6.138538837432861,0.9457604216987334,2.8722176551818848
0028,changing_-10,42.90334701538086,13.460101127624512,0.8557128359533674,1.6326252222061157,14.993892669677734,0.8740349828608335,1.8517597913742065,16.035734176635742,0.9849238642892685,4.257209777832031
0029,changing_-10,29.632740020751953,5.957489967346191,0.7629356757410497,1.2926735877990723,7.3755784034729,0.7913131809454804,1.4206031560897827,7.995944023132324,0.9632278121868961,3.13484525680542
0030,changing_-10,23.650754928588867,6.006755352020264,0.7680613624160733,1.2865983247756958,6.744381904602051,0.8039084080168085,1.3451734781265259,8.849486351013184,0.9712529564423108,3.304513692855835
0031,changing_-10,16.692873001098633,3.8243987560272217,0.7793716730199625,1.3679966926574707,5.320119380950928,0.8157377631558012,1.577911376953125,6.3751983642578125,0.9452479028085286,2.7431774139404297
0032,changing_-10,34.78107452392578,9.770695686340332,0.8786495072333383,1.6319539546966553,12.359996795654297,0.9088250228868366,1.8614256381988525,12.55765438079834,0.9729100139658953,3.888319730758667
0033,changing_-10,21.64362335205078,5.671195030212402,0.7160395745382052,1.3096754550933838,7.064761638641357,0.7653492019515988,1.4632407426834106,8.860283851623535,0.9361476890601707,3.320305585861206
0034,changing_-10,5.698356628417969,19.27381706237793,0.9938866541535576,3.424281120300293,20.77079963684082,0.9968489352200847,3.741194486618042,24.959110260009766,0.9975271273204116,4.262567043304443
0035,changing_-10,16.717010498046875,14.452085494995117,0.9411197588451348,2.3120551109313965,16.408832550048828,0.9544459290963718,2.6507761478424072,19.065195083618164,0.986760151827031,3.8983826637268066
0036,changing_-10,19.437097549438477,6.037153244018555,0.8303477887380555,1.2507394552230835,8.176358222961426,0.8564062048896075,1.3953065872192383,9.697294235229492,0.9753369194988255,3.2633249759674072
0037,changing_-10,15.400850296020508,6.3758392333984375,0.7847968866325984,1.3823388814926147,8.290759086608887,0.8182023033272634,1.5047316551208496,8.91818904876709,0.9658136881537731,3.2343215942382812
0038,changing_-10,21.767473220825195,8.586614608764648,0.7618065043393764,1.4724637269973755,10.362014770507812,0.8255293107661122,1.8874305486679077,12.358695983886719,0.9347648807338786,3.0922718048095703
0039,changing_-10,23.359167098999023,7.504364013671875,0.8358938419661468,1.2646994590759277,9.64865493774414,0.8637296882635132,1.3464787006378174,11.142335891723633,0.9779369584195592,3.719620943069458
0000,changing_-5,14.682246208190918,10.619464874267578,0.9172482045837446,2.012678623199463,12.11523151397705,0.9269546625653233,2.204681158065796,12.42849349975586,0.988551377657591,4.209635257720947
0001,changing_-5,13.991535186767578,9.03212833404541,0.8432360219917572,1.3401015996932983,10.234293937683105,0.8556348616458886,1.4705250263214111,12.773780822753906,0.9829001153400178,2.65138840675354
0002,changing_-5,11.986200332641602,11.810861587524414,0.951186561243836,2.452085018157959,13.360638618469238,0.9590434915786993,3.300468921661377,14.4288969039917,0.9838416389317076,3.3773276805877686
0003,changing_-5,33.95609664916992,10.109882354736328,0.609243691378777,1.439022183418274,11.50224494934082,0.6509839586398465,1.5713577270507812,13.628340721130371,0.9480737184273426,3.7079310417175293
0004,changing_-5,14.485014915466309,16.775354385375977,0.9347168010403504,2.090214729309082,17.93457794189453,0.941988578068057,2.241168260574341,19.594236373901367,0.9922049268689138,4.387887954711914
0005,changing_-5,27.32140350341797,7.614290714263916,0.8545189520045133,1.9643990993499756,8.880547523498535,0.874290045777233,2.1066391468048096,11.398073196411133,0.98189878522045,3.90716552734375
0006,changing_-5,14.346148490905762,13.852718353271484,0.9320806669814808,2.293409585952759,15.531782150268555,0.9419876850374532,2.5877599716186523,17.27901840209961,0.9894415999872668,4.043935775756836
0007,changing_-5,18.510353088378906,8.138084411621094,0.8700511061616167,1.589895486831665,9.984318733215332,0.8846567191088683,1.808537244796753,10.570934295654297,0.9798799830948516,3.757384777069092
0008,changing_-5,3.8240368366241455,17.816423416137695,0.9201520323454521,3.2972850799560547,20.626842498779297,0.9421237795143346,3.7183454036712646,19.91858673095703,0.9691147582587754,4.215301990509033
0009,changing_-5,9.27608871459961,9.152059555053711,0.8988931084050023,1.706411600112915,11.662959098815918,0.9241272843044863,1.9040193557739258,10.927128791809082,0.9758549296552114,4.202023029327393
0010,changing_-5,13.074909210205078,18.81049346923828,0.9912593664251504,2.9071810245513916,21.225055694580078,0.9936128395013093,3.26029109954834,23.136966705322266,0.9985329858576787,3.992340326309204
0011,changing_-5,19.255918502807617,7.817397117614746,0.816991302644643,1.2872848510742188,9.516539573669434,0.8544998275352063,1.43199622631073,10.377339363098145,0.9627809329866519,3.140937328338623
0012,changing_-5,20.44025993347168,14.088842391967773,0.9478135521418288,2.3781545162200928,16.717620849609375,0.9588884952620282,2.6687047481536865,19.1414737701416,0.994628858725794,4.221158027648926
0013,changing_-5,9.468710899353027,12.802210807800293,0.9651918217490809,3.3913536071777344,13.547491073608398,0.9744867546914224,3.59368634223938,15.558152198791504,0.9877526528275159,4.028202056884766
0014,changing_-5,8.657098770141602,16.192338943481445,0.9186739943491642,2.6944916248321533,17.910675048828125,0.9467312267671026,3.2056682109832764,18.015178680419922,0.9672798069481048,4.016385078430176
0015,changing_-5,11.436113357543945,9.928997993469238,0.8953154334457408,1.897538423538208,11.822420120239258,0.9145501622038205,2.2125372886657715,13.302392959594727,0.9789410623166107,3.711836814880371
0016,changing_-5,16.56950569152832,9.760858535766602,0.8019268504736187,1.7369749546051025,11.682676315307617,0.8218444074587219,2.066417694091797,12.016611099243164,0.9583761127820648,3.739497423171997
0017,changing_-5,3.0192196369171143,16.9125919342041,0.9796122354232848,3.632101535797119,17.9930477142334,0.9812643485368169,3.901815176010132,20.916255950927734,0.9976879696606271,4.306881427764893
0018,changing_-5,19.065553665161133,11.839303970336914,0.9566561521806433,1.764012098312378,14.749702453613281,0.9650541163895158,2.0769245624542236,15.387313842773438,0.9924514304123686,3.7214698791503906
0019,changing_-5,63.41756057739258,13.79001235961914,0.9611181306952199,1.839025616645813,16.431114196777344,0.9672861905067248,2.27211594581604,16.60596466064453,0.993970771837776,3.6243393421173096
0020,changing_-5,18.455198287963867,9.35595417022705,0.8707220005358766,1.430616855621338,10.67309856414795,0.8898584122759864,1.5767040252685547,11.33010482788086,0.978596292154411,3.9061636924743652
0021,changing_-5,14.081713676452637,19.87139320373535,0.9947042185442532,3.3355813026428223,22.165679931640625,0.9963775853816815,3.5653979778289795,24.647586822509766,0.9990619381109564,4.316739082336426
0022,changing_-5,33.19139862060547,4.062249660491943,0.8212625042847999,1.2525545358657837,4.894838809967041,0.8620552803100728,1.4166607856750488,8.3497896194458,0.9623595446352783,3.0411415100097656
0023,changing_-5,16.469202041625977,12.489328384399414,0.9800132161031632,2.9236412048339844,13.02390193939209,0.984038939755574,3.1645498275756836,18.83740997314453,0.9968060308874208,4.003188610076904
0024,changing_-5,3.496450185775757,15.031414031982422,0.9774391099202315,3.0175673961639404,15.827064514160156,0.9812086670609952,3.361582040786743,19.540206909179688,0.9943554806278767,4.141696453094482
0025,changing_-5,11.3817138671875,8.158124923706055,0.7809186432956523,1.238924264907837,9.506229400634766,0.8161472686517072,1.493451476097107,9.960489273071289,0.9308869356341837,3.5712201595306396
0026,changing_-5,94.17626953125,13.316690444946289,0.8669496618829547,1.8482247591018677,15.48189926147461,0.889755960962274,2.015899658203125,17.498071670532227,0.9856554418083499,4.054471969604492
0027,changing_-5,36.00822448730469,12.55567741394043,0.8815586462044929,1.9804973602294922,14.729328155517578,0.9014871526879786,2.2550811767578125,14.277534484863281,0.9823184032959749,3.7562360763549805
0028,changing_-5,27.799659729003906,8.590768814086914,0.7641558466619881,1.4856247901916504,11.008395195007324,0.7992772187580951,1.764346718788147,11.409398078918457,0.9554974923101427,3.295910120010376
0029,changing_-5,13.064892768859863,13.54705810546875,0.8323595547500643,1.801690936088562,16.259382247924805,0.8888540923800898,2.197160005569458,15.908452987670898,0.9460140440438797,3.7057628631591797
0030,changing_-5,27.119911193847656,14.926634788513184,0.9564253050558176,2.558372974395752,16.93099021911621,0.9656848760372828,2.8352975845336914,22.4635009765625,0.9936533298221177,4.066291809082031
0031,changing_-5,4.993403911590576,12.10177230834961,0.9438177679929767,2.759901285171509,13.336814880371094,0.9529921845680313,3.1080596446990967,16.603567123413086,0.9934635183761191,4.085381984710693
0032,changing_-5,28.952835083007812,10.739741325378418,0.7964176089161581,1.7735686302185059,13.241569519042969,0.8398044816513961,2.0029025077819824,13.981518745422363,0.9384291439975324,4.031238079071045
0033,changing_-5,18.316349029541016,11.17888355255127,0.8552454433265377,1.3326003551483154,13.17463493347168,0.8770305168909321,1.4640661478042603,13.899253845214844,0.9774230268361805,3.0880064964294434
0034,changing_-5,7.690886974334717,12.100589752197266,0.9296524750845552,2.2747631072998047,13.94568920135498,0.9547978680211304,2.7584598064422607,15.436479568481445,0.9715689957818715,3.6021621227264404
0035,changing_-5,23.982269287109375,25.776397705078125,0.9881903946363831,2.664820432662964,27.974225997924805,0.9901384936189943,2.8665804862976074,30.301815032958984,0.998500365363089,4.398953437805176
0036,changing_-5,16.137807846069336,20.76224136352539,0.9790618642092401,2.856348752975464,23.957534790039062,0.9859211679526295,3.263876438140869,24.54854965209961,0.9945610083009173,4.152957439422607
0037,changing_-5,43.149845123291016,11.938962936401367,0.9464295088349821,1.674214482307434,13.99904727935791,0.9580782439102827,1.9908815622329712,15.975631713867188,0.9899696928237256,4.0423173904418945
0038,changing_-5,10.321443557739258,15.731374740600586,0.9630166289063312,2.841547966003418,17.091142654418945,0.9663318141486889,3.125638008117676,19.480493545532227,0.9942319150797991,3.974745273590088
0039,changing_-5,40.73665237426758,12.583036422729492,0.955384413725144,1.9244663715362549,12.986841201782227,0.9572980868548794,2.1161043643951416,23.04090118408203,0.9975682977807349,4.135863304138184
0000,changing_0,9.208195686340332,10.83931827545166,0.9706165300961874,2.592256784439087,13.588274955749512,0.9785810330824949,2.867421865463257,14.659409523010254,0.9948445315415039,4.150324821472168
0001,changing_0,41.24755859375,15.283424377441406,0.8992601235969335,2.1835546493530273,17.24665641784668,0.9180256021893378,2.3995537757873535,19.292139053344727,0.9826702330569577,4.063171863555908
0002,changing_0,3.184556484222412,0.4465078115463257,0.8619746821433226,2.7365031242370605,1.3641424179077148,0.8795770447478248,2.186556100845337,18.74730110168457,0.9589783499382002,4.290587902069092
0003,changing_0,15.089136123657227,23.83287811279297,0.9955302495857759,3.323882818222046,26.704505920410156,0.9967219460498766,3.5535123348236084,27.764768600463867,0.9992606503301555,4.385034561157227
0004,changing_0,4.764484405517578,26.106178283691406,0.9945221247848289,4.122531890869141,29.184612274169922,0.9957538563253892,4.217346668243408,30.081336975097656,0.999308996931693,4.5175089836120605
0005,changing_0,10.630409240722656,12.069986343383789,0.921687142220494,2.0913381576538086,13.655153274536133,0.9362489256620297,2.36997127532959,16.80725860595703,0.9913905935117249,4.1646728515625
0006,changing_0,34.959537506103516,5.277475357055664,0.7493729387136688,1.376159429550171,6.725337505340576,0.7890656302921032,1.5149688720703125,8.136999130249023,0.9421950992442824,2.9409842491149902
0007,changing_0,25.615304946899414,10.310787200927734,0.7595303128062467,1.8363999128341675,12.3932466506958,0.8021953456896839,2.1232223510742188,14.545378684997559,0.9005361451665882,3.7884109020233154
0008,changing_0,27.18047523498535,16.221933364868164,0.9761280860141988,2.3157103061676025,17.230941772460938,0.979053521038382,2.539705276489258,23.299219131469727,0.9974326677888454,4.241906642913818
0009,changing_0,17.578388214111328,16.72272491455078,0.9643323129905108,3.325113534927368,18.676584243774414,0.9757906409380828,3.7764527797698975,21.807151794433594,0.9890408665480509,4.255946159362793
0010,changing_0,37.57179260253906,10.815759658813477,0.9464893151216363,1.811383605003357,13.787318229675293,0.9603747452890317,2.164311408996582,14.512457847595215,0.9859584636750709,3.323061466217041
0011,changing_0,6.276253700256348,12.68386459350586,0.9212832982979463,2.911505699157715,14.150785446166992,0.9502692817800471,3.3089113235473633,16.637046813964844,0.9698009581881392,3.973987340927124
0012,changing_0,2.350811719894409,18.183040618896484,0.8695798334318028,3.4735922813415527,21.151771545410156,0.8947504421562692,3.6429247856140137,22.71923065185547,0.9620454671887253,4.461009502410889
0013,changing_0,12.574161529541016,17.261032104492188,0.9617063953811525,3.5310542583465576,19.491718292236328,0.9693041661799578,3.8147242069244385,20.545923233032227,0.9891661395668957,4.199189186096191
0014,changing_0,9.444352149963379,14.974956512451172,0.944082549835573,2.922623872756958,16.335630416870117,0.9605531361808687,3.2397310733795166,17.854381561279297,0.9765631736757603,3.907066583633423
0015,changing_0,19.071279525756836,10.614038467407227,0.8983142187112504,1.5491960048675537,11.549510955810547,0.912136916909986,1.7080705165863037,14.956955909729004,0.9824173084606962,3.5329320430755615
0016,changing_0,27.459611892700195,16.747434616088867,0.9653052224337066,2.217414379119873,18.755176544189453,0.972323558157812,2.4068145751953125,20.52933692932129,0.9945670186441264,3.9410407543182373
0017,changing_0,48.702354431152344,19.170562744140625,0.9597205513950141,2.031050205230713,21.4168643951416,0.9675043632635608,2.436343193054199,23.171401977539062,0.9928761488643063,4.087675094604492
0018,changing_0,3.5936505794525146,21.255455017089844,0.9971480605916079,3.5722384452819824,22.269956588745117,0.9972968795777492,3.639486312866211,28.48310089111328,0.999870865721102,4.444789886474609
0019,changing_0,19.592519760131836,10.929931640625,0.8442163355255522,1.7434273958206177,13.82596206665039,0.8728586945086911,1.9719159603118896,14.677576065063477,0.9776673051211446,3.7222583293914795
0020,changing_0,3.320216655731201,14.67015266418457,0.973135823803915,3.083983898162842,17.686330795288086,0.9780113829743811,3.449978828430176,19.00859260559082,0.9962078353065381,4.362991809844971
0021,changing_0,55.335269927978516,16.318605422973633,0.7851949675851423,1.8431167602539062,18.71401023864746,0.8291737056512162,2.1020352840423584,19.821971893310547,0.9583229469871369,4.022701263427734
0022,changing_0,3.0974929332733154,18.07518196105957,0.9880199259794072,3.6198408603668213,19.87074851989746,0.9906924732715127,3.9196362495422363,21.34706687927246,0.9968011381904575,4.24823522567749
0023,changing_0,32.809696197509766,10.947298049926758,0.7871577764032568,1.704420566558838,12.866941452026367,0.8421138975556255,1.9050719738006592,14.89133071899414,0.9472863614931355,3.6264474391937256
0024,changing_0,24.610620498657227,14.390620231628418,0.874262135563831,1.9496887922286987,17.407146453857422,0.897983559137608,2.2414193153381348,17.614295959472656,0.9787416157370687,3.714855909347534
0025,changing_0,23.89891815185547,9.738534927368164,0.828853805648019,1.3614072799682617,12.646918296813965,0.8597507961051568,1.5031136274337769,13.260557174682617,0.9757799329251642,3.6953773498535156
0026,changing_0,25.50894546508789,9.371760368347168,0.8286544709334491,1.6780593395233154,12.106252670288086,0.8627603126813764,1.9197238683700562,13.97848892211914,0.9796239747771263,3.8964898586273193
0027,changing_0,10.201742172241211,10.144878387451172,0.9917691110915213,3.31563138961792,13.329730033874512,0.9932556683868538,3.4696695804595947,32.46563720703125,0.9988511432084527,4.3894548416137695
0028,changing_0,12.255730628967285,11.872621536254883,0.9173946992764855,1.953650951385498,13.481204986572266,0.9395466242623037,2.5545825958251953,15.984493255615234,0.9794143774999057,3.9343481063842773
0029,changing_0,22.842758178710938,15.615850448608398,0.9771685675249889,2.8048393726348877,18.766191482543945,0.9834674619170332,3.0670228004455566,19.17353630065918,0.994766814125284,4.17665433883667
0030,changing_0,5.820685386657715,15.0467529296875,0.9822597468533685,2.8399970531463623,18.62164306640625,0.9883853351228579,3.3511698246002197,19.27730941772461,0.9960972950460867,4.145573616027832
0031,changing_0,18.521268844604492,9.608149528503418,0.8403769539121908,1.4628041982650757,10.970884323120117,0.8838739577003796,1.6032898426055908,16.4530029296875,0.9549675608976059,3.9509806632995605
0032,changing_0,10.353338241577148,13.608285903930664,0.957453936634821,2.482091188430786,16.364137649536133,0.9649320029966695,2.8422579765319824,16.453136444091797,0.9924231777820565,4.014615058898926
0033,changing_0,22.35574722290039,16.07149314880371,0.8339159183532387,2.1013102531433105,18.457109451293945,0.8600569770020416,2.3603172302246094,18.54962921142578,0.9775897233581109,4.080933094024658
0034,changing_0,3.944812536239624,17.344772338867188,0.9851432188651226,3.4194934368133545,20.547698974609375,0.9901908613237616,3.7670884132385254,20.686750411987305,0.9964199764017759,4.141689300537109
0035,changing_0,21.385425567626953,19.27626609802246,0.958325572161462,2.8319342136383057,21.50263786315918,0.9673821244477933,3.1754989624023438,24.7626895904541,0.9931494389912648,4.2219014167785645
0036,changing_0,33.857608795166016,11.84842300415039,0.9319406750816253,2.0811355113983154,14.453679084777832,0.9468954242918047,2.374331474304199,15.484962463378906,0.9893533190210829,4.08237361907959
0037,changing_0,23.839160919189453,15.548904418945312,0.9603414402035977,2.7632265090942383,18.37063217163086,0.9717797670718454,3.3277580738067627,19.293996810913086,0.9910310821246014,4.036487579345703
0038,changing_0,16.76056480407715,15.482507705688477,0.8694404339564941,1.762385368347168,17.01931381225586,0.8896385993636308,2.1564345359802246,20.541536331176758,0.9810164165118027,3.453733444213867
0039,changing_0,21.063983917236328,14.518193244934082,0.9595497862518764,2.3305861949920654,17.155336380004883,0.9721600237355178,2.694387912750244,18.607515335083008,0.9904925122447744,3.9778313636779785
0000,changing_10,4.958128929138184,8.877638816833496,0.872089805035744,1.8985943794250488,11.702547073364258,0.8989337389300524,2.341076374053955,9.783123016357422,0.9499592265985545,3.6664633750915527
0001,changing_10,4.762673377990723,21.38178253173828,0.9909546467853614,3.632312297821045,23.27710723876953,0.9929795189786854,4.022902011871338,26.048229217529297,0.9986250519973165,4.329102516174316
0002,changing_10,6.050656795501709,16.884504318237305,0.9814696947317264,3.410484790802002,17.91849708557129,0.9830478432043166,3.649702548980713,23.565397262573242,0.9977754730161922,4.351469993591309
0003,changing_10,1.2657181024551392,25.985286712646484,0.9925380004726413,4.1457438468933105,29.08612823486328,0.9943337542955961,4.283608436584473,29.765281677246094,0.9987660634518127,4.524686336517334
0004,changing_10,9.4758882522583,18.95351219177246,0.9149735328859686,3.500176429748535,20.443744659423828,0.9242726158325324,3.8186116218566895,24.325740814208984,0.9772217548813753,4.366374969482422
0005,changing_10,12.202333450317383,17.94338607788086,0.9647026408394572,2.6589653491973877,20.831668853759766,0.9701706104318497,2.869140148162842,21.890968322753906,0.9955493795232783,4.037447452545166
0006,changing_10,11.3726806640625,17.765607833862305,0.9703206469948116,2.5120511054992676,21.368492126464844,0.9778239493809665,2.809586524963379,21.287471771240234,0.994934097238005,3.924783945083618
0007,changing_10,47.43096923828125,23.23900604248047,0.979422397686912,2.9436721801757812,24.051082611083984,0.9829815569697312,3.216871738433838,30.867155075073242,0.997685067889467,4.317187309265137
0008,changing_10,9.180727005004883,19.692930221557617,0.9801093756465242,2.9755051136016846,21.78281593322754,0.9852080491409876,3.2949604988098145,27.48242950439453,0.9988336709643915,4.348539352416992
0009,changing_10,24.750202178955078,19.363643646240234,0.9613479352785249,2.7604928016662598,22.24177360534668,0.9732162135520424,3.0940167903900146,22.75383186340332,0.9917076874764958,4.221595287322998
0010,changing_10,8.83261489868164,14.158035278320312,0.9788022626886919,2.5087857246398926,17.169601440429688,0.9852620767516477,2.8818674087524414,18.457910537719727,0.9966059245171388,4.073891639709473
0011,changing_10,9.225757598876953,15.918370246887207,0.9685465557196289,2.8960061073303223,17.08138084411621,0.9726061544380528,3.1916394233703613,20.217960357666016,0.9962315168989917,4.3256306648254395
0012,changing_10,17.423601150512695,16.504024505615234,0.9866396534162561,2.6716251373291016,18.88617706298828,0.9910344611537455,3.049055576324463,20.556015014648438,0.9965396222001737,4.273659706115723
0013,changing_10,19.61260414123535,16.467912673950195,0.9804386161890555,2.4956512451171875,18.518470764160156,0.9841597462060748,2.625293016433716,20.72025489807129,0.9968894760709655,4.286958694458008
0014,changing_10,5.213456153869629,23.137733459472656,0.996864469513252,3.097809314727783,27.20792007446289,0.9980952802647851,3.364990711212158,27.735118865966797,0.9993494371027882,4.233155250549316
0015,changing_10,10.941842079162598,14.705591201782227,0.9640363017639824,3.1127517223358154,17.44228172302246,0.9741662876377015,3.36215877532959,18.050369262695312,0.9909155223877,4.291208267211914
0016,changing_10,19.19989585876465,21.113510131835938,0.8901660616696649,3.5648841857910156,23.396852493286133,0.91018848620321,3.8014109134674072,25.553951263427734,0.9698016370165969,4.344217300415039
0017,changing_10,6.608191013336182,23.442668914794922,0.9978906362335423,3.3294057846069336,27.158601760864258,0.9987241394615771,3.8045058250427246,26.879398345947266,0.9994586402211298,4.264866352081299
0018,changing_10,8.195889472961426,17.330406188964844,0.9870049560228984,3.116041660308838,19.311878204345703,0.9893744661748521,3.4104788303375244,20.91897201538086,0.9974848649180885,4.279767036437988
0019,changing_10,4.608038902282715,17.339548110961914,0.9861196812582036,3.587883472442627,20.247547149658203,0.9900651033047649,3.884946584701538,20.908687591552734,0.9964126935381997,4.434193134307861
0020,changing_10,37.80811309814453,23.440675735473633,0.9618077396549451,2.4780995845794678,25.803956985473633,0.9741698568714625,2.612706422805786,27.018224716186523,0.9888639477174505,4.342503070831299
0021,changing_10,2.4597511291503906,16.785358428955078,0.895286691356234,1.3588550090789795,18.913442611694336,0.9173562057376907,1.4764599800109863,19.746124267578125,0.9501157436804701,4.212733745574951
0022,changing_10,6.032621383666992,15.150300025939941,0.9894653239524258,2.8867275714874268,17.704999923706055,0.992386002660748,3.2281336784362793,18.8939266204834,0.9980065140497756,4.114968299865723
0023,changing_10,5.5818071365356445,17.43667221069336,0.9723257466182743,3.1239278316497803,19.909778594970703,0.977902231946773,3.4010636806488037,21.43555450439453,0.9947106439787617,4.150007724761963
0024,changing_10,35.06172561645508,5.919508457183838,0.9655118611306763,2.7423787117004395,6.577910423278809,0.9743706515704045,3.020641803741455,11.595196723937988,0.9913453324416821,4.427332878112793
0025,changing_10,1.450398564338684,38.094879150390625,0.9999628023359839,4.561664581298828,39.92018508911133,0.9999741844931578,4.575369358062744,44.36189651489258,0.9999949469159436,4.616428852081299
0026,changing_10,9.462696075439453,21.077363967895508,0.9939919656868079,3.123826503753662,24.172677993774414,0.995996094456732,3.5623180866241455,25.12615966796875,0.9985076442155939,4.364431381225586
0027,changing_10,10.111549377441406,21.801284790039062,0.9900733069610597,4.073265552520752,23.072879791259766,0.9934051137373098,4.231839656829834,27.63018798828125,0.9971163183048131,4.541019916534424
0028,changing_10,20.83187484741211,15.460375785827637,0.8942083720883034,1.9106290340423584,17.965538024902344,0.9121661433175865,2.1199522018432617,20.07207679748535,0.9885085863038792,4.060250282287598
0029,changing_10,3.1136953830718994,18.602659225463867,0.8893572464179366,3.032447099685669,20.952266693115234,0.914292313847474,3.402100086212158,21.440401077270508,0.955753325595971,4.240348815917969
0030,changing_10,13.350914001464844,18.78614616394043,0.9622375529382937,2.8758833408355713,21.625865936279297,0.9687029594319724,3.1779956817626953,21.30985450744629,0.9949294099624941,4.45332670211792
0031,changing_10,26.293346405029297,21.65713882446289,0.9674540179152545,3.1798555850982666,24.705120086669922,0.974478010803968,3.43121075630188,25.632736206054688,0.9954373613222967,4.408301830291748
0032,changing_10,18.75543212890625,16.514583587646484,0.9435584349303422,2.102524757385254,19.787370681762695,0.9572651282797014,2.385608673095703,19.088146209716797,0.9909252896387595,3.9439501762390137
0033,changing_10,11.020970344543457,18.641576766967773,0.9897290589124287,2.859693765640259,20.697572708129883,0.9917226718641201,3.054544687271118,27.984050750732422,0.9985198799823822,4.366674423217773
0034,changing_10,47.64148712158203,17.88721466064453,0.9003328625262386,2.283475160598755,21.629493713378906,0.9343953318722747,2.6610634326934814,21.234474182128906,0.9755899774609914,4.1030592918396
0035,changing_10,10.631330490112305,13.429242134094238,0.9758995591605419,3.0705137252807617,14.816694259643555,0.978950484907994,3.42829966545105,19.2017822265625,0.9974896252020672,4.255105018615723
0036,changing_10,20.308467864990234,15.321413040161133,0.932154748460982,1.8722000122070312,16.259380340576172,0.941050749956523,1.9980964660644531,21.215885162353516,0.9970877834472064,4.17225456237793
0037,changing_10,16.776958465576172,18.957107543945312,0.97489728233116,3.059288263320923,19.4639949798584,0.9778455418917918,3.4017114639282227,29.94095802307129,0.9982719796295858,4.4329705238342285
0038,changing_10,2.3010101318359375,20.548912048339844,0.960767760523785,3.887777805328369,23.030174255371094,0.9653786236997517,4.057955265045166,25.269790649414062,0.9937956785395194,4.525439739227295
0039,changing_10,9.544437408447266,17.292755126953125,0.9651511545826696,2.762864351272583,20.381595611572266,0.9748818739367359,3.1827476024627686,21.07564926147461,0.9914729839790636,4.221512794494629
0000,changing_15,44.86897277832031,23.529138565063477,0.9587763224401993,3.0629799365997314,26.84166717529297,0.9677626716959618,3.334402322769165,27.496810913085938,0.9956337872435701,4.32553768157959
0001,changing_15,7.4533514976501465,21.09210205078125,0.9908910281530714,3.147970676422119,22.892215728759766,0.9929418180537795,3.4230031967163086,26.512401580810547,0.9982671808222738,4.287665367126465
0002,changing_15,28.3874454498291,20.048673629760742,0.9644605953369916,3.146627187728882,21.788375854492188,0.9731875042181185,3.4091272354125977,24.978960037231445,0.9936804941171932,4.308878421783447
0003,changing_15,3.83648681640625,20.77303123474121,0.9906702207628885,3.872584581375122,22.598896026611328,0.993901636055521,4.073361873626709,26.38344955444336,0.9986532103340295,4.575127601623535
0004,changing_15,3.8960161209106445,18.398929595947266,0.9506563945505699,2.952951431274414,20.149232864379883,0.9540447291083659,3.085428476333618,24.015256881713867,0.9908686063260177,4.494803428649902
0005,changing_15,19.00852394104004,23.597164154052734,0.992776389209523,3.092424154281616,26.217105865478516,0.9953317184663368,3.3849167823791504,27.521650314331055,0.9988481152586344,4.37708854675293
0006,changing_15,7.127238750457764,19.26110076904297,0.9933831465873605,3.595346689224243,21.548667907714844,0.9952796277267703,3.8531174659729004,23.366378784179688,0.9986207626432588,4.287942886352539
0007,changing_15,11.342617988586426,21.923709869384766,0.9622491481990623,3.0173110961914062,23.682249069213867,0.9740301797239203,3.2454113960266113,27.12152862548828,0.9897597763675272,4.488372802734375
0008,changing_15,4.728986740112305,21.90448760986328,0.9985589753956539,4.055716514587402,24.482439041137695,0.9991166519590404,4.148331165313721,25.947416305541992,0.999622990290558,4.398969650268555
0009,changing_15,8.17578125,15.845437049865723,0.9850703832033733,3.3353922367095947,17.495790481567383,0.9896766506496827,3.672100782394409,21.01512908935547,0.9976649607006914,4.235018730163574
0010,changing_15,7.16627836227417,19.171430587768555,0.9898289768849391,3.1988532543182373,20.52415657043457,0.9909758280661446,3.332304000854492,25.921632766723633,0.9991949879194394,4.491261005401611
0011,changing_15,10.894851684570312,19.19285774230957,0.9846229777753376,3.1373655796051025,22.024188995361328,0.9890788586179248,3.405452013015747,22.778120040893555,0.9970184566619426,4.392337799072266
0012,changing_15,7.364574909210205,27.01890754699707,0.9818576987404295,4.151124000549316,28.285968780517578,0.9873923633690181,4.272525787353516,32.29277801513672,0.9938106059729688,4.484072208404541
0013,changing_15,5.933691024780273,23.674274444580078,0.9872619029847597,3.6146302223205566,25.2706356048584,0.990404491864941,3.8306922912597656,30.10767936706543,0.9981809179481527,4.533872604370117
0014,changing_15,3.6362836360931396,26.680355072021484,0.9997288929435388,4.235575199127197,28.752382278442383,0.9998080953326043,4.357420921325684,31.373748779296875,0.9999511466787668,4.468050956726074
0015,changing_15,3.387688636779785,19.170316696166992,0.9922751970917185,3.7929787635803223,21.868579864501953,0.9941742283561446,4.0350117683410645,23.104602813720703,0.9987288684477853,4.520389556884766
0016,changing_15,8.779651641845703,28.711956024169922,0.9990578978777507,3.9568915367126465,29.236316680908203,0.9993919175249208,4.082603931427002,39.00212860107422,0.9997934408411299,4.496005058288574
0017,changing_15,35.641841888427734,22.605567932128906,0.993628222849119,3.8197617530822754,24.410207748413086,0.996685093465789,3.953758478164673,28.28628921508789,0.9984591457210553,4.523187160491943
0018,changing_15,6.062511920928955,19.188520431518555,0.9702264249153495,3.563636541366577,20.570161819458008,0.9764767833134911,3.705390214920044,25.964038848876953,0.9951847334007451,4.420981407165527
0019,changing_15,3.9042649269104004,22.30828094482422,0.9911191383055589,3.0404775142669678,25.0693359375,0.9934618924401085,3.4410815238952637,26.23947525024414,0.9982134399784635,4.114979267120361
0020,changing_15,1.5487208366394043,14.372871398925781,0.9816030219345994,2.177762985229492,17.352468490600586,0.9849932360682248,2.4840757846832275,18.97191047668457,0.9982456261886595,4.4156575202941895
0021,changing_15,18.420625686645508,18.95012092590332,0.9754637685103649,3.4624876976013184,21.624528884887695,0.9830209828083878,3.678112268447876,23.438152313232422,0.9957878659528621,4.3216681480407715
0022,changing_15,3.2934746742248535,23.870784759521484,0.99512350370952,3.1557552814483643,26.761245727539062,0.9965834184098672,3.414731502532959,28.05022430419922,0.9987664940468693,4.4250311851501465
0023,changing_15,15.61694622039795,21.817237854003906,0.983878524677695,3.324683666229248,22.2786808013916,0.9865000790441396,3.561237335205078,32.38017272949219,0.9971143209547567,4.350505828857422
0024,changing_15,2.717939615249634,22.460678100585938,0.9980327082557933,3.63702654838562,24.379663467407227,0.9985958214118704,3.906648635864258,28.07401466369629,0.9995972679414868,4.300721645355225
0025,changing_15,3.061711549758911,30.692262649536133,0.9984281221265567,4.1359333992004395,32.183109283447266,0.9988560159325423,4.259250164031982,37.28560256958008,0.9996763890708702,4.550218105316162
0026,changing_15,10.909733772277832,19.278133392333984,0.8199026926730334,3.057912826538086,20.67300033569336,0.8509451073781095,3.1292452812194824,34.701622009277344,0.9306416922309579,4.4665703773498535
0027,changing_15,7.4307122230529785,17.69455337524414,0.9817925923119105,3.050199508666992,19.945327758789062,0.9875556767129893,3.3594582080841064,22.562875747680664,0.9966623175720007,4.061954975128174
0028,changing_15,10.983197212219238,25.168285369873047,0.9874735971765407,3.558420419692993,28.000242233276367,0.9899603394314115,3.7378320693969727,29.152278900146484,0.9968980965951397,4.425100803375244
0029,changing_15,15.75075912475586,19.015790939331055,0.9641275776249943,3.1333651542663574,20.27571678161621,0.9682789078135879,3.5056824684143066,24.33107566833496,0.9939845195339161,4.326416492462158
0030,changing_15,15.458030700683594,19.6317081451416,0.991575478750987,3.7219598293304443,20.785614013671875,0.9935788296396609,3.969360113143921,26.586950302124023,0.998718773813931,4.515829563140869
0031,changing_15,25.967824935913086,23.085716247558594,0.971104632013199,3.653960704803467,24.531330108642578,0.976035240416242,4.004903793334961,29.42898941040039,0.9967960636914622,4.398846626281738
0032,changing_15,6.954714775085449,22.90654182434082,0.9996455887932779,4.2034077644348145,25.8582706451416,0.9997403164280679,4.239776134490967,27.18395233154297,0.9999383099277459,4.536197185516357
0033,changing_15,3.6016199588775635,22.741735458374023,0.9991624630644711,4.261892318725586,23.0328369140625,0.9992874742237566,4.31014347076416,35.051483154296875,0.9999319411290933,4.578917026519775
0034,changing_15,0.9572550058364868,30.36982536315918,0.9996782875358015,4.551483154296875,33.218414306640625,0.9997368813955416,4.5524139404296875,32.61040496826172,0.9999523388680526,4.599990367889404
0035,changing_15,5.475287914276123,21.449962615966797,0.98748971802423,3.690281391143799,24.22711944580078,0.990472542847717,3.9019055366516113,25.594402313232422,0.9972746027676722,4.322661876678467
0036,changing_15,4.758303642272949,19.636030197143555,0.9937817336002502,3.49371337890625,21.938785552978516,0.9957043644139674,3.7695136070251465,24.008262634277344,0.9988005904138183,4.31743860244751
0037,changing_15,6.05913782119751,23.230167388916016,0.9722700956630072,2.8847415447235107,25.555133819580078,0.9774376085350804,3.1989500522613525,26.86383819580078,0.9974790493738549,4.561434268951416
0038,changing_15,9.232568740844727,20.733848571777344,0.9930989417889374,2.7224080562591553,22.248920440673828,0.9947347111329198,3.031418800354004,26.80181884765625,0.9988791758702807,4.280216693878174
0039,changing_15,14.757552146911621,19.106563568115234,0.9744122712059873,2.331960678100586,20.467384338378906,0.9776795789824103,2.6093461513519287,26.933303833007812,0.9988020429538061,4.508126258850098
0000,changing_5,6.467401027679443,14.332989692687988,0.9921309828867947,3.5566492080688477,15.024556159973145,0.994048211360192,3.708791971206665,23.296630859375,0.9982166147604336,4.350033283233643
0001,changing_5,9.101725578308105,22.650405883789062,0.9483128934378838,3.5814871788024902,23.311140060424805,0.9589292112826696,3.752056360244751,30.32742691040039,0.9943720563259915,4.5255045890808105
0002,changing_5,8.201248168945312,14.17276382446289,0.9836239744454254,2.7222416400909424,15.636373519897461,0.9869581386656474,3.0802581310272217,18.443092346191406,0.997836749995831,4.212490558624268
0003,changing_5,23.167743682861328,14.490450859069824,0.8842183858903464,1.8066972494125366,16.9858455657959,0.9081195412947345,2.0918848514556885,17.971593856811523,0.9814920999433627,3.9251184463500977
0004,changing_5,5.718531608581543,16.426509857177734,0.9896059496751501,3.2225189208984375,17.739501953125,0.9911877978432762,3.450061798095703,21.17281150817871,0.9985501003849198,4.2286529541015625
0005,changing_5,5.681351184844971,21.504114151000977,0.9961953628555896,2.960096597671509,22.40229034423828,0.9968159860947492,3.0888149738311768,28.66776466369629,0.9994868242575012,4.328725814819336
0006,changing_5,23.65818977355957,17.695768356323242,0.8897939328790969,2.252917528152466,19.53783416748047,0.9153864536096725,2.485243797302246,22.604900360107422,0.9824421329168098,4.162517547607422
0007,changing_5,6.337606906890869,14.868429183959961,0.9622267987152342,2.480076551437378,18.3807315826416,0.9692745600659842,2.8849594593048096,19.322757720947266,0.9928414020191689,4.03498649597168
0008,changing_5,7.061789035797119,20.62946319580078,0.9881725169204733,3.3838672637939453,21.879993438720703,0.9914336590711424,3.6453516483306885,25.294763565063477,0.995821869989809,4.212175369262695
0009,changing_5,19.037063598632812,15.315451622009277,0.9216166792694684,2.529019355773926,17.44757843017578,0.9432600328755558,2.9129676818847656,19.02776336669922,0.9753333434474402,4.074484348297119
0010,changing_5,11.601434707641602,18.287952423095703,0.9853472741856001,3.571903705596924,20.035442352294922,0.9884255274217324,3.716360330581665,22.91162872314453,0.997487967683207,4.352197170257568
0011,changing_5,16.78598403930664,21.885454177856445,0.965949746461671,3.535114049911499,23.295995712280273,0.9768724276918482,3.777132272720337,28.120267868041992,0.9938723901028039,4.416473865509033
0012,changing_5,4.963293552398682,11.835185050964355,0.9885241738415702,3.8985841274261475,12.032011985778809,0.9904439792493295,3.999541997909546,27.83798599243164,0.9981193843675269,4.517140865325928
0013,changing_5,17.31801986694336,16.326276779174805,0.9349182280674491,2.2086093425750732,18.560012817382812,0.9394147170874099,2.435154914855957,19.90511703491211,0.9945904369614755,4.245400905609131
0014,changing_5,35.1063117980957,9.40210247039795,0.9423451359380005,1.460660696029663,12.273640632629395,0.9484207074004776,1.6094532012939453,15.284278869628906,0.9916114955376777,3.638601303100586
0015,changing_5,10.001321792602539,13.294715881347656,0.9763340800865573,2.878403902053833,14.19186782836914,0.9828558908500724,3.393134355545044,20.983226776123047,0.9971042127041696,4.220193862915039
0016,changing_5,20.306428909301758,11.519789695739746,0.850574761655646,1.7562775611877441,13.58370590209961,0.8764296287702579,2.0360360145568848,14.92795181274414,0.9780326896216887,3.7181358337402344
0017,changing_5,9.807230949401855,17.603958129882812,0.934567896876031,3.142880916595459,18.539297103881836,0.9389649336186952,3.3224711418151855,21.012939453125,0.9923966506793044,4.265181541442871
0018,changing_5,13.71664810180664,21.57208251953125,0.9824930840878017,3.221609592437744,24.649274826049805,0.985766078809102,3.345276117324829,25.401111602783203,0.9968367304214744,4.433385372161865
0019,changing_5,18.215320587158203,20.45262336730957,0.9706142432329355,3.0939855575561523,22.061649322509766,0.9744345520352965,3.4160776138305664,25.10965347290039,0.9964427703811584,4.300787925720215
0020,changing_5,25.764089584350586,14.440942764282227,0.8338126773606318,2.1810848712921143,17.20318603515625,0.8570187773458797,2.42653489112854,17.59763526916504,0.9739578726450498,4.20367431640625
0021,changing_5,23.03313636779785,15.810961723327637,0.9212096097760162,1.8218250274658203,17.677698135375977,0.9303068980117883,2.0626959800720215,19.232826232910156,0.9866647938204387,3.9471020698547363
0022,changing_5,46.50861358642578,19.843299865722656,0.9877953182024372,2.1465933322906494,22.39469337463379,0.9912286989863234,2.3322925567626953,23.103635787963867,0.9980636760906271,4.29970645904541
0023,changing_5,15.378233909606934,13.951250076293945,0.9698038333203606,2.1034815311431885,16.42737579345703,0.9746648255582493,2.404628038406372,17.172773361206055,0.9965121338275914,4.125546932220459
0024,changing_5,27.997554779052734,12.484637260437012,0.9403756130301416,2.1021616458892822,16.239643096923828,0.9544269244075476,2.326019048690796,15.429933547973633,0.9918316684851949,4.337712287902832
0025,changing_5,17.76500129699707,16.311145782470703,0.8070859577645298,2.643310308456421,19.02024269104004,0.8770559119755021,2.9048118591308594,19.719579696655273,0.9124657361640099,4.1784162521362305
0026,changing_5,1.725679874420166,22.34346580505371,0.9980153460306436,3.986361026763916,24.6481876373291,0.9984478235518816,4.158746242523193,25.379486083984375,0.9995012976399115,4.416905879974365
0027,changing_5,12.85338020324707,12.750340461730957,0.9645089836500174,2.3329460620880127,16.025035858154297,0.9739495196480361,2.697355031967163,15.663642883300781,0.9937261935494861,4.125807762145996
0028,changing_5,19.776086807250977,22.149150848388672,0.9224312526899148,2.8953356742858887,25.56594467163086,0.9385994686129528,3.2022409439086914,25.53924560546875,0.9870030367144246,4.306610107421875
0029,changing_5,2.951857805252075,16.623889923095703,0.9804145986172685,3.1605305671691895,18.241775512695312,0.9834672496352418,3.3846633434295654,22.1750545501709,0.9989005057195871,4.497729778289795
0030,changing_5,39.71406173706055,19.317537307739258,0.980526403159407,2.584965944290161,20.785629272460938,0.9842941936540057,2.912827730178833,24.82980728149414,0.9967685690296495,4.258869171142578
0031,changing_5,19.944440841674805,18.095888137817383,0.9251108002090762,2.8000030517578125,20.323017120361328,0.9350844279956473,3.0342748165130615,21.003999710083008,0.9909767441698182,4.41685676574707
0032,changing_5,18.43409538269043,13.935131072998047,0.9730462341475178,2.9686760902404785,14.276333808898926,0.9757572783573231,3.255725622177124,22.551788330078125,0.9975963742664311,4.283410549163818
0033,changing_5,17.562808990478516,23.42681121826172,0.964732141859606,3.469268560409546,24.506242752075195,0.9708605916057373,3.74582839012146,28.738521575927734,0.9948526357296582,4.4280195236206055
0034,changing_5,31.516496658325195,14.549150466918945,0.9685246458354315,2.019453763961792,16.732681274414062,0.9745272246347932,2.184095859527588,17.923675537109375,0.994236385296656,4.151288032531738
0035,changing_5,16.393856048583984,22.413421630859375,0.9977888701636876,3.453961133956909,24.333391189575195,0.9986026404220877,3.5918257236480713,32.07535171508789,0.9996033151169134,4.391563415527344
0036,changing_5,10.580100059509277,19.170724868774414,0.9898782287791725,3.515071392059326,20.923070907592773,0.9920350019747438,3.774555206298828,23.303926467895508,0.9983518136072858,4.337627410888672
0037,changing_5,3.6339304447174072,28.1038875579834,0.9973502613758667,4.383422374725342,30.323087692260742,0.9982259115271893,4.417128086090088,33.69279098510742,0.9990484633900334,4.537580966949463
0038,changing_5,7.928960800170898,15.718971252441406,0.9184791002587007,2.935988664627075,19.404510498046875,0.9393661217131059,3.290235996246338,18.736225128173828,0.9655240901937095,4.293040752410889
0039,changing_5,1.2755322456359863,12.836372375488281,0.886569731463351,2.4900877475738525,14.609491348266602,0.9337080159875655,3.389597177505493,16.632047653198242,0.9462864256712968,4.041622638702393
0000,clean_inf,0.7611559629440308,44.640037536621094,0.9999653315020017,4.548135280609131,46.89903259277344,0.9999714342569233,4.560395240783691,49.81610107421875,0.9999969853550835,4.6356520652771
0001,clean_inf,0.7299705743789673,45.269439697265625,0.9999752046921694,4.551056385040283,47.32675552368164,0.9999772888009447,4.558115005493164,50.661842346191406,0.9999989305997841,4.63253116607666
0002,clean_inf,1.2895958423614502,41.60542297363281,0.9996263865399124,4.585659980773926,44.34785842895508,0.9996466997475587,4.590425968170166,45.432376861572266,0.9999893778242411,4.637568950653076
0003,clean_inf,0.5628901720046997,39.841915130615234,0.9958463801211933,4.617359161376953,41.82872009277344,0.9960431337930111,4.617556571960449,45.525474548339844,0.9997643797308458,4.638740062713623
0004,clean_inf,0.6684587001800537,43.50108337402344,0.9999847326033856,4.549314022064209,45.90704345703125,0.9999887907617387,4.590055465698242,48.63165283203125,0.9999982711892854,4.638867378234863
0005,clean_inf,1.657710313796997,43.446346282958984,0.999946273797101,4.59454870223999,45.395530700683594,0.9999550948620888,4.59779691696167,49.48112869262695,0.9999964988586674,4.643406867980957
0006,clean_inf,1.3560271263122559,42.95600128173828,0.9999784920312833,4.577343940734863,46.21564483642578,0.9999851188129433,4.585549831390381,46.89263153076172,0.9999967930755987,4.6329426765441895
0007,clean_inf,6.49582052230835,42.32698440551758,0.9999704210006913,4.518050670623779,44.61885070800781,0.9999762443443614,4.557206630706787,47.332542419433594,0.9999975096781961,4.625619411468506
0008,clean_inf,1.4667909145355225,42.107139587402344,0.9999858835323063,4.586843013763428,45.46082305908203,0.9999890875979628,4.595485210418701,46.13337707519531,0.9999986400461082,4.637119770050049
0009,clean_inf,2.323631763458252,25.92068862915039,0.9995430965340637,4.5102643966674805,26.92852783203125,0.9996522793168404,4.561606407165527,34.23126220703125,0.9999676324719237,4.618021011352539
0010,clean_inf,1.270188570022583,44.13946533203125,0.999681664308148,4.519808769226074,46.65528869628906,0.9996842924152972,4.548597812652588,49.25773620605469,0.9999790880777901,4.618890762329102
0011,clean_inf,1.7823718786239624,42.52151870727539,0.9999663543342044,4.541126728057861,45.19096374511719,0.9999732028208089,4.539834499359131,47.35039138793945,0.9999967633879626,4.6267876625061035
0012,clean_inf,0.6782627105712891,43.36790466308594,0.9999778515830439,4.611575603485107,46.24223709106445,0.99998307583888,4.612674713134766,47.85850524902344,0.9999977169727053,4.642281532287598
0013,clean_inf,0.47100767493247986,40.1785888671875,0.9991790300060018,4.640060901641846,42.26598358154297,0.9991972644510143,4.640780448913574,45.62438201904297,0.9999787824884794,4.6425347328186035
0014,clean_inf,4.7033162117004395,43.60105895996094,0.9999495530276586,4.634854316711426,45.939430236816406,0.9999617500181242,4.632404804229736,49.441246032714844,0.9999949304804594,4.640199184417725
0015,clean_inf,0.9034159183502197,40.76645278930664,0.9996353183121888,4.588168144226074,43.69597625732422,0.9996783934247869,4.5888566970825195,45.2105712890625,0.9999786474998204,4.631901741027832
0016,clean_inf,0.7263484001159668,43.066707611083984,0.9999330317297888,4.591973304748535,45.526451110839844,0.9999387456670905,4.596756458282471,47.95170211791992,0.9999965575587151,4.641867637634277
0017,clean_inf,0.9337224364280701,42.34817886352539,0.9999699915133766,4.593478202819824,44.601497650146484,0.9999782204189265,4.600683212280273,47.64832305908203,0.9999955527437486,4.637108325958252
0018,clean_inf,0.986569344997406,42.813133239746094,0.9999307116373614,4.6024322509765625,45.87664794921875,0.9999385434696483,4.604113578796387,47.131874084472656,0.9999963921223178,4.642235279083252
0019,clean_inf,0.6527857184410095,42.65487289428711,0.999973108238825,4.581684589385986,44.771995544433594,0.999979364192889,4.597442626953125,48.646244049072266,0.9999972808359434,4.630878925323486
0020,clean_inf,0.6195405721664429,42.2110595703125,0.9999517804946984,4.589974403381348,43.973419189453125,0.9999557351431998,4.593873023986816,48.03215789794922,0.9999976798718841,4.640758514404297
0021,clean_inf,0.527717113494873,39.352657318115234,0.998309557208603,4.636714935302734,41.41716766357422,0.9983996395068964,4.638877868652344,44.943790435791016,0.9999305423108011,4.643216133117676
0022,clean_inf,0.6256095170974731,37.51890182495117,0.9982275110188832,4.621471405029297,40.25572967529297,0.9982763802131731,4.623439788818359,41.84563446044922,0.9999554830794705,4.6405158042907715
0023,clean_inf,0.9471623301506042,40.62167739868164,0.9999790500608652,4.580681324005127,43.983821868896484,0.999985572056414,4.5821685791015625,44.30789566040039,0.9999973801679102,4.643009185791016
0024,clean_inf,0.8427233695983887,42.58587646484375,0.9999693965288085,4.566140651702881,45.02357864379883,0.999976352373084,4.584593296051025,47.4163818359375,0.9999970810529544,4.63284158706665
0025,clean_inf,0.9998152852058411,41.037750244140625,0.9998838074737761,4.594649314880371,43.82941436767578,0.999896093357338,4.606750011444092,45.96559524536133,0.9999943926243594,4.637736797332764
0026,clean_inf,1.1263996362686157,43.76353454589844,0.9996133718938843,4.571699619293213,45.63129806518555,0.9996441728869295,4.5852952003479,48.684783935546875,0.9999866428178161,4.636026382446289
0027,clean_inf,1.4829518795013428,40.66565704345703,0.9999393022882308,4.534046649932861,43.18836212158203,0.9999505196716447,4.538753032684326,45.82563781738281,0.9999950023319583,4.63699197769165
0028,clean_inf,0.619182288646698,40.22557830810547,0.9967596838911497,4.607101917266846,42.67719650268555,0.9969342231142847,4.608489513397217,45.55021286010742,0.9997317914608311,4.636488437652588
0029,clean_inf,0.42861512303352356,45.67579650878906,0.999987913039292,4.571217060089111,47.82623291015625,0.9999906766112313,4.586934566497803,51.35189437866211,0.9999988199516281,4.634086608886719
0030,clean_inf,0.5725020170211792,38.713409423828125,0.9983933621264535,4.607807636260986,41.64277648925781,0.9984645093224093,4.612215518951416,43.1975212097168,0.9999498407432409,4.633746147155762
0031,clean_inf,0.5424691438674927,44.3239631652832,0.9999832511915999,4.601288318634033,46.86624526977539,0.99998764630926,4.603823184967041,48.87810134887695,0.9999978360403362,4.6390910148620605
0032,clean_inf,9.214804649353027,43.28166198730469,0.999887254414511,4.591705799102783,47.537933349609375,0.9998993689655532,4.596177101135254,46.28900909423828,0.9999914370464513,4.636183738708496
0033,clean_inf,1.4909465312957764,40.53520202636719,0.9999681930793587,4.545380592346191,43.01600646972656,0.999975715429799,4.565734386444092,45.03852844238281,0.9999961200589987,4.626241207122803
0034,clean_inf,0.3588813841342926,42.28212356567383,0.9994576943231379,4.638792037963867,44.059051513671875,0.999485067460479,4.639317035675049,48.482025146484375,0.9999827827505526,4.643745422363281
0035,clean_inf,4.031702041625977,43.63261795043945,0.9999830644230795,4.577946186065674,46.113582611083984,0.9999882381452087,4.581636905670166,48.734798431396484,0.9999974306559812,4.637572288513184
0036,clean_inf,0.4409196972846985,43.38764572143555,0.9999828489123165,4.6050920486450195,45.58347702026367,0.999986067112865,4.60588264465332,48.86417770385742,0.9999984587083139,4.6421990394592285
0037,clean_inf,0.8761163353919983,42.7841796875,0.999404724932272,4.497061729431152,45.673194885253906,0.9994060562981429,4.539040565490723,47.050785064697266,0.999984683960161,4.609436988830566
0038,clean_inf,1.077070951461792,40.91663360595703,0.9998329738156421,4.608240604400635,43.49292755126953,0.9998573890153103,4.613966464996338,46.30903244018555,0.9999852611839827,4.635921955108643
0039,clean_inf,0.8824256658554077,38.8963737487793,0.9999772882331834,4.488125324249268,43.678497314453125,0.9999844925454657,4.528840065002441,41.43768310546875,0.9999966991089427,4.619137287139893
0000,impulsive+stationary_-10,39.71559143066406,5.195888519287109,0.785110870250367,1.1830464601516724,7.495693683624268,0.828608169232644,1.32700777053833,7.690552711486816,0.9537583497104813,2.6900253295898438
0001,impulsive+stationary_-10,17.962020874023438,3.0342159271240234,0.7380207094718699,1.143125295639038,4.4182538986206055,0.7859453921636571,1.337233066558838,6.444637775421143,0.9332672407182471,2.1817586421966553
0002,impulsive+stationary_-10,60.71400451660156,6.198322772979736,0.6898272170655355,1.1833386421203613,9.62805461883545,0.752368323573694,1.2717480659484863,8.813497543334961,0.9452814289598305,3.2159264087677
0003,impulsive+stationary_-10,87.27508544921875,5.036333084106445,0.7938637329189616,1.2516608238220215,7.888133525848389,0.8382324339873387,1.3919347524642944,8.130904197692871,0.9594226534711261,3.288297414779663
0004,impulsive+stationary_-10,43.87771987915039,4.540644645690918,0.7365383973935733,1.2050676345825195,6.5993218421936035,0.7859973060673252,1.3301687240600586,7.308042049407959,0.9349711969795468,2.1462790966033936
0005,impulsive+stationary_-10,39.30000305175781,0.8922772407531738,0.5416433844566352,1.143736720085144,1.1219490766525269,0.6117434795195063,1.192820429801941,5.045611381530762,0.9127053566283301,2.8948800563812256
0006,impulsive+stationary_-10,77.1151351928711,6.668684959411621,0.8007051678915259,1.3146954774856567,8.26201057434082,0.8447356179112081,1.466529130935669,10.087872505187988,0.9646368171889939,3.2357802391052246
0007,impulsive+stationary_-10,30.03786277770996,3.6313343048095703,0.6663592666635821,1.18951416015625,4.525681495666504,0.7221543092453063,1.2787621021270752,5.285232067108154,0.9560884575585418,3.3337535858154297
0008,impulsive+stationary_-10,30.463706970214844,1.9714863300323486,0.5727063349645873,1.0933969020843506,2.6385207176208496,0.6356728825475245,1.14132821559906,4.784232139587402,0.9298790114429369,2.4406189918518066
0009,impulsive+stationary_-10,30.975784301757812,4.757765769958496,0.6417561087899197,1.0820302963256836,5.737321853637695,0.7070600648857549,1.136720895767212,6.607120037078857,0.927712806360249,2.6363415718078613
0010,impulsive+stationary_-10,23.675048828125,6.413455963134766,0.8943920748789898,1.3550082445144653,7.662309646606445,0.9145464475192021,1.5229995250701904,10.26078987121582,0.9743304656383517,2.3891375064849854
0011,impulsive+stationary_-10,14.800385475158691,9.520569801330566,0.723762140572168,1.3228845596313477,11.696462631225586,0.8190151219456955,1.6241517066955566,12.838362693786621,0.898713769275464,2.7990002632141113
0012,impulsive+stationary_-10,51.76181411743164,6.57595157623291,0.8099241412901782,1.3070151805877686,8.437263488769531,0.8588383783810066,1.4703375101089478,10.691316604614258,0.9526782388241853,3.2055275440216064
0013,impulsive+stationary_-10,27.793575286865234,4.0145087242126465,0.8266884382903851,1.5740127563476562,4.555670738220215,0.8725776560680975,1.9430365562438965,7.050644874572754,0.9550113151358245,2.8910789489746094
0014,impulsive+stationary_-10,34.699886322021484,6.337217330932617,0.8748969219334587,1.6515212059020996,8.006736755371094,0.9071998695760234,2.101398229598999,10.333951950073242,0.967228545876854,3.0555360317230225
0015,impulsive+stationary_-10,34.839176177978516,2.5129711627960205,0.629998944125538,1.3239576816558838,3.997225522994995,0.6875756142612366,1.5388108491897583,5.8087263107299805,0.9498568689165331,2.628143548965454
0016,impulsive+stationary_-10,34.82853317260742,6.649147987365723,0.5283464886957988,1.2392768859863281,9.609529495239258,0.5971805291056336,1.3025989532470703,8.876335144042969,0.9250044117591543,3.168388843536377
0017,impulsive+stationary_-10,22.619354248046875,5.170252323150635,0.7626908416560969,1.256798267364502,6.81718635559082,0.8104187720340198,1.4414494037628174,8.828353881835938,0.9595786365632007,2.8795928955078125
0018,impulsive+stationary_-10,27.21722984313965,2.8107223510742188,0.6156529794311828,1.15936279296875,3.6706433296203613,0.6760380528653503,1.2917728424072266,6.114063739776611,0.9296429717210603,2.377612590789795
0019,impulsive+stationary_-10,35.81013870239258,13.777576446533203,0.9658910092582746,2.187983274459839,15.32832145690918,0.9737212881465984,2.558359146118164,18.507930755615234,0.9924031793542343,3.746812343597412
0020,impulsive+stationary_-10,23.562986373901367,3.3797731399536133,0.5957077226931574,1.0724093914031982,4.740995407104492,0.6697429604896286,1.120339035987854,5.838334083557129,0.9204244267563704,2.399092435836792
0021,impulsive+stationary_-10,43.09490203857422,4.246452331542969,0.6494937727453903,1.2714297771453857,5.1294732093811035,0.6978022411796891,1.3647854328155518,6.971157073974609,0.9471399539399503,3.133617877960205
0022,impulsive+stationary_-10,27.055574417114258,6.097341060638428,0.5973553738813859,1.1867777109146118,8.501123428344727,0.6751257661997919,1.3366034030914307,9.555941581726074,0.8770626595689994,2.736815929412842
0023,impulsive+stationary_-10,22.731121063232422,3.445434093475342,0.6717486809414518,1.1247820854187012,5.062837600708008,0.7247240112173651,1.3078349828720093,6.499798774719238,0.9523703426759191,2.495838165283203
0024,impulsive+stationary_-10,41.296566009521484,6.668434143066406,0.8071816451991127,1.2959593534469604,9.286524772644043,0.8554151209303872,1.4456943273544312,9.80164623260498,0.9582144597539521,2.903432846069336
0025,impulsive+stationary_-10,15.415194511413574,9.799376487731934,0.9113928907309631,1.8080408573150635,12.238012313842773,0.9385802780299978,2.1767983436584473,12.940261840820312,0.9775679492396877,2.990135908126831
0026,impulsive+stationary_-10,37.59403991699219,6.057677745819092,0.8195720126364765,1.5553604364395142,7.653679370880127,0.8635253912412368,1.870104193687439,9.048346519470215,0.9583936211944816,3.056424140930176
0027,impulsive+stationary_-10,31.5790958404541,2.6887454986572266,0.6034672516903676,1.1330442428588867,3.8978819847106934,0.673712286635048,1.2145466804504395,4.7821173667907715,0.920788350688621,2.5602197647094727
0028,impulsive+stationary_-10,16.711986541748047,11.057900428771973,0.8565965657759472,1.7337284088134766,13.678667068481445,0.8871331628208738,2.025296688079834,14.706987380981445,0.9651612586704355,3.813333034515381
0029,impulsive+stationary_-10,65.7813491821289,-0.44410932064056396,0.7435585687971233,1.2964966297149658,1.1451424360275269,0.8128053442785069,1.4020342826843262,13.424185752868652,0.9331237717553862,3.2427358627319336
0030,impulsive+stationary_-10,23.10932731628418,6.895267486572266,0.7613456680560533,1.4252848625183105,9.002323150634766,0.80489883845527,1.7240705490112305,9.658077239990234,0.9560578113547158,3.225151538848877
0031,impulsive+stationary_-10,33.606197357177734,2.7926347255706787,0.5763714888651837,1.0884599685668945,3.737698793411255,0.6397054807072254,1.113466501235962,6.64693546295166,0.9241623755310893,2.9359686374664307
0032,impulsive+stationary_-10,29.63050651550293,7.463774681091309,0.7103766976240188,1.379030704498291,10.08813762664795,0.747869669581895,1.4845319986343384,9.926225662231445,0.9584607205406412,3.4384636878967285
0033,impulsive+stationary_-10,20.695552825927734,2.742821216583252,0.5714704634766443,1.099416732788086,3.6647777557373047,0.664896884749291,1.1346354484558105,6.122057914733887,0.8844093840067205,3.0976526737213135
0034,impulsive+stationary_-10,92.59383392333984,8.203039169311523,0.8252725863510696,1.4150254726409912,10.433649063110352,0.8705873676098262,1.5617733001708984,11.685787200927734,0.9715958002939463,3.263096332550049
0035,impulsive+stationary_-10,71.0442886352539,5.107683181762695,0.7486289522736815,1.2668384313583374,6.944845199584961,0.7962274581298973,1.4093036651611328,7.562112331390381,0.9529085943201256,3.108644962310791
0036,impulsive+stationary_-10,47.93853759765625,4.9643354415893555,0.747607017291232,1.3814756870269775,6.864476203918457,0.8014237737088439,1.570237159729004,8.197294235229492,0.9449673887592036,3.4445981979370117
0037,impulsive+stationary_-10,30.687664031982422,9.254098892211914,0.9180633000477729,1.8726413249969482,10.330318450927734,0.9376026181680289,2.135953903198242,15.006394386291504,0.9798019700625838,3.763787031173706
0038,impulsive+stationary_-10,25.689008712768555,3.6640372276306152,0.7046259681615951,1.0680817365646362,5.467274188995361,0.7498132363268993,1.1026983261108398,5.9467973709106445,0.9582155844039766,3.0483651161193848
0039,impulsive+stationary_-10,42.01857376098633,3.4894635677337646,0.3971179746248602,1.0736024379730225,5.013649940490723,0.47238010692320664,1.1083383560180664,5.40164852142334,0.9292476074654676,2.4788615703582764
0000,impulsive+stationary_-5,35.93809509277344,3.5045382976531982,0.7040850949250551,1.2330904006958008,4.947336196899414,0.7599578638900258,1.3524506092071533,4.389500617980957,0.9533840633639039,3.090893268585205
0001,impulsive+stationary_-5,25.205289840698242,4.596560478210449,0.7041860258099732,1.1530122756958008,5.845913410186768,0.7521304709400548,1.2157753705978394,7.268742561340332,0.9493677290899316,3.0629000663757324
0002,impulsive+stationary_-5,51.59672546386719,7.748848915100098,0.9100243843181993,1.6176838874816895,9.0354642868042,0.9287353802146782,1.836315393447876,12.408286094665527,0.9761413988973334,2.7210164070129395
0003,impulsive+stationary_-5,18.268531799316406,7.600087642669678,0.8370076674472996,1.4114508628845215,10.01460075378418,0.8722700385634237,1.669346570968628,10.972834587097168,0.9666112268693634,3.2135915756225586
0004,impulsive+stationary_-5,21.299800872802734,7.484550476074219,0.9126590303365004,1.5662074089050293,8.66031265258789,0.9319015127951008,1.8287172317504883,12.275903701782227,0.9788345920911501,3.313955545425415
0005,impulsive+stationary_-5,20.241474151611328,7.6197428703308105,0.8624761248109551,1.2525966167449951,9.736379623413086,0.8918515875834295,1.3835058212280273,10.762528419494629,0.9658811805519888,2.4226651191711426
0006,impulsive+stationary_-5,20.692113876342773,9.985390663146973,0.8838819516080202,1.9458556175231934,13.056102752685547,0.9180275177696946,2.307610273361206,13.421706199645996,0.9732405354372679,3.746330976486206
0007,impulsive+stationary_-5,19.359365463256836,9.491377830505371,0.8694076594786299,1.7002058029174805,11.668710708618164,0.8925616705673308,1.9447842836380005,11.728059768676758,0.9802152953306807,3.9901280403137207
0008,impulsive+stationary_-5,58.70383834838867,8.990540504455566,0.8922927428468173,1.6474485397338867,11.113256454467773,0.9162997591335066,1.8270859718322754,12.05789566040039,0.9805685094027398,3.814725160598755
0009,impulsive+stationary_-5,17.52103614807129,6.418771266937256,0.7681195421719901,1.2377517223358154,8.638773918151855,0.8164051597993759,1.3770509958267212,9.515339851379395,0.9386587547560212,3.2141213417053223
0010,impulsive+stationary_-5,17.168588638305664,8.317330360412598,0.724583814408617,1.3514050245285034,10.30774211883545,0.7707018322315597,1.6019173860549927,12.65562629699707,0.9611248215819861,3.7706871032714844
0011,impulsive+stationary_-5,19.36795425415039,8.331989288330078,0.8129562291998882,1.438088297843933,10.095720291137695,0.8485407491603818,1.636064052581787,10.62188720703125,0.9639407784135238,3.0831542015075684
0012,impulsive+stationary_-5,29.131927490234375,8.276926040649414,0.8357773935884519,1.426529049873352,11.768606185913086,0.8751075786856879,1.7068634033203125,11.366314888000488,0.9637991631130876,3.183954954147339
0013,impulsive+stationary_-5,31.136310577392578,6.695104122161865,0.8702116019964777,1.584751844406128,8.722468376159668,0.8943371818975198,1.9618151187896729,10.187541961669922,0.9719047952860362,2.7047672271728516
0014,impulsive+stationary_-5,57.35546875,9.548612594604492,0.8740396824107798,1.7450135946273804,11.376214981079102,0.8970957960422028,2.0804717540740967,13.705367088317871,0.9730699241883516,3.2759692668914795
0015,impulsive+stationary_-5,54.55646896362305,8.18586254119873,0.8977162505450736,1.6484073400497437,9.752002716064453,0.9215776684358173,1.9512555599212646,11.93968677520752,0.9773598857509571,3.0577070713043213
0016,impulsive+stationary_-5,33.979644775390625,5.628674507141113,0.6131298053103662,1.2398375272750854,7.364477157592773,0.668591719902665,1.3643383979797363,9.457440376281738,0.9423492066312499,3.0161550045013428
0017,impulsive+stationary_-5,21.65755844116211,8.566372871398926,0.8195419001233575,1.4884389638900757,11.2656831741333,0.8509235169327267,1.7248785495758057,11.550641059875488,0.9728616575265174,3.644103765487671
0018,impulsive+stationary_-5,71.76781463623047,9.0020751953125,0.8155270255391751,1.5469064712524414,10.31582260131836,0.8587580839432097,1.7140238285064697,13.793869972229004,0.9617170004031493,3.6455578804016113
0019,impulsive+stationary_-5,52.14912414550781,9.497838973999023,0.8758422008425779,1.7952044010162354,11.374879837036133,0.9049262261298617,2.082333564758301,12.872590065002441,0.977900924777432,3.8294851779937744
0020,impulsive+stationary_-5,31.37788963317871,4.842390537261963,0.79675108299256,1.2991769313812256,6.921963214874268,0.8428448394708059,1.532382845878601,7.475705623626709,0.9554865957511699,3.0253374576568604
0021,impulsive+stationary_-5,28.738256454467773,7.382009506225586,0.7510627097014545,1.466575264930725,10.558122634887695,0.801736310658673,1.7631899118423462,9.233234405517578,0.9401183713608184,3.146766424179077
0022,impulsive+stationary_-5,26.02308464050293,5.8571600914001465,0.7344859377607657,1.2266463041305542,6.90172004699707,0.7735184705896495,1.3155345916748047,9.255918502807617,0.9676252632506526,3.3355813026428223
0023,impulsive+stationary_-5,23.23386573791504,6.083197116851807,0.742289404833423,1.2040218114852905,8.099802017211914,0.7866052756052282,1.2870455980300903,9.266034126281738,0.9676626301536417,3.4050979614257812
0024,impulsive+stationary_-5,37.18911361694336,9.275365829467773,0.7985748133765492,2.0566225051879883,11.012483596801758,0.8636148645376506,2.5534002780914307,11.741029739379883,0.9230474896476293,3.16013503074646
0025,impulsive+stationary_-5,23.6348876953125,6.327449798583984,0.8419966420252671,1.2895822525024414,8.089479446411133,0.8729005488258742,1.4841647148132324,9.477404594421387,0.9652297627455767,2.380549669265747
0026,impulsive+stationary_-5,26.20210075378418,12.700425148010254,0.8683082510433288,1.8207508325576782,15.055084228515625,0.8939603343016337,2.0293538570404053,16.032968521118164,0.9736395427000576,3.8582613468170166
0027,impulsive+stationary_-5,21.44257164001465,8.352056503295898,0.875622541955439,1.430334448814392,10.624594688415527,0.9059245958754342,1.6999462842941284,10.367144584655762,0.9543710680905229,2.843888759613037
0028,impulsive+stationary_-5,42.07307815551758,9.250824928283691,0.7443544362920648,1.6703433990478516,10.76768684387207,0.8251267042722251,2.1040713787078857,12.972373008728027,0.9160908906770044,3.3889687061309814
0029,impulsive+stationary_-5,26.08624267578125,11.337968826293945,0.8157321559850887,1.9582282304763794,13.930530548095703,0.8768926356579398,2.3789150714874268,15.127838134765625,0.9322822739721291,3.691164016723633
0030,impulsive+stationary_-5,32.3444709777832,9.824918746948242,0.7573921558264843,1.9114493131637573,12.16919994354248,0.830189265606945,2.285553455352783,13.060240745544434,0.9064117494617357,3.188136339187622
0031,impulsive+stationary_-5,21.07135581970215,5.606051445007324,0.7832943590909468,1.2461750507354736,8.730762481689453,0.8260643712571522,1.3528552055358887,9.126445770263672,0.9685407364986124,3.32785964012146
0032,impulsive+stationary_-5,19.609355926513672,4.152804374694824,0.8168191915945118,1.333632469177246,7.361407279968262,0.8563869321639266,1.5420093536376953,8.1815767288208,0.9648881984072383,2.931903123855591
0033,impulsive+stationary_-5,24.052425384521484,8.511094093322754,0.6588423647192221,1.5858185291290283,11.851577758789062,0.7134685387442495,1.8491568565368652,11.720287322998047,0.952034490187086,3.412635087966919
0034,impulsive+stationary_-5,15.554078102111816,10.768967628479004,0.9055437777424319,1.9474916458129883,12.330205917358398,0.9245881295800611,2.317505121231079,14.756237030029297,0.9823348771959831,3.6201655864715576
0035,impulsive+stationary_-5,42.814064025878906,5.950523376464844,0.8415830857919387,1.5665345191955566,8.250289916992188,0.8802037366396784,1.8039650917053223,8.65933609008789,0.9680276334264463,3.368555784225464
0036,impulsive+stationary_-5,23.96204376220703,9.677477836608887,0.7893855310591607,1.9242889881134033,11.478456497192383,0.8475460078566253,2.2632837295532227,13.391131401062012,0.9139439907776585,3.530548334121704
0037,impulsive+stationary_-5,47.34595489501953,13.857004165649414,0.9364210565315795,2.583953380584717,16.297611236572266,0.9560609520516868,2.937864065170288,17.871294021606445,0.9873185826074287,4.209404945373535
0038,impulsive+stationary_-5,57.91054916381836,11.911371231079102,0.9365324998277814,2.008300542831421,14.38123607635498,0.952277218833302,2.2043614387512207,15.573175430297852,0.9880084736625575,3.864443778991699
0039,impulsive+stationary_-5,17.305822372436523,15.316179275512695,0.9047632377418728,2.2571566104888916,18.33985137939453,0.9458147214978617,2.6880226135253906,19.07182502746582,0.9540302459492427,3.7481837272644043
0000,impulsive+stationary_0,34.328731536865234,8.641283988952637,0.7371654162254166,1.166275143623352,10.644920349121094,0.7849530429041648,1.2324013710021973,11.405993461608887,0.9537101595427967,2.914492130279541
0001,impulsive+stationary_0,13.310240745544434,13.908239364624023,0.9204951792983281,2.791238307952881,15.81103801727295,0.9391014893659498,3.345059871673584,15.166268348693848,0.976473422671326,4.026705741882324
0002,impulsive+stationary_0,30.25435447692871,8.520970344543457,0.886282149364212,1.4077473878860474,10.070358276367188,0.90645561988147,1.655274748802185,12.545656204223633,0.9743586914583338,2.628053903579712
0003,impulsive+stationary_0,32.11167907714844,11.109395027160645,0.9479816421779886,2.2301228046417236,12.939519882202148,0.9624489230175499,2.7043797969818115,15.362906455993652,0.9872735529838627,3.525944471359253
0004,impulsive+stationary_0,18.723730087280273,7.788789749145508,0.738262055630385,1.4647736549377441,10.292352676391602,0.8027211529793357,1.703291893005371,10.72918701171875,0.9122662874579314,3.6753640174865723
0005,impulsive+stationary_0,26.967498779296875,10.906729698181152,0.6416459539256372,1.3942394256591797,12.565408706665039,0.7015590897561376,1.513878583908081,14.47603702545166,0.9425385976171171,3.621748924255371
0006,impulsive+stationary_0,24.35772705078125,9.175492286682129,0.8604600016117393,1.5495352745056152,11.460198402404785,0.885582271235359,1.787355661392212,12.286785125732422,0.9808490288374369,3.9472103118896484
0007,impulsive+stationary_0,49.52641296386719,9.50804328918457,0.9021545297510576,1.7115541696548462,11.068918228149414,0.9212110988485444,1.9115750789642334,13.094239234924316,0.9817230164946034,3.9779551029205322
0008,impulsive+stationary_0,30.359973907470703,10.407127380371094,0.8388597483303415,1.455698847770691,12.509631156921387,0.8683863903941607,1.6532690525054932,13.539494514465332,0.9719062716955004,3.3601737022399902
0009,impulsive+stationary_0,18.392513275146484,10.347278594970703,0.8967069711148508,2.0445969104766846,12.885931015014648,0.9229767004773788,2.544330596923828,14.254694938659668,0.9763529791698263,3.606534957885742
0010,impulsive+stationary_0,7.5084147453308105,17.319082260131836,0.9240766846810063,2.5280306339263916,19.90213394165039,0.9501401436727984,3.105443239212036,20.15582847595215,0.9716205596964295,3.74350643157959
0011,impulsive+stationary_0,29.371097564697266,8.025619506835938,0.7609851553232038,1.6031370162963867,10.053797721862793,0.8031222503310824,1.8007147312164307,11.995874404907227,0.9634628810205615,3.6735002994537354
0012,impulsive+stationary_0,12.311212539672852,15.501291275024414,0.9791232663192907,3.0742807388305664,17.22473907470703,0.986482198655858,3.5757622718811035,20.37628936767578,0.9949175651330157,4.214244842529297
0013,impulsive+stationary_0,41.35908889770508,8.583849906921387,0.6653411194529423,1.263330101966858,11.674789428710938,0.7094775560391681,1.3636118173599243,12.906731605529785,0.9216596745290196,3.665492057800293
0014,impulsive+stationary_0,15.915194511413574,11.013603210449219,0.9191891975745808,2.155517816543579,12.444014549255371,0.9366180352705854,2.625218391418457,15.533880233764648,0.9812181592801197,3.809704065322876
0015,impulsive+stationary_0,9.650301933288574,9.67541790008545,0.8931335215639349,2.510664939880371,10.234968185424805,0.9216309286853729,2.808361291885376,14.39659595489502,0.9470522320757252,3.866537094116211
0016,impulsive+stationary_0,49.049434661865234,12.39844799041748,0.9604017759203466,2.18672776222229,14.004384994506836,0.9687730712064553,2.6090190410614014,17.270299911499023,0.9910384915541691,3.7987186908721924
0017,impulsive+stationary_0,15.614916801452637,10.428577423095703,0.7908890683745511,1.8031032085418701,12.789374351501465,0.8451301621881298,2.1317977905273438,13.69125747680664,0.9301985977554037,3.833855628967285
0018,impulsive+stationary_0,13.847229957580566,11.779327392578125,0.956793827898196,2.4595396518707275,14.489315032958984,0.9689971412136188,2.925058364868164,15.067413330078125,0.9894776295804114,3.6012771129608154
0019,impulsive+stationary_0,22.835269927978516,11.85661792755127,0.9738729195201852,2.4948947429656982,12.947332382202148,0.9811707129040992,2.885850191116333,16.94241714477539,0.9922801902672505,4.062485694885254
0020,impulsive+stationary_0,22.658594131469727,6.734232425689697,0.8362768139640709,1.2986724376678467,9.652984619140625,0.8799792957275329,1.4319555759429932,10.316303253173828,0.9689787057232374,3.5918068885803223
0021,impulsive+stationary_0,31.852434158325195,8.413065910339355,0.8486297754243053,1.3366055488586426,10.744885444641113,0.8803908375836921,1.5640363693237305,11.406549453735352,0.9710340777164583,3.231745481491089
0022,impulsive+stationary_0,19.924917221069336,10.217782020568848,0.9435111435744394,2.083976984024048,12.97721004486084,0.9581832007024759,2.5727458000183105,14.229808807373047,0.9869220363513937,3.708125114440918
0023,impulsive+stationary_0,21.735485076904297,9.500040054321289,0.8014860257694405,1.639428973197937,12.334480285644531,0.8442779399262305,1.8867872953414917,12.23884391784668,0.9588354759014878,3.650509834289551
0024,impulsive+stationary_0,43.320438385009766,14.850420951843262,0.9219349050964264,2.376037359237671,16.730762481689453,0.947645502937111,2.7065188884735107,19.364315032958984,0.9788359233351727,3.9577817916870117
0025,impulsive+stationary_0,63.72098159790039,12.656631469726562,0.9090516444995439,2.127570629119873,13.474034309387207,0.9280894844435635,2.459148406982422,20.696046829223633,0.9869248365876919,4.025259971618652
0026,impulsive+stationary_0,24.018131256103516,10.51389217376709,0.8149920057005804,1.2735645771026611,12.736045837402344,0.8569301409948676,1.455771565437317,12.743005752563477,0.9691358818268256,3.2823920249938965
0027,impulsive+stationary_0,16.581552505493164,13.94030475616455,0.961145187977947,1.8549021482467651,17.007596969604492,0.9723606372985659,2.2211296558380127,17.607257843017578,0.9904229026918737,3.644967794418335
0028,impulsive+stationary_0,21.40502166748047,11.260409355163574,0.9306055230766432,2.206089496612549,13.51947021484375,0.9461204105974356,2.7914633750915527,14.808027267456055,0.9794384218115918,3.680405855178833
0029,impulsive+stationary_0,20.987119674682617,9.759587287902832,0.907847498360837,1.7866520881652832,12.222365379333496,0.9343584400175805,2.0744454860687256,13.223337173461914,0.9750454383445587,3.7271482944488525
0030,impulsive+stationary_0,22.25482749938965,8.017728805541992,0.6679711421570981,1.5229719877243042,10.041500091552734,0.7273372197758485,1.766149878501892,11.09720230102539,0.9352454974527337,3.0861549377441406
0031,impulsive+stationary_0,21.378358840942383,9.729508399963379,0.9346486788173273,1.9750722646713257,12.071846008300781,0.9505242150589798,2.3308959007263184,13.183101654052734,0.9857462985327705,3.511272430419922
0032,impulsive+stationary_0,31.041044235229492,9.268867492675781,0.8383526464471023,1.404463529586792,10.96809196472168,0.865874470667435,1.568821668624878,12.589635848999023,0.9790910309833378,3.366708993911743
0033,impulsive+stationary_0,48.32823944091797,9.594717025756836,0.9011078005236716,1.728838562965393,11.321111679077148,0.9163467415476013,1.94785475730896,13.060552597045898,0.9881683009305617,3.792635679244995
0034,impulsive+stationary_0,31.28658103942871,12.617606163024902,0.9101896786891224,1.7587811946868896,15.51501178741455,0.9305364534210768,2.21108341217041,15.514469146728516,0.9842393077430807,3.021137237548828
0035,impulsive+stationary_0,15.17013168334961,8.405937194824219,0.9840915657955788,1.9150514602661133,9.152949333190918,0.9861865489405995,2.1773688793182373,14.18760871887207,0.9968736276053044,3.7943356037139893
0036,impulsive+stationary_0,26.27655792236328,10.287178993225098,0.8723069274674878,2.0400993824005127,12.878650665283203,0.8930353996348576,2.293243169784546,13.482755661010742,0.978772568025672,3.927489995956421
0037,impulsive+stationary_0,61.28730773925781,11.658500671386719,0.9196338701872172,1.7411165237426758,13.636378288269043,0.9379004229242298,1.9941492080688477,15.95172119140625,0.9866767192728823,3.43415904045105
0038,impulsive+stationary_0,40.25039291381836,8.505072593688965,0.7788904277546191,1.5169637203216553,11.406259536743164,0.8195428826467948,1.7402420043945312,11.129742622375488,0.966948712613759,3.5489354133605957
0039,impulsive+stationary_0,2.4689745903015137,-1.091123104095459,0.9856389859546881,1.4078304767608643,2.77451491355896,0.9801313164212172,1.4558804035186768,29.697948455810547,0.9980975715274538,4.362082004547119
0000,impulsive+stationary_10,9.539624214172363,15.099897384643555,0.9687772360737698,2.424957275390625,18.3586368560791,0.9768443394446557,2.811868906021118,18.81922149658203,0.994996267869128,3.8985097408294678
0001,impulsive+stationary_10,33.1697998046875,19.879322052001953,0.9697599444992687,2.932786226272583,21.743593215942383,0.9738467787265308,3.3024656772613525,22.886560440063477,0.9941224681447715,4.441097736358643
0002,impulsive+stationary_10,72.734375,11.652922630310059,0.8770005393719186,1.7715617418289185,13.960540771484375,0.8989229439044707,2.1400184631347656,15.58843994140625,0.974441167008105,3.9598827362060547
0003,impulsive+stationary_10,29.990550994873047,17.1390380859375,0.9798187543539586,2.265138626098633,20.134037017822266,0.9849213488512828,2.4987800121307373,20.32020378112793,0.9965934901675972,4.12703275680542
0004,impulsive+stationary_10,7.783839702606201,15.687017440795898,0.952270682174803,2.8240630626678467,18.841793060302734,0.9628562807720541,3.256030321121216,19.171524047851562,0.9887886392428394,4.2482404708862305
0005,impulsive+stationary_10,23.91853904724121,16.71501350402832,0.9677304566801611,3.1712543964385986,18.45091438293457,0.9741710582864584,3.389111042022705,21.66551971435547,0.9948349880337949,4.141550064086914
0006,impulsive+stationary_10,22.25946044921875,19.17970848083496,0.983763107157299,2.800337791442871,21.64013671875,0.9877772710130057,3.1481597423553467,23.916034698486328,0.9969931263101817,4.18394660949707
0007,impulsive+stationary_10,54.23964309692383,20.932157516479492,0.9829684639485139,2.5830814838409424,22.94377899169922,0.9867485063624359,2.681983232498169,24.33769989013672,0.997229792032204,4.498016357421875
0008,impulsive+stationary_10,9.892428398132324,17.110939025878906,0.902093284741305,2.690232992172241,19.574716567993164,0.932006857986007,3.1681647300720215,21.17753791809082,0.9655496071135572,4.11392879486084
0009,impulsive+stationary_10,12.087215423583984,21.09886360168457,0.9920416850110139,3.525585889816284,23.447389602661133,0.9937767906585063,3.698961019515991,24.039182662963867,0.9983992389792342,4.496184825897217
0010,impulsive+stationary_10,9.487561225891113,19.556190490722656,0.9903059070950164,3.306354284286499,22.177026748657227,0.9936157144736825,3.534395933151245,23.839866638183594,0.9975176670217047,4.3140387535095215
0011,impulsive+stationary_10,12.310359954833984,16.464597702026367,0.9613129470859895,2.5682263374328613,19.034961700439453,0.9701607557517319,3.0246047973632812,20.394405364990234,0.99344334845889,4.194940567016602
0012,impulsive+stationary_10,21.86096954345703,14.925814628601074,0.9201748915250756,1.8452962636947632,17.71593475341797,0.9357808811305729,2.077951669692993,18.14333724975586,0.9837138670160908,3.803297996520996
0013,impulsive+stationary_10,50.37553405761719,20.701570510864258,0.9511246700053526,3.0471351146698,22.233354568481445,0.9583350899666029,3.2042391300201416,25.415103912353516,0.9936154275757841,4.387995719909668
0014,impulsive+stationary_10,41.65646743774414,18.51848793029785,0.7882794495475958,1.9615347385406494,22.08042335510254,0.831292579496053,2.1972599029541016,21.685331344604492,0.9434438916774917,3.9223406314849854
0015,impulsive+stationary_10,11.545823097229004,24.862117767333984,0.9912858875934196,3.575909376144409,27.68794059753418,0.9933255560432339,3.7502567768096924,29.37737274169922,0.9986290711480927,4.417108535766602
0016,impulsive+stationary_10,8.869247436523438,14.116109848022461,0.9557413792458032,2.659181833267212,16.580862045288086,0.9675310644035853,3.063565969467163,17.86370849609375,0.9880448159999976,4.234945297241211
0017,impulsive+stationary_10,64.44641876220703,17.75728988647461,0.954936958544535,3.3206851482391357,19.697572708129883,0.9645891852432501,3.758254289627075,22.529129028320312,0.991123491862705,4.297229766845703
0018,impulsive+stationary_10,10.755191802978516,18.398239135742188,0.965587936527737,2.9226794242858887,21.72039222717285,0.9742316674225625,3.2990522384643555,21.96826171875,0.9932308703024295,4.149134635925293
0019,impulsive+stationary_10,19.67348289489746,16.428409576416016,0.9793016060786626,1.8784226179122925,19.046937942504883,0.9848877176162179,2.1120121479034424,19.995763778686523,0.9960141085676254,3.767242670059204
0020,impulsive+stationary_10,32.939552307128906,15.980388641357422,0.9417255123487701,2.2717220783233643,19.146732330322266,0.9568931374854991,2.658815622329712,18.930805206298828,0.9881545768030604,4.160266399383545
0021,impulsive+stationary_10,19.963830947875977,17.22153663635254,0.9672958095311649,3.060439348220825,19.360715866088867,0.9743870949487093,3.443530797958374,21.03862762451172,0.9915337258739515,3.986257791519165
0022,impulsive+stationary_10,16.040512084960938,14.128673553466797,0.970445321530653,1.8925976753234863,17.798885345458984,0.9808115861739021,2.2069923877716064,18.117034912109375,0.9935836146768081,3.7451038360595703
0023,impulsive+stationary_10,18.198915481567383,13.788284301757812,0.9723121464371225,1.7221074104309082,17.291885375976562,0.9814578674489861,1.9990017414093018,17.5234432220459,0.992812299102555,2.434468984603882
0024,impulsive+stationary_10,14.483410835266113,15.59974193572998,0.9613200522950087,2.600182294845581,18.924589157104492,0.9731472481899416,3.023085117340088,19.03289222717285,0.9904020476963319,4.099550724029541
0025,impulsive+stationary_10,24.145048141479492,19.13895034790039,0.9804165971553634,3.060842990875244,22.229740142822266,0.9856847798913311,3.3523266315460205,22.443035125732422,0.9966472153492487,4.3164825439453125
0026,impulsive+stationary_10,9.501984596252441,14.090228080749512,0.8667274775959345,2.515488386154175,16.96628189086914,0.9018140495089247,3.0248920917510986,18.21625518798828,0.9641263937435242,4.12401819229126
0027,impulsive+stationary_10,26.620702743530273,17.52886199951172,0.9227926213673369,2.2774953842163086,20.484437942504883,0.9503804584121903,2.6225337982177734,21.05963134765625,0.9770523368488779,3.9447500705718994
0028,impulsive+stationary_10,35.723106384277344,15.043039321899414,0.8670252355859003,2.5065360069274902,16.566509246826172,0.8843089393340754,2.8274896144866943,19.266258239746094,0.9810571968589304,4.288043022155762
0029,impulsive+stationary_10,12.487214088439941,11.571654319763184,0.9292495357885014,1.5783302783966064,13.942642211914062,0.9478168354876768,1.808121681213379,16.12561798095703,0.9882140866984811,3.467907428741455
0030,impulsive+stationary_10,26.351604461669922,20.46790885925293,0.9098244678321006,2.9719974994659424,23.82732582092285,0.9269183133387713,3.3006627559661865,23.94312286376953,0.9857212361966199,4.1816840171813965
0031,impulsive+stationary_10,7.196730136871338,22.247495651245117,0.9931119789567365,3.059218168258667,25.737289428710938,0.9950284854746348,3.412569761276245,25.061025619506836,0.9990914584271315,4.297999382019043
0032,impulsive+stationary_10,43.85993957519531,19.6072940826416,0.9650743126254318,2.88936710357666,22.99915313720703,0.9759731664283399,3.1272122859954834,23.189733505249023,0.9915342558012331,4.045623302459717
0033,impulsive+stationary_10,4.654177665710449,19.671030044555664,0.9846114432964735,3.812471866607666,20.61077308654785,0.9870387161471631,4.019253253936768,23.770126342773438,0.9962083718376806,4.313889026641846
0034,impulsive+stationary_10,21.050504684448242,15.417728424072266,0.9508561885050398,2.5792839527130127,17.00286293029785,0.96147801134983,2.9391727447509766,20.693340301513672,0.9874999695737986,4.114011764526367
0035,impulsive+stationary_10,35.577552795410156,16.63791275024414,0.9664587847761482,3.190309762954712,19.715208053588867,0.9764142262033949,3.4953339099884033,20.192480087280273,0.991215042745898,4.230475425720215
0036,impulsive+stationary_10,19.875707626342773,10.989948272705078,0.9095568246403118,2.6577956676483154,12.691368103027344,0.9310502519288996,2.9328067302703857,14.74533462524414,0.9840626278129119,4.145410060882568
0037,impulsive+stationary_10,32.2343864440918,15.492517471313477,0.9616668222640453,2.2527875900268555,18.657846450805664,0.9708242839736851,2.5216381549835205,18.3253116607666,0.991574075996262,4.156575679779053
0038,impulsive+stationary_10,28.449094772338867,14.142685890197754,0.946762524776651,2.364375591278076,16.43683433532715,0.9589117389671656,2.7959234714508057,17.707033157348633,0.9912447259466983,3.974367618560791
0039,impulsive+stationary_10,19.53887367248535,15.514565467834473,0.9559167600090912,2.408823251724243,18.90387725830078,0.966698987101221,2.816492795944214,18.816186904907227,0.992384239578311,4.014626502990723
0000,impulsive+stationary_15,12.084173202514648,18.37489891052246,0.9881118083870005,3.0884053707122803,22.601043701171875,0.9932104729854642,3.4263556003570557,21.75783348083496,0.9968448215082111,4.316202640533447
0001,impulsive+stationary_15,8.281105995178223,16.11008071899414,0.9789556831819844,2.852022409439087,19.824567794799805,0.9847366950523925,3.128288984298706,22.84613609313965,0.9966535640304105,4.233054161071777
0002,impulsive+stationary_15,17.924808502197266,17.264135360717773,0.963506924587428,2.1795668601989746,20.09821128845215,0.9726811792109602,2.706273078918457,23.110660552978516,0.9942348529737661,4.215282440185547
0003,impulsive+stationary_15,61.471458435058594,19.876312255859375,0.9844118795473827,3.0530483722686768,21.592824935913086,0.9893553143650358,3.31442928314209,24.67502212524414,0.9972209142368386,4.398850440979004
0004,impulsive+stationary_15,7.417775630950928,19.489774703979492,0.8659098425413486,3.0118417739868164,21.49774932861328,0.9019562132736,3.308712959289551,23.424222946166992,0.9444138410821193,4.287746906280518
0005,impulsive+stationary_15,28.72884178161621,20.36344337463379,0.9559659029328789,3.460984706878662,22.30301856994629,0.9639947632277314,3.7384259700775146,24.802291870117188,0.9950488152661012,4.437282562255859
0006,impulsive+stationary_15,8.195597648620605,18.468677520751953,0.9710024239411695,3.3310153484344482,20.273571014404297,0.9783193736356803,3.643247604370117,24.095394134521484,0.9911859299837488,4.318033218383789
0007,impulsive+stationary_15,11.354640007019043,13.863478660583496,0.9299553981777908,2.1382312774658203,15.470626831054688,0.9451601977626133,2.798570156097412,19.126399993896484,0.9830577610378705,3.6391284465789795
0008,impulsive+stationary_15,15.919512748718262,17.12810707092285,0.9726799333718528,3.1307530403137207,19.00577163696289,0.9804330656107503,3.428640365600586,22.24639129638672,0.993562676299365,4.312734603881836
0009,impulsive+stationary_15,13.4346923828125,20.1900691986084,0.9744574067948498,3.1891582012176514,22.88570213317871,0.9811987257301407,3.4718034267425537,24.39946746826172,0.9939973677726452,4.201497554779053
0010,impulsive+stationary_15,26.898176193237305,17.039501190185547,0.961409225951974,2.2850520610809326,19.153995513916016,0.9750131545950653,2.6004977226257324,21.39209747314453,0.9904758374885397,4.331259727478027
0011,impulsive+stationary_15,32.44482421875,14.355460166931152,0.980888586903321,2.112520694732666,17.252792358398438,0.9866732950147713,2.4127449989318848,20.289648056030273,0.996955168799496,3.883584499359131
0012,impulsive+stationary_15,11.899516105651855,17.777572631835938,0.975178589042532,2.85581636428833,21.037555694580078,0.9818821473755196,3.1482224464416504,21.30689811706543,0.9943028594339849,4.067004203796387
0013,impulsive+stationary_15,22.52629852294922,16.800155639648438,0.967792133799583,3.1399707794189453,18.521635055541992,0.9723581049275677,3.4712295532226562,22.006961822509766,0.9966476528079529,4.278465270996094
0014,impulsive+stationary_15,5.917250633239746,18.82662010192871,0.9192140622936765,3.3378937244415283,21.458528518676758,0.9462620873508077,3.7304012775421143,23.174095153808594,0.9689898418642342,4.254176139831543
0015,impulsive+stationary_15,23.313121795654297,20.821752548217773,0.986995746205602,3.381728410720825,23.510086059570312,0.9905697770934926,3.583829402923584,24.9559326171875,0.9975513590101089,4.412981986999512
0016,impulsive+stationary_15,8.748329162597656,18.096284866333008,0.9927028121690517,3.4495697021484375,20.20427894592285,0.9950637835860134,3.7286343574523926,22.50824737548828,0.9979114061299158,4.281523704528809
0017,impulsive+stationary_15,6.505307197570801,20.89822769165039,0.9962496838872097,3.882195472717285,22.86237907409668,0.9973751429162009,4.116318225860596,25.47484588623047,0.9991020557362166,4.296502590179443
0018,impulsive+stationary_15,17.34656524658203,19.553009033203125,0.9295486615739657,2.5523507595062256,22.254013061523438,0.9454775725757534,2.833693265914917,22.898977279663086,0.9887275297751648,4.140202045440674
0019,impulsive+stationary_15,17.305971145629883,18.341978073120117,0.9680367758426437,2.7211081981658936,21.26458168029785,0.9783050896095025,3.157198905944824,22.416067123413086,0.9942205785751375,4.100533485412598
0020,impulsive+stationary_15,6.0055365562438965,22.492769241333008,0.9877050370238595,3.769814968109131,25.578269958496094,0.99092412218926,3.9710450172424316,26.94103240966797,0.996859145620013,4.4027934074401855
0021,impulsive+stationary_15,25.258590698242188,20.63633155822754,0.98544050995188,3.4938135147094727,22.87127685546875,0.9893265488657416,3.740687370300293,25.7290096282959,0.9964562368291224,4.314915657043457
0022,impulsive+stationary_15,9.683638572692871,16.908809661865234,0.9855917130371716,3.152615547180176,18.641464233398438,0.9904413012557647,3.456509590148926,22.7973575592041,0.9968490127603666,4.115644454956055
0023,impulsive+stationary_15,13.690530776977539,19.442378997802734,0.9633121549606148,3.1104114055633545,22.75066375732422,0.9734569776688876,3.4835450649261475,22.82366180419922,0.9910025428117134,4.18471097946167
0024,impulsive+stationary_15,39.06712341308594,20.593854904174805,0.9987680012900046,3.3896145820617676,22.757970809936523,0.9991963416129069,3.7021262645721436,25.917675018310547,0.9997597734447822,4.355001449584961
0025,impulsive+stationary_15,15.236898422241211,21.104328155517578,0.9975370088718211,3.6773288249969482,22.026531219482422,0.998084101337434,3.865187406539917,29.33751106262207,0.9996970450998649,4.453805923461914
0026,impulsive+stationary_15,13.078373908996582,19.23092269897461,0.9879606271146677,3.3453402519226074,21.68517303466797,0.9911440546175175,3.676323652267456,23.68455696105957,0.9977260167312324,4.33704137802124
0027,impulsive+stationary_15,15.004566192626953,18.493534088134766,0.9627506233653789,3.309736728668213,21.381227493286133,0.9725979815700551,3.561995029449463,22.550342559814453,0.9919142454856954,4.258554935455322
0028,impulsive+stationary_15,22.67380142211914,22.022838592529297,0.9825870664724203,3.5398006439208984,25.09778594970703,0.9890647524187433,3.7683939933776855,25.656539916992188,0.9949818855326553,4.3286566734313965
0029,impulsive+stationary_15,12.453524589538574,20.523468017578125,0.9925362724573407,3.2525150775909424,23.734895706176758,0.9947846918265757,3.5438790321350098,24.238073348999023,0.9984085048954018,4.285391330718994
0030,impulsive+stationary_15,28.6148624420166,17.953855514526367,0.9561850214516309,2.990131139755249,20.057979583740234,0.9698025729474146,3.527750253677368,22.45660400390625,0.9856232397051296,4.284564018249512
0031,impulsive+stationary_15,12.028901100158691,17.809406280517578,0.9590297006630506,2.3459901809692383,21.10855484008789,0.9727745874625471,2.6176159381866455,21.68153953552246,0.9894705127000727,4.182366371154785
0032,impulsive+stationary_15,8.083352088928223,18.641307830810547,0.9897658768018122,3.485302448272705,21.439483642578125,0.9936908836833487,3.754061460494995,23.050582885742188,0.9967766219982193,4.2602996826171875
0033,impulsive+stationary_15,8.156801223754883,19.208345413208008,0.9896543342628927,3.2911055088043213,20.90863800048828,0.9932505898280217,3.679666042327881,24.566526412963867,0.9974419311940561,4.387500286102295
0034,impulsive+stationary_15,11.41641902923584,21.160871505737305,0.9738126310100071,3.443135976791382,23.68047332763672,0.9801795646225933,3.6895768642425537,25.368244171142578,0.9957499214202978,4.307229042053223
0035,impulsive+stationary_15,8.291123390197754,21.9772891998291,0.9614488379777703,3.6226353645324707,25.088279724121094,0.9712523834019783,3.792973518371582,25.839262008666992,0.9890391606445397,4.357468605041504
0036,impulsive+stationary_15,5.167707443237305,19.204673767089844,0.9773220159658852,3.3614566326141357,22.24008560180664,0.9857373932720642,3.693580150604248,23.317951202392578,0.9930201487357644,4.313014030456543
0037,impulsive+stationary_15,17.80632209777832,19.344022750854492,0.9738122623261222,2.5115609169006348,22.485523223876953,0.978258355551446,2.751136302947998,22.416160583496094,0.9957572823071648,4.339188575744629
0038,impulsive+stationary_15,14.975135803222656,18.757598876953125,0.9631393841444829,2.572399377822876,21.62615203857422,0.9705018708052962,2.865490436553955,22.497346878051758,0.9946631872549568,4.087316036224365
0039,impulsive+stationary_15,13.69794750213623,18.73533821105957,0.9327402262687288,2.329368829727173,21.673294067382812,0.9482540539198158,2.6114213466644287,21.75642204284668,0.9760938100975772,4.218989372253418
0000,impulsive+stationary_5,14.209747314453125,11.621661186218262,0.9525683624453982,1.7266263961791992,14.283013343811035,0.9625510552717018,2.1095476150512695,15.553059577941895,0.9930101203946073,3.50465726852417
0001,impulsive+stationary_5,19.28668212890625,13.03436279296875,0.9058240212254274,2.3250553607940674,15.158226013183594,0.9216113071231884,2.707658290863037,16.28746795654297,0.9837617950977013,4.098757266998291
0002,impulsive+stationary_5,30.995742797851562,16.61802101135254,0.9714140353414203,3.123957872390747,18.93071746826172,0.9778077346246989,3.394782304763794,20.55631446838379,0.9933798648693736,4.2073845863342285
0003,impulsive+stationary_5,76.61566925048828,17.696889877319336,0.8209999402947611,1.774850845336914,20.389659881591797,0.8637386860825969,1.8377408981323242,21.55780601501465,0.9625075394170156,4.015719890594482
0004,impulsive+stationary_5,16.504369735717773,15.418617248535156,0.8182280015369637,2.6004185676574707,18.2178897857666,0.8873769551358991,2.940413236618042,18.901947021484375,0.9376919149525846,3.9046759605407715
0005,impulsive+stationary_5,9.575078964233398,15.258922576904297,0.9573300355570776,3.2555646896362305,17.340816497802734,0.9713686494590802,3.6512463092803955,18.918378829956055,0.9859213358228299,4.182034015655518
0006,impulsive+stationary_5,17.723129272460938,11.714574813842773,0.9309089524025127,2.0206351280212402,13.93816089630127,0.9434037475690534,2.303741216659546,15.590776443481445,0.9890647506406949,3.826794147491455
0007,impulsive+stationary_5,30.907644271850586,15.33132553100586,0.9404728151898109,2.8276987075805664,18.0651912689209,0.9545998555745772,3.125133514404297,19.037174224853516,0.9883872408096609,4.052858352661133
0008,impulsive+stationary_5,13.692914009094238,10.923023223876953,0.8786007067826214,1.7906941175460815,13.13082218170166,0.9053857947308919,2.153186559677124,14.077034950256348,0.9730443599443804,3.6269421577453613
0009,impulsive+stationary_5,20.125019073486328,10.540314674377441,0.9173113666470107,1.7092907428741455,12.901678085327148,0.9351839394814951,1.9534012079238892,14.225385665893555,0.9852584791045378,3.8583946228027344
0010,impulsive+stationary_5,38.49547576904297,15.655656814575195,0.8683473986284157,1.8033666610717773,18.049406051635742,0.9064246473360529,2.05765962600708,19.009740829467773,0.9686888163702184,3.897980213165283
0011,impulsive+stationary_5,32.87423324584961,11.13499641418457,0.8595729976183445,2.1779472827911377,13.092742919921875,0.8907128347144153,2.620734691619873,15.493122100830078,0.9651302373211776,3.6707499027252197
0012,impulsive+stationary_5,12.04299259185791,11.64527702331543,0.905151584919472,2.0914154052734375,13.92269229888916,0.9309131737052628,2.507075309753418,15.249345779418945,0.9732478365881521,3.8148975372314453
0013,impulsive+stationary_5,28.1162166595459,12.440408706665039,0.88864413852769,2.213819742202759,14.95168685913086,0.9150306777889311,2.5372307300567627,15.726112365722656,0.9752450860503803,3.8457083702087402
0014,impulsive+stationary_5,15.07085132598877,13.222396850585938,0.9064324553321015,2.07576060295105,15.715527534484863,0.9271144956503118,2.4912984371185303,16.80775260925293,0.9840482238971744,3.6330103874206543
0015,impulsive+stationary_5,17.220539093017578,16.950979232788086,0.9593349117526481,2.6185343265533447,19.330141067504883,0.9683268898730842,2.8721232414245605,21.464845657348633,0.9937164877086089,3.9997966289520264
0016,impulsive+stationary_5,26.749773025512695,14.034247398376465,0.8547534698765111,1.8282675743103027,16.50138282775879,0.8814580762527241,1.9813032150268555,17.05426788330078,0.9817813126328863,3.9584898948669434
0017,impulsive+stationary_5,62.270591735839844,19.380229949951172,0.9863856081492804,2.558997631072998,22.150882720947266,0.9906911474255999,2.944653272628784,23.301136016845703,0.9973296186362164,4.215203285217285
0018,impulsive+stationary_5,11.523463249206543,14.17039966583252,0.9685587007329204,1.7755399942398071,16.50989532470703,0.9791159100161693,2.5647833347320557,18.601816177368164,0.9920375574242395,3.000286340713501
0019,impulsive+stationary_5,14.4255952835083,12.617326736450195,0.9410767283558186,2.2254350185394287,14.693961143493652,0.956617118296233,2.4987010955810547,15.706022262573242,0.9906733444396881,3.9718124866485596
0020,impulsive+stationary_5,15.578680038452148,17.67666244506836,0.9029391915757419,2.0632379055023193,19.992746353149414,0.9191243098283053,2.319758415222168,21.94448471069336,0.9901775092893444,3.801546335220337
0021,impulsive+stationary_5,41.95616149902344,15.852246284484863,0.9640092914024158,3.030470132827759,16.791105270385742,0.9708076250923532,3.3609492778778076,22.88385772705078,0.9954945948694895,4.35482931137085
0022,impulsive+stationary_5,22.17180633544922,13.633098602294922,0.9510309097238253,2.537926435470581,16.22991943359375,0.9625825613143386,2.8793864250183105,18.188846588134766,0.990043017240128,3.99082088470459
0023,impulsive+stationary_5,22.168588638305664,12.40073013305664,0.9572640838910853,2.2934987545013428,14.324588775634766,0.9702849132400381,2.7850985527038574,16.513635635375977,0.987239312400966,3.4128496646881104
0024,impulsive+stationary_5,19.928302764892578,10.924692153930664,0.9433298145768932,2.048973798751831,13.450817108154297,0.9578427280245444,2.3311328887939453,14.301673889160156,0.9880369353548502,3.847747802734375
0025,impulsive+stationary_5,25.7812442779541,16.784271240234375,0.9824615935838816,2.3717191219329834,19.295116424560547,0.9884998424095637,2.7385659217834473,21.15909767150879,0.9964899472684494,4.0030927658081055
0026,impulsive+stationary_5,24.379396438598633,11.635991096496582,0.9480511128869283,1.9000327587127686,14.655601501464844,0.9632162429080838,2.302581787109375,16.098621368408203,0.9884733775992838,3.531038999557495
0027,impulsive+stationary_5,16.361177444458008,12.752803802490234,0.9696941487672985,2.1553919315338135,14.318304061889648,0.9786406032087216,2.392530679702759,17.059734344482422,0.991699615490914,3.888629198074341
0028,impulsive+stationary_5,15.910296440124512,11.507092475891113,0.9198220846099098,1.7445409297943115,14.14944839477539,0.9377301335834929,2.0553534030914307,14.49409008026123,0.9853078736796778,3.7614212036132812
0029,impulsive+stationary_5,11.791409492492676,13.219599723815918,0.9271624845465266,2.286484956741333,16.4276180267334,0.9466675342957143,2.6897025108337402,15.971246719360352,0.9804162265489592,4.109314441680908
0030,impulsive+stationary_5,14.093416213989258,12.313501358032227,0.8835725752892889,1.9046521186828613,14.757650375366211,0.915248517929232,2.256850481033325,16.60829734802246,0.9613677490247758,3.7900443077087402
0031,impulsive+stationary_5,37.0843391418457,14.677860260009766,0.8925445299835747,1.9594578742980957,17.158912658691406,0.9137196269500614,2.3102877140045166,17.864212036132812,0.9845394441973292,3.676323652267456
0032,impulsive+stationary_5,7.621194839477539,14.88651180267334,0.8539894024790783,2.40036940574646,17.999475479125977,0.8934914398370302,2.932307481765747,17.878644943237305,0.9442889501527507,4.0647969245910645
0033,impulsive+stationary_5,47.775001525878906,15.591514587402344,0.9539332172542904,2.3570234775543213,18.391910552978516,0.9654314278339713,2.7078468799591064,19.632116317749023,0.9902823272280208,4.159080982208252
0034,impulsive+stationary_5,7.313744068145752,16.85514259338379,0.9651207168526937,2.723043203353882,18.571928024291992,0.9757432082847575,3.089238405227661,20.547489166259766,0.988302192782113,4.181687831878662
0035,impulsive+stationary_5,6.255398273468018,20.506494522094727,0.9807162838849354,3.7393932342529297,21.391357421875,0.9846006732813667,3.985156297683716,24.99626350402832,0.993643846982723,4.230408191680908
0036,impulsive+stationary_5,19.575111389160156,20.601320266723633,0.9853504313931293,3.4693312644958496,22.204973220825195,0.9887070047498122,3.804941415786743,26.260662078857422,0.9969495824993838,4.431234359741211
0037,impulsive+stationary_5,18.421184539794922,19.650161743164062,0.8918982347875126,2.6911838054656982,21.38119888305664,0.9212156246463731,3.087921142578125,24.994171142578125,0.9690751263135088,4.132876873016357
0038,impulsive+stationary_5,24.60807991027832,16.650362014770508,0.9380895277959331,2.673102617263794,18.46384048461914,0.9523464813209027,2.9093151092529297,18.991621017456055,0.9853954303530771,4.085733890533447
0039,impulsive+stationary_5,33.83957290649414,12.563573837280273,0.8019998332708391,1.9271693229675293,15.280360221862793,0.8330792717527783,2.2854371070861816,15.725637435913086,0.9751815788992196,3.9817917346954346
0000,impulsive_-10,47.09190368652344,3.04410457611084,0.49432118992952473,1.0659868717193604,3.694368600845337,0.556291567988451,1.0891163349151611,6.192411422729492,0.9241385676302681,2.3958652019500732
0001,impulsive_-10,25.144834518432617,6.257901668548584,0.7861493380571448,1.1636039018630981,7.588115215301514,0.8268620351183482,1.246687650680542,8.507110595703125,0.9503532857746381,2.8187453746795654
0002,impulsive_-10,34.81637954711914,10.477485656738281,0.8367435139053953,1.6414406299591064,12.363256454467773,0.8586606016267426,1.8549482822418213,14.608818054199219,0.9795885802251837,3.7979671955108643
0003,impulsive_-10,19.373430252075195,7.581915855407715,0.8815429167167801,1.4390332698822021,9.557519912719727,0.9021357741867363,1.643122673034668,9.568634986877441,0.9756931157290273,2.91715145111084
0004,impulsive_-10,13.197643280029297,16.889678955078125,0.9710902479132969,2.2550432682037354,18.69495391845703,0.9760426368882825,2.535766363143921,19.55293846130371,0.9964829393270329,4.132606506347656
0005,impulsive_-10,16.216686248779297,-4.631642818450928,0.9029615134253012,1.9535232782363892,1.8622214794158936,0.9113867967844586,2.1164464950561523,9.6053466796875,0.9858270519654582,3.6833600997924805
0006,impulsive_-10,37.19274139404297,8.118769645690918,0.9206856640559863,1.6838243007659912,10.207635879516602,0.9326747954382383,1.9338825941085815,11.31735897064209,0.9883293567770934,3.7391598224639893
0007,impulsive_-10,3.4528913497924805,17.147254943847656,0.9552277938976929,3.157881021499634,18.37605094909668,0.9645711411371908,3.4862139225006104,20.429018020629883,0.9895753686757747,4.2516961097717285
0008,impulsive_-10,11.28639030456543,9.875999450683594,0.6758227164170849,1.2361772060394287,11.291393280029297,0.745832258572398,1.53623628616333,11.721323013305664,0.8775015719009231,3.7858357429504395
0009,impulsive_-10,24.071290969848633,7.7433576583862305,0.7049246996695404,1.3116368055343628,10.83321762084961,0.768077688960865,1.3736908435821533,11.968889236450195,0.9344764122684,3.2163994312286377
0010,impulsive_-10,59.0401611328125,12.104158401489258,0.864302260064882,1.3886311054229736,14.268193244934082,0.9070764215853147,1.5033905506134033,15.402677536010742,0.9644946490101268,3.9838476181030273
0011,impulsive_-10,19.299297332763672,17.574365615844727,0.9571562106703037,2.5304338932037354,19.198244094848633,0.9685344311734075,2.8606581687927246,22.1428279876709,0.9930747513970049,4.146799564361572
0012,impulsive_-10,16.353071212768555,10.511930465698242,0.9145443467207534,1.9444595575332642,12.626502990722656,0.9276063760307767,2.3046107292175293,13.111324310302734,0.9863289470270742,3.9701621532440186
0013,impulsive_-10,13.72664737701416,10.939301490783691,0.8735753190536624,1.293820858001709,14.209799766540527,0.9126490663032584,2.3451054096221924,13.293375968933105,0.9561724164177424,3.593534231185913
0014,impulsive_-10,26.21170425415039,9.639993667602539,0.908722450928388,2.0494747161865234,11.34947395324707,0.9194822089079225,2.222717761993408,12.234868049621582,0.9887530120103436,4.085206031799316
0015,impulsive_-10,15.038826942443848,13.09860610961914,0.8873132418005109,2.3715548515319824,13.822635650634766,0.9107555914616274,2.6570475101470947,14.207921981811523,0.9797275527568058,3.9151666164398193
0016,impulsive_-10,16.786327362060547,6.732206344604492,0.889084608247368,1.54763925075531,7.3661394119262695,0.9083488153358958,1.5716850757598877,9.598370552062988,0.979984632387342,3.3287713527679443
0017,impulsive_-10,40.640750885009766,7.606283187866211,0.7896877178689227,1.6985148191452026,9.401022911071777,0.8295620446448959,1.9472484588623047,10.630168914794922,0.9562938073448546,3.7465860843658447
0018,impulsive_-10,30.04488182067871,6.898090362548828,0.8904125703215657,1.3386932611465454,8.684249877929688,0.9097241682497683,1.531736969947815,12.798097610473633,0.9814247043278463,3.067502498626709
0019,impulsive_-10,72.94207000732422,8.934755325317383,0.8448818141260532,1.412467360496521,10.284019470214844,0.8789503078461771,1.6034486293792725,13.022732734680176,0.9800034159281417,3.3218834400177
0020,impulsive_-10,72.00812530517578,6.079229354858398,0.7962673580625312,1.4280887842178345,7.910295486450195,0.8350840815794123,1.6275280714035034,9.296442031860352,0.9681713988270245,2.954042911529541
0021,impulsive_-10,13.828457832336426,11.936805725097656,0.8221438562543943,1.5863094329833984,13.796242713928223,0.8482339210620767,1.6861584186553955,14.533295631408691,0.9756769056796547,3.4679336547851562
0022,impulsive_-10,27.907278060913086,5.2102952003479,0.7836059439711303,1.2395271062850952,6.883912086486816,0.8182993501478187,1.3842787742614746,8.001581192016602,0.9643363548882803,3.0567805767059326
0023,impulsive_-10,17.21228790283203,16.833019256591797,0.9421734237931574,2.3253085613250732,19.298294067382812,0.9516694122406938,2.6652190685272217,20.280990600585938,0.9922448318830446,4.073819637298584
0024,impulsive_-10,18.030899047851562,9.426168441772461,0.7996697100333237,1.4236483573913574,11.1277437210083,0.821187567964104,1.6340234279632568,12.8562593460083,0.9394259221754512,3.524202346801758
0025,impulsive_-10,30.549705505371094,4.833688259124756,0.7042419942816491,1.3050940036773682,5.762120246887207,0.7589173073372021,1.4063501358032227,12.86931037902832,0.927439627286911,3.407273292541504
0026,impulsive_-10,16.54825782775879,19.094593048095703,0.9766721616644648,2.125652551651001,20.332162857055664,0.9798429155921758,2.5578129291534424,24.467695236206055,0.9963283021954417,3.8801043033599854
0027,impulsive_-10,33.51160430908203,5.315994739532471,0.7965852142979851,1.3860102891921997,8.7268648147583,0.8488295480143466,1.6451373100280762,7.456792831420898,0.9431634256258671,3.3767144680023193
0028,impulsive_-10,27.151880264282227,8.54981803894043,0.8107924644847941,1.3467028141021729,9.915328979492188,0.8314986277704572,1.4583418369293213,11.009860038757324,0.9771131951120666,3.6236886978149414
0029,impulsive_-10,30.198007583618164,7.368844032287598,0.8228171987926949,1.7759798765182495,9.669066429138184,0.8470074050615614,1.9411146640777588,10.282533645629883,0.9742351674214508,3.9426043033599854
0030,impulsive_-10,20.24846839904785,13.932623863220215,0.985310560602944,2.9423725605010986,14.93248176574707,0.9882399273797243,3.4012246131896973,18.886783599853516,0.9967327814938896,3.5557472705841064
0031,impulsive_-10,26.351112365722656,22.710960388183594,0.9999641171985659,4.23637580871582,23.00773811340332,0.9999714628588686,4.3779520988464355,35.11579895019531,0.9999968376801083,4.582820415496826
0032,impulsive_-10,9.465189933776855,2.036661148071289,0.7890192696132554,1.2521264553070068,4.15633487701416,0.8198018668292647,1.4464248418807983,5.0652689933776855,0.9509701724421664,2.238840103149414
0033,impulsive_-10,23.813457489013672,19.021230697631836,0.9764204423283225,3.1339426040649414,21.250965118408203,0.9817509404269601,3.537679433822632,22.952592849731445,0.997044234573587,4.152612209320068
0034,impulsive_-10,29.252676010131836,7.672843933105469,0.8933023709374495,1.8078149557113647,8.53290843963623,0.9100561465769111,2.159188747406006,13.110980987548828,0.9850214709589201,2.6706814765930176
0035,impulsive_-10,62.3765869140625,13.958284378051758,0.9405430597664353,1.9711923599243164,15.96526050567627,0.9547889989336853,2.2409169673919678,17.427202224731445,0.9898360482746028,3.9914469718933105
0036,impulsive_-10,23.245960235595703,13.365140914916992,0.8540411495357135,1.549595594406128,15.832195281982422,0.8833944345958511,1.96915602684021,19.529354095458984,0.9854623878517901,3.3133485317230225
0037,impulsive_-10,54.67784118652344,17.138662338256836,0.959464203901765,2.5908315181732178,19.366992950439453,0.9635266464730357,2.779905080795288,23.96787452697754,0.9972140231589701,4.2764716148376465
0038,impulsive_-10,60.95417404174805,8.110025405883789,0.8721535981459712,1.7615633010864258,9.783744812011719,0.8947914031959429,1.9993207454681396,12.090062141418457,0.9700101528645686,3.827594757080078
0039,impulsive_-10,18.322744369506836,14.222660064697266,0.9209273937693937,2.4693827629089355,15.754298210144043,0.944217527804339,2.80785870552063,17.08367919921875,0.9775948177366809,3.930466651916504
0000,impulsive_-5,36.86239242553711,12.520483016967773,0.9440253463955368,2.1335484981536865,14.7566556930542,0.954476455193319,2.480355978012085,16.20572853088379,0.9890201636145263,3.879575252532959
0001,impulsive_-5,20.41511344909668,7.027993202209473,0.8047317719100843,1.3659768104553223,7.737859725952148,0.8317099324609714,1.4405171871185303,10.994808197021484,0.9721155029266055,3.4048895835876465
0002,impulsive_-5,23.740819931030273,12.889715194702148,0.952842941398231,2.115009307861328,15.27047061920166,0.9640905316387268,2.536985397338867,16.240461349487305,0.9909258678203499,3.7315313816070557
0003,impulsive_-5,28.522197723388672,15.721940040588379,0.9015963354101552,1.8427891731262207,18.141719818115234,0.9124326695696338,1.9899343252182007,19.098302841186523,0.9899908024663947,4.264652252197266
0004,impulsive_-5,37.85118103027344,16.702592849731445,0.9504461598649807,2.8237547874450684,18.944778442382812,0.9639871338885979,3.166996479034424,21.24056625366211,0.9896977866289924,4.154295921325684
0005,impulsive_-5,11.188175201416016,15.047405242919922,0.9021262882594616,2.059114456176758,16.818675994873047,0.9251212847952095,2.551875352859497,17.976892471313477,0.9730498919436733,3.8910012245178223
0006,impulsive_-5,12.178874969482422,14.144323348999023,0.8598272597995745,2.3425204753875732,15.832906723022461,0.8979917431898413,2.576777696609497,18.301279067993164,0.949039412604447,3.9495718479156494
0007,impulsive_-5,16.012121200561523,13.562053680419922,0.936981145067031,2.4340078830718994,15.55065631866455,0.9543537933972839,2.9287912845611572,15.030985832214355,0.980694949891217,3.8791627883911133
0008,impulsive_-5,21.59075355529785,9.965398788452148,0.7814316111394565,1.8808705806732178,10.688835144042969,0.8145309526085376,2.0450327396392822,13.53171157836914,0.9582408521351404,3.763885259628296
0009,impulsive_-5,7.086182594299316,13.196964263916016,0.946577233997945,2.4717812538146973,15.022455215454102,0.9532150048519603,2.7056610584259033,14.907238006591797,0.9902222710419251,4.081112861633301
0010,impulsive_-5,9.35378646850586,11.218008995056152,0.935344064571556,2.3824379444122314,13.962244987487793,0.9534997160286904,2.8823177814483643,14.729494094848633,0.9819480249287204,3.833617687225342
0011,impulsive_-5,28.7517032623291,6.5766072273254395,0.7409326145137024,1.3360915184020996,8.246044158935547,0.7727324064570388,1.444778561592102,9.38401985168457,0.9639492301617865,3.5657525062561035
0012,impulsive_-5,60.005313873291016,6.6827006340026855,0.8877678120448323,1.7187738418579102,10.48764705657959,0.9042342317041606,2.0138370990753174,15.25430679321289,0.9853739658636168,3.8420350551605225
0013,impulsive_-5,15.433958053588867,15.262288093566895,0.9468431714574125,1.8236273527145386,17.385221481323242,0.9578922389717848,2.1737728118896484,19.471290588378906,0.9895570088212033,3.719940423965454
0014,impulsive_-5,16.71575927734375,10.842961311340332,0.910910549013409,2.345796585083008,12.04919719696045,0.919944421351413,2.6659679412841797,14.967280387878418,0.9887332190647264,3.843533754348755
0015,impulsive_-5,7.117114543914795,16.751976013183594,0.9646954519506923,2.650946855545044,18.97787094116211,0.9745161556235763,3.0552825927734375,21.378578186035156,0.991305793757449,4.09453821182251
0016,impulsive_-5,43.42554473876953,13.053092956542969,0.9341302077502909,2.102949857711792,14.698906898498535,0.9462498827747474,2.2306103706359863,21.099672317504883,0.9915183830823769,4.14328670501709
0017,impulsive_-5,20.671058654785156,11.923295974731445,0.9194791303732736,1.8675243854522705,13.079148292541504,0.9262178408448088,2.046175956726074,15.18613052368164,0.9904932345945638,3.8778579235076904
0018,impulsive_-5,15.406702041625977,14.307626724243164,0.9955277005228778,2.756355047225952,14.66769790649414,0.9959770100552082,2.833649158477783,21.31100845336914,0.9992193053599949,4.196779251098633
0019,impulsive_-5,32.04295349121094,13.580343246459961,0.952175628222982,2.220085859298706,15.298860549926758,0.9622214527795752,2.535322666168213,18.2601318359375,0.9875319781499533,3.7595479488372803
0020,impulsive_-5,29.82406234741211,10.579181671142578,0.9322316758625565,1.6993317604064941,12.73133373260498,0.9415239557534603,1.97360360622406,13.713949203491211,0.9893662857267062,3.6433420181274414
0021,impulsive_-5,26.22600555419922,7.622476100921631,0.8546384998528184,1.79850172996521,8.990443229675293,0.8762695993940555,2.036036729812622,11.344579696655273,0.9774822146547065,3.6534063816070557
0022,impulsive_-5,8.928844451904297,14.751825332641602,0.807037979997261,2.4370245933532715,17.287994384765625,0.8465871227558517,2.799462080001831,17.839426040649414,0.9432897098693614,4.259626388549805
0023,impulsive_-5,16.001012802124023,9.553946495056152,0.8721775081419892,1.6006200313568115,10.765979766845703,0.8846725068467548,1.7420902252197266,12.399024963378906,0.9872312361101208,3.7827136516571045
0024,impulsive_-5,2.8238987922668457,24.37019157409668,0.9939451161735637,3.7200851440429688,25.938583374023438,0.994838249848719,3.8726303577423096,30.247802734375,0.9991094236085305,4.477034091949463
0025,impulsive_-5,24.623046875,12.582435607910156,0.9312234007465542,1.8060972690582275,14.194072723388672,0.9438542350572133,2.162276029586792,17.153823852539062,0.9895480101422041,3.861311197280884
0026,impulsive_-5,20.76413917541504,13.172122955322266,0.7927331981207102,1.7156881093978882,14.749680519104004,0.8203629040217296,1.9454230070114136,15.700023651123047,0.9718305252599414,3.7865355014801025
0027,impulsive_-5,24.064477920532227,8.582405090332031,0.8691812569724886,1.2432180643081665,11.385316848754883,0.8936248302576135,1.3755607604980469,11.733952522277832,0.9763403381692323,3.17549204826355
0028,impulsive_-5,8.658496856689453,12.488927841186523,0.9645487422681122,2.6435606479644775,12.933732032775879,0.9678543029000112,2.9146411418914795,21.988746643066406,0.9968842764963001,4.096606254577637
0029,impulsive_-5,5.397605895996094,13.96694278717041,0.9856457425481464,3.92266845703125,14.49275016784668,0.9886577494277624,3.993373155593872,18.504833221435547,0.9940509384879712,4.158911228179932
0030,impulsive_-5,11.692193031311035,18.459985733032227,0.9925349910277063,3.3942036628723145,20.319612503051758,0.9939757184861323,3.577852725982666,22.939374923706055,0.998821243883805,4.341799259185791
0031,impulsive_-5,23.421112060546875,14.124932289123535,0.9814492414081755,2.4081311225891113,16.67203712463379,0.9871141705948058,2.7301666736602783,18.818063735961914,0.99631988452683,3.9125730991363525
0032,impulsive_-5,15.614643096923828,12.313443183898926,0.923002039105157,1.9485938549041748,15.340677261352539,0.9392778478972758,2.2881040573120117,15.808069229125977,0.9876421894685599,3.8803348541259766
0033,impulsive_-5,17.670297622680664,8.666881561279297,0.7972863962095671,1.697462558746338,10.772684097290039,0.8370012273282817,1.888631820678711,10.359487533569336,0.9433870107508864,3.5885353088378906
0034,impulsive_-5,17.584012985229492,11.069869995117188,0.9164894018264912,2.3661246299743652,12.790645599365234,0.9340939754578893,2.8100290298461914,14.369682312011719,0.9824888186712551,4.105642795562744
0035,impulsive_-5,22.688133239746094,11.04521369934082,0.9145186534858594,2.3733456134796143,13.403707504272461,0.9230800780041263,2.6968979835510254,14.728578567504883,0.9871464863273023,4.109314441680908
0036,impulsive_-5,5.915523529052734,13.3215913772583,0.9749713371231287,3.0950708389282227,14.446463584899902,0.9779512547704903,3.4075570106506348,18.058984756469727,0.9960003893755607,4.301158428192139
0037,impulsive_-5,37.3145866394043,18.16164207458496,0.9999260925216135,2.886889696121216,19.239715576171875,0.99993709521283,3.0061404705047607,40.255409240722656,0.9999940557362812,4.465063095092773
0038,impulsive_-5,28.135021209716797,13.519015312194824,0.8938279750364486,1.822067379951477,14.460147857666016,0.9089492528791825,2.0138847827911377,17.425647735595703,0.9888477956828031,4.003650188446045
0039,impulsive_-5,28.98958396911621,6.356014251708984,0.8503420966779223,1.3809044361114502,8.71678638458252,0.8759614268156598,1.571495771408081,8.903495788574219,0.9725657273290396,3.6375534534454346
0000,impulsive_0,14.419941902160645,14.052695274353027,0.9674135426220158,3.044553518295288,16.473495483398438,0.9723793398362498,3.4078962802886963,18.299346923828125,0.9953999942683303,4.3222975730896
0001,impulsive_0,26.384227752685547,13.53282356262207,0.8982318549771133,1.6178028583526611,15.13789176940918,0.9158054359270864,1.7850348949432373,17.275869369506836,0.9846757355748424,3.357645034790039
0002,impulsive_0,12.777058601379395,13.928729057312012,0.9522989171796344,2.1735825538635254,16.43463897705078,0.9676649775879537,2.496938943862915,17.67021942138672,0.9893557240615797,3.8602588176727295
0003,impulsive_0,22.56754493713379,14.240323066711426,0.860513654980526,2.331867218017578,15.943163871765137,0.8687980393295328,2.566256046295166,15.459894180297852,0.9907292190474435,4.262309551239014
0004,impulsive_0,18.28274917602539,13.461423873901367,0.9283746780523723,2.17439866065979,14.792226791381836,0.9400362297210092,2.6997921466827393,18.305160522460938,0.9874995004037862,3.9064929485321045
0005,impulsive_0,17.90247917175293,11.79662799835205,0.8516294366146842,1.668367862701416,13.70552921295166,0.8714135591686974,1.906786322593689,14.839158058166504,0.9812389295245387,4.04664945602417
0006,impulsive_0,13.78579044342041,17.12049102783203,0.9770553579525141,2.8036365509033203,20.254791259765625,0.9809247421136966,3.169889211654663,20.331153869628906,0.9964511281560524,4.1450514793396
0007,impulsive_0,18.231176376342773,21.178817749023438,0.9795724783838573,2.6122987270355225,23.352005004882812,0.983473418093148,2.8969955444335938,26.66372299194336,0.9967775163641797,4.173730373382568
0008,impulsive_0,21.85361671447754,15.915656089782715,0.9734126139945872,1.7957881689071655,17.887123107910156,0.9795306939391931,1.9950329065322876,23.008663177490234,0.9966446344521842,4.274206638336182
0009,impulsive_0,5.4363555908203125,13.204512596130371,0.9933844662688193,3.5422701835632324,15.672304153442383,0.994788999032819,3.69209885597229,17.750526428222656,0.9991328398057373,4.401679992675781
0010,impulsive_0,20.151798248291016,9.142756462097168,0.9641025326127391,1.6424891948699951,12.787078857421875,0.9727736594814346,1.9141424894332886,13.70052719116211,0.9947056120018297,4.043281555175781
0011,impulsive_0,26.6093692779541,18.53477668762207,0.9651060790326002,2.530596971511841,19.661537170410156,0.969638905553642,2.8174855709075928,22.4953556060791,0.9951656612248707,4.147911548614502
0012,impulsive_0,16.233409881591797,24.604373931884766,0.9171044190039251,2.7179598808288574,26.47540855407715,0.9281271747370838,2.879490852355957,28.264429092407227,0.9930893380060336,4.491664409637451
0013,impulsive_0,5.089425086975098,21.867740631103516,0.9862133497024195,3.309555768966675,25.12546730041504,0.9887840043555965,3.5238749980926514,25.262691497802734,0.9976825126231803,4.421982288360596
0014,impulsive_0,12.183146476745605,22.349040985107422,0.9865452783530768,3.3621370792388916,23.814069747924805,0.987979709040529,3.5538382530212402,25.050151824951172,0.9985795820192059,4.464379787445068
0015,impulsive_0,15.44758129119873,14.018115043640137,0.9481490715097945,2.970072031021118,16.051002502441406,0.9612512205419802,3.462578535079956,17.305953979492188,0.9866355219225935,4.1237688064575195
0016,impulsive_0,9.599678993225098,15.201417922973633,0.9423451664524931,2.932013511657715,17.29180908203125,0.953056653118736,3.192220687866211,18.34050750732422,0.9831292136338827,4.3892822265625
0017,impulsive_0,24.825101852416992,7.488039970397949,0.8757546453506516,2.559053897857666,9.68090534210205,0.8912000869393846,2.8806684017181396,13.076739311218262,0.9864419305500292,4.091444492340088
0018,impulsive_0,12.613509178161621,11.927228927612305,0.9431263946921177,2.165670394897461,13.9542818069458,0.9529152149045625,2.523925542831421,14.991706848144531,0.9900830142563163,3.7285642623901367
0019,impulsive_0,10.663305282592773,14.038043022155762,0.9406911832218453,2.3368780612945557,16.633975982666016,0.9510674710361763,2.6595840454101562,17.807415008544922,0.9907206209473445,4.098722457885742
0020,impulsive_0,21.607648849487305,13.029586791992188,0.9548957992524829,2.1155073642730713,15.34192180633545,0.9681622956362932,2.6020312309265137,16.502670288085938,0.9878598153745101,3.8511035442352295
0021,impulsive_0,16.445955276489258,19.122356414794922,0.9927862014236254,2.8767473697662354,21.554811477661133,0.9949044912441339,3.0934531688690186,24.994401931762695,0.9986799093633242,4.3097710609436035
0022,impulsive_0,16.764127731323242,12.886405944824219,0.8924100980408125,1.9941306114196777,15.407858848571777,0.9239361568559714,2.357631206512451,16.59697151184082,0.969099475221258,3.843383312225342
0023,impulsive_0,23.83046531677246,13.675148010253906,0.9559697650175927,2.8702495098114014,16.172609329223633,0.9668538740078007,3.2262558937072754,16.557903289794922,0.9901298693157077,4.298552513122559
0024,impulsive_0,23.183542251586914,15.317793846130371,0.9664221506606244,2.127218246459961,17.76442527770996,0.9752704150109198,2.728562116622925,19.50700569152832,0.9936413686485341,3.124567747116089
0025,impulsive_0,8.177009582519531,12.310446739196777,0.8662422057601226,2.4467661380767822,14.81158447265625,0.8929129356329635,2.7165539264678955,14.739324569702148,0.9469955669626539,4.221624374389648
0026,impulsive_0,6.386561870574951,15.83080768585205,0.9585129104360927,2.931914806365967,17.020793914794922,0.9676541172248165,3.1785922050476074,20.02552032470703,0.9943594739413015,4.412406921386719
0027,impulsive_0,30.256196975708008,14.15102481842041,0.828537488298511,1.368308663368225,16.94746971130371,0.8488988552570305,1.5335007905960083,19.412368774414062,0.9856526613413005,3.9547793865203857
0028,impulsive_0,20.69481086730957,21.196212768554688,0.9818011396420071,2.8420817852020264,21.75407600402832,0.9847468162735045,3.373126268386841,29.15420150756836,0.9981231357172792,4.147512912750244
0029,impulsive_0,22.429018020629883,21.67418670654297,0.9916645907040511,2.67842698097229,24.09400749206543,0.9935250626469224,2.896775960922241,25.822521209716797,0.9989309577170731,4.237529754638672
0030,impulsive_0,53.364776611328125,14.56588363647461,0.9398181471190815,2.3154234886169434,16.20022964477539,0.9473946628965624,2.604175329208374,18.309608459472656,0.9938242611537453,4.088456630706787
0031,impulsive_0,22.489978790283203,13.979433059692383,0.9686565655237335,2.1350791454315186,17.99347686767578,0.9790021212893053,2.5476651191711426,16.61587905883789,0.9927110447241274,3.9913489818573
0032,impulsive_0,8.928330421447754,15.238218307495117,0.9503830757470388,2.7391324043273926,17.6383113861084,0.9592371761446146,2.9851913452148438,19.416349411010742,0.9941789385414947,4.290023326873779
0033,impulsive_0,8.707218170166016,14.927482604980469,0.9524216976640199,3.114981174468994,15.956668853759766,0.9575220718688153,3.4343225955963135,19.396034240722656,0.9925137906213345,4.23663854598999
0034,impulsive_0,7.821797847747803,15.537832260131836,0.9508302276561387,3.3636484146118164,16.398527145385742,0.964969681143552,3.602888822555542,17.560253143310547,0.9749378314562084,2.484812021255493
0035,impulsive_0,9.878747940063477,16.254898071289062,0.9873862697665007,2.9808270931243896,18.38323211669922,0.9896856757687725,3.4559388160705566,20.510910034179688,0.9976768379352293,4.238446235656738
0036,impulsive_0,9.8141450881958,15.348888397216797,0.9813242217041197,3.2513816356658936,17.75804901123047,0.9874772686278174,3.6641809940338135,19.73647117614746,0.9951882739794422,4.1780686378479
0037,impulsive_0,13.526069641113281,11.713598251342773,0.9272086901844936,1.7448381185531616,14.576498031616211,0.9447098748999849,2.1447336673736572,14.810896873474121,0.9846464982555564,3.824056625366211
0038,impulsive_0,10.579915046691895,15.07814884185791,0.9744690474368365,2.238738536834717,16.351167678833008,0.979705402725894,3.4879045486450195,19.532020568847656,0.9928512542475443,4.225846767425537
0039,impulsive_0,13.709600448608398,13.393423080444336,0.9092227847597172,1.8446162939071655,14.953776359558105,0.9135386335826966,1.9963555335998535,15.42734146118164,0.992960919564175,4.24848747253418
0000,impulsive_10,26.908180236816406,10.495584487915039,0.9165421240945777,2.245303153991699,13.049657821655273,0.9334262616017323,2.671766996383667,13.824896812438965,0.979114065178206,3.966594696044922
0001,impulsive_10,34.7851448059082,14.32732105255127,0.990240807295663,2.0944807529449463,14.869001388549805,0.9918103629192745,2.3764140605926514,21.551713943481445,0.998443168305196,4.046735763549805
0002,impulsive_10,5.525295257568359,24.48114585876465,0.9659574205256123,3.3556110858917236,26.854000091552734,0.9734775465086948,3.6947884559631348,28.993825912475586,0.9929648549642693,4.12867546081543
0003,impulsive_10,13.4286470413208,20.736164093017578,0.9718498130666476,2.2921974658966064,24.201778411865234,0.978963892701151,3.054509401321411,26.71088981628418,0.9958290140878231,4.3435444831848145
0004,impulsive_10,13.25692367553711,15.051948547363281,0.9822724698929776,2.530369758605957,18.94597053527832,0.9887234432448352,2.9360878467559814,18.345624923706055,0.995542191229809,3.919245958328247
0005,impulsive_10,6.778685092926025,20.41668701171875,0.9818860300385803,2.7621331214904785,23.115131378173828,0.9871359978428402,3.1849656105041504,25.17604637145996,0.9969727638334355,4.13129997253418
0006,impulsive_10,17.51471710205078,8.80872917175293,0.8605235947032637,1.5413492918014526,9.581802368164062,0.8769266552742975,1.6883888244628906,16.354578018188477,0.9863318678091195,4.160111904144287
0007,impulsive_10,29.225614547729492,19.53486442565918,0.9817638757200275,3.0834450721740723,21.228750228881836,0.9856022455971349,3.3275461196899414,24.68723487854004,0.9969418790651904,4.022392749786377
0008,impulsive_10,66.50395965576172,18.0073184967041,0.918978456294095,2.269691228866577,20.003568649291992,0.939288916486861,2.48246169090271,23.261096954345703,0.9883403391251012,4.086880683898926
0009,impulsive_10,16.212711334228516,24.870975494384766,0.9712659950621687,3.4850878715515137,27.64610481262207,0.980551308688841,3.779505968093872,28.761337280273438,0.9943721050794123,4.496077060699463
0010,impulsive_10,35.60763168334961,21.72786521911621,0.9944310436130792,3.382370948791504,23.72720718383789,0.9956863487224232,3.594014883041382,27.173364639282227,0.9990871041309053,4.422189235687256
0011,impulsive_10,18.72671127319336,18.752328872680664,0.8347477466042279,2.4672062397003174,20.557458877563477,0.8639222320062492,2.9805705547332764,22.790010452270508,0.9631641225039577,4.157569408416748
0012,impulsive_10,23.33273696899414,16.611177444458008,0.8669280975732939,3.262460470199585,18.07797622680664,0.8930549520529155,3.6646692752838135,21.535709381103516,0.9628887048894599,4.383264064788818
0013,impulsive_10,21.097126007080078,9.665773391723633,0.8897289063451782,2.1139609813690186,9.97144603729248,0.9053218433945626,2.2764105796813965,15.893367767333984,0.9825687055220788,4.248369216918945
0014,impulsive_10,9.75783920288086,24.278791427612305,0.9969701761586738,3.5116915702819824,27.475698471069336,0.9980937179588156,3.724703311920166,28.382102966308594,0.9992729880599219,4.4279704093933105
0015,impulsive_10,21.87567710876465,10.272815704345703,0.9257754708595644,2.170238971710205,11.55999755859375,0.9352512699733037,2.3480031490325928,15.25706672668457,0.9900380560769312,4.047296047210693
0016,impulsive_10,3.3081283569335938,17.97821807861328,0.9789272409069423,4.027402877807617,19.71139144897461,0.9842472034806673,4.124216079711914,22.659069061279297,0.9931946364081321,4.454275608062744
0017,impulsive_10,8.239158630371094,15.040170669555664,0.9171716997035659,2.8171229362487793,17.266538619995117,0.9302970782318796,3.189505100250244,18.720849990844727,0.9813135024925134,4.2197465896606445
0018,impulsive_10,12.640704154968262,16.563936233520508,0.9845524574209729,3.5383739471435547,17.57818603515625,0.9866773893174856,3.750779867172241,23.89559555053711,0.9985409953835388,4.438130855560303
0019,impulsive_10,13.509744644165039,23.60028076171875,0.9914243452835527,3.3442044258117676,26.24357032775879,0.9938550583790988,3.5252418518066406,27.807106018066406,0.997956921806939,4.35343074798584
0020,impulsive_10,55.54438781738281,21.38184356689453,0.9679757476609947,2.9743781089782715,23.174026489257812,0.9760710948102013,3.204164981842041,25.55940818786621,0.9944861421419346,4.475062847137451
0021,impulsive_10,4.272337913513184,22.44279670715332,0.9830028353382336,4.355439186096191,23.457935333251953,0.9865773237266038,4.381536483764648,27.701251983642578,0.995275057864972,4.5165510177612305
0022,impulsive_10,18.320417404174805,16.447011947631836,0.9841149178174136,2.718052864074707,18.539409637451172,0.9875375395101706,3.0608887672424316,21.186601638793945,0.9968085789857867,4.338090419769287
0023,impulsive_10,8.389610290527344,13.893815040588379,0.8598580615477674,1.9566864967346191,16.953369140625,0.8911710989942381,2.3211731910705566,17.06792640686035,0.9558132157831798,4.014041900634766
0024,impulsive_10,11.025625228881836,16.954601287841797,0.8553308348721256,2.588624954223633,20.371601104736328,0.9142035186319009,3.059553623199463,20.131458282470703,0.9437513560499897,4.025528907775879
0025,impulsive_10,7.212383270263672,20.06443977355957,0.9749174435647705,3.7568140029907227,22.216163635253906,0.9787171223498923,3.882204294204712,24.10660171508789,0.997356356561761,4.393216133117676
0026,impulsive_10,7.238109111785889,21.498849868774414,0.9913310050792435,3.25002384185791,23.983295440673828,0.9938400199993283,3.7009732723236084,25.697654724121094,0.997680663368353,4.349437713623047
0027,impulsive_10,25.657148361206055,14.870768547058105,0.9227436928557505,2.9244771003723145,16.859209060668945,0.9379813062404816,3.204335927963257,18.82910919189453,0.9841846721662884,4.335993766784668
0028,impulsive_10,11.32491683959961,21.54428482055664,0.9475852396105393,3.424301862716675,22.776023864746094,0.9525300841997703,3.632065534591675,27.763370513916016,0.9941934357684702,4.464856147766113
0029,impulsive_10,6.583008766174316,24.421470642089844,0.9970740614125096,3.6119182109832764,26.927003860473633,0.9978538020886313,3.830099582672119,29.17364501953125,0.999545523532851,4.496370792388916
0030,impulsive_10,11.743350982666016,20.27672576904297,0.987889882906421,3.256629705429077,21.67432975769043,0.9888115075412182,3.4423563480377197,26.308879852294922,0.99750840687221,4.473759651184082
0031,impulsive_10,13.072956085205078,18.030912399291992,0.9688141402517045,2.298198938369751,20.840835571289062,0.9766064338524261,2.680103063583374,23.0220890045166,0.993858453580165,4.239119529724121
0032,impulsive_10,10.867796897888184,12.264018058776855,0.9507406650941586,2.566007614135742,13.458292007446289,0.9584738514188138,2.8747341632843018,18.677623748779297,0.9947043412336665,4.419507026672363
0033,impulsive_10,5.688225269317627,22.37472915649414,0.9757961810699788,3.5048937797546387,24.042816162109375,0.9831699294281742,3.717085123062134,27.731861114501953,0.9956340731711139,4.3687028884887695
0034,impulsive_10,7.121640205383301,14.560242652893066,0.9532337827455172,2.7892727851867676,17.943458557128906,0.9675388858454442,3.242108106613159,18.299516677856445,0.9849041933243041,3.891775131225586
0035,impulsive_10,21.910417556762695,18.685211181640625,0.9748808801211444,3.053424835205078,21.502750396728516,0.9794440328706825,3.281616687774658,21.86239242553711,0.9952504729315225,4.438327789306641
0036,impulsive_10,46.839725494384766,13.90017318725586,0.9858646264157915,2.9011738300323486,15.404887199401855,0.9890901721360508,3.244783639907837,20.2611083984375,0.99754957438369,4.091665744781494
0037,impulsive_10,14.044441223144531,17.1001033782959,0.9114058670115865,2.4991989135742188,19.72308349609375,0.9380027351987945,2.9983956813812256,20.666696548461914,0.97135325812662,4.184238433837891
0038,impulsive_10,10.860441207885742,23.93164825439453,0.975773332787555,3.963467836380005,27.029102325439453,0.9793256677990708,4.0902323722839355,27.252817153930664,0.9958693805789665,4.4878411293029785
0039,impulsive_10,4.825314998626709,15.960426330566406,0.9863955354841781,3.2753326892852783,19.15205192565918,0.9898260723839849,3.7377450466156006,17.536808013916016,0.9945412391251347,3.9982733726501465
0000,impulsive_15,3.098825454711914,24.517444610595703,0.9788390997227776,3.550593137741089,27.762954711914062,0.98319139073159,3.7109878063201904,30.006677627563477,0.998189542679471,4.505289077758789
0001,impulsive_15,0.5682521462440491,21.038211822509766,0.980924655266121,3.5003104209899902,23.992813110351562,0.9880236897993508,3.998509645462036,26.076784133911133,0.994755478781762,4.397660255432129
0002,impulsive_15,12.98686408996582,12.724398612976074,0.9705154103760596,2.784060001373291,14.126948356628418,0.9757790402864742,2.9812309741973877,18.80708885192871,0.9964572476579768,4.388608455657959
0003,impulsive_15,9.47038745880127,21.204429626464844,0.9842667703320063,3.566772699356079,22.671506881713867,0.9859672314846785,3.795793056488037,27.265323638916016,0.9984500048688857,4.3899335861206055
0004,impulsive_15,6.566058158874512,17.781686782836914,0.9904278893326914,2.6664814949035645,22.24228858947754,0.9934577402734326,3.0471737384796143,22.208343505859375,0.9988055629285282,4.3210577964782715
0005,impulsive_15,7.360023021697998,20.005712509155273,0.9744738876077348,3.0271944999694824,23.48451805114746,0.9815183795241967,3.3283872604370117,23.818872451782227,0.9953365013246178,4.31812858581543
0006,impulsive_15,11.830320358276367,22.947818756103516,0.9929668171774776,3.6254162788391113,25.155075073242188,0.9943216978818711,3.8659160137176514,27.246963500976562,0.9989451637572234,4.532305717468262
0007,impulsive_15,8.15239429473877,20.962974548339844,0.9929153927975892,2.736952543258667,23.526729583740234,0.9950967645382387,3.1522886753082275,24.926462173461914,0.998231759412046,4.160688400268555
0008,impulsive_15,4.919549465179443,24.89916229248047,0.9959646429958472,3.7696781158447266,26.79144859313965,0.9970925971931169,3.8924074172973633,30.390445709228516,0.9992302015184431,4.469198226928711
0009,impulsive_15,8.326682090759277,19.14800262451172,0.9735773450962356,3.4557642936706543,21.109588623046875,0.9789673498082764,3.705188751220703,24.258928298950195,0.9961408492104437,4.510030746459961
0010,impulsive_15,2.288569450378418,21.273239135742188,0.9658197686898429,3.3703203201293945,23.91737174987793,0.9731220712738226,3.717456817626953,25.267417907714844,0.9905908263158071,4.321651458740234
0011,impulsive_15,7.172872066497803,18.832399368286133,0.9573720566335765,2.819962978363037,21.33218002319336,0.9639910644926375,3.1197919845581055,22.682151794433594,0.992237671911351,4.193477153778076
0012,impulsive_15,14.78661823272705,13.878843307495117,0.9787299738620735,3.2271554470062256,14.647635459899902,0.9822586757074961,3.4644930362701416,21.614604949951172,0.9976278645286091,4.243981838226318
0013,impulsive_15,2.8565895557403564,20.24883460998535,0.9791101438294623,3.672814130783081,23.186199188232422,0.9818651313693042,3.914808750152588,24.0531063079834,0.9971857027976967,4.479735851287842
0014,impulsive_15,5.634148597717285,19.241317749023438,0.9969068727013143,4.0475172996521,19.894315719604492,0.9974975104377701,4.173199653625488,25.080862045288086,0.9990200347084413,4.5177154541015625
0015,impulsive_15,10.312031745910645,17.715356826782227,0.980895138174557,3.1762983798980713,20.56431007385254,0.984995987331749,3.4866673946380615,22.286272048950195,0.9957610167025581,4.406601905822754
0016,impulsive_15,16.582883834838867,20.741235733032227,0.9622167078751068,3.995875835418701,21.54191780090332,0.9700328005990385,4.174396991729736,29.566726684570312,0.9934113707104602,4.508672714233398
0017,impulsive_15,7.8163018226623535,22.154701232910156,0.9953577687189933,3.5976784229278564,26.319053649902344,0.996932770913977,3.9133965969085693,24.995729446411133,0.998835500809052,4.397994041442871
0018,impulsive_15,7.1728410720825195,22.433090209960938,0.9569793899121424,3.4790802001953125,24.441436767578125,0.9756718724201349,3.886077404022217,27.131237030029297,0.9828848442317006,4.208848476409912
0019,impulsive_15,11.194662094116211,18.90675163269043,0.9762556052993004,3.177419900894165,22.73125648498535,0.9821705484591151,3.6329665184020996,22.301551818847656,0.9952413603995873,4.3193840980529785
0020,impulsive_15,44.263919830322266,22.45513153076172,0.973568163460652,2.7467644214630127,24.55552864074707,0.981657012089979,2.9287195205688477,27.110193252563477,0.9945902115618881,4.3354010581970215
0021,impulsive_15,4.0636515617370605,18.156402587890625,0.9898567814880761,3.682076930999756,19.244192123413086,0.9913650429654116,3.809694290161133,25.13211441040039,0.9990540778900125,4.4433488845825195
0022,impulsive_15,5.705185890197754,16.380399703979492,0.9451854646793818,2.7948529720306396,17.75046730041504,0.9591414263086672,3.139721632003784,21.643312454223633,0.9794385288364187,4.306039810180664
0023,impulsive_15,37.11145782470703,21.964853286743164,0.9913536391243816,3.4864377975463867,22.857421875,0.9933391350032641,3.675281047821045,29.31318473815918,0.9990574508657375,4.487687587738037
0024,impulsive_15,2.9355151653289795,20.673797607421875,0.9971200836731577,4.033981800079346,22.256593704223633,0.9977577768021083,4.131443977355957,26.68431854248047,0.999447400830076,4.44102668762207
0025,impulsive_15,29.193204879760742,19.546615600585938,0.9196387580289576,2.139895439147949,22.626588821411133,0.946366637073258,2.395081043243408,23.90506935119629,0.9784184005800987,4.11474609375
0026,impulsive_15,4.833281517028809,24.3238468170166,0.9914300584491619,3.8950579166412354,25.095300674438477,0.992250291555695,3.987095832824707,32.11758041381836,0.9988778681502416,4.546263217926025
0027,impulsive_15,9.135652542114258,23.36941146850586,0.9829473603117431,3.5678513050079346,26.138694763183594,0.985972581616977,3.719303607940674,26.727476119995117,0.9974970575487065,4.4914398193359375
0028,impulsive_15,15.238194465637207,22.033008575439453,0.979066826069661,3.6866257190704346,24.5205078125,0.981073419619418,3.7589375972747803,25.352893829345703,0.9969291172079144,4.482475280761719
0029,impulsive_15,12.931264877319336,9.529467582702637,0.848284655898634,2.0544981956481934,10.305537223815918,0.8672592359041378,2.3540585041046143,16.21394920349121,0.9831864940825505,4.345941066741943
0030,impulsive_15,22.829967498779297,23.27712631225586,0.9666504307486394,3.128574848175049,25.41722869873047,0.9790668835113784,3.4557716846466064,27.87969398498535,0.9916504949981008,4.3060407638549805
0031,impulsive_15,6.429290771484375,16.6396541595459,0.9822490288146183,3.389152765274048,18.136741638183594,0.9842649993826799,3.57338285446167,22.929515838623047,0.9975722929482039,4.4754180908203125
0032,impulsive_15,5.912302017211914,19.834182739257812,0.9942522084976859,3.588834047317505,21.46855354309082,0.9964872275548693,3.8785319328308105,24.987911224365234,0.9980951785271303,4.312417507171631
0033,impulsive_15,7.651550769805908,17.835651397705078,0.9884898436431565,2.8418829441070557,20.801408767700195,0.9918619028255542,3.13816237449646,21.9405517578125,0.9981022805942341,4.154094696044922
0034,impulsive_15,12.426966667175293,22.805431365966797,0.9366473528867088,3.2131824493408203,26.044307708740234,0.9471812280390994,3.4697487354278564,26.454124450683594,0.9921816878635711,4.370898246765137
0035,impulsive_15,7.002621650695801,20.85516357421875,0.9948079900932938,3.5425360202789307,22.475360870361328,0.9959067437294375,3.8198611736297607,25.119384765625,0.9991059748135676,4.381170272827148
0036,impulsive_15,9.539450645446777,21.605329513549805,0.9919128153356797,3.03332257270813,25.523601531982422,0.9947204882734547,3.401411533355713,24.846248626708984,0.9978737853614085,4.2407989501953125
0037,impulsive_15,9.40738582611084,21.871414184570312,0.9980156138415948,3.949500799179077,23.366392135620117,0.9987299712335096,4.198568344116211,28.025787353515625,0.9995290737714871,4.474555969238281
0038,impulsive_15,13.771649360656738,17.580900192260742,0.942004996981212,2.985239028930664,20.685842514038086,0.9529019821917459,3.244619607925415,22.09872817993164,0.9926077134286148,4.283969879150391
0039,impulsive_15,7.734709739685059,17.78865623474121,0.9745973524066615,3.3345816135406494,20.849994659423828,0.9817272468676612,3.697880506515503,21.467130661010742,0.994626836321907,4.244969367980957
0000,impulsive_5,18.165842056274414,13.86285400390625,0.8729773535277096,2.094331979751587,16.088598251342773,0.9006780424919577,2.408318281173706,17.43224334716797,0.9689021394640246,3.7891218662261963
0001,impulsive_5,9.79100513458252,15.286846160888672,0.9226625331512291,1.7305868864059448,17.566871643066406,0.9313411002792069,1.9943280220031738,19.836660385131836,0.9908169754729736,3.945371389389038
0002,impulsive_5,11.1566743850708,21.60948944091797,0.9940991301982868,3.476022243499756,22.73359489440918,0.995029840397508,3.725834369659424,27.872819900512695,0.9991741543309652,4.3889479637146
0003,impulsive_5,17.17876625061035,14.2433500289917,0.963244034596802,2.935192823410034,16.657758712768555,0.9722198484138675,3.3129279613494873,18.034440994262695,0.9879786097762612,4.011200904846191
0004,impulsive_5,11.063026428222656,12.026272773742676,0.9375830764356478,2.2853524684906006,13.668742179870605,0.9493356941854836,2.6508398056030273,16.802997589111328,0.9905646549045419,3.9917118549346924
0005,impulsive_5,8.540515899658203,15.550010681152344,0.9773012384390452,3.501818895339966,18.955209732055664,0.9820121207844753,3.743046522140503,18.14896011352539,0.994645021475873,4.375361442565918
0006,impulsive_5,22.11359977722168,13.931418418884277,0.8543807318357296,1.4505865573883057,16.814279556274414,0.8708263257052883,1.643246054649353,16.895687103271484,0.9813373992737406,3.826244354248047
0007,impulsive_5,13.631370544433594,13.37746524810791,0.9328383335463071,2.528437614440918,15.409099578857422,0.9509465733062225,2.8453168869018555,16.269338607788086,0.9733281228430857,4.124124526977539
0008,impulsive_5,11.03592300415039,17.694705963134766,0.8468737913276515,3.074526071548462,18.998506546020508,0.8778356641753359,3.2516977787017822,22.111980438232422,0.9551430658161899,3.855956792831421
0009,impulsive_5,7.304782867431641,19.15871810913086,0.9068134928478657,3.0366554260253906,20.79523277282715,0.9517362378120044,3.3569295406341553,23.67675018310547,0.9540650543333388,3.776899576187134
0010,impulsive_5,16.666061401367188,15.858149528503418,0.9793618660909906,2.6465978622436523,17.094572067260742,0.9831135262421272,3.187523126602173,20.434879302978516,0.9953353482565671,3.304243564605713
0011,impulsive_5,29.80162811279297,19.86545181274414,0.9603934300317475,2.515036106109619,22.978322982788086,0.9701013069926747,2.7464561462402344,23.016956329345703,0.9898239750766801,4.224352836608887
0012,impulsive_5,12.786661148071289,20.604480743408203,0.9934760784103148,2.908919334411621,21.990982055664062,0.9947522294105137,3.204630136489868,26.25046157836914,0.9990553741280053,4.4131317138671875
0013,impulsive_5,10.585189819335938,15.929584503173828,0.963178339716874,2.388099193572998,17.315086364746094,0.9688624550168111,2.6148526668548584,20.050045013427734,0.9941302911530341,4.187557697296143
0014,impulsive_5,19.58204460144043,12.074945449829102,0.9251915262839931,1.5927759408950806,14.349929809570312,0.94409620350929,1.9856351613998413,15.551575660705566,0.9835634948756273,3.8026249408721924
0015,impulsive_5,55.59675598144531,18.623611450195312,0.9901757887791046,2.8265790939331055,20.71346092224121,0.9919334263017733,3.1326708793640137,23.362781524658203,0.9984593179670316,4.301203727722168
0016,impulsive_5,17.69858741760254,16.371932983398438,0.9329678364801118,2.9316349029541016,17.282949447631836,0.9528838984840788,3.257028818130493,21.69317626953125,0.9804859741610961,4.113359451293945
0017,impulsive_5,9.550514221191406,13.891542434692383,0.9904365410908703,2.630587339401245,16.057470321655273,0.9928902145287667,2.9349186420440674,17.065834045410156,0.9982251067544563,4.211098670959473
0018,impulsive_5,9.609466552734375,14.09848403930664,0.9396812616601445,2.424752712249756,17.237607955932617,0.9520485724744792,2.7773923873901367,17.301464080810547,0.9858740244470593,4.210660934448242
0019,impulsive_5,4.2500200271606445,21.98514175415039,0.9388048321733362,3.734564781188965,23.420711517333984,0.9527364565393017,3.9072468280792236,26.015953063964844,0.9828801776200754,4.4633307456970215
0020,impulsive_5,3.530127763748169,22.605648040771484,0.9661853238974561,3.881801128387451,24.304750442504883,0.9758198490571962,4.024446964263916,26.97051239013672,0.9872246601909469,4.449692249298096
0021,impulsive_5,5.993086338043213,20.78766632080078,0.9939314937403175,2.7722225189208984,23.800704956054688,0.9961339188628461,3.1598095893859863,25.90359115600586,0.9989774915180962,4.208920001983643
0022,impulsive_5,25.108938217163086,16.12810516357422,0.9552346788816543,2.472702980041504,18.18903350830078,0.9624227529628665,2.798082113265991,18.78915786743164,0.9922714732973306,4.3838653564453125
0023,impulsive_5,9.386173248291016,21.40256118774414,0.9743026977409177,3.643543243408203,22.76803970336914,0.9800716693169169,3.992915391921997,26.165149688720703,0.9950794165568684,4.374715805053711
0024,impulsive_5,6.900362014770508,14.494474411010742,0.8176214637210321,2.6052303314208984,16.243160247802734,0.8450017972944577,2.943570375442505,18.93491554260254,0.93607660953126,4.159456729888916
0025,impulsive_5,7.036664962768555,18.47626495361328,0.9793805662179239,3.1631035804748535,21.204090118408203,0.9852987917469809,3.5224764347076416,23.000179290771484,0.9965745390707318,4.31490421295166
0026,impulsive_5,12.431264877319336,10.590719223022461,0.9606658136054226,2.3365836143493652,13.355202674865723,0.973624463590913,2.7964975833892822,14.334484100341797,0.9906071719940963,4.146305561065674
0027,impulsive_5,20.510330200195312,17.8660945892334,0.9816723370992699,2.9994122982025146,20.153793334960938,0.9851088062324646,3.309537172317505,22.043970108032227,0.997117574945939,4.318034648895264
0028,impulsive_5,16.607988357543945,15.220685005187988,0.9627022937509265,2.7973411083221436,16.032020568847656,0.9653247234972393,3.3701305389404297,22.310367584228516,0.9961842617236736,4.306597709655762
0029,impulsive_5,3.960946559906006,23.34324073791504,0.9227260892890821,3.432223320007324,25.708219528198242,0.9377897383412599,3.584123373031616,26.183565139770508,0.9718835178831304,3.936408281326294
0030,impulsive_5,22.61347007751465,17.422805786132812,0.9409474584508234,2.794752836227417,20.15781021118164,0.9538088072677927,3.131631851196289,21.338401794433594,0.9907304292536819,4.1332478523254395
0031,impulsive_5,13.785114288330078,16.86423110961914,0.9324312216406041,2.3610897064208984,19.020994186401367,0.9435869814619087,2.574260711669922,21.484928131103516,0.9922524011739676,4.110162734985352
0032,impulsive_5,7.835934162139893,18.447776794433594,0.9902469421276907,3.5054566860198975,20.00530433654785,0.9929846829167114,3.781440496444702,24.117328643798828,0.9972913190864371,4.265717029571533
0033,impulsive_5,4.866909980773926,17.87238883972168,0.9198006895263163,3.6212069988250732,20.27747344970703,0.9353778264011189,3.911285161972046,21.659557342529297,0.9717580975958516,4.324202537536621
0034,impulsive_5,3.913318395614624,24.037858963012695,0.9936145633338803,4.206048011779785,24.72913360595703,0.9945978073328853,4.344801425933838,32.909912109375,0.9993963105671367,4.55398416519165
0035,impulsive_5,24.911569595336914,10.003496170043945,0.9429309021461278,2.2130913734436035,10.64572525024414,0.9476763646653017,2.3835930824279785,14.424928665161133,0.9932004676083268,4.023556709289551
0036,impulsive_5,11.876543998718262,17.832263946533203,0.9862665905773069,3.393501043319702,19.968982696533203,0.9885473481763256,3.710782051086426,21.900379180908203,0.9978832338900459,4.160435676574707
0037,impulsive_5,13.912748336791992,18.328439712524414,0.9727031300736991,2.6472201347351074,20.10409927368164,0.9781230503877426,2.9649527072906494,23.193416595458984,0.9941833360830422,3.9813101291656494
0038,impulsive_5,7.309115409851074,22.51986312866211,0.9865204535293017,3.157977342605591,24.58500862121582,0.9894395907538751,3.3530173301696777,26.46295166015625,0.9967233472251005,4.459509372711182
0039,impulsive_5,28.15104866027832,18.651456832885742,0.9837589528418302,2.950564384460449,20.957651138305664,0.9871739924376829,3.148958206176758,22.317523956298828,0.9967575081018729,4.421792984008789
0000,recorded_impulsive+stationary_-10,31.533960342407227,7.269122123718262,0.8453347321511041,1.3458572626113892,11.05909538269043,0.8911164542387234,1.6190695762634277,10.632503509521484,0.9566168513933097,3.0789945125579834
0001,recorded_impulsive+stationary_-10,35.163352966308594,5.362066268920898,0.711234693426344,1.1515443325042725,7.50030517578125,0.7637900787987327,1.2315126657485962,7.733790397644043,0.9431954320385331,2.790769577026367
0002,recorded_impulsive+stationary_-10,22.276901245117188,12.124490737915039,0.9794946614460159,2.062159538269043,13.475174903869629,0.9845679203984421,2.467390298843384,16.8099422454834,0.9953878747645677,3.686823844909668
0003,recorded_impulsive+stationary_-10,19.11447525024414,5.133016586303711,0.7305969321357477,1.1865553855895996,6.625823020935059,0.7865478384788223,1.2622495889663696,7.022833824157715,0.9556715062406577,3.2495718002319336
0004,recorded_impulsive+stationary_-10,32.53953552246094,3.231639862060547,0.6869227345778814,1.1576552391052246,4.464827060699463,0.7429889645577686,1.2566581964492798,6.421042442321777,0.9542138141423524,2.7491307258605957
0005,recorded_impulsive+stationary_-10,18.237796783447266,5.348003387451172,0.6750363583589102,1.1646336317062378,6.904435634613037,0.744625538470379,1.294686198234558,8.417869567871094,0.9112360813362609,3.0326812267303467
0006,recorded_impulsive+stationary_-10,75.61383056640625,7.65899133682251,0.8089408166982437,1.6151249408721924,9.450570106506348,0.8560197205859469,1.8638505935668945,10.989421844482422,0.9522343431473704,2.943700075149536
0007,recorded_impulsive+stationary_-10,48.06787872314453,6.0179829597473145,0.7473204905666258,1.4174041748046875,7.8147430419921875,0.7975655472601199,1.598246455192566,8.982820510864258,0.941006599956495,3.7831037044525146
0008,recorded_impulsive+stationary_-10,29.825056076049805,3.648013114929199,0.720198177851344,1.2466001510620117,5.485489845275879,0.7818455409687687,1.381913185119629,5.634512424468994,0.9441547307095701,2.923922061920166
0009,recorded_impulsive+stationary_-10,41.64376449584961,1.9930665493011475,0.6171646037039561,1.1961429119110107,2.87119722366333,0.6827433449047735,1.3000116348266602,4.272099018096924,0.9471916975665338,2.429857015609741
0010,recorded_impulsive+stationary_-10,23.09539222717285,4.271097660064697,0.7047486105902263,1.2171896696090698,5.920567512512207,0.7612142095244303,1.4738008975982666,5.9862446784973145,0.9259143646012911,2.4685122966766357
0011,recorded_impulsive+stationary_-10,34.40524673461914,8.707341194152832,0.9014235917514661,1.8160419464111328,10.18349552154541,0.9209894078108727,2.2210543155670166,12.803752899169922,0.9800856784632053,3.528834104537964
0012,recorded_impulsive+stationary_-10,12.13471794128418,7.0838303565979,0.7022985695388992,1.264024257659912,9.113181114196777,0.7687697168991751,1.4116969108581543,9.427841186523438,0.9233713350878703,2.9150967597961426
0013,recorded_impulsive+stationary_-10,24.34153938293457,2.892923355102539,0.6455885519138841,1.1456903219223022,4.468845844268799,0.706413257526061,1.2290103435516357,5.237071514129639,0.9436343149845441,2.7212398052215576
0014,recorded_impulsive+stationary_-10,56.29705810546875,7.781978607177734,0.5935141399780548,1.4269875288009644,9.269233703613281,0.7086602039749049,1.9544930458068848,10.749288558959961,0.8691711767637931,3.582460880279541
0015,recorded_impulsive+stationary_-10,52.825439453125,6.501820087432861,0.6193905996486658,1.2542238235473633,7.788454055786133,0.7197731950546663,1.4042034149169922,9.530195236206055,0.8805733673295015,2.9106640815734863
0016,recorded_impulsive+stationary_-10,62.271636962890625,7.63938045501709,0.725555643977469,1.4243524074554443,9.394241333007812,0.7912299146632344,1.6396501064300537,11.159625053405762,0.9364997613605066,3.449051856994629
0017,recorded_impulsive+stationary_-10,16.71040916442871,7.341857433319092,0.8023445974774912,1.310238003730774,9.93381118774414,0.8513358040382262,1.5548627376556396,10.040002822875977,0.9460880472609583,2.8288702964782715
0018,recorded_impulsive+stationary_-10,46.59086608886719,7.030926704406738,0.8347386304373531,1.5317869186401367,8.613748550415039,0.8699741374014781,1.7494583129882812,9.721853256225586,0.9652363101729461,3.8491508960723877
0019,recorded_impulsive+stationary_-10,44.110923767089844,1.3637356758117676,0.43881490422927427,1.0493358373641968,1.6905604600906372,0.5114546439267745,1.0557643175125122,3.9916727542877197,0.9109080522817062,2.3267173767089844
0020,recorded_impulsive+stationary_-10,26.757381439208984,8.5657958984375,0.8138242502480343,1.4186078310012817,11.510009765625,0.8461635678645303,1.7205193042755127,12.57190227508545,0.9686761624318021,3.02421498298645
0021,recorded_impulsive+stationary_-10,28.965574264526367,8.281122207641602,0.733690915938146,1.4692888259887695,9.786890029907227,0.7752556868662228,1.6803419589996338,12.33371639251709,0.9599586513152676,3.365464925765991
0022,recorded_impulsive+stationary_-10,21.39840316772461,4.3221940994262695,0.6714729034960032,1.1922332048416138,6.471838474273682,0.7261859813692315,1.324682354927063,6.6970391273498535,0.9436002309430787,3.3629307746887207
0023,recorded_impulsive+stationary_-10,30.440265655517578,1.9129865169525146,0.5382855050620666,1.1084856986999512,2.9632091522216797,0.5942057089020315,1.187156319618225,5.950561046600342,0.9215053860661906,2.620710849761963
0024,recorded_impulsive+stationary_-10,23.624921798706055,2.237630844116211,0.6246249479143148,1.092825174331665,3.559412717819214,0.6902311706268862,1.1794841289520264,5.158010005950928,0.9286551179596123,2.5023915767669678
0025,recorded_impulsive+stationary_-10,56.86703872680664,7.838599681854248,0.8892424106443164,1.5132462978363037,10.090208053588867,0.9187432501548064,1.8070027828216553,11.17827320098877,0.9740374200131038,3.53578782081604
0026,recorded_impulsive+stationary_-10,37.63654708862305,5.678138256072998,0.5930784270577442,1.113366723060608,7.639248371124268,0.6526602292574956,1.1550312042236328,8.62069320678711,0.92211752257561,2.9281773567199707
0027,recorded_impulsive+stationary_-10,83.49484252929688,5.709811210632324,0.6459436726521164,1.225786566734314,6.609063148498535,0.7298675925149519,1.3429441452026367,9.821369171142578,0.9532467685850105,2.839627265930176
0028,recorded_impulsive+stationary_-10,24.9423770904541,10.235963821411133,0.9455497288132714,2.197537422180176,12.743891716003418,0.9608253725653382,2.554455041885376,13.937053680419922,0.9845246453386307,3.802945852279663
0029,recorded_impulsive+stationary_-10,25.021223068237305,2.8650875091552734,0.4943081178762202,1.052799105644226,4.146235466003418,0.5694555124851604,1.0864839553833008,5.8925628662109375,0.9056961739552798,2.5427396297454834
0030,recorded_impulsive+stationary_-10,35.56557846069336,6.247451305389404,0.5801612158711997,1.222865343093872,7.792519569396973,0.6573966682356727,1.3122633695602417,10.239089965820312,0.9262286763795392,3.342388153076172
0031,recorded_impulsive+stationary_-10,24.650577545166016,4.856175422668457,0.4861117663899876,1.0425328016281128,5.760592460632324,0.5559180152865851,1.056397557258606,6.523015975952148,0.913413565528019,2.115379810333252
0032,recorded_impulsive+stationary_-10,25.910980224609375,4.2528767585754395,0.645525810123167,1.0913145542144775,5.537744045257568,0.696145548252647,1.118959903717041,7.164229869842529,0.9520003061285156,2.884753942489624
0033,recorded_impulsive+stationary_-10,23.624906539916992,3.2372026443481445,0.7788129963896657,1.3130005598068237,4.724348068237305,0.8310361286489713,1.4944612979888916,6.957718849182129,0.9612582459474014,3.120410203933716
0034,recorded_impulsive+stationary_-10,30.605772018432617,7.508063316345215,0.666066876918526,1.3451216220855713,9.11937427520752,0.7526529490466803,1.6004565954208374,10.889910697937012,0.8922790908673061,3.1956779956817627
0035,recorded_impulsive+stationary_-10,48.7918586730957,3.985473871231079,0.8111433009228539,1.3299813270568848,5.738842964172363,0.853414047405338,1.5670802593231201,6.536252498626709,0.9487366428442817,2.54875111579895
0036,recorded_impulsive+stationary_-10,61.097171783447266,7.307842254638672,0.8424844508143158,1.326490044593811,9.652831077575684,0.8749343604231302,1.4598913192749023,10.555166244506836,0.9734512825995656,3.2730255126953125
0037,recorded_impulsive+stationary_-10,23.39752769470215,3.803757667541504,0.6576113256611468,1.1536524295806885,5.281292915344238,0.7153604454505448,1.2205268144607544,6.48983097076416,0.9173678656408785,2.9740211963653564
0038,recorded_impulsive+stationary_-10,50.63227844238281,4.4703240394592285,0.6439712994831244,1.2841973304748535,6.008195400238037,0.7030229555373784,1.4079246520996094,7.849722385406494,0.9441085964865232,3.110166549682617
0039,recorded_impulsive+stationary_-10,30.962682723999023,3.7951860427856445,0.6180634835539212,1.1425793170928955,5.641443729400635,0.6885615912716634,1.2775788307189941,6.985545635223389,0.9318030534310837,2.3375120162963867
0000,recorded_impulsive+stationary_-5,28.593618392944336,9.182598114013672,0.886615765224713,2.0488810539245605,11.826720237731934,0.9195658958351147,2.4874706268310547,12.273427963256836,0.966333602342581,3.73063063621521
0001,recorded_impulsive+stationary_-5,25.859233856201172,9.257658958435059,0.919292166196638,1.831444263458252,10.809250831604004,0.9389290961126683,2.0937442779541016,13.92487907409668,0.9803375188244244,3.6863086223602295
0002,recorded_impulsive+stationary_-5,65.83534240722656,7.396763801574707,0.8529649632842978,1.4754581451416016,10.342016220092773,0.889186740727803,1.6960365772247314,11.318456649780273,0.9737388557252153,3.409292697906494
0003,recorded_impulsive+stationary_-5,55.17605972290039,9.009937286376953,0.6916349065006002,1.7299768924713135,11.046467781066895,0.7476466542912401,2.0110692977905273,11.973699569702148,0.9404877475877722,3.4231503009796143
0004,recorded_impulsive+stationary_-5,59.985984802246094,9.79605770111084,0.8711657561402458,1.7603669166564941,12.353116989135742,0.9000373069019135,1.9631893634796143,13.038057327270508,0.9759903006263105,3.6655726432800293
0005,recorded_impulsive+stationary_-5,54.91173553466797,5.33786678314209,0.829940943859841,1.2852110862731934,7.253080368041992,0.8685690722680295,1.5645873546600342,8.903313636779785,0.9425748555851879,2.7871007919311523
0006,recorded_impulsive+stationary_-5,89.82054901123047,8.289443969726562,0.8526763138767957,2.1350719928741455,11.148246765136719,0.8931102413046006,2.54799747467041,13.46239185333252,0.9680670824724114,3.842522621154785
0007,recorded_impulsive+stationary_-5,64.87399291992188,11.171613693237305,0.797323827563857,1.530290961265564,13.510515213012695,0.8424967086789095,1.6778876781463623,14.148876190185547,0.9721206332080728,3.5198724269866943
0008,recorded_impulsive+stationary_-5,24.20669937133789,4.702424049377441,0.8304504635915702,1.3109283447265625,6.936398029327393,0.8738927989187567,1.5768322944641113,7.997520446777344,0.9597422846332768,2.9141385555267334
0009,recorded_impulsive+stationary_-5,18.770296096801758,7.286687850952148,0.8166409504685782,1.4654905796051025,9.417951583862305,0.8666136027091061,1.692617416381836,10.48110580444336,0.9433388141299335,3.4125959873199463
0010,recorded_impulsive+stationary_-5,55.2690315246582,10.70095157623291,0.8312291507779997,1.9491519927978516,12.523147583007812,0.8736140136352434,2.3220224380493164,14.516200065612793,0.9525916494587129,3.689836025238037
0011,recorded_impulsive+stationary_-5,27.31587791442871,7.775616645812988,0.7366061704236213,1.3965390920639038,9.733846664428711,0.7993474198842639,1.5465830564498901,10.310140609741211,0.8920297618292257,3.3933722972869873
0012,recorded_impulsive+stationary_-5,31.151918411254883,7.514924049377441,0.5078348842088408,1.2492491006851196,9.730134010314941,0.5842237685754668,1.357908010482788,9.428990364074707,0.9389955977250235,3.315028667449951
0013,recorded_impulsive+stationary_-5,44.790523529052734,7.717801094055176,0.9097869604342913,1.6372911930084229,9.553183555603027,0.9336201107885317,1.9804366827011108,11.490615844726562,0.9758114611772557,3.215904712677002
0014,recorded_impulsive+stationary_-5,46.97928237915039,8.72588062286377,0.8362174757347748,1.5865386724472046,11.159038543701172,0.876270059656635,1.8185462951660156,12.450445175170898,0.9640302598794647,3.551326274871826
0015,recorded_impulsive+stationary_-5,28.455415725708008,6.993185997009277,0.7836006386194878,1.3970775604248047,8.068464279174805,0.8156359083432912,1.615024209022522,12.249664306640625,0.9670938046808207,2.9414331912994385
0016,recorded_impulsive+stationary_-5,42.3695182800293,8.543161392211914,0.6960519300584701,1.488533616065979,12.413276672363281,0.7350690402250849,1.6535861492156982,11.465927124023438,0.9527674763785073,3.041382074356079
0017,recorded_impulsive+stationary_-5,39.57954788208008,7.050790786743164,0.7354519834696377,1.4196635484695435,8.491708755493164,0.7974826833015571,1.6113059520721436,11.119348526000977,0.9252680786722598,3.0591304302215576
0018,recorded_impulsive+stationary_-5,18.79959487915039,7.096431732177734,0.761006595174138,1.1960175037384033,9.354923248291016,0.8173354367870956,1.3058913946151733,10.20653247833252,0.9522237589651117,3.3682379722595215
0019,recorded_impulsive+stationary_-5,24.365764617919922,6.556481838226318,0.7968148954032968,1.2559499740600586,8.422900199890137,0.8446022485141484,1.4315519332885742,10.189319610595703,0.9670390407607136,3.09381365776062
0020,recorded_impulsive+stationary_-5,12.473003387451172,7.657873630523682,0.6581893812039592,1.3322901725769043,9.464350700378418,0.7423180964876561,1.548862099647522,10.612457275390625,0.8804584026334115,3.400336503982544
0021,recorded_impulsive+stationary_-5,34.057308197021484,8.115269660949707,0.8994792760900147,1.4651211500167847,10.187082290649414,0.9245353998199145,1.8095732927322388,11.57723331451416,0.978156366152938,3.2100467681884766
0022,recorded_impulsive+stationary_-5,38.297218322753906,10.88930606842041,0.8505745020093485,1.9284404516220093,13.341535568237305,0.8903583866337058,2.404998540878296,14.919771194458008,0.9678502573246746,3.598508358001709
0023,recorded_impulsive+stationary_-5,20.40972328186035,8.972691535949707,0.8081982649964736,1.4054932594299316,11.455705642700195,0.8583146633924965,1.7115997076034546,13.114704132080078,0.9618946009439796,2.9794344902038574
0024,recorded_impulsive+stationary_-5,13.324661254882812,12.086109161376953,0.7961435584346298,2.067495107650757,13.687592506408691,0.8615459441789844,2.501305341720581,16.70458984375,0.91286142198779,3.790696620941162
0025,recorded_impulsive+stationary_-5,19.577402114868164,6.219444751739502,0.7483390860606903,1.258665680885315,8.441566467285156,0.804961674170012,1.4243887662887573,9.394451141357422,0.9317298252343499,3.1877505779266357
0026,recorded_impulsive+stationary_-5,61.40312957763672,11.783280372619629,0.8924167812942742,1.5834476947784424,13.835756301879883,0.918097133910595,1.8056228160858154,15.118870735168457,0.982767853055675,3.75909686088562
0027,recorded_impulsive+stationary_-5,20.448883056640625,10.069560050964355,0.8822849814017596,1.3998141288757324,12.422225952148438,0.9131465384658062,1.511010766029358,13.110198974609375,0.9680691214967793,2.500493049621582
0028,recorded_impulsive+stationary_-5,22.46942901611328,5.587027072906494,0.8081781301604299,1.1854753494262695,7.5628767013549805,0.8535485196645846,1.3016798496246338,8.665481567382812,0.9601506189753015,2.3188629150390625
0029,recorded_impulsive+stationary_-5,25.067550659179688,8.172834396362305,0.7973312051715739,1.456317663192749,10.868776321411133,0.8386509380095993,1.7452903985977173,11.500341415405273,0.9436244872507377,3.3606364727020264
0030,recorded_impulsive+stationary_-5,29.555906295776367,4.998528003692627,0.7797552156246204,1.4001939296722412,6.878756999969482,0.8306511937908726,1.5390396118164062,7.458794116973877,0.9587311288852816,3.2263691425323486
0031,recorded_impulsive+stationary_-5,32.770076751708984,8.16688346862793,0.9357192064112507,1.9720444679260254,9.971979141235352,0.9505759670049155,2.5563745498657227,9.686079978942871,0.9802220198728477,3.3800697326660156
0032,recorded_impulsive+stationary_-5,38.01679611206055,10.595837593078613,0.9220965219087477,1.6596970558166504,13.897286415100098,0.9380849062167242,1.9509029388427734,13.319952011108398,0.9858495720001145,3.58964467048645
0033,recorded_impulsive+stationary_-5,15.937506675720215,6.0491533279418945,0.909177476200191,1.6287312507629395,9.92492961883545,0.9336086811579194,1.9100018739700317,10.064371109008789,0.9817677134735873,3.3584485054016113
0034,recorded_impulsive+stationary_-5,23.57312774658203,5.582973480224609,0.7395468778392257,1.1288007497787476,7.880731105804443,0.7990048283580082,1.2073150873184204,8.168336868286133,0.9560247634304891,2.4736735820770264
0035,recorded_impulsive+stationary_-5,33.581214904785156,8.672433853149414,0.717887894235749,1.4445908069610596,11.763725280761719,0.7802377384466289,1.638664722442627,11.309304237365723,0.9527001775285716,3.3202643394470215
0036,recorded_impulsive+stationary_-5,33.03084945678711,11.409024238586426,0.9382717831376386,1.9739837646484375,13.118619918823242,0.951980143314803,2.399653196334839,15.471392631530762,0.9884470031066006,3.41768479347229
0037,recorded_impulsive+stationary_-5,42.43445587158203,6.00349235534668,0.6879490074965406,1.4422239065170288,8.388174057006836,0.7532129776838864,1.7205642461776733,9.588540077209473,0.934592903507792,3.6145029067993164
0038,recorded_impulsive+stationary_-5,30.68587875366211,6.402022361755371,0.736214469730846,1.3035334348678589,8.625344276428223,0.793109855237338,1.4413573741912842,9.73044490814209,0.9522051898570755,3.2186999320983887
0039,recorded_impulsive+stationary_-5,33.46750259399414,4.274006366729736,0.7919056135653231,1.4907879829406738,7.76588249206543,0.8477629655760784,1.7171061038970947,7.196483612060547,0.9590599651163983,3.523270845413208
0000,recorded_impulsive+stationary_0,53.08256149291992,11.255105972290039,0.8318943227898863,1.7477866411209106,14.252739906311035,0.8627844737195118,2.050149440765381,13.67730712890625,0.9677982202470911,3.6249654293060303
0001,recorded_impulsive+stationary_0,16.19087791442871,8.957709312438965,0.9388745939505327,1.8126879930496216,11.579675674438477,0.954984228171145,2.1682984828948975,12.475212097167969,0.984735497294632,3.814234733581543
0002,recorded_impulsive+stationary_0,20.42669677734375,7.565431594848633,0.8775126035878675,1.5328643321990967,9.152241706848145,0.9038725051476615,1.9121215343475342,11.480694770812988,0.9809078901650451,3.7037932872772217
0003,recorded_impulsive+stationary_0,53.00851058959961,11.454465866088867,0.8868709522421172,2.5315608978271484,13.176423072814941,0.912416966948096,2.958904504776001,15.295475006103516,0.9676204885387341,3.84024977684021
0004,recorded_impulsive+stationary_0,34.3900146484375,11.945955276489258,0.9355014065246426,2.414166212081909,14.643186569213867,0.9516176302701522,2.772484540939331,15.773765563964844,0.9853645895046519,3.9091789722442627
0005,recorded_impulsive+stationary_0,20.79636573791504,10.645576477050781,0.8792158069572983,1.619370698928833,13.846769332885742,0.9033466768563018,1.8678487539291382,13.620246887207031,0.9793553580885023,3.6586694717407227
0006,recorded_impulsive+stationary_0,18.057111740112305,9.786943435668945,0.8315517924667681,1.666711449623108,12.174505233764648,0.8683657089692076,1.9746713638305664,12.813911437988281,0.9708028469212623,3.352036237716675
0007,recorded_impulsive+stationary_0,7.907471179962158,9.516634941101074,0.8179968825546373,2.4206767082214355,11.732568740844727,0.8698936180523985,2.912837505340576,11.515403747558594,0.9186645151042622,3.6175217628479004
0008,recorded_impulsive+stationary_0,27.894609451293945,13.549793243408203,0.970546368625187,2.446415901184082,15.747013092041016,0.9772976027163623,2.9312021732330322,17.801025390625,0.9940691720225054,3.613424777984619
0009,recorded_impulsive+stationary_0,16.573280334472656,8.411880493164062,0.851680991771387,1.241861343383789,11.02265739440918,0.8852199919178311,1.395634412765503,11.846747398376465,0.967835501528522,2.6170384883880615
0010,recorded_impulsive+stationary_0,16.1300106048584,10.418212890625,0.8808427773078485,1.6526620388031006,13.586443901062012,0.9083955070837731,1.983641266822815,13.198809623718262,0.9723088814650548,3.6431775093078613
0011,recorded_impulsive+stationary_0,26.198408126831055,9.407537460327148,0.7279467176001291,1.546163558959961,11.25394058227539,0.769517512257954,1.7676005363464355,12.961715698242188,0.9583585392837729,3.632868528366089
0012,recorded_impulsive+stationary_0,26.602928161621094,10.429609298706055,0.8803936251223508,1.7094104290008545,12.592931747436523,0.9088504397732665,1.891376256942749,13.302755355834961,0.9776121809915822,3.614699125289917
0013,recorded_impulsive+stationary_0,14.35388469696045,11.044471740722656,0.9234458320821793,2.1130642890930176,13.976740837097168,0.9421866699281313,2.3792359828948975,14.040807723999023,0.9831840405011109,3.8579225540161133
0014,recorded_impulsive+stationary_0,22.03993797302246,8.758313179016113,0.8340949847040384,1.4182275533676147,11.440831184387207,0.8631179780422141,1.61723792552948,11.289304733276367,0.9751609053820391,3.4420604705810547
0015,recorded_impulsive+stationary_0,27.491363525390625,8.869604110717773,0.8860155837600363,1.5697379112243652,12.118674278259277,0.9144468947104812,1.8081812858581543,11.835411071777344,0.971496471734186,3.658557415008545
0016,recorded_impulsive+stationary_0,23.521610260009766,10.994343757629395,0.7193446129944925,1.7192500829696655,14.24294376373291,0.768181116447387,2.0129029750823975,13.643983840942383,0.9491875486114605,3.598787784576416
0017,recorded_impulsive+stationary_0,55.663917541503906,10.801797866821289,0.8300822367211407,1.490708827972412,13.132701873779297,0.8728407379724008,1.727679967880249,14.889716148376465,0.9558375014658469,3.6658194065093994
0018,recorded_impulsive+stationary_0,47.823448181152344,6.023082733154297,0.9071478393745759,1.9088737964630127,7.2506184577941895,0.9250475281062732,2.4300451278686523,7.459861755371094,0.9708829883510367,2.733802080154419
0019,recorded_impulsive+stationary_0,35.78339385986328,9.70578384399414,0.8270036910661765,1.6066231727600098,12.331318855285645,0.8622498816685568,1.871337890625,12.439103126525879,0.9752475407066854,3.589214324951172
0020,recorded_impulsive+stationary_0,33.18088912963867,10.740842819213867,0.9410864218525823,2.2259328365325928,12.636383056640625,0.9553387464586829,2.584092378616333,14.71556282043457,0.9879527971436388,3.7505862712860107
0021,recorded_impulsive+stationary_0,23.625118255615234,13.203449249267578,0.9289552984007453,2.555040121078491,14.238384246826172,0.9497519014768381,2.989157199859619,16.1603946685791,0.9789297940165784,3.79398775100708
0022,recorded_impulsive+stationary_0,55.59941864013672,8.967062950134277,0.8788559243787771,1.9586478471755981,10.808257102966309,0.9080565500013534,2.3444314002990723,13.135329246520996,0.9776643308548035,3.3613216876983643
0023,recorded_impulsive+stationary_0,13.784716606140137,11.80361557006836,0.8720471731850847,1.805483102798462,14.660921096801758,0.9027585500664818,2.073347330093384,15.001373291015625,0.9753377282882809,3.5936479568481445
0024,recorded_impulsive+stationary_0,72.42078399658203,10.502472877502441,0.8871224421745427,1.6774096488952637,13.829487800598145,0.9132376545819478,1.8723655939102173,13.073395729064941,0.9768229425563834,3.544126510620117
0025,recorded_impulsive+stationary_0,24.365047454833984,13.020939826965332,0.923037205796653,2.2880942821502686,15.066373825073242,0.9451031789209556,2.7156872749328613,17.46056365966797,0.9791071394252489,3.8028557300567627
0026,recorded_impulsive+stationary_0,50.401493072509766,11.780191421508789,0.8229377102134104,1.7718591690063477,14.349802017211914,0.8749288417509002,2.1028642654418945,17.42201042175293,0.9477678221513469,3.9228124618530273
0027,recorded_impulsive+stationary_0,13.603248596191406,9.841557502746582,0.8999062235157846,1.5763468742370605,12.47196102142334,0.9246931046803131,1.8336749076843262,13.67298698425293,0.9794297658753672,3.6511452198028564
0028,recorded_impulsive+stationary_0,20.81691551208496,6.778994560241699,0.7534977456191474,1.4191209077835083,8.91463851928711,0.7989489097051541,1.6107559204101562,9.987180709838867,0.9579455725321206,3.6443848609924316
0029,recorded_impulsive+stationary_0,38.36056900024414,11.9350004196167,0.6910911393266879,2.1093339920043945,14.821209907531738,0.7676911159453796,2.4430110454559326,14.460482597351074,0.8922917523594267,3.8285369873046875
0030,recorded_impulsive+stationary_0,25.288311004638672,7.2623419761657715,0.865596494402457,1.2264543771743774,10.013676643371582,0.8979761977774764,1.328125,10.542486190795898,0.9739510964316319,2.389345645904541
0031,recorded_impulsive+stationary_0,38.12760543823242,11.058167457580566,0.9232668768417193,1.879913568496704,13.974752426147461,0.9397807277461667,2.22426438331604,13.121257781982422,0.9873852819650726,3.9400346279144287
0032,recorded_impulsive+stationary_0,26.63103675842285,12.961745262145996,0.9569455807261167,2.3233537673950195,15.773902893066406,0.9664614883822698,2.635155200958252,16.72998809814453,0.9923863118792497,4.191346645355225
0033,recorded_impulsive+stationary_0,29.9135684967041,12.376936912536621,0.9495846454537007,2.4725146293640137,14.969986915588379,0.9613144351126746,2.9482579231262207,16.37739372253418,0.989976231717222,3.927297830581665
0034,recorded_impulsive+stationary_0,33.919063568115234,12.132160186767578,0.9049476026022759,1.8388266563415527,13.659381866455078,0.9280727879243654,2.204447031021118,16.016826629638672,0.967587353719787,3.599233865737915
0035,recorded_impulsive+stationary_0,71.0853500366211,15.53662109375,0.9374275026445633,1.8773949146270752,17.43610191345215,0.9541322164910858,1.9926782846450806,19.185955047607422,0.9911018964485543,4.3680644035339355
0036,recorded_impulsive+stationary_0,22.003368377685547,16.620567321777344,0.8872740697892632,2.0564115047454834,18.90723991394043,0.9087932156154737,2.35145902633667,20.049734115600586,0.9664566649557306,4.123171806335449
0037,recorded_impulsive+stationary_0,26.82354736328125,12.786825180053711,0.7263026982421419,2.0570106506347656,15.229201316833496,0.776724588918485,2.38250732421875,15.723658561706543,0.9147462700102733,4.132750988006592
0038,recorded_impulsive+stationary_0,15.590200424194336,10.091581344604492,0.7474758545038505,1.5428149700164795,12.428565979003906,0.7969655633488791,1.7744685411453247,13.022403717041016,0.9562213110864967,3.4584615230560303
0039,recorded_impulsive+stationary_0,27.942142486572266,8.400825500488281,0.8258055349391771,1.4444966316223145,11.381697654724121,0.8682928738686942,1.7266242504119873,10.976699829101562,0.964665337854679,3.0425822734832764
0000,recorded_impulsive+stationary_10,46.4204216003418,17.619396209716797,0.949759159996833,2.6365485191345215,19.830108642578125,0.9601359654504709,2.8499417304992676,22.098312377929688,0.992740329676277,4.2515339851379395
0001,recorded_impulsive+stationary_10,25.467187881469727,17.397987365722656,0.9773134976011353,2.702767848968506,19.75135040283203,0.9842261506687392,3.0782904624938965,21.51799774169922,0.9935196655921998,3.98321795463562
0002,recorded_impulsive+stationary_10,27.21278190612793,16.23147201538086,0.9091697115700409,2.3494346141815186,20.03118133544922,0.9335670461884072,2.7383525371551514,19.615306854248047,0.9827704351601724,4.059406280517578
0003,recorded_impulsive+stationary_10,22.18235206604004,16.65969467163086,0.9334465836308834,2.5263829231262207,19.402023315429688,0.9449554287455135,2.823883056640625,20.5799560546875,0.991731254111056,4.093210697174072
0004,recorded_impulsive+stationary_10,27.669204711914062,14.128368377685547,0.8922092597224878,2.4120290279388428,17.911191940307617,0.9091057327554161,2.716883897781372,17.608196258544922,0.9806657414590869,4.086206912994385
0005,recorded_impulsive+stationary_10,5.896922588348389,13.847965240478516,0.9783560284629876,2.282942771911621,17.007991790771484,0.986609858473215,2.758599042892456,17.211252212524414,0.9945983695482772,3.817845106124878
0006,recorded_impulsive+stationary_10,11.295636177062988,15.546667098999023,0.8982652771666352,2.730813503265381,19.007076263427734,0.9190752530156235,3.0805721282958984,18.351028442382812,0.9835380998933729,4.046479225158691
0007,recorded_impulsive+stationary_10,14.417366027832031,14.578575134277344,0.9511226675585037,2.291635513305664,17.50157356262207,0.9627917147385645,2.7485697269439697,18.124582290649414,0.9918073168089417,4.063210964202881
0008,recorded_impulsive+stationary_10,34.635414123535156,17.783437728881836,0.9034675946927968,2.224210500717163,19.15971565246582,0.9162849035001874,2.3977348804473877,23.174104690551758,0.9847606605145028,4.2608489990234375
0009,recorded_impulsive+stationary_10,14.436728477478027,15.085016250610352,0.9599339956888056,2.703913688659668,17.435199737548828,0.9701186326495371,3.0658862590789795,18.994895935058594,0.992826801821179,4.182482719421387
0010,recorded_impulsive+stationary_10,15.329655647277832,19.285593032836914,0.983310322890387,3.5971946716308594,21.498245239257812,0.9868515365484462,3.8209469318389893,23.378894805908203,0.9953384321359169,4.3908796310424805
0011,recorded_impulsive+stationary_10,13.062657356262207,15.247655868530273,0.9804733498106691,2.747732400894165,16.874919891357422,0.9858738055109251,3.1210060119628906,20.244503021240234,0.9956399515825091,4.101001739501953
0012,recorded_impulsive+stationary_10,10.402562141418457,15.87021255493164,0.977167845700476,2.712062358856201,19.062137603759766,0.982061885255476,3.131782293319702,19.110380172729492,0.9954894717046733,4.1792683601379395
0013,recorded_impulsive+stationary_10,13.851378440856934,16.764238357543945,0.9824262039640141,3.378319501876831,18.144285202026367,0.9864745039412046,3.5687994956970215,22.045318603515625,0.9961229299806634,4.264948844909668
0014,recorded_impulsive+stationary_10,26.403888702392578,16.22679901123047,0.9213708686033304,2.486999750137329,19.184534072875977,0.9363646044575936,2.8717193603515625,19.364423751831055,0.9848707990440054,4.1435465812683105
0015,recorded_impulsive+stationary_10,13.268195152282715,15.074594497680664,0.956348818872098,2.5379538536071777,18.460590362548828,0.9664260921006617,2.878213405609131,18.256052017211914,0.9913447918420751,3.9723923206329346
0016,recorded_impulsive+stationary_10,10.265002250671387,17.61127281188965,0.9679106503489474,3.0347230434417725,20.665992736816406,0.9780846307467338,3.4373161792755127,21.3640193939209,0.9926818259992,4.108458518981934
0017,recorded_impulsive+stationary_10,42.09817886352539,16.929475784301758,0.8604480710222503,2.358031749725342,19.840579986572266,0.8861871239932756,2.586296319961548,20.562744140625,0.9707973449556417,4.25083065032959
0018,recorded_impulsive+stationary_10,31.531679153442383,17.97874641418457,0.9070111802412023,2.3325955867767334,20.92421531677246,0.9228727605349221,2.641160726547241,21.891571044921875,0.9867339120464028,4.087677955627441
0019,recorded_impulsive+stationary_10,36.7767333984375,12.068090438842773,0.9587442305463937,2.4515843391418457,12.857688903808594,0.9695872919719138,2.7169265747070312,19.50088119506836,0.992594432585295,3.874927043914795
0020,recorded_impulsive+stationary_10,6.083041667938232,18.906225204467773,0.9055155711464639,3.748058557510376,19.50724220275879,0.9287478542780335,3.843174695968628,22.89345932006836,0.9673111580007826,4.320466995239258
0021,recorded_impulsive+stationary_10,9.583805084228516,18.18109893798828,0.9818675736034086,2.6457533836364746,19.871746063232422,0.9840804839591387,3.0377774238586426,24.37727928161621,0.9975537592990175,4.231966972351074
0022,recorded_impulsive+stationary_10,10.184231758117676,17.498214721679688,0.7926557879394206,2.8176889419555664,20.614791870117188,0.8548905883216434,3.2452802658081055,21.17913818359375,0.9042663574640999,4.15416955947876
0023,recorded_impulsive+stationary_10,18.43136215209961,15.260058403015137,0.8418856465955266,2.1563146114349365,18.25609588623047,0.8695401303248044,2.4912729263305664,18.36684799194336,0.9738083444064262,3.9269537925720215
0024,recorded_impulsive+stationary_10,12.313321113586426,16.126708984375,0.8858145360612658,2.898261308670044,17.624475479125977,0.9141125195662292,3.068032741546631,21.13950538635254,0.9585637273792729,3.6391618251800537
0025,recorded_impulsive+stationary_10,14.728525161743164,16.181324005126953,0.9432478358961195,2.4317643642425537,19.080774307250977,0.9609272504237097,2.7555735111236572,19.941713333129883,0.9896803653667631,3.9355738162994385
0026,recorded_impulsive+stationary_10,2.801574945449829,25.803443908691406,0.998640667954297,4.236069679260254,28.485240936279297,0.9988789705736222,4.320098876953125,29.833839416503906,0.9996523416022808,4.532113075256348
0027,recorded_impulsive+stationary_10,21.2559757232666,15.52558708190918,0.9477389779797145,2.41186261177063,18.484804153442383,0.958223669929515,2.776548147201538,20.679080963134766,0.9908981899774942,3.823533058166504
0028,recorded_impulsive+stationary_10,8.39744758605957,15.325654983520508,0.9739828616785348,2.763742208480835,18.44447898864746,0.9811735052668178,3.197690963745117,18.914867401123047,0.994854841986531,4.173741817474365
0029,recorded_impulsive+stationary_10,12.863675117492676,15.354682922363281,0.9467787862061594,2.7036631107330322,18.52435874938965,0.958095875890513,3.0587148666381836,18.737136840820312,0.9882949721148674,4.215896129608154
0030,recorded_impulsive+stationary_10,19.360668182373047,22.999675750732422,0.9596622822918578,3.128706455230713,24.652877807617188,0.9653645615290155,3.327164649963379,27.66594123840332,0.991638561508523,4.476018905639648
0031,recorded_impulsive+stationary_10,40.738704681396484,14.355072975158691,0.9032352293533005,2.327085256576538,17.680255889892578,0.9220291847542522,2.730955123901367,18.344139099121094,0.9715438484604972,3.8179099559783936
0032,recorded_impulsive+stationary_10,14.524087905883789,14.155073165893555,0.9145796048072061,1.485042691230774,17.77554702758789,0.9326432271603278,1.5913901329040527,17.497150421142578,0.9862111046207942,3.8813745975494385
0033,recorded_impulsive+stationary_10,9.314129829406738,18.979000091552734,0.9819110846706113,3.8121485710144043,21.448917388916016,0.9880485432824301,3.980808973312378,22.65033531188965,0.9946794381887102,4.4063720703125
0034,recorded_impulsive+stationary_10,13.49748706817627,17.011842727661133,0.9683224152108617,2.4038264751434326,20.175678253173828,0.97730423121996,2.845515727996826,20.519926071166992,0.9946399780789114,4.09750509262085
0035,recorded_impulsive+stationary_10,18.047388076782227,19.366193771362305,0.9930129833493825,3.0683233737945557,21.720413208007812,0.994968015939078,3.3121113777160645,24.492427825927734,0.9984419224718826,4.25567626953125
0036,recorded_impulsive+stationary_10,27.99501609802246,15.858613967895508,0.9713530450048371,2.8313770294189453,17.64755630493164,0.9798078516243274,3.157353162765503,20.707542419433594,0.9936483656539327,4.174133777618408
0037,recorded_impulsive+stationary_10,15.614775657653809,16.508800506591797,0.9592061162761767,2.332822561264038,18.630849838256836,0.9691090061000176,2.6634113788604736,20.16792106628418,0.9905428458410573,3.8973777294158936
0038,recorded_impulsive+stationary_10,66.05828857421875,17.07780647277832,0.946451656483026,2.2929534912109375,20.015182495117188,0.956674979550053,2.562363862991333,21.22124481201172,0.9941054158343768,4.191835403442383
0039,recorded_impulsive+stationary_10,8.839674949645996,14.195137977600098,0.8432714316900497,2.639191150665283,16.82215118408203,0.8831590459990075,3.0956063270568848,17.591920852661133,0.9442210610177348,4.195614337921143
0000,recorded_impulsive+stationary_15,17.69212532043457,20.104602813720703,0.9177032952094483,3.0800938606262207,22.96877098083496,0.9395893871770021,3.5091745853424072,23.581321716308594,0.9847165128288817,4.213721752166748
0001,recorded_impulsive+stationary_15,15.610193252563477,9.308549880981445,0.9512565744824897,2.2049710750579834,10.35037612915039,0.9618378420975637,2.505279541015625,14.713479995727539,0.9923472810721389,4.000434398651123
0002,recorded_impulsive+stationary_15,7.009986877441406,14.619913101196289,0.970617436964514,2.1294353008270264,16.33007049560547,0.9785607148305966,2.7179434299468994,20.405284881591797,0.9936614507744583,2.9789934158325195
0003,recorded_impulsive+stationary_15,11.779059410095215,20.895328521728516,0.9889649213417663,3.591590404510498,23.5050048828125,0.9928845129748091,3.850818634033203,24.784770965576172,0.9972208612418959,4.198191165924072
0004,recorded_impulsive+stationary_15,21.725357055664062,14.92945671081543,0.9712498506396846,2.4661006927490234,18.177082061767578,0.9805430811050941,2.833056926727295,18.34552574157715,0.9944181135580312,4.080809116363525
0005,recorded_impulsive+stationary_15,3.116873025894165,18.539691925048828,0.9856252913592202,2.827364921569824,22.526283264160156,0.9896416718667904,2.889887809753418,24.116724014282227,0.9953139652026209,4.314367771148682
0006,recorded_impulsive+stationary_15,39.027915954589844,20.397817611694336,0.9853336749890546,3.3970963954925537,21.85900115966797,0.988456497999615,3.585991144180298,27.29391860961914,0.9979856813421975,4.392454147338867
0007,recorded_impulsive+stationary_15,4.181797027587891,20.956289291381836,0.9810425556074925,3.7410478591918945,23.627538681030273,0.9851592487586633,3.8384711742401123,24.889925003051758,0.9956231797352223,4.457560062408447
0008,recorded_impulsive+stationary_15,23.630544662475586,18.624317169189453,0.8910577712302632,2.285198926925659,21.265403747558594,0.9076319970615195,2.516248941421509,22.480995178222656,0.9916495423943775,4.034867763519287
0009,recorded_impulsive+stationary_15,7.316593170166016,20.847259521484375,0.9799886136251776,3.397247791290283,22.68791961669922,0.9862819341148188,3.697404146194458,25.617412567138672,0.9948077334414943,4.3871307373046875
0010,recorded_impulsive+stationary_15,20.624374389648438,17.44326400756836,0.9604285396548262,2.5921263694763184,20.171602249145508,0.9715258798303951,3.0376980304718018,21.469390869140625,0.9904479218475957,4.307979583740234
0011,recorded_impulsive+stationary_15,11.206414222717285,13.677640914916992,0.9734586179601066,2.4867284297943115,15.527743339538574,0.9778121841465537,2.8664143085479736,18.119470596313477,0.9967516558741695,4.06694221496582
0012,recorded_impulsive+stationary_15,43.90790939331055,18.214685440063477,0.9271866764863953,2.4941134452819824,20.648529052734375,0.9439890046462875,2.897447347640991,21.98196029663086,0.9864683940983567,4.162460803985596
0013,recorded_impulsive+stationary_15,4.221374988555908,18.646331787109375,0.9896832603646004,3.291746139526367,21.215335845947266,0.9923750149227418,3.6299216747283936,22.412437438964844,0.9966054696951623,4.302683353424072
0014,recorded_impulsive+stationary_15,9.625049591064453,19.721824645996094,0.970247464704399,2.840336799621582,22.856689453125,0.9780127699453913,3.204090118408203,23.610034942626953,0.992548404485652,4.218643665313721
0015,recorded_impulsive+stationary_15,6.109329700469971,18.14036750793457,0.8524595643737614,3.0783467292785645,21.035629272460938,0.918523974237079,3.325803279876709,21.685325622558594,0.9368152172676244,4.141365051269531
0016,recorded_impulsive+stationary_15,17.153589248657227,19.801555633544922,0.9531188479841172,2.7972848415374756,21.840415954589844,0.9634518964722872,3.1376495361328125,24.417016983032227,0.994883265709107,4.044519901275635
0017,recorded_impulsive+stationary_15,11.047589302062988,18.42123794555664,0.9589018184702729,3.432990074157715,20.42072105407715,0.9689282498502818,3.7709097862243652,22.91248321533203,0.9913284975293211,4.311425685882568
0018,recorded_impulsive+stationary_15,7.2883100509643555,17.077009201049805,0.9543306205358811,3.1845033168792725,18.94059944152832,0.9660140019709459,3.456291913986206,21.854759216308594,0.9844749713522148,4.304020404815674
0019,recorded_impulsive+stationary_15,12.421915054321289,16.45452308654785,0.9485965181436535,2.579498767852783,18.24353790283203,0.9583811796136886,2.9625844955444336,21.112201690673828,0.9888963339172229,4.261919975280762
0020,recorded_impulsive+stationary_15,40.23851013183594,16.97995376586914,0.9725895534979152,3.0205788612365723,20.204496383666992,0.9793732149431593,3.270698308944702,20.79911231994629,0.9953238604251956,4.325101375579834
0021,recorded_impulsive+stationary_15,12.825204849243164,17.7236385345459,0.9705743043824224,2.250210762023926,20.952106475830078,0.9771254648141076,2.554654121398926,22.017642974853516,0.9964409163667921,4.121461868286133
0022,recorded_impulsive+stationary_15,6.480745315551758,23.78249168395996,0.9871652790095115,3.8656153678894043,26.355703353881836,0.9901343403153812,4.0755228996276855,27.90962028503418,0.9968512431380014,4.421005725860596
0023,recorded_impulsive+stationary_15,33.42432403564453,17.034944534301758,0.910416128348609,2.4593725204467773,18.66351318359375,0.9355661308760651,2.724997043609619,22.32662582397461,0.9847502917035554,4.232532978057861
0024,recorded_impulsive+stationary_15,12.154915809631348,14.474373817443848,0.9701313667356423,2.1400318145751953,17.688236236572266,0.9786748313836938,2.800551176071167,18.236949920654297,0.9936445913588748,3.763777256011963
0025,recorded_impulsive+stationary_15,2.313490867614746,18.390758514404297,0.9380457313512331,3.1935675144195557,22.36389923095703,0.9595340404685647,3.6456751823425293,21.804176330566406,0.9772037195517554,4.238284587860107
0026,recorded_impulsive+stationary_15,19.92693519592285,17.681758880615234,0.9647871504935605,2.440378189086914,20.672779083251953,0.9752582396137363,2.7752020359039307,21.437103271484375,0.994249321293178,4.190977573394775
0027,recorded_impulsive+stationary_15,21.544483184814453,14.724700927734375,0.8547352890160166,1.5307261943817139,19.502098083496094,0.9001752886823999,1.9016790390014648,20.808164596557617,0.968827593181614,3.869647741317749
0028,recorded_impulsive+stationary_15,8.3056640625,16.925682067871094,0.9498962819578838,2.84443998336792,19.571746826171875,0.9622804365587301,3.1786282062530518,20.576854705810547,0.9876270510606201,4.260907173156738
0029,recorded_impulsive+stationary_15,15.847580909729004,15.243741035461426,0.9694325229005213,2.775592565536499,16.439428329467773,0.9782277277994413,3.1140029430389404,21.85590362548828,0.9941661636578439,4.307689189910889
0030,recorded_impulsive+stationary_15,18.103139877319336,20.332612991333008,0.8894849498484678,2.0686488151550293,22.173004150390625,0.9078931071414572,2.320911169052124,25.48349380493164,0.9823015983720532,4.313591957092285
0031,recorded_impulsive+stationary_15,30.217838287353516,20.71479606628418,0.983422858635111,3.1038098335266113,22.604557037353516,0.9857718474989169,3.403428316116333,26.152774810791016,0.997929166989217,4.326352119445801
0032,recorded_impulsive+stationary_15,8.50146770477295,17.34349250793457,0.988011736250651,3.6216018199920654,19.424728393554688,0.992238931342249,4.045641899108887,21.892333984375,0.9963327608010948,4.316317081451416
0033,recorded_impulsive+stationary_15,14.840153694152832,15.96551513671875,0.8186561907049286,2.081951856613159,18.671911239624023,0.8490711532198894,2.4480438232421875,19.498750686645508,0.9454162953782181,3.9583873748779297
0034,recorded_impulsive+stationary_15,18.48963165283203,18.225753784179688,0.9594416259985322,3.487431764602661,19.791044235229492,0.966996124899697,3.6918792724609375,24.748706817626953,0.991621525016886,4.320459365844727
0035,recorded_impulsive+stationary_15,12.169907569885254,16.65227508544922,0.984482566330275,2.9942543506622314,19.8089542388916,0.9893665456425472,3.322065830230713,20.756738662719727,0.9960792369261668,4.23971700668335
0036,recorded_impulsive+stationary_15,32.80274200439453,15.556754112243652,0.8348427045582942,2.0098414421081543,17.552536010742188,0.8636040776317744,2.272037982940674,19.818666458129883,0.9735448744023536,3.952536106109619
0037,recorded_impulsive+stationary_15,5.211060047149658,22.182950973510742,0.9426054536514408,3.612746238708496,25.06648826599121,0.9698654196966133,3.841320276260376,26.135765075683594,0.975126213057218,4.268193244934082
0038,recorded_impulsive+stationary_15,11.216365814208984,17.29353141784668,0.9764080143759911,2.9236419200897217,20.343849182128906,0.9835748087754576,3.1907379627227783,21.19692039489746,0.9954228595421016,4.360492706298828
0039,recorded_impulsive+stationary_15,6.762336254119873,18.251981735229492,0.7786368745810766,2.983130693435669,21.400707244873047,0.8451002512018413,3.415498733520508,22.09101676940918,0.9082756437993076,4.31620979309082
0000,recorded_impulsive+stationary_5,34.96146011352539,6.810640335083008,0.87878957523921,1.5365996360778809,7.690964221954346,0.901233317827501,1.7513585090637207,11.328396797180176,0.9693788543739262,3.131941795349121
0001,recorded_impulsive+stationary_5,13.188087463378906,10.401841163635254,0.9157697371780908,1.830417275428772,13.048725128173828,0.936879270733491,2.1234874725341797,14.040783882141113,0.9850201316630717,3.728980541229248
0002,recorded_impulsive+stationary_5,25.936866760253906,14.147658348083496,0.9486542345233089,2.118912696838379,17.81234359741211,0.9669348201002266,2.313023805618286,18.242589950561523,0.985752442575803,4.031253337860107
0003,recorded_impulsive+stationary_5,28.831308364868164,12.080846786499023,0.8931075987688587,1.870944857597351,15.368536949157715,0.9214795650781802,2.3124773502349854,15.334087371826172,0.9803346356392264,3.6713786125183105
0004,recorded_impulsive+stationary_5,16.79770851135254,11.876638412475586,0.9567613383449282,1.973341941833496,14.56661319732666,0.9680572333375613,2.2987747192382812,15.323890686035156,0.9906343693727869,3.737553834915161
0005,recorded_impulsive+stationary_5,14.843648910522461,12.108083724975586,0.9535885962630056,2.4861202239990234,14.886213302612305,0.9646620462136752,2.85325288772583,15.486982345581055,0.9897523813601528,4.036583423614502
0006,recorded_impulsive+stationary_5,20.756752014160156,14.288582801818848,0.7041161685815012,1.7898828983306885,17.18478012084961,0.75680115908547,2.0302014350891113,18.147193908691406,0.953469412811168,3.958958148956299
0007,recorded_impulsive+stationary_5,12.923552513122559,12.74519157409668,0.9547763552031532,2.1095285415649414,15.30372428894043,0.9684673725738728,2.754058837890625,16.132766723632812,0.9884151749952498,3.9138104915618896
0008,recorded_impulsive+stationary_5,7.828550815582275,15.687313079833984,0.8851195007305379,2.747677803039551,18.50837516784668,0.9232200518018274,2.423083782196045,19.656932830810547,0.9513895189256368,3.9812285900115967
0009,recorded_impulsive+stationary_5,23.286434173583984,15.66623306274414,0.9481920283218983,2.4057977199554443,17.60166358947754,0.9625350583994268,2.679621458053589,19.753440856933594,0.9885919929382727,3.98521089553833
0010,recorded_impulsive+stationary_5,25.241336822509766,20.643680572509766,0.9888711940910883,3.2458720207214355,23.198087692260742,0.9916376578277509,3.4745898246765137,24.62919044494629,0.9974250174359554,4.288249969482422
0011,recorded_impulsive+stationary_5,15.282164573669434,11.15085220336914,0.9184117427970634,1.8690779209136963,14.771528244018555,0.939337526079541,2.0846359729766846,14.284466743469238,0.9838376766190838,3.9754714965820312
0012,recorded_impulsive+stationary_5,38.749996185302734,13.456496238708496,0.8487277132234634,2.1704790592193604,16.169662475585938,0.8748520996718604,2.4330434799194336,16.6990966796875,0.9766639145874073,4.2328715324401855
0013,recorded_impulsive+stationary_5,11.389627456665039,13.180908203125,0.8558909230960572,2.2345542907714844,16.71048927307129,0.9005731924065251,2.8095767498016357,16.788959503173828,0.9405247419026029,3.7924585342407227
0014,recorded_impulsive+stationary_5,11.379175186157227,13.138531684875488,0.9013399659616422,2.6489012241363525,14.467802047729492,0.9313338038694216,3.1170177459716797,18.65715789794922,0.9677471141126454,3.964425802230835
0015,recorded_impulsive+stationary_5,25.08023452758789,12.586197853088379,0.7642149218018227,1.7427387237548828,14.200265884399414,0.8074400258519062,1.982337474822998,16.33333396911621,0.9652594140346958,3.6538710594177246
0016,recorded_impulsive+stationary_5,12.219929695129395,22.232067108154297,0.9972381258322707,3.936117649078369,24.754314422607422,0.9976990695340117,4.201809883117676,27.932188034057617,0.9995743401550142,4.444901466369629
0017,recorded_impulsive+stationary_5,23.00465202331543,11.790658950805664,0.8400836698101004,1.488114833831787,14.91945743560791,0.8665976687387014,1.7357661724090576,14.47057819366455,0.9746784868792774,3.624948501586914
0018,recorded_impulsive+stationary_5,14.797611236572266,12.676955223083496,0.9259609329413998,2.062377691268921,15.520423889160156,0.9427526006244031,2.4360830783843994,15.972929000854492,0.9868219528033979,3.723551034927368
0019,recorded_impulsive+stationary_5,3.7566068172454834,17.7507381439209,0.9492989473786578,3.410226583480835,19.08048439025879,0.9575816206276748,3.376920461654663,21.607635498046875,0.9800846706427844,4.325888633728027
0020,recorded_impulsive+stationary_5,19.80413055419922,11.916635513305664,0.9545343686208532,1.8970927000045776,15.032519340515137,0.9663806778199495,2.219595193862915,15.311497688293457,0.9910276960677787,3.926610231399536
0021,recorded_impulsive+stationary_5,25.119007110595703,16.24526596069336,0.9683038258522307,2.0829005241394043,18.526132583618164,0.9770562837808411,2.6217923164367676,20.681991577148438,0.992302755202595,4.05992317199707
0022,recorded_impulsive+stationary_5,18.663759231567383,12.551898956298828,0.9338382032608538,1.8832427263259888,15.264262199401855,0.9511591753507272,2.195526599884033,15.705915451049805,0.9870525928220885,3.7530508041381836
0023,recorded_impulsive+stationary_5,12.543498992919922,10.645526885986328,0.8694971422600802,1.7968783378601074,12.305633544921875,0.9018497801270773,1.9787757396697998,14.37034797668457,0.9601020787548263,3.1454999446868896
0024,recorded_impulsive+stationary_5,18.350482940673828,12.926704406738281,0.9392038830567472,2.2421154975891113,15.180750846862793,0.951182356297309,2.5145814418792725,18.24896812438965,0.9852769237395225,3.898155927658081
0025,recorded_impulsive+stationary_5,13.578278541564941,13.9594087600708,0.9545209791298969,2.3034706115722656,16.68842124938965,0.9645959954094995,2.715757369995117,17.606966018676758,0.9908458083275753,3.735260486602783
0026,recorded_impulsive+stationary_5,15.597513198852539,10.314836502075195,0.8940504139130283,1.8652279376983643,13.620686531066895,0.9176081669381483,2.27740478515625,13.833931922912598,0.9792959889015155,3.588320016860962
0027,recorded_impulsive+stationary_5,22.938602447509766,11.928403854370117,0.9553829499526696,1.7026411294937134,14.035501480102539,0.9668030388499266,1.8395403623580933,16.04398536682129,0.9899278396397354,3.712723970413208
0028,recorded_impulsive+stationary_5,7.477905750274658,21.48590850830078,0.9977656175900955,4.177004337310791,22.61467933654785,0.9984740587193832,4.316516876220703,28.23093032836914,0.9996330900165867,4.466076374053955
0029,recorded_impulsive+stationary_5,27.668001174926758,13.493806838989258,0.9378606453831019,2.4437053203582764,16.579898834228516,0.9544058256444626,2.8398938179016113,17.22934341430664,0.9836171990312377,3.7893877029418945
0030,recorded_impulsive+stationary_5,23.531028747558594,11.260920524597168,0.9120399744476736,1.701828956604004,14.203771591186523,0.9318195796316633,1.963781714439392,14.446483612060547,0.9793003587657716,3.58518123626709
0031,recorded_impulsive+stationary_5,84.08187103271484,13.656747817993164,0.9573365668035778,2.429100275039673,15.930632591247559,0.9691877405364009,2.8902645111083984,17.49005126953125,0.9874062951646021,4.162545680999756
0032,recorded_impulsive+stationary_5,28.116920471191406,15.497838973999023,0.8984016059113169,2.5290772914886475,17.136005401611328,0.9182739232670047,2.8115110397338867,19.998394012451172,0.9806765906296125,3.884819269180298
0033,recorded_impulsive+stationary_5,10.064061164855957,12.610974311828613,0.9546115854024247,2.4330272674560547,15.67480182647705,0.9669308372024091,2.9167120456695557,15.754339218139648,0.9868196555829618,3.9612152576446533
0034,recorded_impulsive+stationary_5,15.885225296020508,19.12238311767578,0.9152372356154768,2.5115861892700195,21.483163833618164,0.9390056344098047,2.8321642875671387,23.361431121826172,0.9781794526480295,4.138232707977295
0035,recorded_impulsive+stationary_5,39.59856033325195,12.505218505859375,0.7928761209006615,1.531127691268921,14.79909896850586,0.8319298724125752,1.7000620365142822,15.683170318603516,0.9651569772225602,3.7524654865264893
0036,recorded_impulsive+stationary_5,25.2984619140625,14.66947078704834,0.9618255760211257,2.6167705059051514,17.1077823638916,0.9712703452697585,2.8974034786224365,17.91532325744629,0.9925732043474695,4.007031440734863
0037,recorded_impulsive+stationary_5,30.398672103881836,11.090953826904297,0.9626415259462985,2.273526906967163,12.452613830566406,0.9716923911813089,2.576869487762451,16.082422256469727,0.9918672654100089,4.1154608726501465
0038,recorded_impulsive+stationary_5,65.36490631103516,15.149171829223633,0.9112352520661047,1.6952729225158691,17.25676918029785,0.9346616128691461,1.9891982078552246,19.450971603393555,0.9793089848278151,3.8060874938964844
0039,recorded_impulsive+stationary_5,8.394125938415527,14.203511238098145,0.975381892761619,2.0831174850463867,17.539255142211914,0.9848893717399513,2.3498599529266357,17.219614028930664,0.9911271135056395,2.8907172679901123
0000,recorded_impulsive_-10,8.005337715148926,23.3544921875,0.9617857717506232,3.5591390132904053,25.39512825012207,0.9652531879787061,3.8731768131256104,28.14487648010254,0.9947214281221557,4.443228721618652
0001,recorded_impulsive_-10,11.17058277130127,7.207332134246826,0.8734890015518196,1.9837005138397217,8.310381889343262,0.889038685171795,2.156113624572754,11.932453155517578,0.9813855265539071,4.094152450561523
0002,recorded_impulsive_-10,27.200603485107422,12.32229995727539,0.8494782330712076,1.2421109676361084,13.992056846618652,0.8761838667142521,1.3031721115112305,15.517759323120117,0.9785460873872093,3.927960157394409
0003,recorded_impulsive_-10,25.376672744750977,9.11223316192627,0.8553720247711754,1.6971451044082642,11.388787269592285,0.8776432605302659,1.8816111087799072,11.635393142700195,0.9785088311090859,3.842128038406372
0004,recorded_impulsive_-10,6.8943772315979,11.417230606079102,0.9142747710071311,2.403175115585327,13.115272521972656,0.926178906472311,2.611980438232422,13.990385055541992,0.9836484090645878,3.835502862930298
0005,recorded_impulsive_-10,6.230274677276611,14.296981811523438,0.9160103361605262,3.0725769996643066,15.788566589355469,0.9246902465911739,3.288923978805542,17.78325843811035,0.9853078150595719,4.109598636627197
0006,recorded_impulsive_-10,16.484270095825195,12.484870910644531,0.9233868741441106,2.5951952934265137,15.25733757019043,0.9387685977537042,2.971224546432495,15.347825050354004,0.9842203428610659,3.9923999309539795
0007,recorded_impulsive_-10,21.361989974975586,11.02316665649414,0.7939397952164614,2.1993343830108643,12.845221519470215,0.8362780350642869,2.539111375808716,14.29762077331543,0.9307742095697885,3.568228244781494
0008,recorded_impulsive_-10,52.64639663696289,10.872489929199219,0.9177876819398355,1.4652758836746216,13.71212387084961,0.929074534284671,1.635563850402832,14.605175018310547,0.9923071214582885,3.6195712089538574
0009,recorded_impulsive_-10,29.65536117553711,8.166013717651367,0.9096818648860464,1.6718711853027344,9.912094116210938,0.9304802383012987,2.00970458984375,12.196712493896484,0.9842413922533105,3.56012225151062
0010,recorded_impulsive_-10,14.445971488952637,11.238239288330078,0.9183198447257218,2.323584794998169,12.488853454589844,0.9330170287935854,2.7068071365356445,15.212603569030762,0.9830049666448298,3.9007651805877686
0011,recorded_impulsive_-10,16.096946716308594,6.512941837310791,0.8104345935176585,1.3096113204956055,8.140052795410156,0.843383410768465,1.5125396251678467,8.495179176330566,0.9632272143321519,2.876634120941162
0012,recorded_impulsive_-10,8.312596321105957,12.421006202697754,0.9598364156087271,3.0175411701202393,12.735915184020996,0.9679450444780165,3.2424092292785645,23.90494155883789,0.9942008473227885,4.215572834014893
0013,recorded_impulsive_-10,29.596317291259766,3.968860149383545,0.7584248616181242,1.2135652303695679,6.121710777282715,0.7908811334958357,1.2923083305358887,6.916242599487305,0.952347199654071,3.241373300552368
0014,recorded_impulsive_-10,44.30473327636719,14.45369815826416,0.7929776881351904,2.276862382888794,16.675203323364258,0.8408308075964579,2.630901575088501,17.738964080810547,0.9625648260320546,3.9976887702941895
0015,recorded_impulsive_-10,33.984920501708984,8.205463409423828,0.8426986362863979,1.3465043306350708,9.33839225769043,0.8624106662340517,1.5019315481185913,10.717781066894531,0.977286198546977,3.2710483074188232
0016,recorded_impulsive_-10,30.01926040649414,2.7794265747070312,0.6973452438819131,1.24727201461792,5.312064170837402,0.7378169718731472,1.437812089920044,6.193759918212891,0.9564116959848494,3.353001594543457
0017,recorded_impulsive_-10,24.558597564697266,10.392948150634766,0.8738974513011778,1.668738842010498,11.6017427444458,0.8863182595053373,2.0297815799713135,12.774090766906738,0.9843842316179231,3.7137818336486816
0018,recorded_impulsive_-10,37.05670928955078,8.618786811828613,0.8811097093931067,1.5140492916107178,9.615842819213867,0.9022267208843163,1.914677619934082,15.31325912475586,0.987506624024008,3.9030206203460693
0019,recorded_impulsive_-10,28.501630783081055,10.789831161499023,0.8833005608359441,1.5892980098724365,12.952412605285645,0.9088961460898018,1.8056777715682983,14.909826278686523,0.9761736109725349,3.735034465789795
0020,recorded_impulsive_-10,71.27140045166016,9.175525665283203,0.745659663047335,1.4308911561965942,11.062860488891602,0.7835721210810823,1.5900897979736328,12.688920974731445,0.967202179205806,3.036741256713867
0021,recorded_impulsive_-10,13.539448738098145,-1.3321356773376465,0.8802080396963262,1.2585644721984863,1.4063972234725952,0.8991937447600347,1.375124454498291,11.606396675109863,0.9860904143563374,3.29032564163208
0022,recorded_impulsive_-10,41.29386520385742,8.456801414489746,0.8801421843766036,1.424938678741455,10.322380065917969,0.8948772940549243,1.60256028175354,11.67342758178711,0.9838006346459003,3.62314510345459
0023,recorded_impulsive_-10,13.504942893981934,-0.42505860328674316,0.5920034060724959,1.2962859869003296,1.3959383964538574,0.6528135184480864,1.3713109493255615,10.230865478515625,0.8803811570408484,3.644996166229248
0024,recorded_impulsive_-10,20.724781036376953,5.459738254547119,0.8049307225313149,1.3191782236099243,7.997088432312012,0.8299592286643053,1.4362092018127441,7.770993232727051,0.9753896349904193,3.3398847579956055
0025,recorded_impulsive_-10,12.745354652404785,13.055257797241211,0.9427587693822534,2.13266921043396,14.9715576171875,0.9544579125298381,2.5158627033233643,16.02396011352539,0.9881099527815308,3.9030985832214355
0026,recorded_impulsive_-10,26.21179962158203,8.425959587097168,0.9142638224013199,2.025394916534424,9.593615531921387,0.9343258230370082,2.5999720096588135,10.912206649780273,0.9726088640103455,3.122983932495117
0027,recorded_impulsive_-10,46.083736419677734,13.203012466430664,0.9618271160611422,2.5588438510894775,15.964475631713867,0.9724640478159026,2.816319465637207,16.751047134399414,0.9907283347779317,3.938275098800659
0028,recorded_impulsive_-10,9.429584503173828,11.91830062866211,0.9286746700728695,2.68245792388916,13.363903999328613,0.9523406620032605,3.318380355834961,15.714134216308594,0.9721057488830591,3.8304152488708496
0029,recorded_impulsive_-10,10.539462089538574,14.538130760192871,0.9911433165224676,2.966702699661255,15.868917465209961,0.9936351671091577,3.3317713737487793,15.968719482421875,0.9980129677495677,4.016380786895752
0030,recorded_impulsive_-10,38.132415771484375,11.318902015686035,0.8844722951216303,1.5790847539901733,12.280713081359863,0.9010999961449905,1.777130126953125,15.34471607208252,0.9867853356732627,3.692988872528076
0031,recorded_impulsive_-10,32.099853515625,4.827769756317139,0.6335660936542317,1.1499488353729248,6.034344673156738,0.6835097218909715,1.1937624216079712,6.899125099182129,0.949929950498344,3.153784990310669
0032,recorded_impulsive_-10,21.11062240600586,7.937919616699219,0.8974829879196551,1.6734248399734497,9.51005744934082,0.9152161263554319,1.9711239337921143,12.183120727539062,0.9819273810447432,3.3543405532836914
0033,recorded_impulsive_-10,32.20535659790039,10.01616382598877,0.8518830529827341,1.546067714691162,11.290189743041992,0.8874509245919198,1.7527128458023071,12.025017738342285,0.9583936083399545,3.720918893814087
0034,recorded_impulsive_-10,13.331399917602539,11.908530235290527,0.8812831037198046,1.9192065000534058,14.965860366821289,0.901633684283773,2.4424898624420166,14.004663467407227,0.9776625254116048,3.737497568130493
0035,recorded_impulsive_-10,40.736854553222656,11.159317016601562,0.7703681236460255,1.6706664562225342,11.537147521972656,0.8075840679460703,1.8389009237289429,17.254913330078125,0.9652203524453712,3.857473373413086
0036,recorded_impulsive_-10,41.789424896240234,10.644883155822754,0.9035191606761354,1.663769006729126,11.505489349365234,0.9206317625369244,1.811727523803711,16.95907974243164,0.985366067744921,3.951369524002075
0037,recorded_impulsive_-10,32.387840270996094,18.894533157348633,0.9882092184271,2.3165571689605713,20.98415756225586,0.9921078569459361,2.760709285736084,24.7898006439209,0.9978539720781299,4.053700923919678
0038,recorded_impulsive_-10,8.784735679626465,15.021844863891602,0.9420350102311126,2.6931474208831787,16.137378692626953,0.9485144559268076,2.888005018234253,22.784912109375,0.9957486196271994,4.32884407043457
0039,recorded_impulsive_-10,38.708011627197266,6.6742963790893555,0.7982951572081044,1.1443220376968384,8.664523124694824,0.8472867751017061,1.2443853616714478,9.999603271484375,0.957053212898055,2.9157145023345947
0000,recorded_impulsive_-5,30.966171264648438,17.04985809326172,0.9767221063521057,2.5521578788757324,19.3668212890625,0.9824816368488855,2.8329899311065674,21.074508666992188,0.9945579117989193,4.133072853088379
0001,recorded_impulsive_-5,27.74177360534668,9.597739219665527,0.7712705188693619,1.3502914905548096,10.45345687866211,0.81591920040319,1.4597523212432861,12.826141357421875,0.9510675626663404,3.552981376647949
0002,recorded_impulsive_-5,28.063190460205078,13.972503662109375,0.9430171540333612,2.0235509872436523,14.826499938964844,0.9504392035207606,2.18621563911438,15.667859077453613,0.99371530979313,3.847654104232788
0003,recorded_impulsive_-5,29.836456298828125,7.330925941467285,0.8722480158817416,1.2143536806106567,10.47589111328125,0.9089179070743089,1.4701834917068481,10.215911865234375,0.9615221920820096,2.6120996475219727
0004,recorded_impulsive_-5,39.04218673706055,8.753275871276855,0.9507478781887129,1.897559642791748,10.33333683013916,0.9597733878320922,2.1895103454589844,13.974431991577148,0.9916617025536364,3.961421251296997
0005,recorded_impulsive_-5,46.02473449707031,7.782222747802734,0.7824249160665591,1.5445383787155151,8.48559284210205,0.8250354830500839,1.6894723176956177,10.081825256347656,0.9647836579190369,3.678298234939575
0006,recorded_impulsive_-5,7.93552303314209,16.484397888183594,0.9903431291384759,3.2567145824432373,18.939292907714844,0.9924548188295839,3.4534990787506104,19.819032669067383,0.9979282205855696,4.281489372253418
0007,recorded_impulsive_-5,21.852643966674805,7.476764678955078,0.9009292378994015,1.4033558368682861,8.945554733276367,0.9118204977103542,1.5165420770645142,14.259553909301758,0.9884136507458445,3.8672163486480713
0008,recorded_impulsive_-5,48.375526428222656,16.365678787231445,0.9519047313199555,2.5293264389038086,18.668472290039062,0.9630320928741235,2.965792417526245,20.093597412109375,0.9897696594380895,3.9235384464263916
0009,recorded_impulsive_-5,12.810600280761719,20.86007308959961,0.9799558505860182,2.596958637237549,24.20536231994629,0.9861631318843319,2.7519335746765137,24.939767837524414,0.9929981154719703,3.4103007316589355
0010,recorded_impulsive_-5,35.57342529296875,12.684598922729492,0.9411408042959556,2.147739887237549,13.953293800354004,0.9436828759844015,2.5176894664764404,16.576107025146484,0.9947455171380363,4.027766227722168
0011,recorded_impulsive_-5,9.974823951721191,12.304794311523438,0.9475992778962922,2.2836718559265137,14.050735473632812,0.9605414448210611,2.6511640548706055,14.856987953186035,0.9900133558507291,3.646785020828247
0012,recorded_impulsive_-5,13.8287935256958,9.728093147277832,0.9371608443818414,1.6455248594284058,11.146968841552734,0.9499713997332097,1.9641146659851074,13.039565086364746,0.9878805429989418,3.355933427810669
0013,recorded_impulsive_-5,21.694194793701172,6.96354866027832,0.8100918312044136,1.6034727096557617,8.69414234161377,0.8471353568884553,1.8457870483398438,11.544525146484375,0.9692563635438725,3.498096466064453
0014,recorded_impulsive_-5,21.79400062561035,12.548269271850586,0.9536768748999579,2.525757312774658,14.961213111877441,0.9660897582060823,2.8799219131469727,14.547325134277344,0.9880744731528007,4.145320415496826
0015,recorded_impulsive_-5,15.538987159729004,7.331845283508301,0.9016169647710788,1.6022586822509766,9.890484809875488,0.936712604018037,2.017679214477539,13.563940048217773,0.9851971001443625,3.9360556602478027
0016,recorded_impulsive_-5,31.29595184326172,11.907254219055176,0.8850393341236177,2.301914691925049,12.883262634277344,0.8917618194422924,2.484274387359619,16.270891189575195,0.988968117539704,4.013804912567139
0017,recorded_impulsive_-5,10.30329418182373,10.122980117797852,0.9494079500553523,2.3292369842529297,10.91038703918457,0.9541885888928318,2.6031854152679443,14.645634651184082,0.9899984906687537,3.9463469982147217
0018,recorded_impulsive_-5,29.80067253112793,4.717031955718994,0.5102928576493526,1.2546088695526123,7.42494535446167,0.5738305013893619,1.4482840299606323,12.443343162536621,0.9339506977007916,3.1423423290252686
0019,recorded_impulsive_-5,32.8204460144043,12.308099746704102,0.964349357770616,2.249821186065674,13.981943130493164,0.9735639985894127,2.6894946098327637,15.956191062927246,0.9927229523123351,3.8999617099761963
0020,recorded_impulsive_-5,63.57784652709961,16.368986129760742,0.8613565583244779,1.9646363258361816,17.665252685546875,0.8873693361825543,2.139033317565918,21.122236251831055,0.9816476140737589,4.215991020202637
0021,recorded_impulsive_-5,11.59909439086914,11.362942695617676,0.9444542756318359,2.888955593109131,12.450379371643066,0.9505967174157955,3.1549339294433594,13.491301536560059,0.9906440270557958,4.148160457611084
0022,recorded_impulsive_-5,8.896355628967285,12.695355415344238,0.9874178522516222,1.9506702423095703,14.482192039489746,0.9878487805636054,2.0724544525146484,36.89179229736328,0.9996646305971304,4.374745845794678
0023,recorded_impulsive_-5,20.70589828491211,4.268825531005859,0.8829652440112987,1.88663911819458,9.085578918457031,0.90741449459011,2.1821022033691406,19.321460723876953,0.9905054268739418,3.85683274269104
0024,recorded_impulsive_-5,31.798465728759766,11.013843536376953,0.78416320066097,2.1028974056243896,12.525922775268555,0.8467752350783206,2.3945112228393555,14.839488983154297,0.9272199125468372,3.5242574214935303
0025,recorded_impulsive_-5,12.792057991027832,16.15144920349121,0.977902832358714,3.0895986557006836,18.774805068969727,0.9834992580605608,3.450486183166504,20.95215606689453,0.9960837793691819,4.069259166717529
0026,recorded_impulsive_-5,21.279294967651367,12.015192031860352,0.9195911925544814,1.5009088516235352,13.99718189239502,0.9305826978829502,1.6465978622436523,15.789933204650879,0.990844951219878,3.9970529079437256
0027,recorded_impulsive_-5,14.61830997467041,7.967315196990967,0.8817059252084762,1.4234733581542969,10.053929328918457,0.8990346618710793,1.5779087543487549,10.57737922668457,0.9846912015240118,4.0797624588012695
0028,recorded_impulsive_-5,31.39266586303711,12.944499969482422,0.9453787337134857,2.2481555938720703,14.670625686645508,0.9555195660582271,2.5198042392730713,17.028215408325195,0.9915969230863463,3.9289562702178955
0029,recorded_impulsive_-5,22.421459197998047,17.614253997802734,0.94669337387406,2.135596752166748,19.66158103942871,0.9553969547632291,2.37308931350708,20.21418571472168,0.9925875065531281,4.186683654785156
0030,recorded_impulsive_-5,19.326435089111328,10.471939086914062,0.8901184298862523,1.9007856845855713,11.970876693725586,0.906798133493402,2.192220449447632,15.07617473602295,0.9794362374037829,3.8473525047302246
0031,recorded_impulsive_-5,8.525495529174805,15.330611228942871,0.98374243600325,3.0164153575897217,17.231285095214844,0.9856938875535638,3.309436559677124,19.347917556762695,0.9972865694526359,4.421541690826416
0032,recorded_impulsive_-5,34.176612854003906,9.905254364013672,0.8469244249663639,1.7962517738342285,10.443973541259766,0.8704574227956394,2.0386924743652344,17.00568389892578,0.9788148315399855,3.845756769180298
0033,recorded_impulsive_-5,38.96532440185547,8.410735130310059,0.8899050073232752,1.837743878364563,9.83722972869873,0.9094056297144228,2.114746332168579,11.499032974243164,0.9757523080167227,3.520564556121826
0034,recorded_impulsive_-5,31.388086318969727,14.303349494934082,0.7878227159346232,1.8425889015197754,15.876812934875488,0.8310788606265684,2.1615653038024902,17.204099655151367,0.9417438972326807,3.6387245655059814
0035,recorded_impulsive_-5,51.9216194152832,16.216859817504883,0.9119300517089961,2.844788074493408,17.58200454711914,0.9261405489792882,3.180058240890503,20.992538452148438,0.9866406518692308,4.2393646240234375
0036,recorded_impulsive_-5,30.225055694580078,9.280298233032227,0.9250544392309638,1.8096904754638672,10.916224479675293,0.9413846592524432,2.120305299758911,13.583279609680176,0.9862786984638547,3.3238484859466553
0037,recorded_impulsive_-5,17.650880813598633,7.153238296508789,0.7355746601009435,1.1862895488739014,8.967305183410645,0.7666098438995326,1.2645642757415771,11.983698844909668,0.975241826838037,3.634899854660034
0038,recorded_impulsive_-5,19.351587295532227,14.461977005004883,0.8651897362397892,2.3980135917663574,15.423478126525879,0.8827017511693234,2.5956506729125977,19.305532455444336,0.9711413215791506,4.350891590118408
0039,recorded_impulsive_-5,77.056884765625,14.67028522491455,0.7848955459140543,1.5437343120574951,17.02127456665039,0.8220783960751432,1.690976858139038,18.778322219848633,0.9695567454635398,3.7667152881622314
0000,recorded_impulsive_0,21.058094024658203,12.312143325805664,0.8326447365731012,1.5925614833831787,14.025459289550781,0.8596545211421454,1.828399896621704,15.321999549865723,0.9807453369814552,3.774247884750366
0001,recorded_impulsive_0,21.42444610595703,13.741096496582031,0.917215664277218,1.8417601585388184,15.368297576904297,0.9296651703395008,2.084671974182129,16.346927642822266,0.9907252326118158,3.91837215423584
0002,recorded_impulsive_0,33.55973434448242,13.522266387939453,0.8766169430573388,1.9929792881011963,16.161226272583008,0.9049732020788289,2.2754721641540527,17.039794921875,0.977935026813317,4.006886959075928
0003,recorded_impulsive_0,46.487606048583984,14.469812393188477,0.9164844352641361,1.713148832321167,16.20496368408203,0.9303500007973438,2.0714328289031982,19.652565002441406,0.991159530420944,3.755884885787964
0004,recorded_impulsive_0,7.394938945770264,12.407975196838379,0.9541511833709013,2.2757930755615234,15.026970863342285,0.9653493374583593,2.7570102214813232,16.559810638427734,0.9887272106157515,4.01106071472168
0005,recorded_impulsive_0,14.144259452819824,11.867705345153809,0.9542827576170965,2.749340772628784,14.47684097290039,0.9626584515414752,3.0540249347686768,14.4572172164917,0.9889430470298931,4.151124954223633
0006,recorded_impulsive_0,18.450300216674805,7.965183734893799,0.8676523268422917,1.201162338256836,9.649544715881348,0.886259800243725,1.2777979373931885,11.189477920532227,0.9865137104728726,3.7040693759918213
0007,recorded_impulsive_0,16.286046981811523,6.484878063201904,0.7991486383083388,1.955449104309082,9.318304061889648,0.8207050084501946,2.1678433418273926,18.213279724121094,0.9764659065257274,3.973748207092285
0008,recorded_impulsive_0,11.378592491149902,12.334612846374512,0.9375080401608276,1.9884899854660034,13.524679183959961,0.946190723402406,2.277517080307007,18.75602912902832,0.9930212648854407,4.04182243347168
0009,recorded_impulsive_0,23.127338409423828,11.631307601928711,0.8923097326511553,1.9787869453430176,12.665363311767578,0.90148730971014,2.1679840087890625,15.33974552154541,0.989637802034097,3.880465030670166
0010,recorded_impulsive_0,22.450075149536133,8.69927978515625,0.8932508497069118,1.7566461563110352,10.752227783203125,0.9137940987553277,2.0300681591033936,12.176937103271484,0.9807124616857081,3.7085132598876953
0011,recorded_impulsive_0,29.466970443725586,13.062908172607422,0.9411421551182984,2.5503976345062256,14.485313415527344,0.9515366524031085,2.9004621505737305,18.100711822509766,0.9920228283485542,4.090014457702637
0012,recorded_impulsive_0,11.583245277404785,14.379648208618164,0.9668336352101304,2.771651268005371,16.58822250366211,0.9734538729595188,3.1808509826660156,18.079065322875977,0.9919167431282399,4.064389228820801
0013,recorded_impulsive_0,7.855866432189941,14.574995040893555,0.932059455702125,2.4671831130981445,16.22305679321289,0.9477228149407775,2.784029006958008,19.424694061279297,0.9887563748009862,4.272939205169678
0014,recorded_impulsive_0,7.789323806762695,18.652021408081055,0.9898025527760043,3.129197120666504,21.770824432373047,0.993955380460406,3.520778179168701,22.852664947509766,0.9976703660368046,4.230646133422852
0015,recorded_impulsive_0,20.94967269897461,11.116178512573242,0.8809572229968662,2.330280065536499,11.916028022766113,0.9153303152388288,2.526254177093506,17.882152557373047,0.9651007446031994,3.856780529022217
0016,recorded_impulsive_0,14.763212203979492,12.612354278564453,0.915195669772682,2.3973891735076904,14.360307693481445,0.9273998766517006,2.8843486309051514,15.532917022705078,0.985786046880664,3.976795196533203
0017,recorded_impulsive_0,13.38325309753418,13.40872859954834,0.8908617364661773,2.632553815841675,14.916666030883789,0.9146377646259596,2.933997392654419,16.899002075195312,0.9711739439827064,4.029391765594482
0018,recorded_impulsive_0,12.5377779006958,13.733882904052734,0.9311382696517891,2.7569704055786133,14.31649112701416,0.9432631876704931,3.214339017868042,21.219066619873047,0.987970033592975,4.24953556060791
0019,recorded_impulsive_0,25.43824577331543,9.552337646484375,0.941137128255031,1.7688499689102173,10.966753959655762,0.9496247449473628,1.9855310916900635,15.283384323120117,0.9898018526518085,2.4921064376831055
0020,recorded_impulsive_0,16.59258270263672,11.395059585571289,0.9358663803381444,1.9267387390136719,13.530628204345703,0.9504702351528057,2.1879167556762695,14.603117942810059,0.9852132938989113,3.6520447731018066
0021,recorded_impulsive_0,19.985151290893555,16.60944366455078,0.8681832482920682,1.9165818691253662,18.443561553955078,0.9087826652158608,2.1998214721679688,20.89480209350586,0.9669262012892142,3.9920549392700195
0022,recorded_impulsive_0,24.016355514526367,9.26710319519043,0.9040140743817603,1.3486049175262451,10.40587043762207,0.9282656521132364,1.8157329559326172,14.658160209655762,0.9740343595781241,2.3150010108947754
0023,recorded_impulsive_0,27.71914291381836,10.692895889282227,0.9361662858919627,2.064675807952881,14.688461303710938,0.9512085366149259,2.399214744567871,13.250251770019531,0.9858551295958273,3.8729333877563477
0024,recorded_impulsive_0,10.941853523254395,19.097427368164062,0.9800932144216341,2.6816303730010986,22.57556915283203,0.9858528144011192,3.0226669311523438,22.640905380249023,0.9935757696380091,4.244776248931885
0025,recorded_impulsive_0,37.03466796875,9.545099258422852,0.9657595952471076,2.1718292236328125,10.517071723937988,0.9701637076856475,2.4783124923706055,15.083305358886719,0.9944679739657001,4.176295757293701
0026,recorded_impulsive_0,24.367704391479492,15.22052001953125,0.9132881941162566,1.9892027378082275,17.450769424438477,0.9237420004171294,2.277883529663086,17.734420776367188,0.9918534137908795,4.035219192504883
0027,recorded_impulsive_0,24.20234489440918,13.002279281616211,0.9470058073697698,2.2209243774414062,13.81879997253418,0.9607246095565987,2.4789018630981445,19.624059677124023,0.9907106491758526,4.250813007354736
0028,recorded_impulsive_0,14.362245559692383,20.856956481933594,0.9809931960577113,2.8736846446990967,23.399736404418945,0.9863239594716391,3.1320552825927734,25.246490478515625,0.9972272114800194,4.422001361846924
0029,recorded_impulsive_0,68.39920043945312,11.914766311645508,0.9335706758957992,2.517695665359497,12.693425178527832,0.9420309090173818,2.8893015384674072,18.571548461914062,0.9910967171325809,4.047242164611816
0030,recorded_impulsive_0,16.56307601928711,17.496864318847656,0.9569433733626795,2.01529598236084,20.77112579345703,0.9714153856908657,2.372490167617798,22.339736938476562,0.9938426018677163,4.03272008895874
0031,recorded_impulsive_0,12.03577995300293,17.541879653930664,0.9824615393196552,2.7698395252227783,19.64898109436035,0.9869884689218917,2.9711554050445557,22.238075256347656,0.9951318952814835,4.148019313812256
0032,recorded_impulsive_0,12.020094871520996,11.05416202545166,0.8909265519303382,2.0528624057769775,13.594788551330566,0.9128994045644541,2.3085882663726807,16.632923126220703,0.9730353217016556,4.128850936889648
0033,recorded_impulsive_0,24.834274291992188,13.707170486450195,0.9473583096517023,2.52093768119812,15.521493911743164,0.960232098800089,3.049088716506958,18.04056739807129,0.9921182905449156,3.9796202182769775
0034,recorded_impulsive_0,36.58515167236328,15.919341087341309,0.8995642825406353,2.4456093311309814,18.399736404418945,0.9196331898380954,2.814836025238037,19.507080078125,0.9822541469869206,4.2598876953125
0035,recorded_impulsive_0,7.995482921600342,10.453418731689453,0.9168231144856641,1.874706745147705,12.672171592712402,0.9351788402920251,2.2558348178863525,13.938257217407227,0.979681971687056,3.8490593433380127
0036,recorded_impulsive_0,11.512663841247559,13.437663078308105,0.9384915166100483,2.464398145675659,15.523452758789062,0.9470292347969029,2.8404109477996826,17.676212310791016,0.9913699938374614,4.148806095123291
0037,recorded_impulsive_0,21.43397331237793,13.16916561126709,0.8347892903690688,1.8419249057769775,15.328646659851074,0.8596215324534342,2.1005349159240723,16.336624145507812,0.9798324998533968,3.6309432983398438
0038,recorded_impulsive_0,28.717262268066406,10.273429870605469,0.8627878428810252,1.5142788887023926,12.289811134338379,0.8849152224670555,1.662672996520996,12.464664459228516,0.9803859284454973,3.732755184173584
0039,recorded_impulsive_0,16.074785232543945,9.814919471740723,0.907622939165429,1.695600986480713,11.274259567260742,0.9243963605465706,1.9053595066070557,10.804353713989258,0.9797026999888798,3.8178751468658447
0000,recorded_impulsive_10,10.179328918457031,15.132152557373047,0.9747720253726697,2.6912598609924316,17.198850631713867,0.9787166142017389,2.940786123275757,19.613916397094727,0.9981787307334596,4.3081769943237305
0001,recorded_impulsive_10,9.661298751831055,23.54109001159668,0.9982678007494624,3.51421856880188,25.142131805419922,0.9988387226127676,3.813366174697876,29.323728561401367,0.9995211569463932,4.409924030303955
0002,recorded_impulsive_10,8.500738143920898,17.027280807495117,0.9779993979634588,2.6298201084136963,20.121706008911133,0.983797269578936,2.9330127239227295,20.967586517333984,0.9952574173864176,4.244779109954834
0003,recorded_impulsive_10,16.38153076171875,16.383628845214844,0.962699606658545,2.551694869995117,19.890159606933594,0.9719586842020854,2.8742096424102783,19.920753479003906,0.9930818582034806,4.003166198730469
0004,recorded_impulsive_10,25.765132904052734,21.563692092895508,0.9928075484997251,3.3320281505584717,22.958757400512695,0.9948339740039954,3.5417368412017822,28.22923469543457,0.9986499910830728,4.479098796844482
0005,recorded_impulsive_10,14.301112174987793,20.34500503540039,0.9866115916384981,2.6916160583496094,23.085811614990234,0.9900210886924742,2.9191296100616455,24.770008087158203,0.9987433328207056,4.383480072021484
0006,recorded_impulsive_10,9.697246551513672,21.70374298095703,0.9959575137836062,3.4900448322296143,23.486534118652344,0.997223344683993,3.7997634410858154,27.3533992767334,0.998889732397855,4.336520195007324
0007,recorded_impulsive_10,28.048921585083008,14.199651718139648,0.9995177623571835,3.5250403881073,15.09426498413086,0.999640301322523,3.66312837600708,34.571388244628906,0.9999363676023912,4.389002323150635
0008,recorded_impulsive_10,29.287893295288086,13.369511604309082,0.975427226846079,2.3081459999084473,15.656169891357422,0.9817110795902918,2.597339391708374,17.645343780517578,0.9947929266584873,4.2229228019714355
0009,recorded_impulsive_10,17.00969696044922,15.971327781677246,0.9541891027583997,2.446967124938965,19.011363983154297,0.9643634677036259,2.917020320892334,19.640304565429688,0.991653253618614,4.14412260055542
0010,recorded_impulsive_10,9.060011863708496,16.984989166259766,0.9088625866219486,2.2136828899383545,20.087398529052734,0.9246564664868799,2.5131068229675293,19.760143280029297,0.990150525733297,4.09277868270874
0011,recorded_impulsive_10,14.17331600189209,16.092769622802734,0.9775776191675316,2.427645444869995,19.010313034057617,0.9820976953454452,2.8361401557922363,19.384828567504883,0.996683181069348,4.152535438537598
0012,recorded_impulsive_10,16.21237564086914,13.560637474060059,0.9526542795785192,2.3395304679870605,16.268238067626953,0.9623884857162146,2.580120801925659,20.325130462646484,0.9927830597149864,4.425473690032959
0013,recorded_impulsive_10,8.25281047821045,17.150962829589844,0.9501044052640133,3.4606196880340576,19.13216209411621,0.9592953804421648,3.6640753746032715,21.6651611328125,0.9884862417153694,4.441844463348389
0014,recorded_impulsive_10,6.879219055175781,16.345407485961914,0.9690480795949293,2.8011372089385986,19.43952178955078,0.9750543571761825,3.1571030616760254,19.999940872192383,0.9956845022364452,4.1881327629089355
0015,recorded_impulsive_10,5.171512603759766,15.821990966796875,0.9574349748233273,2.5205276012420654,18.632856369018555,0.9683590597642409,2.8729121685028076,20.060537338256836,0.9928487650756858,4.285721778869629
0016,recorded_impulsive_10,15.41218090057373,17.848976135253906,0.9668504230100258,2.6914918422698975,20.527551651000977,0.9743837564933967,2.9688570499420166,22.233055114746094,0.9935886682364193,4.278184413909912
0017,recorded_impulsive_10,11.696353912353516,22.960391998291016,0.9785170245592085,3.0255658626556396,24.743803024291992,0.9837928469512974,3.4976189136505127,34.18572998046875,0.9940408237734568,4.4343719482421875
0018,recorded_impulsive_10,9.473623275756836,15.58320426940918,0.9870262469724645,3.355038642883301,17.765308380126953,0.989152883897594,3.5323235988616943,20.096908569335938,0.9982344592472346,4.244045257568359
0019,recorded_impulsive_10,11.573393821716309,22.17832374572754,0.9902078713377835,3.0276949405670166,24.478910446166992,0.9929405806813156,3.3534352779388428,26.68448257446289,0.9986044667623055,4.268136501312256
0020,recorded_impulsive_10,5.833352088928223,18.244165420532227,0.9733902040565765,3.051945924758911,20.666641235351562,0.9810903159372149,3.3687918186187744,21.099544525146484,0.9937551232138628,4.205933094024658
0021,recorded_impulsive_10,13.224424362182617,22.680797576904297,0.992765077718456,3.4943809509277344,24.65631103515625,0.9938604327167084,3.737044095993042,27.688846588134766,0.9988563935740737,4.170446395874023
0022,recorded_impulsive_10,17.73209571838379,18.11438751220703,0.916564531581847,3.8252813816070557,19.915603637695312,0.9299377927074459,4.020330905914307,22.795780181884766,0.9837892659921875,4.393072605133057
0023,recorded_impulsive_10,29.43907356262207,17.964128494262695,0.9776262300865252,2.4445369243621826,20.14716339111328,0.9820828837081371,2.733785629272461,21.24385643005371,0.994910505306142,3.9399800300598145
0024,recorded_impulsive_10,15.292790412902832,10.774688720703125,0.8934475975872047,2.0164105892181396,13.665633201599121,0.913604769941466,2.252988815307617,18.255508422851562,0.9899338820159109,4.1398186683654785
0025,recorded_impulsive_10,17.516691207885742,15.386662483215332,0.9335572730863321,2.308894157409668,17.47893524169922,0.9495862039424058,2.6720783710479736,19.202070236206055,0.9872462883570522,3.9275457859039307
0026,recorded_impulsive_10,18.642192840576172,16.224201202392578,0.9690395040420622,2.3049230575561523,17.764989852905273,0.9740703730987939,2.5056796073913574,19.05805015563965,0.997244174430036,4.061548709869385
0027,recorded_impulsive_10,26.15032958984375,17.274784088134766,0.9775042858446554,2.0811827182769775,18.86766815185547,0.9840874816001138,2.481688976287842,22.593387603759766,0.9958302540870497,3.100203275680542
0028,recorded_impulsive_10,18.210676193237305,16.405914306640625,0.9906163890771021,2.507474422454834,20.332534790039062,0.9936297775563467,2.8000993728637695,20.878467559814453,0.9985878137094877,4.278820514678955
0029,recorded_impulsive_10,17.853548049926758,15.085664749145508,0.8705480244910191,2.206486701965332,18.32329559326172,0.8909011620008074,2.490389108657837,19.993675231933594,0.9725538575351588,4.271832466125488
0030,recorded_impulsive_10,14.534087181091309,21.56378936767578,0.9980799358664025,3.0777220726013184,24.26354217529297,0.9984496384823056,3.255781412124634,24.46831512451172,0.999717301792686,4.437711238861084
0031,recorded_impulsive_10,41.93376159667969,16.879087448120117,0.9766298310941829,3.0249698162078857,18.896442413330078,0.9814664308700649,3.304340362548828,22.08453941345215,0.996857323096887,4.38596248626709
0032,recorded_impulsive_10,11.816330909729004,17.758695602416992,0.9504190927908749,3.353184700012207,20.312274932861328,0.9583764203240785,3.5175607204437256,21.032047271728516,0.9880107750831567,4.456794738769531
0033,recorded_impulsive_10,33.50325012207031,17.243860244750977,0.9760174184858286,2.5906407833099365,19.22149085998535,0.9892247509329272,2.8233227729797363,23.538503646850586,0.9910868816633424,4.033749103546143
0034,recorded_impulsive_10,14.584115028381348,20.297258377075195,0.927442408038023,3.1338868141174316,21.8924503326416,0.9355946608520362,3.410285234451294,25.264360427856445,0.9885801399022471,4.397895336151123
0035,recorded_impulsive_10,4.868116855621338,18.247106552124023,0.9834918256284206,3.3195762634277344,22.236536026000977,0.9873139824558504,3.586944341659546,20.621200561523438,0.9967428654834359,4.236720085144043
0036,recorded_impulsive_10,5.733564853668213,23.084308624267578,0.9467604223668579,3.759328603744507,25.120342254638672,0.9570066158635256,3.9264137744903564,27.991323471069336,0.9786179920722117,4.510717391967773
0037,recorded_impulsive_10,5.299081802368164,14.94167423248291,0.9911539309800759,3.397125244140625,16.80693244934082,0.9934645927002673,3.5581066608428955,17.337255477905273,0.9984636203627677,4.441654682159424
0038,recorded_impulsive_10,14.776100158691406,15.351783752441406,0.8571014049206722,2.2115817070007324,18.579856872558594,0.8861327947808558,2.5401506423950195,18.33699607849121,0.9766157818762324,4.0973310470581055
0039,recorded_impulsive_10,16.566360473632812,18.757455825805664,0.9650386912842983,3.247220754623413,21.107065200805664,0.972478485069653,3.4714248180389404,23.514013290405273,0.9950203739095709,4.272480487823486
0000,recorded_impulsive_15,8.978081703186035,14.188055038452148,0.9792411498362897,3.0500423908233643,17.233789443969727,0.9848891944055911,3.2635507583618164,18.332660675048828,0.9969701101367595,4.222251892089844
0001,recorded_impulsive_15,23.56622886657715,18.49683952331543,0.9144939383209979,3.0677576065063477,22.299270629882812,0.9287442303730762,3.305732250213623,22.087921142578125,0.9800147028216788,4.53834867477417
0002,recorded_impulsive_15,11.07235050201416,19.188091278076172,0.9836512012639549,3.521177291870117,22.428421020507812,0.9900330149598368,3.837411880493164,23.046520233154297,0.9954016450430384,4.350194931030273
0003,recorded_impulsive_15,26.09154510498047,13.303221702575684,0.9327082699976399,2.3102338314056396,14.25682258605957,0.9453489002532159,2.6475913524627686,17.103723526000977,0.9849063951682921,4.199204921722412
0004,recorded_impulsive_15,3.778963088989258,15.36810302734375,0.8640054856345999,2.949718713760376,17.58181381225586,0.9083460696516626,3.259634017944336,21.956275939941406,0.9358213429516474,4.2730488777160645
0005,recorded_impulsive_15,22.23817253112793,9.266739845275879,0.917489614355943,2.405374050140381,11.220348358154297,0.9354858927916209,2.606762170791626,13.928112983703613,0.9887589157939038,4.368341445922852
0006,recorded_impulsive_15,7.393209934234619,18.49064064025879,0.9930100640752044,3.1503660678863525,21.32587432861328,0.9951872976248336,3.4355270862579346,23.442825317382812,0.9988259822075062,4.357247352600098
0007,recorded_impulsive_15,12.681818962097168,19.064393997192383,0.9700711367532442,3.3216254711151123,21.146949768066406,0.9766298534710657,3.6008291244506836,24.0379695892334,0.9944323811780188,4.3992133140563965
0008,recorded_impulsive_15,11.262758255004883,19.830759048461914,0.9424821052851213,3.0307507514953613,22.111434936523438,0.9538544081111741,3.373669147491455,24.93896484375,0.9932648679404824,4.425703525543213
0009,recorded_impulsive_15,7.072519302368164,18.02145767211914,0.9165504114625317,2.8877296447753906,19.50322723388672,0.933046149353443,3.170640230178833,22.591724395751953,0.9652771662394773,4.313411235809326
0010,recorded_impulsive_15,13.200006484985352,19.891464233398438,0.9856712139056828,2.858354091644287,21.669517517089844,0.9887185735041191,3.348836898803711,26.263742446899414,0.9973379443515029,4.264615058898926
0011,recorded_impulsive_15,20.076919555664062,19.2766170501709,0.9278008035467168,2.9930636882781982,21.906131744384766,0.9436260867834348,3.268016815185547,23.34075927734375,0.9900136553165422,4.412733554840088
0012,recorded_impulsive_15,8.595826148986816,18.18976402282715,0.974851851018039,2.757031202316284,20.329723358154297,0.9856883381505499,3.1336557865142822,24.267921447753906,0.9931192026699073,4.244693756103516
0013,recorded_impulsive_15,9.172578811645508,17.34133529663086,0.9566312585464168,2.892845392227173,19.998727798461914,0.968670954082358,3.31681489944458,21.236061096191406,0.9889797518817893,4.226434230804443
0014,recorded_impulsive_15,2.3562934398651123,24.049518585205078,0.9935938961888412,3.6867048740386963,25.752952575683594,0.9957203727623817,3.8930435180664062,28.89164924621582,0.9989171479351872,4.326406955718994
0015,recorded_impulsive_15,4.561491012573242,15.943748474121094,0.9916518031575405,3.1287524700164795,17.17483139038086,0.9932905322505327,3.538569211959839,21.420398712158203,0.9987231718281716,4.273104667663574
0016,recorded_impulsive_15,9.308792114257812,16.551725387573242,0.9833433225044101,3.0986878871917725,18.36204719543457,0.9868662468936064,3.3637866973876953,21.32665252685547,0.9970842620048089,4.266993522644043
0017,recorded_impulsive_15,5.569179058074951,19.000566482543945,0.9585163455407261,3.262618064880371,21.798952102661133,0.9682541992295283,3.6819324493408203,23.752567291259766,0.9877612425384152,4.3938188552856445
0018,recorded_impulsive_15,5.127712249755859,19.43678855895996,0.9837758636806089,3.86250638961792,21.145721435546875,0.9873426532014526,4.162529468536377,23.71847152709961,0.9953553017378709,4.307090759277344
0019,recorded_impulsive_15,11.109192848205566,13.750173568725586,0.9724705311170242,2.376509666442871,15.606966018676758,0.9812466730817482,2.8008925914764404,19.842365264892578,0.9954096488411147,3.9832372665405273
0020,recorded_impulsive_15,5.780128002166748,19.409446716308594,0.9918957270265514,3.28994083404541,20.62056541442871,0.9937242225685187,3.4937026500701904,25.297937393188477,0.9983683306723906,4.2814202308654785
0021,recorded_impulsive_15,7.940658092498779,20.2325439453125,0.9894538406769279,3.350576162338257,22.069204330444336,0.9922515144636731,3.6548774242401123,25.635663986206055,0.998123356282758,4.18696403503418
0022,recorded_impulsive_15,22.433809280395508,18.92368507385254,0.9737100274621785,2.875243902206421,21.289052963256836,0.9800605852750707,3.102461099624634,23.08144760131836,0.996274756470197,4.22965145111084
0023,recorded_impulsive_15,5.432997226715088,18.1840763092041,0.9912987826567496,3.4765069484710693,19.05928611755371,0.9937142659953653,3.7396390438079834,26.24036407470703,0.998396755708318,4.245833396911621
0024,recorded_impulsive_15,36.04789352416992,24.52916717529297,0.9897877760812885,2.686307430267334,26.528966903686523,0.9917270155095365,3.02809739112854,28.809907913208008,0.9983649562211431,4.372207164764404
0025,recorded_impulsive_15,6.6246185302734375,19.383277893066406,0.9848612583520481,3.8154091835021973,21.283126831054688,0.9873996358165422,3.978938579559326,24.84381103515625,0.9993894756947789,4.550314903259277
0026,recorded_impulsive_15,4.595457553863525,18.07086181640625,0.8713368102770851,3.73600172996521,19.617145538330078,0.9209786757723417,3.8853955268859863,22.013322830200195,0.9505803837962303,4.33785343170166
0027,recorded_impulsive_15,48.89361572265625,24.583890914916992,0.9997417040166026,3.949296236038208,24.86586570739746,0.9998060349649268,4.0712666511535645,37.14482498168945,0.9999689583169867,4.553238391876221
0028,recorded_impulsive_15,13.506074905395508,20.51912498474121,0.9564152829736026,2.529827356338501,22.4465389251709,0.9654326148141198,3.0086417198181152,24.709598541259766,0.9916913926750952,3.898009777069092
0029,recorded_impulsive_15,43.9502067565918,16.735219955444336,0.9524009443822937,2.316180467605591,18.43392562866211,0.9591157438595244,2.5649003982543945,21.49832534790039,0.9939358092142733,3.9961836338043213
0030,recorded_impulsive_15,24.930856704711914,17.688676834106445,0.9833625153120452,3.2557387351989746,19.36376953125,0.9860211331444586,3.5010664463043213,22.319028854370117,0.9974859766883565,4.288260459899902
0031,recorded_impulsive_15,7.103062629699707,20.476224899291992,0.9978209570144062,3.627866268157959,21.889266967773438,0.9984289255497228,3.7905826568603516,25.923076629638672,0.9996940757684584,4.467222690582275
0032,recorded_impulsive_15,6.024594306945801,23.089075088500977,0.9815956961490293,3.328108787536621,25.669864654541016,0.9863816208902069,3.6306662559509277,26.68697738647461,0.9952035220517726,4.2614030838012695
0033,recorded_impulsive_15,3.8562123775482178,22.276790618896484,0.9105164500411894,3.441716432571411,23.393177032470703,0.924223926027259,3.652496814727783,27.5637149810791,0.9696445677356411,4.35193395614624
0034,recorded_impulsive_15,27.805986404418945,20.858341217041016,0.9504557279594568,3.6238677501678467,23.217439651489258,0.9564651913829677,3.790017604827881,24.974994659423828,0.9919129098094077,4.451252460479736
0035,recorded_impulsive_15,7.487825870513916,23.976438522338867,0.97639074742588,3.8959081172943115,25.29961585998535,0.9827860258022275,4.028415203094482,30.072486877441406,0.9954591676015204,4.475244522094727
0036,recorded_impulsive_15,4.329133033752441,21.90288734436035,0.9891504583367107,3.5696122646331787,23.880512237548828,0.9911774702799759,3.7339537143707275,26.983491897583008,0.998666290970149,4.500586032867432
0037,recorded_impulsive_15,7.793353080749512,18.068567276000977,0.9145599590058358,3.304067373275757,20.703044891357422,0.9390659236734833,3.610163450241089,21.736860275268555,0.9718413826379102,4.294362545013428
0038,recorded_impulsive_15,27.82630729675293,19.97771644592285,0.9625625399270736,3.1962056159973145,21.831533432006836,0.9697467650519933,3.4128291606903076,24.711856842041016,0.9927793492179525,4.346880912780762
0039,recorded_impulsive_15,10.702339172363281,21.34762191772461,0.9857548232873514,3.1012377738952637,23.28401756286621,0.9889576194304677,3.352954626083374,26.812366485595703,0.9981096442036199,4.362703323364258
0000,recorded_impulsive_5,3.3807857036590576,18.78729820251465,0.9799789162607603,3.673064708709717,20.98264503479004,0.985070233452439,3.899040699005127,23.383560180664062,0.9957027177867116,4.4005446434021
0001,recorded_impulsive_5,3.331132411956787,13.501394271850586,0.9915675738873085,3.906874418258667,14.494457244873047,0.9937999874070483,4.017251014709473,16.9810791015625,0.9976418066207564,4.353905200958252
0002,recorded_impulsive_5,32.6723518371582,14.761590957641602,0.9051314759060328,1.8459270000457764,16.818931579589844,0.9231958637121465,2.046504259109497,19.191299438476562,0.9872522706361662,4.051452159881592
0003,recorded_impulsive_5,27.141315460205078,12.846927642822266,0.9617970718096918,2.6202709674835205,13.298666000366211,0.9646674183435329,2.900259017944336,22.8708553314209,0.9974560623867714,4.360535144805908
0004,recorded_impulsive_5,19.52081298828125,11.678569793701172,0.9632903478953942,2.2477500438690186,14.867278099060059,0.9746915295968981,2.5584237575531006,14.41771125793457,0.9916528342887863,4.000075340270996
0005,recorded_impulsive_5,6.352036476135254,12.076949119567871,0.9653250649577457,2.9261534214019775,12.454782485961914,0.9722722613340634,3.3590242862701416,21.13839340209961,0.9942751481126497,4.256248950958252
0006,recorded_impulsive_5,30.90105438232422,15.373793601989746,0.9240269298281085,2.4079413414001465,17.807600021362305,0.9348420596820154,2.622286558151245,19.1024227142334,0.9914930757865343,4.190239906311035
0007,recorded_impulsive_5,12.121809959411621,15.208354949951172,0.9688391551218697,2.6126596927642822,18.058874130249023,0.9761228039305183,3.1172990798950195,19.302993774414062,0.9942510751726984,3.9742445945739746
0008,recorded_impulsive_5,12.266974449157715,12.46552562713623,0.9595934989528517,1.851502537727356,13.99727725982666,0.9685228141250346,2.049555778503418,17.072704315185547,0.9928716644916024,4.118365287780762
0009,recorded_impulsive_5,16.73497200012207,12.396925926208496,0.9662421181599524,2.2749931812286377,15.866594314575195,0.9773083149982659,2.7271909713745117,15.48056411743164,0.9913037000021935,4.031661033630371
0010,recorded_impulsive_5,7.078254222869873,23.730390548706055,0.9876034740640339,3.630366563796997,26.445310592651367,0.9896937724014832,3.7896580696105957,28.028728485107422,0.998654040245208,4.370670318603516
0011,recorded_impulsive_5,9.368927955627441,17.410490036010742,0.960707528842728,2.2496554851531982,19.81325340270996,0.9667722822638725,2.526919364929199,21.538578033447266,0.9952711783410236,4.166321277618408
0012,recorded_impulsive_5,9.872593879699707,17.710189819335938,0.9702255481222446,2.432880401611328,20.591522216796875,0.9781730112038995,2.6777634620666504,22.40127944946289,0.9967792637332787,4.113931655883789
0013,recorded_impulsive_5,12.119539260864258,15.335097312927246,0.9708640011865577,2.785090208053589,18.040294647216797,0.9765812807589227,3.1546804904937744,18.757530212402344,0.995639523208903,4.203053951263428
0014,recorded_impulsive_5,9.759110450744629,18.953418731689453,0.9419825624669702,3.479724884033203,20.73930549621582,0.9588198763100678,3.6216297149658203,23.276758193969727,0.9822076104259503,4.420541763305664
0015,recorded_impulsive_5,11.267553329467773,21.212644577026367,0.9916195180614744,3.171157121658325,22.99370574951172,0.9949489359979268,3.4097819328308105,26.852001190185547,0.9980420548091249,4.4237470626831055
0016,recorded_impulsive_5,14.231794357299805,19.041423797607422,0.9804133241451092,3.3828482627868652,20.985471725463867,0.9853982437796548,3.6504533290863037,24.328205108642578,0.9955456708105412,4.278187274932861
0017,recorded_impulsive_5,7.255960464477539,15.54294490814209,0.9518800770543399,2.393710136413574,17.860021591186523,0.9627543042702364,2.8686769008636475,20.385150909423828,0.9924696753349437,4.162402153015137
0018,recorded_impulsive_5,43.72856903076172,20.374488830566406,0.9365621392750111,1.9096074104309082,22.202302932739258,0.9528793913598227,2.2715580463409424,25.144813537597656,0.9902155099284264,4.157982349395752
0019,recorded_impulsive_5,19.1940860748291,15.388896942138672,0.9417371217996978,3.0497641563415527,17.823806762695312,0.9560581265537902,3.408508062362671,18.642982482910156,0.9827583783375119,4.153655529022217
0020,recorded_impulsive_5,15.047117233276367,17.943571090698242,0.9431774382440573,3.0808756351470947,20.448699951171875,0.9556032832003009,3.3445613384246826,22.040508270263672,0.9905558289753309,4.21240234375
0021,recorded_impulsive_5,18.48867416381836,9.90562915802002,0.958210452248608,2.3306312561035156,11.224411010742188,0.9705256340359661,2.616763114929199,15.12100601196289,0.994127051620579,4.021262168884277
0022,recorded_impulsive_5,31.205015182495117,16.73202896118164,0.9511137223718222,2.3995981216430664,18.515947341918945,0.9559931530100426,2.5936086177825928,20.59138298034668,0.9939574599889854,4.145615100860596
0023,recorded_impulsive_5,10.833953857421875,15.825983047485352,0.9717772558720167,2.9628472328186035,17.91621971130371,0.9771263755415891,3.2329204082489014,19.194782257080078,0.9945521623157021,4.253562927246094
0024,recorded_impulsive_5,15.434158325195312,13.739482879638672,0.9463139111417028,1.7771698236465454,17.08649253845215,0.9583624992512781,2.020155429840088,16.816387176513672,0.9916054808651431,3.1064493656158447
0025,recorded_impulsive_5,63.643123626708984,18.720794677734375,0.8803374962843216,2.7433955669403076,20.571537017822266,0.8967997761745792,3.005129814147949,24.13522720336914,0.9866821758394847,4.323940753936768
0026,recorded_impulsive_5,24.90529441833496,15.009346008300781,0.8485190196988271,1.9184658527374268,16.76123809814453,0.8746904317506915,2.1762337684631348,19.056032180786133,0.9815407650295757,4.159054279327393
0027,recorded_impulsive_5,28.392723083496094,21.62728500366211,0.9435310806830627,3.224119186401367,22.987403869628906,0.9557749151926845,3.4968814849853516,27.948467254638672,0.9876087623608737,4.492651462554932
0028,recorded_impulsive_5,19.29316520690918,10.898604393005371,0.9567945490078473,1.762020468711853,14.075252532958984,0.9686507198152463,2.2334065437316895,13.838883399963379,0.9896014827901286,3.4402048587799072
0029,recorded_impulsive_5,8.299391746520996,16.307701110839844,0.9698472007030856,3.1939170360565186,17.394622802734375,0.9734052641883378,3.465360403060913,21.503990173339844,0.9935787704087145,4.182653427124023
0030,recorded_impulsive_5,17.099327087402344,15.663432121276855,0.9661657286236136,2.9287068843841553,17.243234634399414,0.972041482248604,3.1484689712524414,19.641780853271484,0.9951652198202807,4.284064769744873
0031,recorded_impulsive_5,22.44734001159668,18.757728576660156,0.9151383168060979,2.1915178298950195,21.344663619995117,0.9310576497577664,2.6304802894592285,24.293087005615234,0.984892471891305,4.194444179534912
0032,recorded_impulsive_5,14.094247817993164,14.191661834716797,0.9907049883011636,2.8646488189697266,18.44803237915039,0.992925975419598,3.167405843734741,18.371845245361328,0.9987437868695984,4.240294933319092
0033,recorded_impulsive_5,58.5199089050293,10.946735382080078,0.7439892455927556,1.792764663696289,15.926210403442383,0.7948998314264868,2.263296365737915,14.624424934387207,0.9548867865339741,3.5103254318237305
0034,recorded_impulsive_5,16.2991886138916,15.676122665405273,0.8436005740655282,2.329082489013672,18.482955932617188,0.8656393359777387,2.586374282836914,19.551027297973633,0.972465655245622,4.120805263519287
0035,recorded_impulsive_5,15.289580345153809,16.105667114257812,0.9703259859282559,3.162341833114624,17.44054412841797,0.9746796905584489,3.5129306316375732,21.565906524658203,0.995171104466803,4.14132022857666
0036,recorded_impulsive_5,9.700016975402832,19.203868865966797,0.9886587301808321,2.8021607398986816,21.781627655029297,0.9911207994702073,3.0650365352630615,23.907405853271484,0.9986335241100448,4.357345104217529
0037,recorded_impulsive_5,36.437408447265625,23.135473251342773,0.8584845863976452,2.760009288787842,24.253826141357422,0.8781199006266366,2.973621368408203,29.81097412109375,0.9763988220223192,4.372019290924072
0038,recorded_impulsive_5,8.672515869140625,11.06057071685791,0.9556946406529623,1.6738947629928589,12.828186988830566,0.9637950469804336,2.064995288848877,14.51913070678711,0.9932530220661965,3.6654422283172607
0039,recorded_impulsive_5,14.854791641235352,12.879264831542969,0.8980713191569593,1.992659330368042,15.762463569641113,0.9225249400926231,2.274324655532837,15.79373550415039,0.9730712724927439,4.025069236755371
0000,stationary_-10,45.89006042480469,4.525732517242432,0.7774003806386496,1.402127981185913,5.439448356628418,0.8266004010403075,1.6225829124450684,8.657074928283691,0.9529873389880841,2.9252681732177734
0001,stationary_-10,63.09752655029297,2.748141288757324,0.4988908612868625,1.0415925979614258,3.659792184829712,0.5709467802893886,1.0574287176132202,6.372465133666992,0.9259792798589868,2.146235942840576
0002,stationary_-10,47.195804595947266,7.604519844055176,0.8882733310939668,1.5955126285552979,9.36688232421875,0.9156001424253528,1.844023585319519,10.93436050415039,0.9812545653427707,3.389016628265381
0003,stationary_-10,67.55580139160156,4.982799530029297,0.8565001738109748,1.872300386428833,5.794756889343262,0.8910089422260122,2.2196550369262695,9.360486030578613,0.9740219364268049,1.7313809394836426
0004,stationary_-10,33.155513763427734,6.870548248291016,0.7096003448823109,1.2117207050323486,8.623632431030273,0.7501513678924742,1.3092466592788696,9.149735450744629,0.9614292739162854,3.2718794345855713
0005,stationary_-10,33.60929870605469,5.796769142150879,0.4939652668559236,1.1198952198028564,7.261529922485352,0.5744714949468305,1.2063133716583252,8.09774398803711,0.9045170599256779,2.7513136863708496
0006,stationary_-10,30.8690185546875,2.3507676124572754,0.5834781334108804,1.1056103706359863,3.713595390319824,0.6510615005326799,1.182801365852356,5.066521644592285,0.9179053738303115,2.353546380996704
0007,stationary_-10,26.245403289794922,3.8538477420806885,0.6871517705345312,1.1582614183425903,4.719310283660889,0.738721230121046,1.2488025426864624,6.269529342651367,0.9462692475173996,2.977356195449829
0008,stationary_-10,31.5327091217041,8.821874618530273,0.7617631189178351,1.5617706775665283,10.34056282043457,0.8368544345325764,1.8324837684631348,12.173919677734375,0.924049826424382,3.4481871128082275
0009,stationary_-10,67.24624633789062,12.77114486694336,0.9152486200533356,1.6890052556991577,14.330669403076172,0.9366075042145197,1.8359427452087402,15.397725105285645,0.9866452154344136,3.907355785369873
0010,stationary_-10,23.832792282104492,9.348164558410645,0.8049059903553838,1.714475393295288,11.931093215942383,0.8431322130864657,2.0091285705566406,12.89865493774414,0.96454204725134,3.6749160289764404
0011,stationary_-10,26.383190155029297,8.817497253417969,0.8274527680682744,2.111987590789795,10.512685775756836,0.8725887226893528,2.661576271057129,12.48701000213623,0.95153506826537,3.604959011077881
0012,stationary_-10,72.19087982177734,9.153626441955566,0.7367265664353029,1.51339590549469,11.192098617553711,0.7890271076461288,1.6483174562454224,12.504826545715332,0.9615299423022967,3.566178560256958
0013,stationary_-10,29.41319465637207,3.927173137664795,0.5491054681312894,1.204535961151123,5.361014366149902,0.62052622635565,1.311204195022583,6.286454200744629,0.9030909222867463,2.9804961681365967
0014,stationary_-10,31.463626861572266,7.331104755401611,0.7449085685887227,1.3618500232696533,9.218278884887695,0.7928407050372696,1.4979716539382935,9.722997665405273,0.9565327322185088,3.3206145763397217
0015,stationary_-10,15.482805252075195,5.602530479431152,0.8076001567927269,1.396260380744934,6.6919755935668945,0.8485591295148758,1.6534881591796875,8.382293701171875,0.9589025606435087,2.9965763092041016
0016,stationary_-10,29.907087326049805,8.502079963684082,0.7486690079175836,1.5016707181930542,10.275121688842773,0.7957434466999015,1.6977566480636597,12.307409286499023,0.9502561996435023,3.422659397125244
0017,stationary_-10,22.483692169189453,4.2414045333862305,0.7155241330553646,1.1990450620651245,5.14962100982666,0.7679364917659105,1.3101482391357422,6.792566299438477,0.940443081610157,2.2860615253448486
0018,stationary_-10,21.291311264038086,6.078829288482666,0.6220593307348555,1.2414720058441162,7.641756534576416,0.6941280234725737,1.3651666641235352,9.02234172821045,0.8982228406782711,3.1902010440826416
0019,stationary_-10,49.05047607421875,8.631536483764648,0.7190504208887039,1.372267246246338,10.340503692626953,0.7692361628124483,1.4672735929489136,12.738862037658691,0.9400344861350628,2.8640034198760986
0020,stationary_-10,64.49813079833984,6.806102275848389,0.7832772577981115,1.2377313375473022,8.323020935058594,0.8363418502592314,1.3595707416534424,10.29023265838623,0.9575098261451512,2.7138280868530273
0021,stationary_-10,23.886585235595703,4.3852081298828125,0.6484363570414771,1.2777113914489746,5.3421950340271,0.7114329845567938,1.4712120294570923,6.775625228881836,0.919528071996407,3.148273468017578
0022,stationary_-10,41.73263168334961,8.859888076782227,0.8330450759557416,1.2286338806152344,10.34128189086914,0.8706431541065712,1.3260748386383057,10.33061408996582,0.9718121550156924,2.3876163959503174
0023,stationary_-10,33.53312301635742,4.5971198081970215,0.6126766444893803,1.0986567735671997,6.143243789672852,0.6823373215223405,1.1682664155960083,7.433566093444824,0.9440947999223605,2.256626605987549
0024,stationary_-10,70.28312683105469,5.533444404602051,0.7323575345986769,1.4262664318084717,6.738348007202148,0.7851502354589682,1.6448643207550049,9.384366989135742,0.9415146127885499,3.371526002883911
0025,stationary_-10,28.193239212036133,3.694847583770752,0.5194049100324001,1.086822271347046,5.322356224060059,0.5920380202175958,1.143317699432373,6.1637444496154785,0.9195997896879036,2.330437183380127
0026,stationary_-10,40.294456481933594,2.8665292263031006,0.46635690826484877,1.207442283630371,3.758026599884033,0.5132492272073317,1.3704479932785034,6.283984184265137,0.8958227670709404,2.824934482574463
0027,stationary_-10,42.604095458984375,5.682291030883789,0.759532065840851,1.3017951250076294,8.507427215576172,0.8104805722642702,1.5241374969482422,9.298396110534668,0.9540017464954529,2.768528938293457
0028,stationary_-10,32.19888687133789,5.125561237335205,0.7860308143715693,1.2748456001281738,7.187005996704102,0.8358409309581772,1.4627459049224854,7.765326499938965,0.9583444807173275,2.8991880416870117
0029,stationary_-10,31.35585594177246,5.655279159545898,0.5716078669154065,1.1043713092803955,6.286196231842041,0.6401245115919286,1.1394187211990356,8.78203296661377,0.9186738766416268,3.004661798477173
0030,stationary_-10,21.694320678710938,10.403038024902344,0.6682232089102316,1.556721806526184,12.901138305664062,0.7243481749903716,1.7413121461868286,12.763031959533691,0.9475867361846352,3.373056173324585
0031,stationary_-10,29.51274299621582,7.712128162384033,0.5650945413239669,1.2412270307540894,9.329044342041016,0.6227766343643216,1.3358243703842163,10.064420700073242,0.943568848442164,3.3611345291137695
0032,stationary_-10,27.44178581237793,3.8502373695373535,0.5382341943855808,1.091530203819275,4.9674763679504395,0.6355911460769132,1.1429980993270874,6.251913070678711,0.8795391866687711,2.7730977535247803
0033,stationary_-10,29.4378662109375,3.9918949604034424,0.6415675849270103,1.1992475986480713,5.696616172790527,0.6999963224068418,1.2997056245803833,6.619178771972656,0.9314335137469449,3.0963830947875977
0034,stationary_-10,23.82730484008789,5.413877487182617,0.6938283939636662,1.2889935970306396,7.9547529220581055,0.7415502270092973,1.469115972518921,7.616568088531494,0.9440841856195265,3.2065701484680176
0035,stationary_-10,59.878578186035156,7.2846784591674805,0.8407625204793195,1.5496253967285156,9.088705062866211,0.8785665759060571,1.9455621242523193,10.830410957336426,0.9720549750423657,3.179556131362915
0036,stationary_-10,30.59135627746582,7.727254867553711,0.5929662111447495,1.5020833015441895,10.717546463012695,0.7042728705787397,1.9029712677001953,10.685559272766113,0.8693467565035072,3.4715614318847656
0037,stationary_-10,14.916251182556152,5.750628471374512,0.7229500722254358,1.437633752822876,7.603678226470947,0.7749776143867635,1.7034077644348145,8.884855270385742,0.9294873840956068,3.4169528484344482
0038,stationary_-10,48.028804779052734,5.585467338562012,0.8511187892637078,1.471459984779358,6.9656758308410645,0.8857773445536379,1.7993369102478027,9.277368545532227,0.961085549581457,3.0721428394317627
0039,stationary_-10,23.097702026367188,3.5649657249450684,0.6879261470402724,1.1498135328292847,4.7242326736450195,0.7456732974675709,1.2151472568511963,6.212229251861572,0.9359143651217299,2.940563440322876
0000,stationary_-5,23.42692756652832,5.240726470947266,0.786643217349066,1.167099952697754,7.5819549560546875,0.8387933475801636,1.331658124923706,8.452506065368652,0.9528064844494327,2.3081531524658203
0001,stationary_-5,20.969730377197266,8.724714279174805,0.8301004983070545,1.3665648698806763,10.292182922363281,0.8649247144055195,1.4690324068069458,11.337860107421875,0.971783483214686,3.684222459793091
0002,stationary_-5,23.85095977783203,7.027655601501465,0.5458057108230951,1.2527625560760498,8.989262580871582,0.6454250641624328,1.386162281036377,9.886269569396973,0.8434085173499003,3.3277599811553955
0003,stationary_-5,20.69747543334961,5.74798583984375,0.707514621837771,1.315529227256775,7.7100019454956055,0.7677079913698421,1.4619431495666504,8.771759986877441,0.9497665848923509,3.08156156539917
0004,stationary_-5,21.794485092163086,6.663561820983887,0.5595343605439638,1.1392483711242676,8.14979076385498,0.6660231599000328,1.3192760944366455,9.3834228515625,0.8383155904005772,2.142894983291626
0005,stationary_-5,29.725685119628906,13.89560317993164,0.7783960427398728,2.2482054233551025,15.789870262145996,0.8648119298170095,2.6117475032806396,17.315805435180664,0.9268880134539672,3.837317943572998
0006,stationary_-5,22.239904403686523,7.565970420837402,0.6518845716286595,1.1072005033493042,8.88874626159668,0.7013872358515038,1.1605148315429688,10.358650207519531,0.9567574365677909,3.0120911598205566
0007,stationary_-5,24.06826400756836,4.498738765716553,0.7048666309994873,1.1997627019882202,5.7299017906188965,0.7489366307674189,1.2942792177200317,7.373584747314453,0.9303371887598434,2.8343780040740967
0008,stationary_-5,44.11648941040039,7.585211753845215,0.7780275836037001,1.4537068605422974,9.695744514465332,0.8142688517008809,1.5722893476486206,10.368681907653809,0.9610617215260836,3.7210681438446045
0009,stationary_-5,22.986093521118164,5.879362106323242,0.8007925572785266,1.4232804775238037,7.159516334533691,0.8436707749673097,1.6001056432724,9.236714363098145,0.952547952929134,3.64673113822937
0010,stationary_-5,33.275672912597656,7.629556179046631,0.5302164717917666,1.2124602794647217,9.871224403381348,0.6086046912908156,1.2983274459838867,10.938735008239746,0.9211554969866863,3.2519099712371826
0011,stationary_-5,27.236948013305664,6.25380802154541,0.8100550758562182,1.1936891078948975,8.503007888793945,0.8463627860956207,1.2705367803573608,9.953404426574707,0.9707640095519514,3.293490171432495
0012,stationary_-5,34.87861633300781,10.132232666015625,0.8975922544476945,1.7869877815246582,12.119949340820312,0.925470651825349,2.078880548477173,13.14293098449707,0.9796545426857689,3.3667702674865723
0013,stationary_-5,25.225704193115234,5.685142993927002,0.8156572165868796,1.2930583953857422,7.349358081817627,0.8579434704723715,1.4726604223251343,9.259930610656738,0.9599879923566139,2.800471782684326
0014,stationary_-5,75.78527069091797,6.61639404296875,0.7852855071414995,1.4440597295761108,8.483257293701172,0.829684236879528,1.706627368927002,10.585469245910645,0.9559288263654805,3.0246407985687256
0015,stationary_-5,28.7385196685791,5.291472434997559,0.752470997739998,1.2474305629730225,6.413760662078857,0.8027079713211325,1.425770878791809,9.236903190612793,0.9463106221436707,2.9097371101379395
0016,stationary_-5,25.576438903808594,5.765942573547363,0.7596067151105926,1.3637948036193848,7.96959114074707,0.8011365123084614,1.590428113937378,9.063508033752441,0.9592081498787431,3.222579002380371
0017,stationary_-5,77.106201171875,8.597098350524902,0.7181677067772194,1.4761621952056885,10.521773338317871,0.7812896689320861,1.6846132278442383,12.199979782104492,0.9436218655578796,3.596640110015869
0018,stationary_-5,17.874624252319336,8.343008041381836,0.8418286118595083,1.8112459182739258,10.79312515258789,0.8778471598334415,2.3120064735412598,12.418293952941895,0.9647442953805903,3.815112829208374
0019,stationary_-5,27.524112701416016,6.529173374176025,0.822266943020857,1.4279569387435913,8.144039154052734,0.8587393893999545,1.620255708694458,9.441844940185547,0.962749201941332,3.176004409790039
0020,stationary_-5,40.2875862121582,8.444270133972168,0.6117398828227246,1.1670399904251099,10.475655555725098,0.6439757790931294,1.1944615840911865,10.998867988586426,0.9322433395909765,2.6268258094787598
0021,stationary_-5,22.053579330444336,5.739722728729248,0.7707012264397617,1.258557915687561,7.498065948486328,0.8137187494316572,1.4156490564346313,9.087990760803223,0.9636831480903143,2.885503053665161
0022,stationary_-5,8.661702156066895,9.485064506530762,0.8797316164191638,1.744025468826294,12.628158569335938,0.9104819610790147,2.0900485515594482,14.035041809082031,0.9734231458574296,3.6725919246673584
0023,stationary_-5,90.94500732421875,11.016463279724121,0.7707985454443048,1.7482646703720093,13.229564666748047,0.8282637881347568,1.972694993019104,14.645524978637695,0.9476494089378981,3.8540496826171875
0024,stationary_-5,8.062468528747559,12.981107711791992,0.9078966922012685,2.1687777042388916,15.075539588928223,0.933271571883864,2.6244277954101562,16.13125228881836,0.9773632073257161,3.6290411949157715
0025,stationary_-5,36.12968063354492,11.09482192993164,0.7544905578921526,1.4329222440719604,13.578886985778809,0.8058919596961909,1.5539681911468506,13.613892555236816,0.9510637580014691,3.777475118637085
0026,stationary_-5,47.77906036376953,6.452559947967529,0.5549748665926647,1.658661127090454,8.103815078735352,0.6146219837243174,1.9186384677886963,9.597882270812988,0.9230074032789264,3.305551052093506
0027,stationary_-5,13.082855224609375,10.895387649536133,0.8791898998798079,1.987251877784729,12.411603927612305,0.9190303857443826,2.5195329189300537,14.836481094360352,0.9656595188927898,3.5822794437408447
0028,stationary_-5,14.85688591003418,8.812941551208496,0.9235920246288393,1.7077016830444336,10.797701835632324,0.9462413509122853,2.142852306365967,12.849109649658203,0.9822003820553696,3.2337167263031006
0029,stationary_-5,60.32563781738281,12.215112686157227,0.830964125532894,1.8777759075164795,14.238059997558594,0.8704043333621522,2.0734171867370605,15.411417007446289,0.9752685799495361,3.686617374420166
0030,stationary_-5,34.4752197265625,7.333986282348633,0.7440979006220588,1.3968451023101807,10.231328010559082,0.7851249661676398,1.6086344718933105,9.417158126831055,0.9590716767351348,3.441239356994629
0031,stationary_-5,18.260086059570312,10.118635177612305,0.9334413683966247,1.7481725215911865,12.124725341796875,0.9506076386543129,2.216513156890869,13.745721817016602,0.9838103052376972,3.1542084217071533
0032,stationary_-5,26.226207733154297,6.279000759124756,0.7564411675744307,1.2883336544036865,8.271047592163086,0.8101949299250862,1.4626792669296265,8.9832763671875,0.950977371741283,2.9905848503112793
0033,stationary_-5,21.29043197631836,7.884573459625244,0.8230639818840547,1.389366865158081,9.99416446685791,0.8535352943129985,1.5746396780014038,11.0534086227417,0.9602561333923898,3.6117656230926514
0034,stationary_-5,71.33528137207031,9.312237739562988,0.9183860198673087,1.6661479473114014,11.99664306640625,0.9385549836309526,1.9114433526992798,12.893548965454102,0.983342142122265,3.0399844646453857
0035,stationary_-5,24.593379974365234,8.179285049438477,0.7391543594580267,1.7493865489959717,10.36959457397461,0.7847776686786271,2.157365322113037,11.15576171875,0.9517132188765891,3.439887523651123
0036,stationary_-5,20.096036911010742,6.431876182556152,0.8258528713185572,1.501051425933838,8.445919036865234,0.8623419266022159,1.759929895401001,9.148048400878906,0.9604888900589714,3.2155954837799072
0037,stationary_-5,49.38544464111328,9.702069282531738,0.908316236546259,2.1283013820648193,11.288948059082031,0.9326707657832949,2.4511444568634033,13.387484550476074,0.9798803386703536,3.987638235092163
0038,stationary_-5,18.02738380432129,5.417740821838379,0.7490782479164907,1.2882390022277832,6.920328140258789,0.7865521397597401,1.441282033920288,8.65404224395752,0.9570505923340457,2.947638988494873
0039,stationary_-5,20.69200325012207,4.648380756378174,0.6583120995724475,1.1789506673812866,7.2880988121032715,0.7272906636993135,1.36363685131073,8.404142379760742,0.9208659040858063,3.1434643268585205
0000,stationary_0,15.994115829467773,9.450078964233398,0.8399039940123276,1.3848686218261719,12.040506362915039,0.8721202133833638,1.657374382019043,12.478318214416504,0.9736091211657509,3.2108168601989746
0001,stationary_0,15.696517944335938,13.1477632522583,0.9617037050686924,2.5386195182800293,14.873452186584473,0.9739505800685032,2.9320719242095947,17.947208404541016,0.9884225038153397,3.8140203952789307
0002,stationary_0,31.241722106933594,10.521721839904785,0.6151777744316975,1.7856097221374512,13.27690601348877,0.6807657956024904,2.0802645683288574,13.443350791931152,0.878841654440171,3.9327871799468994
0003,stationary_0,15.689752578735352,8.191853523254395,0.7989405700047146,1.4387786388397217,10.771272659301758,0.8592158269519269,1.7049846649169922,11.831872940063477,0.9353293947922474,3.5691754817962646
0004,stationary_0,16.99716567993164,7.275373458862305,0.8134328200443431,1.3306764364242554,9.048439025878906,0.8485192218712525,1.5078250169754028,10.716693878173828,0.9754354137702845,3.3540780544281006
0005,stationary_0,21.25731086730957,9.515825271606445,0.9493660148322999,2.351844549179077,11.704827308654785,0.9643300812957478,2.8176913261413574,13.451223373413086,0.9862977532752405,3.544847011566162
0006,stationary_0,17.642988204956055,13.87210750579834,0.8930893247504241,2.647298812866211,15.678224563598633,0.929031277028543,3.2412450313568115,18.112916946411133,0.9656805242852018,3.9597485065460205
0007,stationary_0,11.996484756469727,9.220038414001465,0.850573491351935,1.7584068775177002,12.2609224319458,0.8908371134921054,2.0924606323242188,11.9431734085083,0.955059144592176,3.443985939025879
0008,stationary_0,27.267963409423828,9.684248924255371,0.8631449963051054,1.5408399105072021,12.237719535827637,0.8868127234206976,1.784767746925354,12.37095832824707,0.980713838920191,3.664825677871704
0009,stationary_0,19.657222747802734,14.793298721313477,0.8959458514744361,2.449284791946411,17.019731521606445,0.9225379040712619,2.871246576309204,17.44937515258789,0.9664560638314945,4.04316520690918
0010,stationary_0,58.128936767578125,11.90479850769043,0.956094249187784,2.6183536052703857,14.395607948303223,0.9663987541127846,2.9449398517608643,15.718301773071289,0.9909763841876887,3.9577677249908447
0011,stationary_0,7.97915506362915,12.603339195251465,0.8143393583580582,2.3538265228271484,15.034342765808105,0.8825868398722816,2.7531323432922363,15.698113441467285,0.9220725104232164,3.803609609603882
0012,stationary_0,17.75153350830078,9.304805755615234,0.8381697562372085,1.8074922561645508,11.423968315124512,0.8705999832854558,2.1451849937438965,13.189149856567383,0.9704582953836196,3.4634451866149902
0013,stationary_0,22.37825584411621,6.708874225616455,0.862732113355063,1.3917436599731445,8.676859855651855,0.8959332391067456,1.5987138748168945,10.242911338806152,0.9665805404641595,3.1665568351745605
0014,stationary_0,31.627281188964844,8.713397026062012,0.8259372758587453,1.3323713541030884,10.69762134552002,0.8608558079567924,1.4887828826904297,11.34237289428711,0.9721067592118421,3.1007776260375977
0015,stationary_0,16.030319213867188,14.557293891906738,0.9532949832143519,2.355949640274048,17.781452178955078,0.9671216276095879,2.7170279026031494,17.547386169433594,0.9897084514596672,4.013477802276611
0016,stationary_0,58.912071228027344,11.615110397338867,0.8532167008781869,1.7582716941833496,12.983622550964355,0.8875292571033638,2.068150043487549,16.032928466796875,0.9681492207485265,3.8240222930908203
0017,stationary_0,15.083724021911621,12.799811363220215,0.8767312199217733,1.8289767503738403,14.896976470947266,0.9015799223475718,2.3030595779418945,16.19285774230957,0.9727707329942976,3.437908411026001
0018,stationary_0,16.929155349731445,9.89942741394043,0.8176545758358804,1.4255576133728027,11.7998046875,0.8562294214510131,1.6055175065994263,13.178553581237793,0.9690775610205004,3.3493690490722656
0019,stationary_0,56.046592712402344,9.05455207824707,0.9057795164917173,2.0003838539123535,11.11634635925293,0.9299232044304534,2.420074224472046,13.16096305847168,0.9738072610284356,3.784517765045166
0020,stationary_0,34.40361785888672,11.491690635681152,0.9596017096099319,2.160982370376587,12.837474822998047,0.9698068172420046,2.689138412475586,16.1118106842041,0.9834949938657473,3.6746537685394287
0021,stationary_0,11.202291488647461,12.114219665527344,0.8944186721793097,2.506193161010742,12.881077766418457,0.9224624531219928,2.914266347885132,17.442859649658203,0.9573789350091052,3.9094157218933105
0022,stationary_0,19.45783042907715,6.757966041564941,0.8085372795258499,1.2699239253997803,9.579161643981934,0.8604053385031118,1.501916527748108,10.714832305908203,0.9516130511382973,3.028019666671753
0023,stationary_0,28.810964584350586,12.589560508728027,0.766033411632841,1.6838231086730957,15.073943138122559,0.8341318301252083,1.9194130897521973,16.431339263916016,0.9443934590262353,3.989325761795044
0024,stationary_0,8.969386100769043,9.994216918945312,0.8350060735055381,1.9514727592468262,13.00555419921875,0.8855962977875095,2.4093432426452637,12.96782112121582,0.9350579251407434,3.6769421100616455
0025,stationary_0,13.979397773742676,16.55473518371582,0.9440687724162029,2.714674711227417,18.212724685668945,0.9606778965814373,3.1008639335632324,20.36324691772461,0.9833014985529696,3.984868288040161
0026,stationary_0,21.80548095703125,11.751333236694336,0.8696470292413483,2.444827079772949,14.045037269592285,0.9117231807664953,2.94966721534729,15.75996208190918,0.9604506617589554,3.8951945304870605
0027,stationary_0,25.202781677246094,7.678361415863037,0.777523412437733,1.4418624639511108,9.419095993041992,0.8295097370604374,1.7126137018203735,11.253738403320312,0.9403209793417044,3.320089101791382
0028,stationary_0,12.102767944335938,15.26997184753418,0.977140677608761,2.3686139583587646,17.420677185058594,0.9814130057010823,2.6584107875823975,18.0406436920166,0.9926998159229576,4.017393589019775
0029,stationary_0,44.95452880859375,11.028060913085938,0.8961998669957394,1.641059160232544,12.99348258972168,0.9197596565912995,1.863332986831665,14.461359024047852,0.9834066184595734,3.635439872741699
0030,stationary_0,21.948917388916016,8.87278938293457,0.7909659085896025,1.3318785429000854,11.368484497070312,0.8238790959946716,1.4482028484344482,12.39902114868164,0.9669331170555209,3.5980536937713623
0031,stationary_0,28.649526596069336,13.101007461547852,0.8583570360602326,1.4235293865203857,15.22420883178711,0.884486147350463,1.5685923099517822,15.307007789611816,0.9791634578889735,3.957899808883667
0032,stationary_0,25.950267791748047,8.763218879699707,0.84782308458803,1.498507022857666,11.789691925048828,0.8870982333473951,1.7541782855987549,11.903849601745605,0.9716764110877263,3.485114812850952
0033,stationary_0,20.275733947753906,9.362040519714355,0.8326086294144873,1.4030556678771973,12.335990905761719,0.865564896357434,1.6102278232574463,12.356224060058594,0.9707942094472617,3.394275426864624
0034,stationary_0,19.494991302490234,9.51634693145752,0.8320084943801589,1.4917337894439697,12.373309135437012,0.8681952644946835,1.706794261932373,12.844505310058594,0.9722105984235289,3.40228271484375
0035,stationary_0,17.513900756835938,12.065513610839844,0.937544059067228,1.8684132099151611,14.563549995422363,0.9528738840792824,2.093419313430786,15.56199836730957,0.9843187400643656,3.272319793701172
0036,stationary_0,33.11251449584961,10.57624340057373,0.9361833472593306,1.9066588878631592,13.391633033752441,0.9535984551022336,2.1811628341674805,14.023858070373535,0.9862063881524077,3.4804372787475586
0037,stationary_0,17.044219970703125,12.237757682800293,0.8416193489778941,1.9408514499664307,14.055959701538086,0.8772732156623897,2.187842607498169,15.559978485107422,0.974940793010145,3.884971857070923
0038,stationary_0,37.24848937988281,12.996368408203125,0.953790310982191,2.367894172668457,14.70166015625,0.9657791045966297,2.799973249435425,17.193506240844727,0.9890755083337038,3.8583452701568604
0039,stationary_0,22.12906265258789,9.721532821655273,0.7505839429443644,1.563699722290039,11.854659080505371,0.7954610317764252,1.8431246280670166,13.182695388793945,0.9637460302207931,3.32655668258667
0000,stationary_10,5.998607158660889,14.464603424072266,0.9196306138091667,2.622770309448242,16.476776123046875,0.9433009081480617,3.2614917755126953,16.08851432800293,0.9688599428763501,3.5212416648864746
0001,stationary_10,23.32097625732422,16.569320678710938,0.9576583956984805,2.61356258392334,18.672061920166016,0.967585834527346,2.926480770111084,20.534650802612305,0.990924249616096,3.8174333572387695
0002,stationary_10,19.305538177490234,18.15072250366211,0.9182714643309272,2.9852051734924316,20.0114803314209,0.9346068255313028,3.327089786529541,22.49079704284668,0.9788852840959753,4.175963401794434
0003,stationary_10,9.607268333435059,10.364079475402832,0.9513961881457982,2.282442092895508,12.811875343322754,0.9634986574540714,2.742007255554199,14.237524032592773,0.9928593213663319,3.907430648803711
0004,stationary_10,8.783422470092773,17.793258666992188,0.9583190434436424,2.605665445327759,20.91731071472168,0.9723324827868098,3.1526057720184326,21.32769775390625,0.9843633240723304,4.001489162445068
0005,stationary_10,4.913472652435303,27.369644165039062,0.9784041575878972,3.9879443645477295,29.328582763671875,0.9848954029268352,4.152480125427246,33.502685546875,0.9962610875604349,4.5244340896606445
0006,stationary_10,8.037174224853516,16.480972290039062,0.9718781964587372,2.983281135559082,18.480327606201172,0.9805580936627564,3.3886866569519043,21.424619674682617,0.9929261635169451,4.091912269592285
0007,stationary_10,43.68559265136719,14.348235130310059,0.9547646020256627,2.026557683944702,17.820585250854492,0.9653039928136763,2.5592925548553467,19.110321044921875,0.9925346594188558,3.857483148574829
0008,stationary_10,7.112209796905518,16.011659622192383,0.9244508643878745,2.2152113914489746,18.917024612426758,0.9441559824182921,2.6243364810943604,19.582502365112305,0.9811937490291696,4.051103115081787
0009,stationary_10,16.444637298583984,17.5349063873291,0.9662270363289563,2.6880364418029785,20.456439971923828,0.9753088453859347,2.986656904220581,19.664051055908203,0.9918988318678481,4.100932598114014
0010,stationary_10,12.46582317352295,14.209504127502441,0.9613508591939075,2.178670883178711,17.968538284301758,0.9730200463750917,2.5114662647247314,17.594926834106445,0.9919199698495195,3.974005937576294
0011,stationary_10,19.8172550201416,14.783005714416504,0.9726249811428289,2.567430257797241,18.550647735595703,0.9808403804634571,2.9626314640045166,17.810169219970703,0.9931313637584054,4.226002216339111
0012,stationary_10,14.020215034484863,14.25227165222168,0.9527193739956679,2.5729591846466064,17.681293487548828,0.964205990005789,2.933166980743408,18.00286293029785,0.9907020274878134,4.128491401672363
0013,stationary_10,24.153053283691406,16.396425247192383,0.9843596545893024,2.795290470123291,20.577163696289062,0.9894870705099644,3.150860071182251,19.30712890625,0.9954643047605222,4.065943717956543
0014,stationary_10,22.064401626586914,15.065423011779785,0.948059222153475,2.708956003189087,17.90011978149414,0.9657516196049688,3.1658132076263428,19.011533737182617,0.9841594883366153,3.771299123764038
0015,stationary_10,16.40188980102539,16.879287719726562,0.9846916556995616,3.081310749053955,19.880508422851562,0.9889953234042791,3.389357805252075,20.629833221435547,0.9966647731166949,4.17374324798584
0016,stationary_10,25.068735122680664,15.77973747253418,0.8412579864844668,2.2440783977508545,18.71525001525879,0.8698048436060712,2.629823923110962,19.354446411132812,0.9724746853814203,4.087109088897705
0017,stationary_10,17.011253356933594,20.125194549560547,0.9870613938105783,3.039856195449829,23.416641235351562,0.9902854276198294,3.434206962585449,26.57110595703125,0.9980006175188428,4.4625325202941895
0018,stationary_10,10.571587562561035,15.402688980102539,0.9718206056520442,2.41609525680542,18.795291900634766,0.9788101106958738,2.883329153060913,18.862165451049805,0.9947505065558211,4.239300727844238
0019,stationary_10,19.74431037902832,13.479389190673828,0.7894833616438907,1.4681702852249146,15.616332054138184,0.8260628723971123,1.7570589780807495,17.175594329833984,0.9492548177333491,3.273819923400879
0020,stationary_10,22.729522705078125,16.42488670349121,0.7829556133940433,2.858328104019165,19.59128189086914,0.8318187368168206,3.2172646522521973,19.144262313842773,0.9028862423987823,4.062431812286377
0021,stationary_10,34.06535339355469,18.1927547454834,0.9712899344374132,2.7317185401916504,21.97075080871582,0.98041283635876,3.0642340183258057,21.786235809326172,0.9937148401454063,4.0215630531311035
0022,stationary_10,20.403444290161133,19.417369842529297,0.9796562624545584,3.0562660694122314,23.169391632080078,0.9857869247740995,3.365025758743286,22.59099006652832,0.9962529013434098,4.257906913757324
0023,stationary_10,16.336589813232422,17.049484252929688,0.9711734474133891,2.8566954135894775,18.962968826293945,0.9791984726531094,3.0852015018463135,21.756174087524414,0.9899502894380743,4.303635120391846
0024,stationary_10,9.671135902404785,20.854036331176758,0.993266239357367,3.3761544227600098,22.615161895751953,0.9945589311867807,3.5261082649230957,26.05412483215332,0.9986886653667311,4.245436668395996
0025,stationary_10,26.501705169677734,17.038434982299805,0.90099892408692,2.3404672145843506,20.49553680419922,0.9409820743075766,2.6098880767822266,20.51669692993164,0.9640581272475177,3.9393818378448486
0026,stationary_10,11.734969139099121,16.347633361816406,0.9519748031337834,2.7608394622802734,18.934598922729492,0.9654847149423558,3.2300989627838135,20.224815368652344,0.9883713284417651,3.500152349472046
0027,stationary_10,8.884188652038574,21.167619705200195,0.9597518085392873,3.018770456314087,23.711288452148438,0.9694381653660642,3.3850135803222656,25.537660598754883,0.993836812150795,4.289444923400879
0028,stationary_10,11.092789649963379,20.077899932861328,0.976663511229134,3.222276210784912,23.849620819091797,0.9850689212887429,3.4802615642547607,23.75363540649414,0.9940572319154035,4.312544822692871
0029,stationary_10,9.89724349975586,20.41949462890625,0.9964429017705856,3.424964189529419,23.112686157226562,0.9972854966762371,3.7165467739105225,27.572097778320312,0.9993585289019662,4.32119607925415
0030,stationary_10,16.521610260009766,18.648326873779297,0.9745063536970036,2.448023557662964,20.639957427978516,0.9828984764644512,2.7934203147888184,23.675987243652344,0.9952518928180235,4.097309112548828
0031,stationary_10,3.9881234169006348,17.27676773071289,0.9316805395750148,3.329853057861328,19.53818130493164,0.9547495972610054,3.6351466178894043,21.626724243164062,0.9776099925819971,4.190302848815918
0032,stationary_10,9.324686050415039,14.573619842529297,0.9706300127211207,2.5761332511901855,16.78645896911621,0.9783645706647046,3.0171427726745605,18.543794631958008,0.9933580379565092,4.230424880981445
0033,stationary_10,19.012666702270508,23.295642852783203,0.9971317861167595,3.669203281402588,26.13090705871582,0.9980278837521357,3.9706826210021973,27.46332359313965,0.9992950224149619,4.435327529907227
0034,stationary_10,16.483612060546875,17.730754852294922,0.9751115311552234,3.385465383529663,19.799636840820312,0.9814791476151209,3.718073844909668,22.283172607421875,0.9957308914810296,4.275894641876221
0035,stationary_10,16.09818458557129,14.948439598083496,0.9194080083033888,2.035062313079834,17.261587142944336,0.9351961917258823,2.290684700012207,18.516408920288086,0.9865250978679394,3.8813202381134033
0036,stationary_10,22.489046096801758,14.651115417480469,0.9758155601525809,2.5437800884246826,17.88483428955078,0.983313542447451,3.075802803039551,18.55615997314453,0.9948050772459336,3.8467347621917725
0037,stationary_10,18.724853515625,15.815667152404785,0.8740994206657859,2.014843225479126,17.517091751098633,0.9010356665626315,2.3613383769989014,19.810956954956055,0.9707035481487992,4.081593036651611
0038,stationary_10,10.525883674621582,15.711456298828125,0.9554260531397709,2.5355353355407715,19.650146484375,0.9681256928770583,2.9488446712493896,19.124868392944336,0.9905986661959297,3.988783836364746
0039,stationary_10,20.794689178466797,15.887412071228027,0.9541293507219981,2.582310199737549,18.758342742919922,0.9648716341898552,2.8613827228546143,19.78453254699707,0.9882284642208183,4.0705413818359375
0000,stationary_15,10.386092185974121,17.74380874633789,0.9844466111067035,2.8022639751434326,20.070161819458008,0.9886377980828405,3.1288516521453857,22.190990447998047,0.997226830502215,4.117132186889648
0001,stationary_15,30.127483367919922,18.889543533325195,0.989945735652036,2.6147396564483643,21.02465057373047,0.9919980853342074,2.8896915912628174,22.98200225830078,0.9982879648067023,4.0388593673706055
0002,stationary_15,25.198453903198242,20.060657501220703,0.9369760321466378,3.2549376487731934,21.26177978515625,0.9558545111424473,3.5589599609375,27.343162536621094,0.9870773384491333,4.353909492492676
0003,stationary_15,4.9910664558410645,16.551908493041992,0.7241446077764113,3.1959071159362793,19.848526000976562,0.7984882224123422,3.610999822616577,18.505170822143555,0.8793950556189071,4.206429481506348
0004,stationary_15,12.040304183959961,17.25005340576172,0.9781468583223168,2.9210493564605713,19.072959899902344,0.984354409487279,3.359912395477295,22.506607055664062,0.9955735144896707,4.276917934417725
0005,stationary_15,5.463528156280518,18.660274505615234,0.9776690935862123,3.5587222576141357,21.73069190979004,0.9846996240212944,3.893775224685669,22.54694175720215,0.992492100130008,4.360584259033203
0006,stationary_15,17.45123291015625,18.757837295532227,0.9605927804793958,2.5723540782928467,21.513744354248047,0.9733269781435165,2.991896629333496,22.63431167602539,0.9922223118027436,4.139214515686035
0007,stationary_15,6.394647598266602,15.767436027526855,0.9817215747762295,2.966613292694092,17.642057418823242,0.9839682942022859,3.222827196121216,21.014707565307617,0.9981869310255866,4.220913410186768
0008,stationary_15,16.548877716064453,18.67710304260254,0.988687832859082,3.358788013458252,20.764965057373047,0.9933134518762055,3.875638961791992,23.944507598876953,0.9970479603983264,4.106239318847656
0009,stationary_15,6.077530860900879,19.463016510009766,0.9488037284264016,3.232881784439087,20.76688575744629,0.963712394400973,3.5475218296051025,23.080184936523438,0.9790096882444967,4.285159111022949
0010,stationary_15,13.076886177062988,19.953996658325195,0.9864567802136999,3.086512565612793,22.313217163085938,0.9912394747272771,3.448340892791748,24.214887619018555,0.9963470162311918,4.304314613342285
0011,stationary_15,35.45466232299805,21.779064178466797,0.9956603203392952,3.1409130096435547,24.385576248168945,0.9969460856404176,3.4806740283966064,26.12138557434082,0.9990246681307133,4.3925580978393555
0012,stationary_15,4.297739505767822,20.75461196899414,0.9581033129606691,3.719064474105835,23.526500701904297,0.9687273968902096,4.009464740753174,24.181827545166016,0.9888352084290881,4.331043720245361
0013,stationary_15,18.81516456604004,18.25278663635254,0.9548659388405354,2.4401135444641113,21.124618530273438,0.964803385595159,2.7138116359710693,22.053945541381836,0.99285459316292,4.0150909423828125
0014,stationary_15,16.391639709472656,21.242706298828125,0.9937908054827501,3.7996158599853516,22.359344482421875,0.9956460519678748,3.977341413497925,28.188283920288086,0.9984900478938495,4.400577068328857
0015,stationary_15,6.7466912269592285,15.900039672851562,0.9720503964210604,2.4373795986175537,19.389501571655273,0.9805704446208152,2.7808997631073,19.509756088256836,0.9964273830065656,4.084467887878418
0016,stationary_15,25.914342880249023,19.32360076904297,0.9902316771546877,3.126258134841919,22.330686569213867,0.9933634310629258,3.4637136459350586,23.168533325195312,0.9979950330843433,4.291333198547363
0017,stationary_15,5.1794962882995605,19.235149383544922,0.9908033002592843,3.151296854019165,21.788288116455078,0.9933725011108574,3.470165729522705,23.233613967895508,0.998348838740438,4.358231544494629
0018,stationary_15,10.8299560546875,17.585010528564453,0.9476758156762836,2.493222236633301,20.478836059570312,0.967164061310396,2.936309814453125,22.074792861938477,0.9878294790289798,4.116075038909912
0019,stationary_15,18.710634231567383,20.638721466064453,0.9437788269428484,2.7443788051605225,22.761886596679688,0.9555562376650396,3.0926496982574463,24.95362091064453,0.9919154027749804,4.2308526039123535
0020,stationary_15,11.626267433166504,15.972167015075684,0.933192175131809,2.136225461959839,19.146059036254883,0.9443284637017915,2.5378658771514893,19.763198852539062,0.9891355586027599,4.213972568511963
0021,stationary_15,5.342621326446533,21.117332458496094,0.8795328026393704,3.5504820346832275,24.167749404907227,0.9305433381324354,3.813178777694702,24.97279167175293,0.9494167771207077,4.265355110168457
0022,stationary_15,4.289187908172607,20.694469451904297,0.9584167011537931,3.6993141174316406,22.133174896240234,0.9685209905788048,3.934587001800537,26.01082992553711,0.9864415207445874,4.402278423309326
0023,stationary_15,12.494406700134277,18.895681381225586,0.994077011295986,2.8842527866363525,21.69496726989746,0.9962349495492623,3.218950033187866,23.081161499023438,0.998366617329087,3.875364303588867
0024,stationary_15,15.040628433227539,17.025659561157227,0.7910891175498364,2.2359986305236816,19.039897918701172,0.8195475480200303,2.431750774383545,20.774250030517578,0.9392148412176977,4.324962615966797
0025,stationary_15,3.8781659603118896,20.421958923339844,0.999010192338892,3.557264804840088,22.21561050415039,0.9992782049022362,4.0407891273498535,27.56896209716797,0.9998059350909048,4.438450336456299
0026,stationary_15,7.891245365142822,21.01837921142578,0.9625500385171614,3.003796339035034,23.836864471435547,0.9697724638848819,3.2584025859832764,24.937549591064453,0.9957023751985367,4.452320575714111
0027,stationary_15,9.41164779663086,17.61774444580078,0.985771862974365,2.8557913303375244,20.937602996826172,0.9903735772328542,3.2640297412872314,20.92319679260254,0.9968164107666864,4.252812385559082
0028,stationary_15,8.658893585205078,18.124588012695312,0.9794741395244099,2.5748820304870605,21.959335327148438,0.9863193974560623,2.897763729095459,21.59883689880371,0.9953216682095405,3.9281623363494873
0029,stationary_15,19.949548721313477,18.31723976135254,0.9870826686670601,2.3904712200164795,21.19607925415039,0.9906892835947938,2.589353322982788,22.038898468017578,0.9975116498340891,4.184800148010254
0030,stationary_15,34.26935958862305,14.711978912353516,0.8107397265966095,2.0934548377990723,16.658266067504883,0.8570021835404836,2.3389892578125,19.44094467163086,0.9446787761560816,4.300837993621826
0031,stationary_15,4.297613620758057,19.547094345092773,0.8442429215903563,3.247135639190674,22.4736328125,0.902839965052,3.4157493114471436,23.497163772583008,0.9303733408947047,4.214524745941162
0032,stationary_15,8.723875999450684,18.272693634033203,0.9851822578355133,3.0571134090423584,20.91863441467285,0.990787640555265,3.4202218055725098,22.825490951538086,0.9961571082358106,4.153151035308838
0033,stationary_15,21.776935577392578,14.41134262084961,0.965849365912884,2.0078976154327393,18.352157592773438,0.9783059905172367,2.3302860260009766,20.963945388793945,0.9911190133148575,3.069533348083496
0034,stationary_15,2.599187135696411,21.54269027709961,0.7289104776550901,3.107133388519287,25.131061553955078,0.823224222008952,3.474613666534424,24.720165252685547,0.8698173684670566,4.256834983825684
0035,stationary_15,6.419195175170898,20.18804359436035,0.9336699980738601,3.8077006340026855,23.416635513305664,0.9592164511134176,4.008406162261963,23.742919921875,0.9725970828322467,4.38189172744751
0036,stationary_15,17.752391815185547,19.129167556762695,0.9759786467023726,3.1933109760284424,21.08269500732422,0.983390636245014,3.576495409011841,24.89769744873047,0.9943205814311015,4.263354778289795
0037,stationary_15,5.479800224304199,21.598722457885742,0.9958120450921277,3.7888572216033936,24.12120819091797,0.9970689215370274,4.0304365158081055,26.130342483520508,0.9991579937639803,4.226916313171387
0038,stationary_15,15.047181129455566,21.921796798706055,0.9949631241994167,3.7602407932281494,25.346860885620117,0.9964061704878787,4.104912757873535,25.554508209228516,0.998799477040456,4.3316240310668945
0039,stationary_15,16.119508743286133,20.10308837890625,0.9240959361230409,2.715475082397461,23.032350540161133,0.9387040908652631,3.0018575191497803,23.63283920288086,0.9893638241320972,4.167685508728027
0000,stationary_5,18.15350914001465,14.368621826171875,0.9040926140744301,2.7569634914398193,16.670127868652344,0.9322670168681965,3.130845069885254,18.100431442260742,0.971059451750804,4.182075500488281
0001,stationary_5,13.673380851745605,11.317800521850586,0.8410427740317016,1.8210550546646118,14.305205345153809,0.886673687874663,2.1923677921295166,14.537629127502441,0.947350347919687,3.865809917449951
0002,stationary_5,16.887062072753906,14.042703628540039,0.9593965378231025,2.847229480743408,16.64707374572754,0.9700640766977016,3.227288007736206,17.948387145996094,0.9911224759027238,3.969318389892578
0003,stationary_5,16.285306930541992,11.710556030273438,0.9175239165961655,1.8436341285705566,14.41476821899414,0.9331862560303007,2.1664109230041504,14.93937873840332,0.9846245064786547,3.762572765350342
0004,stationary_5,25.48553466796875,13.323080062866211,0.9528621961356907,2.473825693130493,16.10437774658203,0.9630065771674123,2.9215800762176514,17.32109832763672,0.9897360365671517,4.091546535491943
0005,stationary_5,4.297060966491699,19.362791061401367,0.9934513827302922,4.307833671569824,20.57645034790039,0.9937999365087854,4.3167243003845215,22.387386322021484,0.998909321161895,4.354700088500977
0006,stationary_5,17.189010620117188,10.996857643127441,0.9417817736546956,1.9433727264404297,13.669508934020996,0.9576096922677754,2.30657958984375,14.775421142578125,0.9898522046152421,3.6756296157836914
0007,stationary_5,35.96595764160156,11.321346282958984,0.9303273175879018,1.8367457389831543,14.233717918395996,0.9468088040479206,2.1492795944213867,14.374807357788086,0.9832406018368672,3.7173984050750732
0008,stationary_5,22.609355926513672,12.070194244384766,0.8869964117079764,1.4901537895202637,14.044832229614258,0.912039675665484,1.6875433921813965,15.183425903320312,0.9818792719446423,3.6590654850006104
0009,stationary_5,36.770023345947266,17.056461334228516,0.9176799637037255,2.071847915649414,19.377243041992188,0.9353046417328503,2.2747035026550293,20.514671325683594,0.9866993350691858,4.225286483764648
0010,stationary_5,9.17281723022461,18.171865463256836,0.9785243098413987,2.5354411602020264,20.781238555908203,0.9826730498457369,2.802873373031616,22.031213760375977,0.9957964122656225,3.971574306488037
0011,stationary_5,34.7126579284668,15.37777042388916,0.9188773362824827,2.296056032180786,18.1677303314209,0.9513142749032637,2.670748710632324,20.82244873046875,0.9628895498626315,4.096096038818359
0012,stationary_5,8.330551147460938,19.84136962890625,0.8128720172295719,2.6844093799591064,23.058536529541016,0.8914820511833242,2.9502880573272705,22.739030838012695,0.9214365156033757,4.1046857833862305
0013,stationary_5,11.914257049560547,17.059680938720703,0.955440544865932,2.9250848293304443,19.536590576171875,0.9664660213091067,3.1657068729400635,21.510286331176758,0.9841124309934809,4.119752407073975
0014,stationary_5,17.40773582458496,12.849698066711426,0.9343036136852453,2.2578539848327637,16.2918643951416,0.9554912756395482,2.7508676052093506,16.62391471862793,0.9860032709310318,3.9014346599578857
0015,stationary_5,14.337834358215332,14.2022705078125,0.9445083693398354,2.1882665157318115,17.609004974365234,0.9587192974346261,2.5223567485809326,17.599300384521484,0.9902341769911831,3.8917813301086426
0016,stationary_5,11.67370319366455,17.558692932128906,0.9124492699398918,2.9064042568206787,19.789833068847656,0.944132490719392,3.434983968734741,21.198894500732422,0.9684380057903476,3.9869868755340576
0017,stationary_5,18.798765182495117,16.13843536376953,0.9627718277777172,2.0590004920959473,19.295475006103516,0.9714288867780104,2.4082021713256836,19.577287673950195,0.9927052880155056,4.192342758178711
0018,stationary_5,8.391446113586426,20.484235763549805,0.9905880353512643,3.453991413116455,23.028736114501953,0.9930026990105464,3.659724473953247,25.155391693115234,0.9978952206250088,4.362527847290039
0019,stationary_5,9.890738487243652,16.354082107543945,0.9790347502287295,2.8328099250793457,19.80194091796875,0.9838609000617915,3.16640305519104,19.289621353149414,0.996398523983272,4.081101417541504
0020,stationary_5,52.1415901184082,15.029921531677246,0.9630494219136726,2.7294836044311523,16.949865341186523,0.9715521487201207,3.079416513442993,19.677536010742188,0.991893416563064,4.175335884094238
0021,stationary_5,18.546297073364258,12.883062362670898,0.9299857888041981,1.5991599559783936,15.38891315460205,0.9466772724910155,1.8905596733093262,16.413042068481445,0.9846070152841716,3.1785004138946533
0022,stationary_5,20.186620712280273,11.558753967285156,0.8016182827420689,1.8837440013885498,14.055452346801758,0.8442304443286315,2.3113884925842285,14.970062255859375,0.9622996368635637,3.6773335933685303
0023,stationary_5,11.893176078796387,11.68619155883789,0.9636557236040345,1.9921588897705078,12.602509498596191,0.9723868729679475,2.1622824668884277,16.982498168945312,0.9885097866704713,4.109285354614258
0024,stationary_5,8.100194931030273,21.624649047851562,0.9924756087426783,3.3979156017303467,24.740528106689453,0.9945457111885149,3.679170608520508,25.970439910888672,0.9988239952353173,4.240117073059082
0025,stationary_5,28.884187698364258,11.164749145507812,0.8286948869171162,1.6750426292419434,14.359113693237305,0.8565647502207099,1.9729342460632324,14.325362205505371,0.9762127114725758,3.579509973526001
0026,stationary_5,3.8689475059509277,18.85464096069336,0.994173730147395,4.300493240356445,19.88778305053711,0.9946771833472247,4.332699298858643,21.973308563232422,0.9994630608482737,4.472639083862305
0027,stationary_5,51.6893310546875,14.414973258972168,0.9233192783069666,2.9110488891601562,16.779430389404297,0.9366650700432324,3.1990854740142822,18.69451332092285,0.9876477865601632,4.247915267944336
0028,stationary_5,17.963014602661133,10.699090957641602,0.9495333742630138,1.7832962274551392,13.06179141998291,0.9671706604941945,2.2977845668792725,14.712265014648438,0.9858173920354035,3.3862061500549316
0029,stationary_5,13.154531478881836,14.408034324645996,0.9555912314732177,2.3587026596069336,16.746124267578125,0.9655433645388007,2.7089498043060303,18.257179260253906,0.9918706048766059,3.906655788421631
0030,stationary_5,13.451067924499512,16.53662109375,0.9486099840880537,2.9133427143096924,18.909767150878906,0.9623680842852552,3.366305112838745,20.484683990478516,0.9853717513579611,4.149463176727295
0031,stationary_5,19.222379684448242,14.951586723327637,0.9699101342929167,2.5784802436828613,17.597097396850586,0.978471054440708,2.88566255569458,18.82574462890625,0.9934312279872477,4.080379486083984
0032,stationary_5,14.765115737915039,11.987802505493164,0.8785985002003489,1.9511977434158325,14.88453483581543,0.9092823977075503,2.2376632690429688,15.847674369812012,0.9718517167807147,3.8273396492004395
0033,stationary_5,22.73218536376953,12.503786087036133,0.7723705509250095,1.3192051649093628,14.709229469299316,0.8150204808969408,1.4537360668182373,15.771942138671875,0.9684317182114326,3.661714553833008
0034,stationary_5,15.119194030761719,12.782951354980469,0.7536091186257198,1.7189764976501465,15.649410247802734,0.8191293185036626,2.0475547313690186,16.09136390686035,0.9055186129592312,3.756380558013916
0035,stationary_5,30.38060188293457,15.367156028747559,0.9400662656841884,3.0617105960845947,18.468395233154297,0.9542089528502746,3.3248558044433594,18.660497665405273,0.9816191617891445,4.107089519500732
0036,stationary_5,55.35140609741211,12.39727783203125,0.9539527658910967,2.2636101245880127,15.00347900390625,0.9649466822955768,2.5991275310516357,16.02233123779297,0.992019038396625,3.9601516723632812
0037,stationary_5,29.5937557220459,13.450998306274414,0.976029536155818,1.945540189743042,16.640029907226562,0.9826990586662232,2.3561394214630127,17.17709732055664,0.9958010581424772,3.635674238204956
0038,stationary_5,15.035778045654297,14.122774124145508,0.9344949381174366,1.8668112754821777,15.810256004333496,0.950868947238668,2.0583038330078125,18.82831382751465,0.9865774067803811,3.88152813911438
0039,stationary_5,23.52373695373535,12.810276985168457,0.8461521651214828,1.513253092765808,16.854873657226562,0.8781593389606356,1.8250188827514648,14.958028793334961,0.9751436032928169,3.27239990234375
