system,id,bucket,noise_class,snr_in,clipped,ref_dropout,impulse_peak_db,fault,speech_source,snr_out,si_sdr,stoi,pesq_wb,recovery_s
anchor,0000,changing_-10,changing,-10.0,False,False,,,cvhi:common_voice_hi_24758653,10.546027183532715,10.154729843139648,0.940481640314511,1.6486271619796753,nan
anchor,0001,changing_-10,changing,-10.0,False,False,,,cvhi:common_voice_hi_24510980,22.552509307861328,22.5290584564209,0.9869117591182321,3.581224203109741,nan
anchor,0002,changing_-10,changing,-10.0,False,False,,,cvhi:common_voice_hi_26687145,6.632884979248047,5.638022422790527,0.8279599791742137,1.2859909534454346,nan
anchor,0003,changing_-10,changing,-10.0,True,False,,,cvhi:common_voice_hi_27383943,5.013350486755371,3.371222972869873,0.7822101838682326,1.3881405591964722,nan
anchor,0004,changing_-10,changing,-10.0,False,False,,,ls:150-126107-0028,8.729585647583008,8.220712661743164,0.8336334584972706,1.6860558986663818,nan
anchor,0005,changing_-10,changing,-10.0,True,False,,,ls:150-132655-0028,6.097811698913574,4.919498443603516,0.7753137614539243,1.327858567237854,nan
anchor,0006,changing_-10,changing,-10.0,False,False,,,cvhi:common_voice_hi_25948419,5.887749671936035,4.657158374786377,0.8242564295766734,1.4145060777664185,nan
anchor,0007,changing_-10,changing,-10.0,False,False,,,cvhi:common_voice_hi_26007582,13.496479988098145,13.62430191040039,0.9479434723962264,1.9059128761291504,nan
anchor,0008,changing_-10,changing,-10.0,False,False,,,ls:1263-139804-0025,5.548946857452393,4.15679407119751,0.7241619193971638,1.214950442314148,nan
anchor,0009,changing_-10,changing,-10.0,False,True,,,cvhi:common_voice_hi_24782656,3.7064645290374756,1.3882026672363281,0.6643152768298741,1.1953171491622925,nan
anchor,0010,changing_-10,changing,-10.0,False,True,,,cvhi:common_voice_hi_27005244,7.164569854736328,6.242895126342773,0.8804556154582924,2.2310495376586914,nan
anchor,0011,changing_-10,changing,-10.0,False,False,,,cvhi:common_voice_hi_24386849,9.528400421142578,9.139283180236816,0.8337537316293392,1.6295795440673828,nan
anchor,0012,changing_-10,changing,-10.0,False,False,,,cvhi:common_voice_hi_24228493,12.044974327087402,11.894850730895996,0.9521624639328485,2.832153558731079,nan
anchor,0013,changing_-10,changing,-10.0,False,False,,,cvhi:common_voice_hi_26008620,13.672598838806152,14.389842987060547,0.8346696225049036,2.039830446243286,nan
anchor,0014,changing_-10,changing,-10.0,False,False,,,ls:1263-139804-0021,14.532140731811523,14.731802940368652,0.9678136066221548,2.5513906478881836,nan
anchor,0015,changing_-10,changing,-10.0,False,False,,,cvhi:common_voice_hi_27005397,9.896135330200195,9.431385040283203,0.896629736912411,1.2847803831100464,nan
anchor,0016,changing_-10,changing,-10.0,False,False,,,cvhi:common_voice_hi_24759380,12.520536422729492,12.276084899902344,0.9508016105114288,2.0129377841949463,nan
anchor,0017,changing_-10,changing,-10.0,False,False,,,cvhi:common_voice_hi_27149958,8.40689468383789,7.807769298553467,0.8427035079755748,1.405410885810852,nan
anchor,0018,changing_-10,changing,-10.0,False,False,,,cvhi:common_voice_hi_25180517,7.763060569763184,6.967921733856201,0.6756811175575009,1.2400628328323364,nan
anchor,0019,changing_-10,changing,-10.0,False,False,,,cvhi:common_voice_hi_24759304,7.574455261230469,6.755702495574951,0.7815294038485252,1.6806749105453491,nan
anchor,0020,changing_-10,changing,-10.0,False,False,,,cvhi:common_voice_hi_26007743,7.606631278991699,7.0093207359313965,0.8430039720443397,1.515812873840332,nan
anchor,0021,changing_-10,changing,-10.0,True,False,,,cvhi:common_voice_hi_27005461,5.661938190460205,4.286120414733887,0.7117324237117073,1.1233882904052734,nan
anchor,0022,changing_-10,changing,-10.0,False,False,,,cvhi:common_voice_hi_24258355,7.738005638122559,7.29919958114624,0.7860287964079923,1.3047900199890137,nan
anchor,0023,changing_-10,changing,-10.0,False,False,,,cvhi:common_voice_hi_24386565,12.979997634887695,13.024144172668457,0.7731866629560376,1.450377345085144,nan
anchor,0024,changing_-10,changing,-10.0,False,False,,,cvhi:common_voice_hi_25154335,15.531739234924316,15.626640319824219,0.8357502466167136,1.3848563432693481,nan
anchor,0025,changing_-10,changing,-10.0,False,False,,,cvhi:common_voice_hi_25473109,3.7983548641204834,1.4716153144836426,0.6564556768109381,1.246340036392212,nan
anchor,0026,changing_-10,changing,-10.0,False,False,,,ls:1263-138246-0015,13.494901657104492,13.422704696655273,0.966990157332453,2.6462624073028564,nan
anchor,0027,changing_-10,changing,-10.0,False,False,,,ls:1898-145720-0001,3.763101100921631,1.4000608921051025,0.6919987968253979,1.1451256275177002,nan
anchor,0028,changing_-10,changing,-10.0,True,False,,,cvhi:common_voice_hi_24782650,11.938630104064941,11.67660903930664,0.8331786262435527,1.7575125694274902,nan
anchor,0029,changing_-10,changing,-10.0,False,False,,,cvhi:common_voice_hi_26007863,5.007867813110352,3.3606324195861816,0.7299525224191746,1.2229223251342773,nan
anchor,0030,changing_-10,changing,-10.0,False,False,,,ls:1263-138246-0021,6.148087501525879,5.162233352661133,0.798739676836333,1.3297592401504517,nan
anchor,0031,changing_-10,changing,-10.0,False,False,,,cvhi:common_voice_hi_27005577,3.6827943325042725,1.255026936531067,0.7462722205987318,1.2363489866256714,nan
anchor,0032,changing_-10,changing,-10.0,False,False,,,cvhi:common_voice_hi_26967982,8.384714126586914,7.740309238433838,0.8012916446929036,1.3850131034851074,nan
anchor,0033,changing_-10,changing,-10.0,False,False,,,cvhi:common_voice_hi_25154411,4.7770771980285645,3.0257568359375,0.6911838999099091,1.2482154369354248,nan
anchor,0034,changing_-10,changing,-10.0,False,False,,,cvhi:common_voice_hi_27005346,16.03349494934082,17.681453704833984,0.9884880444695571,3.040503740310669,nan
anchor,0035,changing_-10,changing,-10.0,False,False,,,cvhi:common_voice_hi_24510981,13.250218391418457,13.463678359985352,0.9271522061353645,2.1223790645599365,nan
anchor,0036,changing_-10,changing,-10.0,False,False,,,ls:1263-141777-0027,5.925841331481934,4.646119594573975,0.8172405629617374,1.2342851161956787,nan
anchor,0037,changing_-10,changing,-10.0,False,False,,,ls:1898-145715-0025,5.731908798217773,4.396113872528076,0.7667381386036826,1.32492196559906,nan
anchor,0038,changing_-10,changing,-10.0,False,False,,,ls:1898-145724-0031,6.427130699157715,5.3235907554626465,0.7002463538518726,1.3191540241241455,nan
anchor,0039,changing_-10,changing,-10.0,False,False,,,cvhi:common_voice_hi_26967680,7.496165752410889,6.67521858215332,0.8294071352780498,1.2787338495254517,nan
anchor,0000,changing_-5,changing,-5.0,False,False,,,cvhi:common_voice_hi_26007733,9.467259407043457,8.983880043029785,0.9027567673816814,1.9398407936096191,nan
anchor,0001,changing_-5,changing,-5.0,False,True,,,cvhi:common_voice_hi_25128215,8.791569709777832,8.24090576171875,0.8547222611114156,1.3777226209640503,nan
anchor,0002,changing_-5,changing,-5.0,False,False,,,cvhi:common_voice_hi_27005258,10.406012535095215,9.99986743927002,0.9241291534169398,2.1625802516937256,nan
anchor,0003,changing_-5,changing,-5.0,False,False,,,cvhi:common_voice_hi_26008936,9.79073429107666,9.430362701416016,0.699192268621665,1.4489609003067017,nan
anchor,0004,changing_-5,changing,-5.0,False,False,,,cvhi:common_voice_hi_27005196,16.28070831298828,16.180831909179688,0.9280879522150363,2.5655717849731445,nan
anchor,0005,changing_-5,changing,-5.0,False,True,,,cvhi:common_voice_hi_27122900,6.082649230957031,4.913976192474365,0.8248643607516066,1.5477080345153809,nan
anchor,0006,changing_-5,changing,-5.0,False,False,,,ls:1263-138246-0004,11.72378158569336,11.753798484802246,0.9214951816276429,1.972922444343567,nan
anchor,0007,changing_-5,changing,-5.0,False,True,,,cvhi:common_voice_hi_24228329,8.842026710510254,8.425240516662598,0.8845277154272958,1.5117418766021729,nan
anchor,0008,changing_-5,changing,-5.0,False,False,,,ls:150-126107-0002,17.19189453125,17.444231033325195,0.9143112279398438,3.487377643585205,nan
anchor,0009,changing_-5,changing,-5.0,False,False,,,ls:150-126107-0007,9.297077178955078,8.753905296325684,0.8950932701319418,1.8265663385391235,nan
anchor,0010,changing_-5,changing,-5.0,False,False,,,cvhi:common_voice_hi_24758673,17.683874130249023,18.169553756713867,0.989508316366921,2.609510660171509,nan
anchor,0011,changing_-5,changing,-5.0,False,False,,,ls:226-131533-0019,7.3840227127075195,6.556380271911621,0.8078217697056558,1.250940203666687,nan
anchor,0012,changing_-5,changing,-5.0,False,False,,,cvhi:common_voice_hi_24759344,13.29057502746582,13.287895202636719,0.937116091563146,2.2717559337615967,nan
anchor,0013,changing_-5,changing,-5.0,False,False,,,ls:226-131532-0012,11.784624099731445,11.69720458984375,0.949467755949729,2.9570884704589844,nan
anchor,0014,changing_-5,changing,-5.0,False,False,,,ls:1898-145724-0027,15.371912002563477,15.49871826171875,0.9049430427386539,2.477689266204834,nan
anchor,0015,changing_-5,changing,-5.0,True,False,,,ls:1898-145724-0021,9.663990020751953,9.380894660949707,0.8766731264195903,1.8286197185516357,nan
anchor,0016,changing_-5,changing,-5.0,False,False,,,cvhi:common_voice_hi_27005575,9.278851509094238,8.742613792419434,0.7863827101294321,1.756831169128418,nan
anchor,0017,changing_-5,changing,-5.0,False,False,,,cvhi:common_voice_hi_24758709,15.205694198608398,15.31634521484375,0.9799169334029156,3.5160181522369385,nan
anchor,0018,changing_-5,changing,-5.0,False,False,,,cvhi:common_voice_hi_24258353,10.62480354309082,10.242587089538574,0.9457738016615315,1.7557775974273682,nan
anchor,0019,changing_-5,changing,-5.0,False,False,,,cvhi:common_voice_hi_24225591,10.798274993896484,10.752847671508789,0.9305449436103053,1.5187751054763794,nan
anchor,0020,changing_-5,changing,-5.0,False,False,,,ls:226-122538-0030,9.175395011901855,8.802517890930176,0.8506641472029411,1.3966689109802246,nan
anchor,0021,changing_-5,changing,-5.0,False,False,,,cvhi:common_voice_hi_24225595,19.062793731689453,19.177677154541016,0.9933770851115401,3.337735176086426,nan
anchor,0022,changing_-5,changing,-5.0,True,False,,,cvhi:common_voice_hi_24225591,3.7192728519439697,1.766054391860962,0.7987831350838354,1.2277227640151978,nan
anchor,0023,changing_-5,changing,-5.0,False,False,,,ls:1263-138246-0030,12.729951858520508,12.505406379699707,0.968049357746171,2.64039945602417,nan
anchor,0024,changing_-5,changing,-5.0,False,False,,,ls:1263-139804-0004,14.528225898742676,14.40902328491211,0.9755057125007973,2.713601589202881,nan
anchor,0025,changing_-5,changing,-5.0,False,False,,,ls:150-126112-0036,7.93121862411499,7.189943313598633,0.775191293102405,1.3189876079559326,nan
anchor,0026,changing_-5,changing,-5.0,False,False,,,cvhi:common_voice_hi_24510963,11.384535789489746,11.182642936706543,0.8111811542619455,1.6858835220336914,nan
anchor,0027,changing_-5,changing,-5.0,False,False,,,cvhi:common_voice_hi_24258336,10.895848274230957,10.688831329345703,0.8728376810828001,1.9048223495483398,nan
anchor,0028,changing_-5,changing,-5.0,False,False,,,cvhi:common_voice_hi_24427338,7.329010963439941,6.550298690795898,0.7324547658293205,1.4076987504959106,nan
anchor,0029,changing_-5,changing,-5.0,False,False,,,ls:150-126107-0005,12.533198356628418,12.284072875976562,0.8049745844943267,1.5637526512145996,nan
anchor,0030,changing_-5,changing,-5.0,False,True,,,cvhi:common_voice_hi_23964485,14.498676300048828,14.843746185302734,0.9617448820869386,2.5933685302734375,nan
anchor,0031,changing_-5,changing,-5.0,False,False,,,cvhi:common_voice_hi_24386190,10.716058731079102,10.503837585449219,0.9197012581240708,2.617861032485962,nan
anchor,0032,changing_-5,changing,-5.0,False,False,,,ls:226-131533-0026,8.280024528503418,7.58215856552124,0.7421190379073056,1.455932855606079,nan
anchor,0033,changing_-5,changing,-5.0,False,False,,,cvhi:common_voice_hi_25323039,10.573835372924805,10.199895858764648,0.8480680676869108,1.3716262578964233,nan
anchor,0034,changing_-5,changing,-5.0,False,False,,,ls:150-126112-0008,9.200963020324707,8.857346534729004,0.9013832976215681,2.0065298080444336,nan
anchor,0035,changing_-5,changing,-5.0,False,False,,,cvhi:common_voice_hi_25154422,25.532878875732422,25.883682250976562,0.988928092505807,2.6352643966674805,nan
anchor,0036,changing_-5,changing,-5.0,False,False,,,cvhi:common_voice_hi_31389187,17.93195343017578,17.864910125732422,0.9712670200355038,2.358825445175171,nan
anchor,0037,changing_-5,changing,-5.0,False,False,,,cvhi:common_voice_hi_27005253,9.508935928344727,8.995309829711914,0.9035555926853432,1.5990344285964966,nan
anchor,0038,changing_-5,changing,-5.0,False,False,,,cvhi:common_voice_hi_24258350,14.71185302734375,14.744391441345215,0.9667818879447935,2.8979499340057373,nan
anchor,0039,changing_-5,changing,-5.0,False,False,,,cvhi:common_voice_hi_26007611,13.001317024230957,13.131143569946289,0.9509341960913776,2.3149938583374023,nan
anchor,0000,changing_0,changing,0.0,False,False,,,cvhi:common_voice_hi_27005266,10.658432006835938,10.455379486083984,0.9611236053962743,2.413377523422241,nan
anchor,0001,changing_0,changing,0.0,False,False,,,cvhi:common_voice_hi_25154384,13.148883819580078,13.156999588012695,0.875175042718359,1.792690396308899,nan
anchor,0002,changing_0,changing,0.0,False,False,,,ls:1898-145715-0025,6.665724754333496,6.603006839752197,0.873537104284889,3.1211462020874023,nan
anchor,0003,changing_0,changing,0.0,False,False,,,cvhi:common_voice_hi_24758673,21.251670837402344,21.5700626373291,0.9913698413467938,3.063889265060425,nan
anchor,0004,changing_0,changing,0.0,False,False,,,cvhi:common_voice_hi_24386655,26.670730590820312,27.099885940551758,0.9948205617260858,4.153549671173096,nan
anchor,0005,changing_0,changing,0.0,False,True,,,cvhi:common_voice_hi_26968413,11.699722290039062,11.741554260253906,0.9130026880639475,1.9688146114349365,nan
anchor,0006,changing_0,changing,0.0,False,True,,,cvhi:common_voice_hi_25170187,3.9784164428710938,1.9713375568389893,0.7023917527259776,1.3188613653182983,nan
anchor,0007,changing_0,changing,0.0,False,False,,,cvhi:common_voice_hi_24228514,10.921616554260254,10.564910888671875,0.7688935272752757,1.7575891017913818,nan
anchor,0008,changing_0,changing,0.0,False,False,,,cvhi:common_voice_hi_24759098,15.373407363891602,15.250612258911133,0.9586864651325588,2.3161542415618896,nan
anchor,0009,changing_0,changing,0.0,False,False,,,cvhi:common_voice_hi_26008937,13.308476448059082,13.420955657958984,0.9606757131763815,2.8357925415039062,nan
anchor,0010,changing_0,changing,0.0,False,False,,,cvhi:common_voice_hi_24228363,10.136412620544434,9.731865882873535,0.9155700471773971,1.5412802696228027,nan
anchor,0011,changing_0,changing,0.0,False,False,,,ls:150-126107-0007,11.118118286132812,10.802336692810059,0.9101989685147349,2.9075186252593994,nan
anchor,0012,changing_0,changing,0.0,False,False,,,ls:226-131533-0017,19.32440185546875,19.739849090576172,0.8779312020799068,3.481046438217163,nan
anchor,0013,changing_0,changing,0.0,True,False,,,cvhi:common_voice_hi_24228578,14.723360061645508,14.830121994018555,0.9546789493563819,2.9589459896087646,nan
anchor,0014,changing_0,changing,0.0,False,False,,,ls:226-131532-0016,13.570697784423828,13.643540382385254,0.9356203023729722,2.7599778175354004,nan
anchor,0015,changing_0,changing,0.0,False,False,,,cvhi:common_voice_hi_27005429,10.4182767868042,10.277552604675293,0.8893040610859658,1.361424207687378,nan
anchor,0016,changing_0,changing,0.0,True,False,,,cvhi:common_voice_hi_24427694,14.977832794189453,14.868888854980469,0.9443355092584853,2.1417810916900635,nan
anchor,0017,changing_0,changing,0.0,False,False,,,cvhi:common_voice_hi_24782713,17.61944007873535,17.607973098754883,0.9396020617952228,1.9608701467514038,nan
anchor,0018,changing_0,changing,0.0,False,False,,,cvhi:common_voice_hi_26007832,21.93479347229004,24.95450210571289,0.9983632589006414,3.6565752029418945,nan
anchor,0019,changing_0,changing,0.0,False,False,,,cvhi:common_voice_hi_27944989,10.535887718200684,10.218631744384766,0.8374003591148196,1.661433458328247,nan
anchor,0020,changing_0,changing,0.0,False,False,,,ls:150-126107-0039,15.212291717529297,15.445915222167969,0.9674179753568581,3.0045175552368164,nan
anchor,0021,changing_0,changing,0.0,False,False,,,cvhi:common_voice_hi_25154354,13.987030029296875,13.827385902404785,0.740462607035648,1.7798521518707275,nan
anchor,0022,changing_0,changing,0.0,False,False,,,cvhi:common_voice_hi_26007760,16.31971549987793,16.762046813964844,0.9821276363091461,3.3830552101135254,nan
anchor,0023,changing_0,changing,0.0,False,False,,,cvhi:common_voice_hi_25154380,10.110273361206055,9.664892196655273,0.7937550165584675,1.6356314420700073,nan
anchor,0024,changing_0,changing,0.0,False,False,,,cvhi:common_voice_hi_23964473,13.446078300476074,13.422260284423828,0.856892775900183,1.7825205326080322,nan
anchor,0025,changing_0,changing,0.0,True,False,,,cvhi:common_voice_hi_26968240,9.305997848510742,8.766554832458496,0.8144615587889366,1.3653526306152344,nan
anchor,0026,changing_0,changing,0.0,False,False,,,cvhi:common_voice_hi_27383943,9.123078346252441,8.703519821166992,0.8385655362715029,1.7557519674301147,nan
anchor,0027,changing_0,changing,0.0,False,False,,,cvhi:common_voice_hi_24386323,14.271069526672363,14.13425064086914,0.9947463992414395,3.1428749561309814,nan
anchor,0028,changing_0,changing,0.0,False,False,,,cvhi:common_voice_hi_24511001,9.798389434814453,10.013980865478516,0.9122289881499978,1.736851692199707,nan
anchor,0029,changing_0,changing,0.0,False,False,,,cvhi:common_voice_hi_24258404,14.118303298950195,13.948631286621094,0.9728018304531563,2.9041504859924316,nan
anchor,0030,changing_0,changing,0.0,False,False,,,cvhi:common_voice_hi_26007723,14.818720817565918,14.878029823303223,0.9813110853441038,2.7451930046081543,nan
anchor,0031,changing_0,changing,0.0,True,False,,,cvhi:common_voice_hi_25154353,9.146072387695312,9.217334747314453,0.8325469590019782,1.4073303937911987,nan
anchor,0032,changing_0,changing,0.0,False,False,,,cvhi:common_voice_hi_24228510,12.326111793518066,12.12722396850586,0.934904082819573,2.1164281368255615,nan
anchor,0033,changing_0,changing,0.0,False,False,,,cvhi:common_voice_hi_24427880,15.242332458496094,15.119037628173828,0.8271773439230351,1.9672433137893677,nan
anchor,0034,changing_0,changing,0.0,False,False,,,ls:150-132655-0000,16.832504272460938,17.249752044677734,0.9772488842512131,3.166203498840332,nan
anchor,0035,changing_0,changing,0.0,False,False,,,cvhi:common_voice_hi_24427484,8.704192161560059,8.963268280029297,0.9443100690339035,2.6450634002685547,nan
anchor,0036,changing_0,changing,0.0,False,False,,,cvhi:common_voice_hi_26254104,10.574097633361816,10.2318115234375,0.9090527761144792,1.883192777633667,nan
anchor,0037,changing_0,changing,0.0,False,False,,,cvhi:common_voice_hi_26008916,13.111204147338867,12.896232604980469,0.9399929295905707,2.191471815109253,nan
anchor,0038,changing_0,changing,0.0,False,False,,,cvhi:common_voice_hi_27005181,14.40739631652832,14.383638381958008,0.859880037673013,1.6074941158294678,nan
anchor,0039,changing_0,changing,0.0,False,False,,,cvhi:common_voice_hi_24510973,14.688594818115234,14.539250373840332,0.9423631901390721,2.1544108390808105,nan
anchor,0000,changing_10,changing,10.0,False,False,,,ls:150-126112-0027,8.024453163146973,7.350981712341309,0.8787585780951495,2.1681342124938965,nan
anchor,0001,changing_10,changing,10.0,False,False,,,cvhi:common_voice_hi_24386852,19.24920654296875,20.025110244750977,0.9846209221455021,3.380192995071411,nan
anchor,0002,changing_10,changing,10.0,False,False,,,ls:1898-145720-0013,16.677858352661133,17.02699851989746,0.9852607176696371,3.7805111408233643,nan
anchor,0003,changing_10,changing,10.0,False,True,,,ls:226-122538-0002,23.51332664489746,23.533784866333008,0.9902994474380826,4.022165298461914,nan
anchor,0004,changing_10,changing,10.0,False,False,,,cvhi:common_voice_hi_24228465,16.607053756713867,16.515132904052734,0.9249366282970157,3.377533435821533,nan
anchor,0005,changing_10,changing,10.0,True,False,,,cvhi:common_voice_hi_27944990,17.596981048583984,17.533601760864258,0.9604598823181612,2.48298978805542,nan
anchor,0006,changing_10,changing,10.0,False,False,,,cvhi:common_voice_hi_24226287,16.96748161315918,16.880701065063477,0.9646988585310053,2.2795958518981934,nan
anchor,0007,changing_10,changing,10.0,False,False,,,cvhi:common_voice_hi_24427448,22.26776885986328,24.729883193969727,0.9641203220321869,2.8651227951049805,nan
anchor,0008,changing_10,changing,10.0,False,True,,,cvhi:common_voice_hi_24782649,20.81521224975586,23.419971466064453,0.9801264435501599,3.1453425884246826,nan
anchor,0009,changing_10,changing,10.0,False,False,,,cvhi:common_voice_hi_27005184,17.007558822631836,17.09176254272461,0.941237645796564,2.3864240646362305,nan
anchor,0010,changing_10,changing,10.0,False,False,,,cvhi:common_voice_hi_26007724,13.387990951538086,13.265056610107422,0.9757663937946472,2.716038465499878,nan
anchor,0011,changing_10,changing,10.0,False,False,,,cvhi:common_voice_hi_24228379,15.994181632995605,17.028358459472656,0.9701650069618634,2.964371919631958,nan
anchor,0012,changing_10,changing,10.0,False,False,,,cvhi:common_voice_hi_26007725,15.372448921203613,16.22324562072754,0.9801270505946899,2.416867256164551,nan
anchor,0013,changing_10,changing,10.0,False,False,,,cvhi:common_voice_hi_25154379,14.310111045837402,14.165535926818848,0.9701365812570474,2.3347415924072266,nan
anchor,0014,changing_10,changing,10.0,False,False,,,cvhi:common_voice_hi_24759495,20.39775848388672,20.37025260925293,0.9968280844493103,3.081251621246338,nan
anchor,0015,changing_10,changing,10.0,True,False,,,ls:226-122538-0029,13.3455228805542,13.300232887268066,0.9443921807783223,2.5702450275421143,nan
anchor,0016,changing_10,changing,10.0,False,False,,,cvhi:common_voice_hi_26254103,16.806398391723633,17.243667602539062,0.8464967563650154,2.5888564586639404,nan
anchor,0017,changing_10,changing,10.0,False,False,,,cvhi:common_voice_hi_24759434,21.8654727935791,21.83730125427246,0.9967760012063748,3.162858247756958,nan
anchor,0018,changing_10,changing,10.0,False,False,,,ls:1263-139804-0028,16.645992279052734,16.71449851989746,0.9803038837853805,2.9250221252441406,nan
anchor,0019,changing_10,changing,10.0,False,False,,,ls:150-132655-0018,16.257442474365234,16.376996994018555,0.9764049521357124,3.236201763153076,nan
anchor,0020,changing_10,changing,10.0,False,False,,,cvhi:common_voice_hi_25154438,21.235179901123047,21.79905128479004,0.9310835657437753,2.0050933361053467,nan
anchor,0021,changing_10,changing,10.0,True,False,,,ls:226-131533-0030,16.419862747192383,16.40123748779297,0.898648809744288,1.4940956830978394,nan
anchor,0022,changing_10,changing,10.0,False,False,,,ls:1263-139804-0007,13.117342948913574,13.398860931396484,0.9862456141764739,2.9549477100372314,nan
anchor,0023,changing_10,changing,10.0,False,False,,,ls:1263-139804-0029,16.082523345947266,16.340761184692383,0.9678137588911161,2.858607053756714,nan
anchor,0024,changing_10,changing,10.0,False,False,,,cvhi:common_voice_hi_24228245,5.217170238494873,4.1331682205200195,0.9557248872279469,2.4528205394744873,nan
anchor,0025,changing_10,changing,10.0,False,False,,,cvhi:common_voice_hi_24258325,49.134193420410156,51.85856246948242,0.9999986722073306,4.634655475616455,nan
anchor,0026,changing_10,changing,10.0,False,False,,,cvhi:common_voice_hi_27005578,20.42496681213379,20.39910316467285,0.9928413302472954,3.3383679389953613,nan
anchor,0027,changing_10,changing,10.0,False,False,,,cvhi:common_voice_hi_26254077,19.836851119995117,21.942028045654297,0.9824733686744942,3.582885265350342,nan
anchor,0028,changing_10,changing,10.0,True,False,,,cvhi:common_voice_hi_23964473,14.951860427856445,14.811382293701172,0.8893056691815434,1.9234554767608643,nan
anchor,0029,changing_10,changing,10.0,False,False,,,ls:150-132655-0019,16.425168991088867,16.337949752807617,0.8886693380578129,3.059558868408203,nan
anchor,0030,changing_10,changing,10.0,False,False,,,cvhi:common_voice_hi_24226416,18.308393478393555,18.390859603881836,0.9550960127360817,2.9162111282348633,nan
anchor,0031,changing_10,changing,10.0,False,False,,,cvhi:common_voice_hi_26254076,21.327930450439453,21.35009765625,0.9668260507012633,3.0874366760253906,nan
anchor,0032,changing_10,changing,10.0,False,False,,,cvhi:common_voice_hi_24258308,16.359827041625977,16.268709182739258,0.94082982898685,2.0142178535461426,nan
anchor,0033,changing_10,changing,10.0,False,False,,,cvhi:common_voice_hi_24782737,18.522165298461914,18.61167335510254,0.983202124135586,2.7838401794433594,nan
anchor,0034,changing_10,changing,10.0,False,False,,,cvhi:common_voice_hi_26008948,16.31926155090332,16.481422424316406,0.8687991407232899,2.2831742763519287,nan
anchor,0035,changing_10,changing,10.0,False,False,,,cvhi:common_voice_hi_24258305,12.701092720031738,12.514142990112305,0.9654416344347607,2.51084303855896,nan
anchor,0036,changing_10,changing,10.0,False,True,,,cvhi:common_voice_hi_26007714,15.576878547668457,15.829176902770996,0.9389301640231179,1.9620357751846313,nan
anchor,0037,changing_10,changing,10.0,False,True,,,cvhi:common_voice_hi_24386374,18.889251708984375,19.605743408203125,0.9742859581395459,3.0769505500793457,nan
anchor,0038,changing_10,changing,10.0,False,False,,,ls:226-131532-0007,19.44668197631836,20.131973266601562,0.965677989450517,3.702030897140503,nan
anchor,0039,changing_10,changing,10.0,False,False,,,ls:226-122538-0001,16.56793785095215,16.58706283569336,0.9620864471096391,2.873292922973633,nan
anchor,0000,changing_15,changing,15.0,False,False,,,cvhi:common_voice_hi_24427371,21.8447265625,21.878681182861328,0.9427582563457487,3.086207628250122,nan
anchor,0001,changing_15,changing,15.0,False,True,,,ls:1263-139804-0018,19.843889236450195,20.238983154296875,0.9827689416907125,3.161738395690918,nan
anchor,0002,changing_15,changing,15.0,False,False,,,cvhi:common_voice_hi_24427465,18.533790588378906,19.28273582458496,0.9535805816471158,3.0708770751953125,nan
anchor,0003,changing_15,changing,15.0,False,False,,,cvhi:common_voice_hi_26007736,20.661705017089844,22.773487091064453,0.9884931484775359,3.707674741744995,nan
anchor,0004,changing_15,changing,15.0,False,False,,,ls:226-131532-0006,17.19072151184082,17.196109771728516,0.9505380371417995,3.159405469894409,nan
anchor,0005,changing_15,changing,15.0,False,False,,,cvhi:common_voice_hi_24280928,22.41439437866211,22.73092269897461,0.9926856416478158,3.1920275688171387,nan
anchor,0006,changing_15,changing,15.0,False,False,,,ls:1263-138246-0019,18.35063934326172,18.970081329345703,0.9909737110390954,3.4687492847442627,nan
anchor,0007,changing_15,changing,15.0,False,True,,,cvhi:common_voice_hi_25982636,21.75429916381836,21.725645065307617,0.9535357529995221,2.7803499698638916,nan
anchor,0008,changing_15,changing,15.0,False,False,,,cvhi:common_voice_hi_24228569,19.275985717773438,19.781139373779297,0.9972616157570361,3.585463047027588,nan
anchor,0009,changing_15,changing,15.0,False,False,,,cvhi:common_voice_hi_40355229,16.82672691345215,18.548315048217773,0.9840330900584918,2.8631529808044434,nan
anchor,0010,changing_15,changing,15.0,False,True,,,cvhi:common_voice_hi_24228143,19.141572952270508,20.8291072845459,0.9912171911127101,3.3489677906036377,nan
anchor,0011,changing_15,changing,15.0,False,False,,,cvhi:common_voice_hi_24280943,18.616573333740234,19.00037956237793,0.9807778815994763,3.0802109241485596,nan
anchor,0012,changing_15,changing,15.0,False,False,,,cvhi:common_voice_hi_27035762,25.318458557128906,26.35769271850586,0.9560762265984207,3.4643948078155518,nan
anchor,0013,changing_15,changing,15.0,False,False,,,cvhi:common_voice_hi_24427319,23.563304901123047,25.701818466186523,0.9853867049092455,3.450382709503174,nan
anchor,0014,changing_15,changing,15.0,False,False,,,cvhi:common_voice_hi_24258402,23.03331184387207,23.88174819946289,0.9997874579720922,3.9882094860076904,nan
anchor,0015,changing_15,changing,15.0,False,False,,,cvhi:common_voice_hi_25948425,19.7813777923584,20.98738670349121,0.9921747697044226,3.8147122859954834,nan
anchor,0016,changing_15,changing,15.0,False,False,,,cvhi:common_voice_hi_24782773,29.21226692199707,36.00582504272461,0.9989933985356293,3.8340773582458496,nan
anchor,0017,changing_15,changing,15.0,False,False,,,cvhi:common_voice_hi_24386789,20.630268096923828,21.346349716186523,0.9890066176555216,2.798304319381714,nan
anchor,0018,changing_15,changing,15.0,False,False,,,cvhi:common_voice_hi_24427535,19.471942901611328,22.054306030273438,0.961562124059209,3.458226442337036,nan
anchor,0019,changing_15,changing,15.0,False,True,,,ls:1898-145715-0049,21.159820556640625,21.129350662231445,0.988450605751387,2.9582226276397705,nan
anchor,0020,changing_15,changing,15.0,True,False,,,cvhi:common_voice_hi_27005345,14.337581634521484,14.180670738220215,0.9819764403148488,2.207602024078369,nan
anchor,0021,changing_15,changing,15.0,False,True,,,cvhi:common_voice_hi_27945102,17.097332000732422,17.17121696472168,0.9628717165933419,2.9065353870391846,nan
anchor,0022,changing_15,changing,15.0,False,False,,,cvhi:common_voice_hi_24258306,21.404512405395508,21.439865112304688,0.9928490961013429,3.4002861976623535,nan
anchor,0023,changing_15,changing,15.0,False,False,,,cvhi:common_voice_hi_24427415,21.88597869873047,28.2606201171875,0.9809810555346219,3.259503126144409,nan
anchor,0024,changing_15,changing,15.0,False,False,,,cvhi:common_voice_hi_25323066,20.45175552368164,21.518321990966797,0.9974020550315742,3.3054986000061035,nan
anchor,0025,changing_15,changing,15.0,False,False,,,cvhi:common_voice_hi_27005615,31.084186553955078,32.78932189941406,0.9983860357435443,4.059255123138428,nan
anchor,0026,changing_15,changing,15.0,False,False,,,cvhi:common_voice_hi_24228514,19.667381286621094,20.309127807617188,0.8332992780013948,2.919304847717285,nan
anchor,0027,changing_15,changing,15.0,False,False,,,ls:1263-138246-0000,16.878625869750977,17.85391616821289,0.9759690348941109,2.827578544616699,nan
anchor,0028,changing_15,changing,15.0,False,False,,,cvhi:common_voice_hi_26007626,24.692493438720703,24.784378051757812,0.9841644578160785,3.4955568313598633,nan
anchor,0029,changing_15,changing,15.0,False,False,,,cvhi:common_voice_hi_24427750,17.7513484954834,19.492464065551758,0.9414356604424112,2.5620346069335938,nan
anchor,0030,changing_15,changing,15.0,False,False,,,cvhi:common_voice_hi_27005461,18.811941146850586,18.75511360168457,0.9856254986707007,3.257214069366455,nan
anchor,0031,changing_15,changing,15.0,False,False,,,cvhi:common_voice_hi_24427332,21.182376861572266,21.343088150024414,0.9574938772989078,3.0145881175994873,nan
anchor,0032,changing_15,changing,15.0,False,False,,,cvhi:common_voice_hi_24258320,21.109790802001953,21.885868072509766,0.9995436935280764,4.002233028411865,nan
anchor,0033,changing_15,changing,15.0,False,False,,,cvhi:common_voice_hi_24427377,22.551013946533203,31.242368698120117,0.9997461390254764,4.301359176635742,nan
anchor,0034,changing_15,changing,15.0,False,False,,,ls:226-122538-0012,25.90625,25.908720016479492,0.9997498339250137,4.47025728225708,nan
anchor,0035,changing_15,changing,15.0,False,False,,,ls:1263-141777-0040,18.987991333007812,19.352420806884766,0.979770414732595,3.243055582046509,nan
anchor,0036,changing_15,changing,15.0,False,False,,,ls:1263-139804-0025,18.202449798583984,18.773900985717773,0.990568678647102,3.350372314453125,nan
anchor,0037,changing_15,changing,15.0,False,False,,,cvhi:common_voice_hi_25154358,17.111801147460938,17.060590744018555,0.9607155317252253,2.520306348800659,nan
anchor,0038,changing_15,changing,15.0,False,False,,,cvhi:common_voice_hi_24759304,19.508102416992188,21.010761260986328,0.9919502785733835,2.490753412246704,nan
anchor,0039,changing_15,changing,15.0,False,True,,,cvhi:common_voice_hi_26007798,19.584461212158203,21.279186248779297,0.9845876522715887,2.5389206409454346,nan
anchor,0000,changing_5,changing,5.0,False,False,,,cvhi:common_voice_hi_24228603,14.152922630310059,14.34882640838623,0.9910674271709782,3.6198856830596924,nan
anchor,0001,changing_5,changing,5.0,False,False,,,cvhi:common_voice_hi_24427414,22.857803344726562,27.661956787109375,0.9529465492303175,3.601334810256958,nan
anchor,0002,changing_5,changing,5.0,True,False,,,cvhi:common_voice_hi_27005244,12.878713607788086,12.918155670166016,0.9780459224204546,2.8703160285949707,nan
anchor,0003,changing_5,changing,5.0,True,False,,,cvhi:common_voice_hi_27005180,12.84741497039795,12.878847122192383,0.8698300083124222,1.765164852142334,nan
anchor,0004,changing_5,changing,5.0,False,False,,,cvhi:common_voice_hi_24258347,15.610477447509766,15.562637329101562,0.9864334938239114,3.0323092937469482,nan
anchor,0005,changing_5,changing,5.0,False,False,,,cvhi:common_voice_hi_27005264,21.781423568725586,25.317455291748047,0.9962590384586174,3.026705265045166,nan
anchor,0006,changing_5,changing,5.0,False,False,,,cvhi:common_voice_hi_25154355,17.154226303100586,18.652843475341797,0.8677161080686366,2.322429895401001,nan
anchor,0007,changing_5,changing,5.0,False,False,,,cvhi:common_voice_hi_40339887,13.942313194274902,13.798185348510742,0.948954828325464,2.094409227371216,nan
anchor,0008,changing_5,changing,5.0,False,True,,,cvhi:common_voice_hi_26007734,20.440326690673828,22.31246566772461,0.9835628080075051,3.24176287651062,nan
anchor,0009,changing_5,changing,5.0,False,False,,,ls:226-122538-0032,13.094674110412598,12.886093139648438,0.9162708346455808,2.171912908554077,nan
anchor,0010,changing_5,changing,5.0,False,False,,,cvhi:common_voice_hi_24228463,16.123355865478516,17.3367919921875,0.9748566576763826,3.103177309036255,nan
anchor,0011,changing_5,changing,5.0,False,False,,,cvhi:common_voice_hi_24427337,20.359596252441406,22.10099983215332,0.954208267696245,3.1839025020599365,nan
anchor,0012,changing_5,changing,5.0,False,False,,,cvhi:common_voice_hi_24427339,11.763364791870117,11.912107467651367,0.9887199670793244,4.017777442932129,nan
anchor,0013,changing_5,changing,5.0,False,False,,,cvhi:common_voice_hi_25982640,15.882165908813477,16.26112174987793,0.9159546700350846,2.0607216358184814,nan
anchor,0014,changing_5,changing,5.0,False,False,,,cvhi:common_voice_hi_24228362,8.50570297241211,8.052943229675293,0.9217010810903898,1.467923641204834,nan
anchor,0015,changing_5,changing,5.0,False,False,,,cvhi:common_voice_hi_26007863,13.201422691345215,14.642354965209961,0.9719054660703741,3.1195120811462402,nan
anchor,0016,changing_5,changing,5.0,False,False,,,cvhi:common_voice_hi_24386243,9.87807846069336,9.446964263916016,0.8260398198948877,1.6239521503448486,nan
anchor,0017,changing_5,changing,5.0,False,False,,,cvhi:common_voice_hi_24782660,16.960031509399414,17.990528106689453,0.9297839334571043,3.103823661804199,nan
anchor,0018,changing_5,changing,5.0,False,False,,,cvhi:common_voice_hi_26007602,20.415912628173828,20.94550132751465,0.9783019485339061,2.967519998550415,nan
anchor,0019,changing_5,changing,5.0,False,False,,,cvhi:common_voice_hi_26687109,18.624191284179688,18.844364166259766,0.9603625441792817,2.9082932472229004,nan
anchor,0020,changing_5,changing,5.0,False,False,,,cvhi:common_voice_hi_27639380,13.823918342590332,13.674304962158203,0.817963788603763,2.1987597942352295,nan
anchor,0021,changing_5,changing,5.0,False,False,,,cvhi:common_voice_hi_24225492,15.170211791992188,15.941276550292969,0.9251715806564058,1.9115781784057617,nan
anchor,0022,changing_5,changing,5.0,False,False,,,cvhi:common_voice_hi_24228494,18.990318298339844,19.1041259765625,0.9790554775270713,2.099209785461426,nan
anchor,0023,changing_5,changing,5.0,False,False,,,ls:1263-141777-0037,13.519855499267578,13.335846900939941,0.9609029242488121,1.9103410243988037,nan
anchor,0024,changing_5,changing,5.0,False,False,,,cvhi:common_voice_hi_26253999,12.637261390686035,12.409778594970703,0.9344930772149027,2.0605671405792236,nan
anchor,0025,changing_5,changing,5.0,True,False,,,ls:226-131533-0015,14.315370559692383,14.15223217010498,0.7416178861954852,2.481046676635742,nan
anchor,0026,changing_5,changing,5.0,False,False,,,ls:1263-141777-0017,19.08837127685547,19.095460891723633,0.9968519443729855,3.86383318901062,nan
anchor,0027,changing_5,changing,5.0,False,False,,,cvhi:common_voice_hi_27005253,12.859312057495117,12.629621505737305,0.9622225628649842,2.276761531829834,nan
anchor,0028,changing_5,changing,5.0,False,False,,,cvhi:common_voice_hi_24427415,22.316280364990234,22.600133895874023,0.9222460442386203,3.0824828147888184,nan
anchor,0029,changing_5,changing,5.0,True,True,,,cvhi:common_voice_hi_24258377,16.537195205688477,17.847412109375,0.980603780081104,2.9697458744049072,nan
anchor,0030,changing_5,changing,5.0,False,False,,,cvhi:common_voice_hi_24258382,18.482316970825195,18.918643951416016,0.9713293823432241,2.655181884765625,nan
anchor,0031,changing_5,changing,5.0,False,False,,,cvhi:common_voice_hi_23844538,16.757829666137695,16.717355728149414,0.9208819099819878,2.7082865238189697,nan
anchor,0032,changing_5,changing,5.0,False,False,,,ls:1263-138246-0015,13.45233154296875,13.752435684204102,0.9653620940975539,2.748854875564575,nan
anchor,0033,changing_5,changing,5.0,False,False,,,cvhi:common_voice_hi_25154399,22.16155242919922,22.143901824951172,0.9545732079413316,2.9377002716064453,nan
anchor,0034,changing_5,changing,5.0,False,False,,,cvhi:common_voice_hi_26007651,14.380849838256836,14.628497123718262,0.9626826516683884,2.0939559936523438,nan
anchor,0035,changing_5,changing,5.0,False,True,,,cvhi:common_voice_hi_25154362,22.979141235351562,25.211393356323242,0.9950671552080205,3.1577372550964355,nan
anchor,0036,changing_5,changing,5.0,True,False,,,ls:1263-141777-0019,17.490413665771484,17.773359298706055,0.9845020369488787,2.916533946990967,nan
anchor,0037,changing_5,changing,5.0,False,False,,,cvhi:common_voice_hi_24759459,27.456199645996094,28.323442459106445,0.9946865427907899,4.1725544929504395,nan
anchor,0038,changing_5,changing,5.0,False,False,,,ls:150-126107-0015,15.526773452758789,15.415129661560059,0.9031522185810383,2.1147947311401367,nan
anchor,0039,changing_5,changing,5.0,False,False,,,ls:150-126107-0040,11.843208312988281,11.55177116394043,0.8848112778593958,2.2951931953430176,nan
anchor,0000,clean_inf,clean,inf,False,False,,,cvhi:common_voice_hi_25286446,52.79130554199219,53.31159591674805,0.9999977653330476,4.636723041534424,nan
anchor,0001,clean_inf,clean,inf,False,False,,,cvhi:common_voice_hi_24758653,51.553035736083984,51.91704177856445,0.9999979408507007,4.635558128356934,nan
anchor,0002,clean_inf,clean,inf,False,False,,,cvhi:common_voice_hi_24386210,53.880332946777344,54.08037567138672,0.9999888951899398,4.626861095428467,nan
anchor,0003,clean_inf,clean,inf,False,False,,,ls:150-126112-0030,48.90565872192383,49.232872009277344,0.9986862824639077,4.639931678771973,nan
anchor,0004,clean_inf,clean,inf,False,False,,,cvhi:common_voice_hi_24759577,53.32194900512695,53.631439208984375,0.9999986400115984,4.635014057159424,nan
anchor,0005,clean_inf,clean,inf,False,False,,,cvhi:common_voice_hi_26007596,47.348876953125,47.446102142333984,0.9999496685134391,4.61791467666626,nan
anchor,0006,clean_inf,clean,inf,False,False,,,cvhi:common_voice_hi_26080940,51.16590118408203,51.194740295410156,0.999995891329458,4.629323959350586,nan
anchor,0007,clean_inf,clean,inf,False,False,,,cvhi:common_voice_hi_24258354,55.63379669189453,55.711212158203125,0.9999989927688402,4.626873016357422,nan
anchor,0008,clean_inf,clean,inf,False,False,,,cvhi:common_voice_hi_25322994,48.08502197265625,48.30316925048828,0.9999957589695558,4.638105392456055,nan
anchor,0009,clean_inf,clean,inf,False,False,,,ls:1263-138246-0028,26.636966705322266,27.0158748626709,0.9996902050648783,4.560527324676514,nan
anchor,0010,clean_inf,clean,inf,False,False,,,cvhi:common_voice_hi_25154346,54.8365364074707,55.19282531738281,0.9999933273289213,4.63801383972168,nan
anchor,0011,clean_inf,clean,inf,False,False,,,cvhi:common_voice_hi_24759163,53.593231201171875,53.64883041381836,0.9999984705910974,4.641350746154785,nan
anchor,0012,clean_inf,clean,inf,False,False,,,cvhi:common_voice_hi_26007781,47.656524658203125,47.66285705566406,0.9999935577152411,4.616507530212402,nan
anchor,0013,clean_inf,clean,inf,False,False,,,ls:150-132655-0019,47.88454055786133,48.08481216430664,0.9982437238116451,4.610294342041016,nan
anchor,0014,clean_inf,clean,inf,False,False,,,cvhi:common_voice_hi_26959697,45.47862243652344,45.52886199951172,0.9999913848414822,4.640731334686279,nan
anchor,0015,clean_inf,clean,inf,False,False,,,cvhi:common_voice_hi_27005575,50.9273681640625,50.981292724609375,0.9995992781190656,4.631021499633789,nan
anchor,0016,clean_inf,clean,inf,False,False,,,cvhi:common_voice_hi_31389169,53.74714660644531,53.78177261352539,0.9999982539188336,4.64110803604126,nan
anchor,0017,clean_inf,clean,inf,False,False,,,cvhi:common_voice_hi_25286447,49.835601806640625,49.83869552612305,0.9999926680281158,4.633620738983154,nan
anchor,0018,clean_inf,clean,inf,False,False,,,cvhi:common_voice_hi_26007626,45.1790657043457,45.21098709106445,0.9998903685691206,4.592106819152832,nan
anchor,0019,clean_inf,clean,inf,False,False,,,cvhi:common_voice_hi_24759072,50.3414192199707,50.35341262817383,0.9999967554006772,4.637704849243164,nan
anchor,0020,clean_inf,clean,inf,False,False,,,ls:1263-141777-0007,52.89533615112305,53.600486755371094,0.9999967959372107,4.637405872344971,nan
anchor,0021,clean_inf,clean,inf,False,False,,,ls:226-131533-0032,46.0770263671875,46.25089645385742,0.997660978179767,4.629559516906738,nan
anchor,0022,clean_inf,clean,inf,False,False,,,ls:226-131532-0006,42.66389846801758,42.87205123901367,0.9978235543192219,4.619530200958252,nan
anchor,0023,clean_inf,clean,inf,False,False,,,cvhi:common_voice_hi_26007855,49.90373611450195,49.90534973144531,0.999996370039661,4.6206159591674805,nan
anchor,0024,clean_inf,clean,inf,False,False,,,cvhi:common_voice_hi_24228141,53.554786682128906,53.86838912963867,0.9999985036528218,4.637083053588867,nan
anchor,0025,clean_inf,clean,inf,False,False,,,cvhi:common_voice_hi_40339895,53.71575927734375,54.223819732666016,0.9999980983070664,4.637460231781006,nan
anchor,0026,clean_inf,clean,inf,False,False,,,cvhi:common_voice_hi_24427337,54.66047286987305,54.6669807434082,0.9999948752339302,4.624022006988525,nan
anchor,0027,clean_inf,clean,inf,False,False,,,cvhi:common_voice_hi_24510973,55.1796760559082,55.36317825317383,0.9999983226590828,4.638625144958496,nan
anchor,0028,clean_inf,clean,inf,False,False,,,ls:150-126112-0033,49.891048431396484,49.96824264526367,0.9980531119431688,4.638382911682129,nan
anchor,0029,clean_inf,clean,inf,False,False,,,cvhi:common_voice_hi_25323041,50.60945129394531,50.689815521240234,0.9999954558092733,4.640249729156494,nan
anchor,0030,clean_inf,clean,inf,False,False,,,ls:150-126112-0029,48.873497009277344,49.41094970703125,0.9997392933072147,4.627632141113281,nan
anchor,0031,clean_inf,clean,inf,False,False,,,cvhi:common_voice_hi_27005638,52.245994567871094,52.26910400390625,0.9999972110590619,4.637938022613525,nan
anchor,0032,clean_inf,clean,inf,False,False,,,cvhi:common_voice_hi_26008620,48.063270568847656,48.06708908081055,0.9999935554993841,4.630609035491943,nan
anchor,0033,clean_inf,clean,inf,False,False,,,cvhi:common_voice_hi_24280949,54.06939697265625,54.42047119140625,0.9999983522443622,4.616451263427734,nan
anchor,0034,clean_inf,clean,inf,False,False,,,cvhi:common_voice_hi_26769497,24.371183395385742,24.45254898071289,0.9226817009957484,3.7423605918884277,nan
anchor,0035,clean_inf,clean,inf,False,False,,,cvhi:common_voice_hi_24759523,52.19993209838867,52.28428649902344,0.9999977635517198,4.637058734893799,nan
anchor,0036,clean_inf,clean,inf,False,False,,,cvhi:common_voice_hi_27005422,52.770057678222656,52.91587829589844,0.9999974130868403,4.639683246612549,nan
anchor,0037,clean_inf,clean,inf,False,False,,,cvhi:common_voice_hi_27005258,51.7890739440918,51.85575866699219,0.999982297918896,4.635718822479248,nan
anchor,0038,clean_inf,clean,inf,False,False,,,cvhi:common_voice_hi_27248545,46.592857360839844,46.59418487548828,0.9999600928566023,4.633323669433594,nan
anchor,0039,clean_inf,clean,inf,False,False,,,cvhi:common_voice_hi_27005454,52.91381072998047,53.088096618652344,0.999997576710485,4.638057231903076,nan
anchor,0000,impulsive+stationary_-10,impulsive+stationary,-10.0,False,False,7.741946933016816,,cvhi:common_voice_hi_24225726,3.309858798980713,0.689988374710083,0.706238424505563,1.1123034954071045,0.0
anchor,0001,impulsive+stationary_-10,impulsive+stationary,-10.0,False,False,10.941254926865419,,cvhi:common_voice_hi_27005386,2.268200635910034,-1.6265158653259277,0.7200784138577502,1.1717664003372192,0.04
anchor,0002,impulsive+stationary_-10,impulsive+stationary,-10.0,True,False,10.471468805939093,,cvhi:common_voice_hi_27383946,4.604095458984375,2.7607786655426025,0.6895174948837351,1.2525436878204346,0.0
anchor,0003,impulsive+stationary_-10,impulsive+stationary,-10.0,False,False,-5.338036564328892,,cvhi:common_voice_hi_26008952,3.540365219116211,1.0118448734283447,0.7144922080831563,1.307466983795166,0.0
anchor,0004,impulsive+stationary_-10,impulsive+stationary,-10.0,False,False,3.979163416393984,,cvhi:common_voice_hi_25170220,2.6068406105041504,-0.7749813199043274,0.6523622555788708,1.0873674154281616,0.06
anchor,0005,impulsive+stationary_-10,impulsive+stationary,-10.0,False,False,3.768753673430421,,cvhi:common_voice_hi_25154409,0.9155145287513733,-5.708723068237305,0.5478757907730425,1.1431535482406616,0.0
anchor,0006,impulsive+stationary_-10,impulsive+stationary,-10.0,False,False,4.5800336282773895,,cvhi:common_voice_hi_27149959,4.424843788146973,2.5222535133361816,0.6985503627923056,1.2209392786026,0.0
anchor,0007,impulsive+stationary_-10,impulsive+stationary,-10.0,False,False,0.6051998525013174,,cvhi:common_voice_hi_24258354,3.1049656867980957,0.2801889479160309,0.6638074220278858,1.1520038843154907,0.0
anchor,0008,impulsive+stationary_-10,impulsive+stationary,-10.0,False,True,9.735923909739173,,cvhi:common_voice_hi_27005280,1.4210444688796997,-3.732790946960449,0.5626507210816625,1.1009865999221802,0.0
anchor,0009,impulsive+stationary_-10,impulsive+stationary,-10.0,False,False,-3.054586699796876,,cvhi:common_voice_hi_24280926,3.2909200191497803,1.721886396408081,0.6011539013043232,1.1116012334823608,0.0
anchor,0010,impulsive+stationary_-10,impulsive+stationary,-10.0,False,False,6.6454081347856135,,cvhi:common_voice_hi_27005360,3.5953176021575928,1.1586261987686157,0.8282469953718512,1.2424919605255127,0.0
anchor,0011,impulsive+stationary_-10,impulsive+stationary,-10.0,False,False,6.9698934903142895,,ls:150-126107-0007,3.927957534790039,1.8192988634109497,0.6613037777566371,1.263251543045044,0.6
anchor,0012,impulsive+stationary_-10,impulsive+stationary,-10.0,False,False,-3.8464009917158837,,cvhi:common_voice_hi_27005379,2.8284740447998047,-0.3652535676956177,0.7266547165351397,1.1410324573516846,0.0
anchor,0013,impulsive+stationary_-10,impulsive+stationary,-10.0,True,False,6.646828055929458,,ls:150-126107-0036,2.979799747467041,-0.0035506761632859707,0.7750420021906583,1.281364917755127,0.02
anchor,0014,impulsive+stationary_-10,impulsive+stationary,-10.0,False,False,7.3643771771852915,,cvhi:common_voice_hi_24258347,3.782200574874878,1.427193284034729,0.7996193466268408,1.2612053155899048,0.0
anchor,0015,impulsive+stationary_-10,impulsive+stationary,-10.0,False,False,1.691346394964178,,cvhi:common_voice_hi_24758650,2.161776065826416,-1.8980216979980469,0.5539343946198769,1.2583422660827637,0.0
anchor,0016,impulsive+stationary_-10,impulsive+stationary,-10.0,False,False,-1.2300412070521727,,cvhi:common_voice_hi_26008570,6.409414291381836,5.2824249267578125,0.4714669648750023,1.176562786102295,0.0
anchor,0017,impulsive+stationary_-10,impulsive+stationary,-10.0,True,False,9.813060384695213,,cvhi:common_voice_hi_26007760,4.389352321624756,2.4429290294647217,0.7353575944535656,1.2082040309906006,0.42
anchor,0018,impulsive+stationary_-10,impulsive+stationary,-10.0,False,True,3.633328750565532,,cvhi:common_voice_hi_25323068,1.6651179790496826,-3.230302333831787,0.5659792957468726,1.1374266147613525,0.0
anchor,0019,impulsive+stationary_-10,impulsive+stationary,-10.0,False,False,2.4693758830747985,,cvhi:common_voice_hi_25323015,11.141425132751465,11.111404418945312,0.9395359951777061,1.826225996017456,0.0
anchor,0020,impulsive+stationary_-10,impulsive+stationary,-10.0,True,False,-2.8345869682355405,,ls:150-126112-0031,2.912776470184326,-0.14570443332195282,0.5784363518920407,1.1159309148788452,0.0
anchor,0021,impulsive+stationary_-10,impulsive+stationary,-10.0,False,False,8.545767352123029,,cvhi:common_voice_hi_23964504,3.326104164123535,0.6607818007469177,0.5853900720753924,1.1963165998458862,0.06
anchor,0022,impulsive+stationary_-10,impulsive+stationary,-10.0,False,False,-1.5308258297051687,,ls:1898-145715-0029,6.1507368087768555,4.996891021728516,0.5743653182957174,1.1508783102035522,0.0
anchor,0023,impulsive+stationary_-10,impulsive+stationary,-10.0,False,False,10.200015839576366,,cvhi:common_voice_hi_26007781,2.7107863426208496,-0.6070038676261902,0.6690650162423248,1.1208516359329224,0.0
anchor,0024,impulsive+stationary_-10,impulsive+stationary,-10.0,False,False,9.403801454944157,,cvhi:common_voice_hi_27005573,4.575119495391846,2.73683500289917,0.804760466144962,1.2455700635910034,0.0
anchor,0025,impulsive+stationary_-10,impulsive+stationary,-10.0,True,False,-3.486348630448755,,ls:150-132655-0001,9.324478149414062,9.149476051330566,0.8952851088941157,1.7971792221069336,0.0
anchor,0026,impulsive+stationary_-10,impulsive+stationary,-10.0,True,False,-4.228760414513133,,ls:1263-141777-0030,4.6935553550720215,2.9062304496765137,0.7698221396037654,1.363344430923462,0.0
anchor,0027,impulsive+stationary_-10,impulsive+stationary,-10.0,False,False,7.145333708983223,,cvhi:common_voice_hi_27005341,2.129610776901245,-1.8292618989944458,0.5832384471163757,1.1615192890167236,0.0
anchor,0028,impulsive+stationary_-10,impulsive+stationary,-10.0,False,False,8.813698100779408,,cvhi:common_voice_hi_26966920,9.544465065002441,9.101836204528809,0.8410212280958862,1.607151985168457,0.84
anchor,0029,impulsive+stationary_-10,impulsive+stationary,-10.0,False,False,-2.81997234960079,,cvhi:common_voice_hi_25154385,6.058038711547852,4.99746561050415,0.6671221924159265,1.2168890237808228,0.0
anchor,0030,impulsive+stationary_-10,impulsive+stationary,-10.0,False,False,1.249908617453988,,cvhi:common_voice_hi_26007577,5.285975933074951,3.7676100730895996,0.7084014659513383,1.3659496307373047,0.0
anchor,0031,impulsive+stationary_-10,impulsive+stationary,-10.0,True,False,2.2761826542512757,,cvhi:common_voice_hi_25154387,2.1054980754852295,-2.0071024894714355,0.5125100545221202,1.0772302150726318,0.0
anchor,0032,impulsive+stationary_-10,impulsive+stationary,-10.0,False,False,9.366819201185061,,cvhi:common_voice_hi_26254104,7.024389266967773,6.184223175048828,0.7366128019180351,1.35288405418396,0.04
anchor,0033,impulsive+stationary_-10,impulsive+stationary,-10.0,False,False,7.350538066066624,,ls:226-131532-0033,3.163029670715332,0.5551760196685791,0.5785168071451009,1.1499896049499512,0.3
anchor,0034,impulsive+stationary_-10,impulsive+stationary,-10.0,False,False,-2.7455972920409297,,cvhi:common_voice_hi_23964471,5.469339370727539,4.073148727416992,0.708769987609794,1.382989525794983,0.0
anchor,0035,impulsive+stationary_-10,impulsive+stationary,-10.0,False,False,8.855814370564334,,cvhi:common_voice_hi_23844538,2.8132877349853516,-0.19299791753292084,0.6495902391538196,1.2137900590896606,0.12
anchor,0036,impulsive+stationary_-10,impulsive+stationary,-10.0,False,False,11.064713537507405,,cvhi:common_voice_hi_25948396,2.9372758865356445,-0.11530626565217972,0.6536962336508209,1.1808819770812988,0.0
anchor,0037,impulsive+stationary_-10,impulsive+stationary,-10.0,True,False,9.256134289138675,,cvhi:common_voice_hi_24258405,7.20587682723999,6.372177600860596,0.894648491529683,1.563697338104248,0.0
anchor,0038,impulsive+stationary_-10,impulsive+stationary,-10.0,False,False,5.4318293582990975,,cvhi:common_voice_hi_32796703,3.4264638423919678,0.988328218460083,0.687658828246926,1.0722194910049438,0.46
anchor,0039,impulsive+stationary_-10,impulsive+stationary,-10.0,True,False,-1.7069459048516649,,cvhi:common_voice_hi_26008913,1.1352437734603882,-3.0232038497924805,0.37001486611300316,1.0981115102767944,0.0
anchor,0000,impulsive+stationary_-5,impulsive+stationary,-5.0,False,False,10.486743928252281,,cvhi:common_voice_hi_24386562,3.130864143371582,0.24420517683029175,0.6631050951028256,1.2186471223831177,1.76
anchor,0001,impulsive+stationary_-5,impulsive+stationary,-5.0,False,False,-2.943885801581036,,cvhi:common_voice_hi_27005200,3.0895111560821533,0.4144432544708252,0.6718617336850582,1.1273092031478882,0.0
anchor,0002,impulsive+stationary_-5,impulsive+stationary,-5.0,False,False,-4.905532175771009,,cvhi:common_voice_hi_27005611,4.768446445465088,3.0146737098693848,0.8373043551527911,1.2544314861297607,0.0
anchor,0003,impulsive+stationary_-5,impulsive+stationary,-5.0,False,False,9.262877670002837,,cvhi:common_voice_hi_24758708,6.527778625488281,5.440886497497559,0.829252878489424,1.3411123752593994,0.0
anchor,0004,impulsive+stationary_-5,impulsive+stationary,-5.0,False,False,-4.676517603316943,,cvhi:common_voice_hi_24258408,5.392385482788086,4.072743892669678,0.8878052106430968,1.4900500774383545,0.24
anchor,0005,impulsive+stationary_-5,impulsive+stationary,-5.0,False,False,-2.4946244603212056,,cvhi:common_voice_hi_27005503,6.3633880615234375,5.3178253173828125,0.845006752287354,1.2188174724578857,0.0
anchor,0006,impulsive+stationary_-5,impulsive+stationary,-5.0,False,False,7.28805891168151,,cvhi:common_voice_hi_23936422,9.015471458435059,8.59903621673584,0.859155212450976,1.9407349824905396,0.0
anchor,0007,impulsive+stationary_-5,impulsive+stationary,-5.0,False,False,-2.2547409048941462,,cvhi:common_voice_hi_27005645,8.722716331481934,8.29276180267334,0.8597138955762631,1.6028997898101807,0.0
anchor,0008,impulsive+stationary_-5,impulsive+stationary,-5.0,False,False,6.240434406011005,,cvhi:common_voice_hi_26007736,6.513913154602051,5.419313430786133,0.8486460367128802,1.4159531593322754,0.04
anchor,0009,impulsive+stationary_-5,impulsive+stationary,-5.0,False,False,3.260484949793259,,ls:226-131532-0034,5.842087268829346,4.536693096160889,0.7287290991693418,1.2147663831710815,0.0
anchor,0010,impulsive+stationary_-5,impulsive+stationary,-5.0,True,False,3.3711127186593206,,cvhi:common_voice_hi_24427428,8.192121505737305,8.036301612854004,0.7394041890171971,1.3574342727661133,0.4
anchor,0011,impulsive+stationary_-5,impulsive+stationary,-5.0,False,False,5.8168528935932375,,cvhi:common_voice_hi_24759377,7.306373119354248,6.576016426086426,0.7963066067361497,1.4447102546691895,0.06
anchor,0012,impulsive+stationary_-5,impulsive+stationary,-5.0,False,False,-0.8516457852251857,,cvhi:common_voice_hi_24386648,7.313875675201416,6.453230857849121,0.7590234825526888,1.3581849336624146,0.0
anchor,0013,impulsive+stationary_-5,impulsive+stationary,-5.0,False,False,8.249456965567958,,cvhi:common_voice_hi_27005451,4.942137718200684,3.2699904441833496,0.8145209686984767,1.3196324110031128,0.0
anchor,0014,impulsive+stationary_-5,impulsive+stationary,-5.0,True,False,-5.6983284251242585,,cvhi:common_voice_hi_24258336,6.7661848068237305,5.896472930908203,0.8134945538841355,1.354434847831726,0.04
anchor,0015,impulsive+stationary_-5,impulsive+stationary,-5.0,False,False,0.43797157832033307,,cvhi:common_voice_hi_24226280,6.669867038726807,5.7519426345825195,0.8250444322660354,1.3902723789215088,0.0
anchor,0016,impulsive+stationary_-5,impulsive+stationary,-5.0,False,False,3.2453113776345734,,cvhi:common_voice_hi_23964498,4.706149578094482,3.0302953720092773,0.5602555945971848,1.1787739992141724,0.0
anchor,0017,impulsive+stationary_-5,impulsive+stationary,-5.0,False,False,-3.3137755393249524,,cvhi:common_voice_hi_26967984,7.677192211151123,6.864781856536865,0.805482750895885,1.409220576286316,0.0
anchor,0018,impulsive+stationary_-5,impulsive+stationary,-5.0,True,False,6.606947536341764,,cvhi:common_voice_hi_25154337,6.206808090209961,5.019240379333496,0.7318765281757057,1.3333361148834229,0.08
anchor,0019,impulsive+stationary_-5,impulsive+stationary,-5.0,False,False,-3.6025398703874627,,cvhi:common_voice_hi_24228329,7.035913944244385,6.080938339233398,0.7947644924892205,1.372193694114685,0.0
anchor,0020,impulsive+stationary_-5,impulsive+stationary,-5.0,False,False,8.921500467626334,,cvhi:common_voice_hi_27005207,2.9250965118408203,0.1826677918434143,0.7510280580109578,1.2039998769760132,inf
anchor,0021,impulsive+stationary_-5,impulsive+stationary,-5.0,False,False,3.2319405029606703,,cvhi:common_voice_hi_26007578,7.218170166015625,6.520305156707764,0.7571351277668369,1.5505545139312744,0.0
anchor,0022,impulsive+stationary_-5,impulsive+stationary,-5.0,False,False,6.100764558238753,,cvhi:common_voice_hi_27005244,4.919238567352295,3.5380420684814453,0.6963144138374514,1.1745686531066895,0.0
anchor,0023,impulsive+stationary_-5,impulsive+stationary,-5.0,False,False,1.8586424798308219,,cvhi:common_voice_hi_26967678,5.493436813354492,4.05328893661499,0.7341880190473683,1.1836076974868774,0.0
anchor,0024,impulsive+stationary_-5,impulsive+stationary,-5.0,False,False,-4.616909438179418,,ls:226-131533-0019,7.3761091232299805,6.510556221008301,0.7626621275142317,1.5334988832473755,0.0
anchor,0025,impulsive+stationary_-5,impulsive+stationary,-5.0,False,False,7.066657781237314,,cvhi:common_voice_hi_27005385,5.076953887939453,3.687920331954956,0.8098186665588731,1.1717121601104736,0.0
anchor,0026,impulsive+stationary_-5,impulsive+stationary,-5.0,False,False,2.3529308139790572,,cvhi:common_voice_hi_27639338,11.861634254455566,11.746292114257812,0.8553021899409957,1.7180428504943848,0.22
anchor,0027,impulsive+stationary_-5,impulsive+stationary,-5.0,False,False,9.2948803695548,,cvhi:common_voice_hi_24228173,7.52847957611084,6.689477920532227,0.8456707309664757,1.424569010734558,0.06
anchor,0028,impulsive+stationary_-5,impulsive+stationary,-5.0,False,False,2.579772335000669,,ls:1898-145724-0009,6.515054225921631,5.418862342834473,0.6926507763220372,1.2693769931793213,0.1
anchor,0029,impulsive+stationary_-5,impulsive+stationary,-5.0,False,False,6.481549930375566,,ls:150-126112-0012,8.685342788696289,8.078973770141602,0.7521230664071785,1.3761086463928223,0.0
anchor,0030,impulsive+stationary_-5,impulsive+stationary,-5.0,False,False,6.676152925691438,,ls:226-131533-0025,7.427952289581299,6.577228546142578,0.7057994730248249,1.5478781461715698,0.18
anchor,0031,impulsive+stationary_-5,impulsive+stationary,-5.0,False,False,-3.3107042239497115,,cvhi:common_voice_hi_24759562,5.733464241027832,4.432319164276123,0.7710961384191649,1.2970001697540283,0.0
anchor,0032,impulsive+stationary_-5,impulsive+stationary,-5.0,True,False,5.595260258044895,,ls:1263-141777-0037,3.7009825706481934,1.4437270164489746,0.7934383906750669,1.2938387393951416,0.0
anchor,0033,impulsive+stationary_-5,impulsive+stationary,-5.0,False,False,7.082604824902155,,cvhi:common_voice_hi_24427467,8.344001770019531,7.685325622558594,0.638112437502777,1.6418664455413818,0.42
anchor,0034,impulsive+stationary_-5,impulsive+stationary,-5.0,False,False,10.287913788505133,,ls:1263-141777-0007,10.225065231323242,10.074633598327637,0.8867251464586653,1.971881628036499,0.18
anchor,0035,impulsive+stationary_-5,impulsive+stationary,-5.0,False,False,10.984900043845936,,cvhi:common_voice_hi_24386790,5.039012432098389,3.419334888458252,0.8363402990002771,1.511945366859436,0.0
anchor,0036,impulsive+stationary_-5,impulsive+stationary,-5.0,False,False,8.569146890838919,,ls:226-131532-0013,7.383153915405273,6.528046607971191,0.7020438292347942,1.5305111408233643,0.0
anchor,0037,impulsive+stationary_-5,impulsive+stationary,-5.0,False,False,0.24578276563802692,,cvhi:common_voice_hi_27005546,10.406951904296875,10.046646118164062,0.9058589142163442,1.9202880859375,0.0
anchor,0038,impulsive+stationary_-5,impulsive+stationary,-5.0,False,False,-1.968568796249139,,cvhi:common_voice_hi_23936419,8.933905601501465,8.3546724319458,0.8855208613907772,1.663888931274414,0.0
anchor,0039,impulsive+stationary_-5,impulsive+stationary,-5.0,False,False,10.635056732955164,,cvhi:common_voice_hi_25154432,12.783485412597656,12.921141624450684,0.8940712036880316,2.0025813579559326,inf
anchor,0000,impulsive+stationary_0,impulsive+stationary,0.0,False,False,6.8387725459672115,,cvhi:common_voice_hi_24782712,7.321006774902344,6.547531604766846,0.7280436980136119,1.1772265434265137,0.22
anchor,0001,impulsive+stationary_0,impulsive+stationary,0.0,False,False,6.184937713595444,,ls:226-122538-0007,11.75970458984375,11.460009574890137,0.8998427865108268,2.20298171043396,0.08
anchor,0002,impulsive+stationary_0,impulsive+stationary,0.0,False,True,-5.275178120153867,,cvhi:common_voice_hi_27005399,7.016997814178467,6.081366539001465,0.8680863431081902,1.3301067352294922,0.0
anchor,0003,impulsive+stationary_0,impulsive+stationary,0.0,False,False,2.8361148017350217,,cvhi:common_voice_hi_24261968,7.241847038269043,6.33446741104126,0.9068092669690986,1.6606659889221191,0.12
anchor,0004,impulsive+stationary_0,impulsive+stationary,0.0,False,False,5.9403351346860696,,ls:150-132655-0018,7.501283645629883,6.72412633895874,0.7318325781110698,1.4357284307479858,0.26
anchor,0005,impulsive+stationary_0,impulsive+stationary,0.0,False,False,-3.9219042492516176,,cvhi:common_voice_hi_25154348,9.45123291015625,8.930328369140625,0.6175801023410632,1.3268225193023682,0.0
anchor,0006,impulsive+stationary_0,impulsive+stationary,0.0,False,False,6.964222190291126,,cvhi:common_voice_hi_26007726,8.146181106567383,7.55194616317749,0.8326545330999677,1.4756296873092651,0.04
anchor,0007,impulsive+stationary_0,impulsive+stationary,0.0,True,False,7.994417311458541,,cvhi:common_voice_hi_24562177,7.112320899963379,6.453862190246582,0.8470911261237294,1.628223180770874,0.28
anchor,0008,impulsive+stationary_0,impulsive+stationary,0.0,False,False,9.323868339284772,,cvhi:common_voice_hi_24228444,8.423113822937012,7.841594219207764,0.8235699204189005,1.4125972986221313,0.32
anchor,0009,impulsive+stationary_0,impulsive+stationary,0.0,False,False,2.400909073781092,,cvhi:common_voice_hi_26687130,9.741521835327148,9.29002571105957,0.8734894215551114,2.001171827316284,0.0
anchor,0010,impulsive+stationary_0,impulsive+stationary,0.0,False,False,-3.960056176725592,,ls:1898-145724-0004,15.903033256530762,15.998884201049805,0.9096273569967841,2.541074752807617,0.0
anchor,0011,impulsive+stationary_0,impulsive+stationary,0.0,False,False,9.991333658764406,,cvhi:common_voice_hi_36991226,6.3210015296936035,5.36031436920166,0.7539376588568808,1.4960508346557617,0.1
anchor,0012,impulsive+stationary_0,impulsive+stationary,0.0,False,False,0.20851955921952392,,cvhi:common_voice_hi_27122900,13.584491729736328,13.789229393005371,0.9683910678221704,2.5599966049194336,0.0
anchor,0013,impulsive+stationary_0,impulsive+stationary,0.0,False,False,2.7038590127544797,,cvhi:common_voice_hi_26254103,8.103245735168457,7.379781723022461,0.645208855178912,1.2188606262207031,0.14
anchor,0014,impulsive+stationary_0,impulsive+stationary,0.0,False,False,-2.9250830866468,,ls:1898-145702-0013,9.889842987060547,9.492768287658691,0.8788973549485273,1.9373223781585693,0.0
anchor,0015,impulsive+stationary_0,impulsive+stationary,0.0,False,False,9.718383873617878,,ls:150-126107-0015,9.132660865783691,8.593618392944336,0.8840463758253345,2.3969247341156006,0.0
anchor,0016,impulsive+stationary_0,impulsive+stationary,0.0,False,False,9.627143385181208,,cvhi:common_voice_hi_24225595,9.344882011413574,8.891161918640137,0.9385189710236289,1.8708930015563965,0.1
anchor,0017,impulsive+stationary_0,impulsive+stationary,0.0,False,False,-0.2914461442316494,,ls:150-132655-0004,9.530438423156738,9.132781028747559,0.7830743374546892,1.632200002670288,0.0
anchor,0018,impulsive+stationary_0,impulsive+stationary,0.0,False,False,5.192703316248201,,ls:1263-138246-0029,9.418052673339844,8.89083480834961,0.9368604160232933,2.0654168128967285,0.0
anchor,0019,impulsive+stationary_0,impulsive+stationary,0.0,False,False,10.342508245577982,,cvhi:common_voice_hi_24280949,8.430814743041992,8.036934852600098,0.9456638413499212,1.765146017074585,0.0
anchor,0020,impulsive+stationary_0,impulsive+stationary,0.0,False,False,-0.8514834510410187,,cvhi:common_voice_hi_26687130,6.2465434074401855,5.07265043258667,0.8132998416652152,1.2668458223342896,0.08
anchor,0021,impulsive+stationary_0,impulsive+stationary,0.0,False,False,8.442708322469718,,cvhi:common_voice_hi_26007855,7.009448051452637,6.05140495300293,0.8236602256089456,1.252206802368164,0.0
anchor,0022,impulsive+stationary_0,impulsive+stationary,0.0,False,False,0.24678537251806532,,cvhi:common_voice_hi_24258260,7.360496520996094,6.778988838195801,0.9106946369762662,1.7035576105117798,0.0
anchor,0023,impulsive+stationary_0,impulsive+stationary,0.0,False,False,-1.3053880140876677,,cvhi:common_voice_hi_24510966,8.247896194458008,7.663937091827393,0.7789849878504053,1.5995697975158691,0.0
anchor,0024,impulsive+stationary_0,impulsive+stationary,0.0,False,False,-5.633287944054318,,cvhi:common_voice_hi_25154383,12.33564281463623,12.248550415039062,0.8748361550450859,1.8349448442459106,0.0
anchor,0025,impulsive+stationary_0,impulsive+stationary,0.0,True,False,6.559726246325468,,cvhi:common_voice_hi_24782711,13.618928909301758,15.668536186218262,0.8957443496265936,2.1785054206848145,0.0
anchor,0026,impulsive+stationary_0,impulsive+stationary,0.0,False,False,-4.866741184205187,,cvhi:common_voice_hi_24782736,10.530668258666992,10.284224510192871,0.8043685814833801,1.2881277799606323,0.26
anchor,0027,impulsive+stationary_0,impulsive+stationary,0.0,False,False,-2.6918875382802985,,cvhi:common_voice_hi_26007825,13.16100025177002,13.006643295288086,0.9513039086023105,1.9702175855636597,0.16
anchor,0028,impulsive+stationary_0,impulsive+stationary,0.0,False,False,2.6890002254885825,,cvhi:common_voice_hi_26007784,9.716169357299805,9.659523010253906,0.9006057981893142,1.8866639137268066,0.0
anchor,0029,impulsive+stationary_0,impulsive+stationary,0.0,True,False,10.476716185488481,,cvhi:common_voice_hi_27005230,7.701558589935303,7.018990993499756,0.8763651427643437,1.6235688924789429,0.02
anchor,0030,impulsive+stationary_0,impulsive+stationary,0.0,False,False,-0.29695926159650377,,cvhi:common_voice_hi_24427374,7.021120071411133,6.436281681060791,0.6316634172934328,1.423704981803894,0.0
anchor,0031,impulsive+stationary_0,impulsive+stationary,0.0,True,False,0.8358933682109111,,ls:1263-141777-0033,7.869929790496826,7.096747875213623,0.9123167220901524,1.7007055282592773,0.0
anchor,0032,impulsive+stationary_0,impulsive+stationary,0.0,False,False,-2.6482127924959586,,cvhi:common_voice_hi_24759163,8.593385696411133,8.163666725158691,0.8274665353322628,1.3828718662261963,0.0
anchor,0033,impulsive+stationary_0,impulsive+stationary,0.0,False,True,3.8760288863477825,,cvhi:common_voice_hi_24759284,8.803990364074707,8.19159984588623,0.8936549086726063,1.577538013458252,0.0
anchor,0034,impulsive+stationary_0,impulsive+stationary,0.0,False,False,-0.18085053942386686,,cvhi:common_voice_hi_24759304,11.334918975830078,11.004173278808594,0.9001510721726472,1.9634456634521484,0.08
anchor,0035,impulsive+stationary_0,impulsive+stationary,0.0,False,False,5.898392408104389,,cvhi:common_voice_hi_24280958,6.997652530670166,6.0325517654418945,0.9780089851974005,1.7421071529388428,0.72
anchor,0036,impulsive+stationary_0,impulsive+stationary,0.0,True,False,0.4742037411632509,,cvhi:common_voice_hi_23844517,9.516901969909668,9.007804870605469,0.8593369803727033,1.953513503074646,0.28
anchor,0037,impulsive+stationary_0,impulsive+stationary,0.0,False,False,9.562429718327252,,cvhi:common_voice_hi_30527197,8.340729713439941,7.683432102203369,0.8627875317493439,1.3570293188095093,0.04
anchor,0038,impulsive+stationary_0,impulsive+stationary,0.0,False,False,-2.971244533744544,,cvhi:common_voice_hi_23844540,6.513528347015381,5.4168853759765625,0.7526720761793777,1.4553310871124268,0.12
anchor,0039,impulsive+stationary_0,impulsive+stationary,0.0,False,False,-3.821762001624097,,cvhi:common_voice_hi_24427337,-1.3428568840026855,-1.8756760358810425,0.985287520900583,1.404990792274475,0.0
anchor,0000,impulsive+stationary_10,impulsive+stationary,10.0,False,False,2.196301265699434,,cvhi:common_voice_hi_25323093,14.551767349243164,14.694528579711914,0.9622675025219735,2.3865058422088623,0.0
anchor,0001,impulsive+stationary_10,impulsive+stationary,10.0,True,False,2.211328073735567,,cvhi:common_voice_hi_24758732,18.16091537475586,19.202720642089844,0.9443093012269491,2.589825391769409,0.08
anchor,0002,impulsive+stationary_10,impulsive+stationary,10.0,True,False,8.140666882558088,,cvhi:common_voice_hi_26008604,10.673813819885254,10.448871612548828,0.8425618807535517,1.6761763095855713,0.0
anchor,0003,impulsive+stationary_10,impulsive+stationary,10.0,False,False,8.146642701984529,,cvhi:common_voice_hi_24280956,16.55987548828125,16.616098403930664,0.9790299247802786,2.1768321990966797,0.28
anchor,0004,impulsive+stationary_10,impulsive+stationary,10.0,False,False,10.969585636322169,,ls:150-132655-0020,14.1605806350708,14.011360168457031,0.9379674508201863,2.486358642578125,0.1
anchor,0005,impulsive+stationary_10,impulsive+stationary,10.0,False,False,4.506390730596712,,ls:1263-139804-0011,14.360403060913086,14.982904434204102,0.940619532357065,2.5348713397979736,0.1
anchor,0006,impulsive+stationary_10,impulsive+stationary,10.0,False,False,3.6675030124301156,,cvhi:common_voice_hi_24228288,17.10252571105957,17.218503952026367,0.9745532339716403,2.4148242473602295,0.1
anchor,0007,impulsive+stationary_10,impulsive+stationary,10.0,False,False,-4.5370187083160785,,cvhi:common_voice_hi_24228423,19.380294799804688,19.74909210205078,0.9680603484162245,2.994230031967163,0.32
anchor,0008,impulsive+stationary_10,impulsive+stationary,10.0,False,False,4.924767487243017,,ls:1898-145702-0001,16.089250564575195,16.317502975463867,0.8945300846345843,2.67118239402771,0.0
anchor,0009,impulsive+stationary_10,impulsive+stationary,10.0,False,False,2.8296759566849197,,cvhi:common_voice_hi_24280934,20.401182174682617,20.588077545166016,0.9859532144559644,3.2186365127563477,0.0
anchor,0010,impulsive+stationary_10,impulsive+stationary,10.0,False,False,8.326650339526893,,cvhi:common_voice_hi_27005464,17.572555541992188,17.801725387573242,0.9856049781218769,3.005157947540283,0.0
anchor,0011,impulsive+stationary_10,impulsive+stationary,10.0,False,False,10.960435344127234,,cvhi:common_voice_hi_26966929,14.538708686828613,14.653867721557617,0.952134407499719,2.2253530025482178,0.0
anchor,0012,impulsive+stationary_10,impulsive+stationary,10.0,False,False,-3.165888450353905,,cvhi:common_voice_hi_24759459,13.479775428771973,13.315963745117188,0.9094786543148248,1.6663267612457275,0.0
anchor,0013,impulsive+stationary_10,impulsive+stationary,10.0,False,False,9.448745007821946,,cvhi:common_voice_hi_23964492,19.343183517456055,19.913406372070312,0.9241097489950011,2.710023880004883,0.4
anchor,0014,impulsive+stationary_10,impulsive+stationary,10.0,False,False,7.4406366130895645,,cvhi:common_voice_hi_26008606,17.60287857055664,17.55483055114746,0.7657678630276915,1.8585094213485718,0.0
anchor,0015,impulsive+stationary_10,impulsive+stationary,10.0,False,False,-3.6454270973893026,,cvhi:common_voice_hi_27945054,22.74966049194336,22.937522888183594,0.9850396209088043,3.2100226879119873,0.0
anchor,0016,impulsive+stationary_10,impulsive+stationary,10.0,True,False,-4.766472998290307,,ls:226-131533-0003,13.492883682250977,13.760379791259766,0.945013953916525,2.6145987510681152,0.0
anchor,0017,impulsive+stationary_10,impulsive+stationary,10.0,False,False,7.927307017968129,,cvhi:common_voice_hi_24427782,14.81071949005127,14.693394660949707,0.928639785473328,2.888500928878784,0.0
anchor,0018,impulsive+stationary_10,impulsive+stationary,10.0,False,False,-1.4632670574367097,,cvhi:common_voice_hi_27005358,16.072114944458008,15.96783447265625,0.9589413523656692,2.667512893676758,0.0
anchor,0019,impulsive+stationary_10,impulsive+stationary,10.0,False,False,9.633161019077683,,cvhi:common_voice_hi_25323015,15.51559829711914,15.438079833984375,0.9728103765120045,1.7866551876068115,0.26
anchor,0020,impulsive+stationary_10,impulsive+stationary,10.0,False,False,6.097117717454871,,cvhi:common_voice_hi_26007596,14.706216812133789,14.571512222290039,0.9348998747431145,2.337963104248047,0.84
anchor,0021,impulsive+stationary_10,impulsive+stationary,10.0,False,False,3.252968540755271,,cvhi:common_voice_hi_24511004,14.980691909790039,14.846078872680664,0.9506735809624071,2.365299940109253,0.0
anchor,0022,impulsive+stationary_10,impulsive+stationary,10.0,False,False,9.30235291072481,,cvhi:common_voice_hi_24225492,13.20685863494873,13.183184623718262,0.9650534721753744,1.921416997909546,0.4
anchor,0023,impulsive+stationary_10,impulsive+stationary,10.0,False,False,-2.342878220767609,,cvhi:common_voice_hi_24758732,10.759862899780273,10.383129119873047,0.9652100595611893,1.7197840213775635,0.0
anchor,0024,impulsive+stationary_10,impulsive+stationary,10.0,False,False,5.263410280178766,,cvhi:common_voice_hi_27005257,13.951225280761719,14.023970603942871,0.9528169614165306,2.514833927154541,0.0
anchor,0025,impulsive+stationary_10,impulsive+stationary,10.0,False,False,5.814713166032588,,cvhi:common_voice_hi_24759507,17.121261596679688,17.040992736816406,0.9670824866682964,2.3032755851745605,1.04
anchor,0026,impulsive+stationary_10,impulsive+stationary,10.0,False,False,11.173626794997276,,ls:226-122538-0027,13.328839302062988,13.235342025756836,0.8518809739376515,2.410053014755249,0.38
anchor,0027,impulsive+stationary_10,impulsive+stationary,10.0,False,False,9.8369152164513,,cvhi:common_voice_hi_25154430,15.992345809936523,15.883492469787598,0.9086972943182806,2.1952149868011475,0.28
anchor,0028,impulsive+stationary_10,impulsive+stationary,10.0,False,False,-0.08161939234774351,,cvhi:common_voice_hi_26007792,15.237227439880371,16.198389053344727,0.856967713250134,2.525017499923706,0.0
anchor,0029,impulsive+stationary_10,impulsive+stationary,10.0,False,False,-3.348881273835735,,cvhi:common_voice_hi_24226282,11.752569198608398,11.670226097106934,0.9305021663771935,1.642500877380371,0.0
anchor,0030,impulsive+stationary_10,impulsive+stationary,10.0,False,False,5.104375067972599,,cvhi:common_voice_hi_23964505,18.485763549804688,18.44491958618164,0.8916249797952933,2.9099535942077637,0.12
anchor,0031,impulsive+stationary_10,impulsive+stationary,10.0,False,False,2.1852062546904154,,cvhi:common_voice_hi_24228330,21.498062133789062,21.477815628051758,0.9937396697552568,2.842510938644409,0.28
anchor,0032,impulsive+stationary_10,impulsive+stationary,10.0,False,False,-2.8959552565675697,,cvhi:common_voice_hi_26008602,16.769794464111328,16.693370819091797,0.9445841568920027,2.2603859901428223,0.0
anchor,0033,impulsive+stationary_10,impulsive+stationary,10.0,False,False,4.463837464938795,,ls:1898-145715-0041,18.543901443481445,18.530014038085938,0.9817744601259731,3.6557297706604004,0.0
anchor,0034,impulsive+stationary_10,impulsive+stationary,10.0,False,False,-2.244178433498357,,cvhi:common_voice_hi_27005452,13.455663681030273,13.839141845703125,0.9264402931845473,2.2902565002441406,0.0
anchor,0035,impulsive+stationary_10,impulsive+stationary,10.0,True,False,0.5184034589536308,,cvhi:common_voice_hi_27005248,15.96223258972168,16.005718231201172,0.9597746106877554,2.9722321033477783,0.28
anchor,0036,impulsive+stationary_10,impulsive+stationary,10.0,True,False,-3.883367010094591,,ls:1263-138246-0023,10.694541931152344,11.274276733398438,0.874612682554507,2.485914707183838,0.28
anchor,0037,impulsive+stationary_10,impulsive+stationary,10.0,False,False,7.021840023021218,,cvhi:common_voice_hi_24759165,13.770197868347168,13.653425216674805,0.954767236421939,2.052712917327881,1.5
anchor,0038,impulsive+stationary_10,impulsive+stationary,10.0,False,False,9.098775784814594,,cvhi:common_voice_hi_24562193,12.838090896606445,13.21498966217041,0.9386586062413433,2.1697354316711426,0.0
anchor,0039,impulsive+stationary_10,impulsive+stationary,10.0,False,False,11.531941514409159,,cvhi:common_voice_hi_24759127,14.745744705200195,14.923210144042969,0.948396061840804,2.2589497566223145,0.86
anchor,0000,impulsive+stationary_15,impulsive+stationary,15.0,False,False,-3.2747579899748436,,cvhi:common_voice_hi_26007593,17.37274932861328,17.296995162963867,0.9812286283174461,2.8341753482818604,0.56
anchor,0001,impulsive+stationary_15,impulsive+stationary,15.0,False,False,6.553448904607842,,cvhi:common_voice_hi_24228463,14.8045654296875,14.68718147277832,0.9693571532229374,2.706296682357788,0.0
anchor,0002,impulsive+stationary_15,impulsive+stationary,15.0,False,False,0.8284540174377764,,cvhi:common_voice_hi_24782699,16.820541381835938,17.066753387451172,0.948984245756639,2.204479217529297,0.0
anchor,0003,impulsive+stationary_15,impulsive+stationary,15.0,False,False,-5.156072284078447,,cvhi:common_voice_hi_24258346,18.502275466918945,19.526226043701172,0.9723239016083441,2.7149484157562256,0.58
anchor,0004,impulsive+stationary_15,impulsive+stationary,15.0,False,False,-4.940314441963041,,ls:1898-145715-0012,17.677400588989258,17.63301658630371,0.8420065520745325,2.7131240367889404,0.6
anchor,0005,impulsive+stationary_15,impulsive+stationary,15.0,False,False,9.972736073253868,,cvhi:common_voice_hi_24427695,17.47726821899414,17.490192413330078,0.9259655294859824,2.983812093734741,0.08
anchor,0006,impulsive+stationary_15,impulsive+stationary,15.0,False,False,8.227603077880925,,cvhi:common_voice_hi_24228496,16.339841842651367,16.821779251098633,0.9566086376876161,2.699629545211792,0.3
anchor,0007,impulsive+stationary_15,impulsive+stationary,15.0,False,False,-2.1943133330420186,,cvhi:common_voice_hi_25170240,11.741903305053711,12.530656814575195,0.9226961508362134,2.277069330215454,0.24
anchor,0008,impulsive+stationary_15,impulsive+stationary,15.0,False,False,-2.7590854726072505,,cvhi:common_voice_hi_27005209,16.36273765563965,17.485595703125,0.9715993368776844,3.2807223796844482,0.0
anchor,0009,impulsive+stationary_15,impulsive+stationary,15.0,False,False,7.1693987849939695,,ls:1263-139804-0027,17.187240600585938,17.146699905395508,0.9651330166511085,2.787095308303833,0.18
anchor,0010,impulsive+stationary_15,impulsive+stationary,15.0,False,False,4.402810250911125,,cvhi:common_voice_hi_26253999,15.864246368408203,16.520198822021484,0.9448728888716874,2.2301790714263916,inf
anchor,0011,impulsive+stationary_15,impulsive+stationary,15.0,False,False,-1.1314954174715295,,cvhi:common_voice_hi_24759073,16.652854919433594,16.708972930908203,0.9839829692258223,2.0850822925567627,0.52
anchor,0012,impulsive+stationary_15,impulsive+stationary,15.0,True,False,2.7674680146980233,,cvhi:common_voice_hi_27945021,16.220252990722656,16.120738983154297,0.9668984404087462,2.5454139709472656,0.74
anchor,0013,impulsive+stationary_15,impulsive+stationary,15.0,False,False,9.039792257969118,,cvhi:common_voice_hi_26007686,16.320632934570312,16.93822479248047,0.9543166005001018,2.419903516769409,0.0
anchor,0014,impulsive+stationary_15,impulsive+stationary,15.0,False,False,5.481029285973079,,ls:226-122538-0022,18.09708023071289,18.714933395385742,0.9080951745161918,3.075486898422241,0.24
anchor,0015,impulsive+stationary_15,impulsive+stationary,15.0,False,False,11.096900201616421,,cvhi:common_voice_hi_27005246,17.589859008789062,17.639177322387695,0.9768757486298792,2.8426811695098877,0.02
anchor,0016,impulsive+stationary_15,impulsive+stationary,15.0,False,False,7.71324827582872,,cvhi:common_voice_hi_27005506,15.751008033752441,16.16788101196289,0.985788699248757,2.768942356109619,0.0
anchor,0017,impulsive+stationary_15,impulsive+stationary,15.0,False,False,2.887456506449327,,ls:1263-141777-0012,18.054866790771484,18.081274032592773,0.9904461276585106,3.295750856399536,0.02
anchor,0018,impulsive+stationary_15,impulsive+stationary,15.0,False,False,10.004646394783894,,cvhi:common_voice_hi_24386326,19.044591903686523,19.237329483032227,0.9290456061129624,2.5242397785186768,0.18
anchor,0019,impulsive+stationary_15,impulsive+stationary,15.0,False,False,-5.990284509489728,,cvhi:common_voice_hi_24386305,17.81613540649414,18.15241050720215,0.9682539431881898,2.660013437271118,0.16
anchor,0020,impulsive+stationary_15,impulsive+stationary,15.0,False,False,-4.611969865229584,,cvhi:common_voice_hi_24258311,21.742698669433594,21.833581924438477,0.9824064068859576,3.3986833095550537,0.0
anchor,0021,impulsive+stationary_15,impulsive+stationary,15.0,False,False,8.756901633666379,,cvhi:common_voice_hi_26007600,18.512556076049805,19.11248779296875,0.9748446523096275,2.974486827850342,0.14
anchor,0022,impulsive+stationary_15,impulsive+stationary,15.0,False,False,-3.1684101724711704,,ls:1263-138246-0018,17.77681541442871,17.704994201660156,0.9803505022235365,3.08485746383667,0.02
anchor,0023,impulsive+stationary_15,impulsive+stationary,15.0,False,False,4.436349469890537,,cvhi:common_voice_hi_24427348,18.086624145507812,18.044567108154297,0.9518504504249157,2.7483229637145996,0.24
anchor,0024,impulsive+stationary_15,impulsive+stationary,15.0,False,False,-0.2067737324303236,,cvhi:common_voice_hi_24225491,20.107887268066406,21.22279167175293,0.9980990932533462,3.3141047954559326,0.06
anchor,0025,impulsive+stationary_15,impulsive+stationary,15.0,False,False,-1.5701427288023364,,cvhi:common_voice_hi_24225595,21.374223709106445,25.00147247314453,0.9974522309550427,3.6239569187164307,0.0
anchor,0026,impulsive+stationary_15,impulsive+stationary,15.0,False,True,3.959167131859406,,ls:1263-141777-0022,17.560800552368164,17.65285873413086,0.9766402296237677,2.8633546829223633,0.0
anchor,0027,impulsive+stationary_15,impulsive+stationary,15.0,False,False,5.11388118680985,,cvhi:common_voice_hi_27005655,16.76816749572754,16.921663284301758,0.9514265476388403,2.8978490829467773,0.34
anchor,0028,impulsive+stationary_15,impulsive+stationary,15.0,False,False,8.354149910783422,,cvhi:common_voice_hi_26968406,20.26708984375,20.29273223876953,0.9621174858989856,3.078380823135376,0.2
anchor,0029,impulsive+stationary_15,impulsive+stationary,15.0,False,False,2.8673197381259037,,cvhi:common_voice_hi_24759341,17.78313446044922,18.064441680908203,0.9864157659097327,2.8590049743652344,0.0
anchor,0030,impulsive+stationary_15,impulsive+stationary,15.0,False,False,-0.7840177545243865,,cvhi:common_voice_hi_26254076,16.461511611938477,17.57329559326172,0.9404461295105117,2.8185665607452393,0.1
anchor,0031,impulsive+stationary_15,impulsive+stationary,15.0,False,True,9.387581650396887,,cvhi:common_voice_hi_27035715,17.2066707611084,17.601896286010742,0.9402624370158496,2.3638765811920166,0.0
anchor,0032,impulsive+stationary_15,impulsive+stationary,15.0,False,False,11.880537946521983,,cvhi:common_voice_hi_27005558,18.402023315429688,19.024324417114258,0.9831169128418703,3.2318789958953857,0.22
anchor,0033,impulsive+stationary_15,impulsive+stationary,15.0,False,False,-2.243504007933594,,cvhi:common_voice_hi_24280961,18.30047607421875,19.754009246826172,0.983772951050007,3.239596128463745,0.0
anchor,0034,impulsive+stationary_15,impulsive+stationary,15.0,False,False,-0.043263884522880325,,ls:1263-138246-0024,19.01555824279785,19.178905487060547,0.9568265783189175,3.012774705886841,0.0
anchor,0035,impulsive+stationary_15,impulsive+stationary,15.0,False,False,3.7507219104308227,,ls:1898-145724-0014,19.870861053466797,19.873262405395508,0.9335010118141427,2.7414722442626953,0.84
anchor,0036,impulsive+stationary_15,impulsive+stationary,15.0,False,False,-5.439085085008855,,ls:150-126112-0001,17.845590591430664,18.24506378173828,0.9693586642978644,3.057678461074829,0.0
anchor,0037,impulsive+stationary_15,impulsive+stationary,15.0,False,False,5.476058725072477,,cvhi:common_voice_hi_24225383,18.88847541809082,18.963912963867188,0.9711472755186867,2.4616520404815674,1.08
anchor,0038,impulsive+stationary_15,impulsive+stationary,15.0,False,False,8.802756023527875,,cvhi:common_voice_hi_24386284,17.10868263244629,17.15120506286621,0.9537486670613847,2.33744215965271,0.22
anchor,0039,impulsive+stationary_15,impulsive+stationary,15.0,False,False,3.5897959397187638,,cvhi:common_voice_hi_25170231,18.0262508392334,18.234703063964844,0.9284951419143896,2.28234601020813,0.26
anchor,0000,impulsive+stationary_5,impulsive+stationary,5.0,False,False,7.452790410527339,,ls:1263-139804-0011,11.332635879516602,11.327004432678223,0.9468527072325214,1.894878625869751,0.22
anchor,0001,impulsive+stationary_5,impulsive+stationary,5.0,False,False,0.49020591190409313,,cvhi:common_voice_hi_26007582,12.42857837677002,12.505847930908203,0.8929458689902845,2.3626601696014404,0.12
anchor,0002,impulsive+stationary_5,impulsive+stationary,5.0,False,False,10.960861183338597,,cvhi:common_voice_hi_27005205,14.230813980102539,14.385038375854492,0.9502512698401891,2.544447183609009,0.04
anchor,0003,impulsive+stationary_5,impulsive+stationary,5.0,False,False,3.253228991707479,,cvhi:common_voice_hi_25154329,15.638789176940918,15.915484428405762,0.7710669398762602,1.8724615573883057,0.0
anchor,0004,impulsive+stationary_5,impulsive+stationary,5.0,False,False,0.8821160469204568,,ls:150-126112-0018,12.927131652832031,12.726215362548828,0.7867564002661431,2.070662021636963,0.0
anchor,0005,impulsive+stationary_5,impulsive+stationary,5.0,False,False,-0.28822969324170256,,ls:150-132655-0034,14.032734870910645,14.371650695800781,0.935920020684085,2.738950252532959,0.0
anchor,0006,impulsive+stationary_5,impulsive+stationary,5.0,False,True,2.190762424142898,,ls:1263-139804-0025,10.57518196105957,10.19482707977295,0.9269835661081118,2.063145160675049,0.0
anchor,0007,impulsive+stationary_5,impulsive+stationary,5.0,False,False,11.894467930898372,,ls:1263-138246-0025,12.577834129333496,12.348058700561523,0.8866264356422789,2.2593765258789062,0.0
anchor,0008,impulsive+stationary_5,impulsive+stationary,5.0,False,False,10.23484402703141,,ls:226-122538-0005,10.686697959899902,10.43903923034668,0.8799577436436017,1.7856924533843994,0.0
anchor,0009,impulsive+stationary_5,impulsive+stationary,5.0,True,False,3.970297788761222,,cvhi:common_voice_hi_24258390,9.635323524475098,9.187732696533203,0.9132620945220866,1.7554526329040527,0.18
anchor,0010,impulsive+stationary_5,impulsive+stationary,5.0,False,False,7.790185173275541,,cvhi:common_voice_hi_25154269,12.636785507202148,12.407598495483398,0.8132486507886909,1.57786226272583,0.42
anchor,0011,impulsive+stationary_5,impulsive+stationary,5.0,True,False,6.431361548284556,,cvhi:common_voice_hi_27635670,9.911558151245117,10.304060935974121,0.8130211735592903,1.703961968421936,0.0
anchor,0012,impulsive+stationary_5,impulsive+stationary,5.0,False,False,8.667860526258632,,ls:150-126107-0018,11.100553512573242,11.071063995361328,0.8848723042051873,1.9425122737884521,0.08
anchor,0013,impulsive+stationary_5,impulsive+stationary,5.0,False,False,6.143236608831243,,cvhi:common_voice_hi_24510994,10.37751579284668,10.06486988067627,0.8516369654961844,1.8835725784301758,0.1
anchor,0014,impulsive+stationary_5,impulsive+stationary,5.0,False,False,-5.143956930465508,,cvhi:common_voice_hi_24386244,10.596248626708984,10.20766830444336,0.8898092756040065,1.7989790439605713,0.0
anchor,0015,impulsive+stationary_5,impulsive+stationary,5.0,False,False,-0.4795836467075052,,cvhi:common_voice_hi_40355229,14.037995338439941,13.940287590026855,0.9388702513129658,2.1164984703063965,0.0
anchor,0016,impulsive+stationary_5,impulsive+stationary,5.0,False,False,10.073408953778515,,cvhi:common_voice_hi_27383943,12.236679077148438,12.094860076904297,0.8501713512756622,1.829436182975769,0.0
anchor,0017,impulsive+stationary_5,impulsive+stationary,5.0,True,False,-5.003851710701655,,cvhi:common_voice_hi_26007659,17.485063552856445,17.46261978149414,0.9741912116265942,2.2952945232391357,0.06
anchor,0018,impulsive+stationary_5,impulsive+stationary,5.0,False,False,2.4817873432906765,,cvhi:common_voice_hi_27005361,12.911727905273438,13.15122127532959,0.9601670342706414,1.7608611583709717,0.02
anchor,0019,impulsive+stationary_5,impulsive+stationary,5.0,False,False,4.56992897535552,,cvhi:common_voice_hi_24280927,11.978696823120117,11.737135887145996,0.929737722330924,2.1259002685546875,0.2
anchor,0020,impulsive+stationary_5,impulsive+stationary,5.0,True,False,7.6102292778664875,,cvhi:common_voice_hi_23964474,16.883390426635742,17.545881271362305,0.9058580182386157,2.1344106197357178,0.12
anchor,0021,impulsive+stationary_5,impulsive+stationary,5.0,False,False,9.998559316530901,,cvhi:common_voice_hi_24386804,14.501824378967285,14.999029159545898,0.9338672999534589,2.5038747787475586,0.38
anchor,0022,impulsive+stationary_5,impulsive+stationary,5.0,False,True,11.873641097750543,,cvhi:common_voice_hi_26007706,10.448240280151367,10.355873107910156,0.9221378936342904,1.9972803592681885,0.06
anchor,0023,impulsive+stationary_5,impulsive+stationary,5.0,False,False,-5.914369262771745,,cvhi:common_voice_hi_27005243,9.520727157592773,9.310626983642578,0.930679982104336,1.7247600555419922,0.0
anchor,0024,impulsive+stationary_5,impulsive+stationary,5.0,False,False,5.039155757753697,,cvhi:common_voice_hi_24562193,9.811603546142578,9.561529159545898,0.9305026543946355,1.9548869132995605,0.16
anchor,0025,impulsive+stationary_5,impulsive+stationary,5.0,False,False,3.6290035496355735,,cvhi:common_voice_hi_26007744,14.126415252685547,14.04124641418457,0.970775090109029,2.1710879802703857,0.0
anchor,0026,impulsive+stationary_5,impulsive+stationary,5.0,False,False,11.624066903369247,,cvhi:common_voice_hi_24759072,10.005960464477539,9.993993759155273,0.9231284900639357,1.7789195775985718,0.0
anchor,0027,impulsive+stationary_5,impulsive+stationary,5.0,False,False,4.613663981723569,,cvhi:common_voice_hi_24280930,11.209066390991211,11.20128059387207,0.9522579160000499,2.0068459510803223,0.08
anchor,0028,impulsive+stationary_5,impulsive+stationary,5.0,False,False,5.921687722272276,,cvhi:common_voice_hi_24258344,11.080991744995117,11.061639785766602,0.9109069361119957,1.7292702198028564,0.0
anchor,0029,impulsive+stationary_5,impulsive+stationary,5.0,False,False,10.79662887849845,,ls:1898-145724-0001,13.32758903503418,13.163002967834473,0.9141148707784528,2.2120254039764404,0.24
anchor,0030,impulsive+stationary_5,impulsive+stationary,5.0,False,False,3.4816075341852226,,ls:1898-145724-0029,11.426597595214844,11.148079872131348,0.8649604915118917,1.8120182752609253,0.0
anchor,0031,impulsive+stationary_5,impulsive+stationary,5.0,False,False,4.994067674292408,,cvhi:common_voice_hi_24225549,13.515331268310547,13.507429122924805,0.8899493397322198,1.740364909172058,0.0
anchor,0032,impulsive+stationary_5,impulsive+stationary,5.0,True,False,4.860701883183635,,ls:226-131533-0023,13.146471977233887,12.931026458740234,0.8334007476659722,2.1526434421539307,0.0
anchor,0033,impulsive+stationary_5,impulsive+stationary,5.0,False,True,4.7157618698103185,,cvhi:common_voice_hi_24782682,13.967605590820312,14.190109252929688,0.931405883301367,2.123504877090454,0.0
anchor,0034,impulsive+stationary_5,impulsive+stationary,5.0,False,False,6.226553841196285,,ls:1898-145715-0024,16.0572509765625,15.951959609985352,0.9661395252984238,2.7346832752227783,0.0
anchor,0035,impulsive+stationary_5,impulsive+stationary,5.0,False,False,6.378366450446871,,ls:1898-145724-0003,19.459135055541992,19.6247615814209,0.9771323556819765,3.812525510787964,0.0
anchor,0036,impulsive+stationary_5,impulsive+stationary,5.0,False,False,5.408898445760618,,cvhi:common_voice_hi_26007577,18.88567543029785,20.268272399902344,0.9750062640835927,3.258305549621582,0.16
anchor,0037,impulsive+stationary_5,impulsive+stationary,5.0,False,False,0.4815914484157897,,cvhi:common_voice_hi_25154331,18.66635513305664,20.514047622680664,0.8714320153352098,2.316577672958374,0.0
anchor,0038,impulsive+stationary_5,impulsive+stationary,5.0,False,False,3.508593462532419,,cvhi:common_voice_hi_25154431,15.397018432617188,15.502910614013672,0.9181879887373386,2.3841257095336914,0.0
anchor,0039,impulsive+stationary_5,impulsive+stationary,5.0,False,False,1.9455022909932635,,cvhi:common_voice_hi_24427372,11.487669944763184,11.199224472045898,0.7921840999079935,1.8141076564788818,0.0
anchor,0000,impulsive_-10,impulsive,-10.0,False,False,-0.7844672756917035,,cvhi:common_voice_hi_23964472,2.4034247398376465,-1.254658818244934,0.46715157341567193,1.0560245513916016,0.0
anchor,0001,impulsive_-10,impulsive,-10.0,False,False,6.986331723840957,,cvhi:common_voice_hi_27005363,5.181720733642578,3.6863932609558105,0.7404594716417391,1.126521110534668,0.22
anchor,0002,impulsive_-10,impulsive,-10.0,True,False,-2.098531557761902,,cvhi:common_voice_hi_24228379,7.885568618774414,7.135321617126465,0.8165750368771565,1.3785005807876587,0.0
anchor,0003,impulsive_-10,impulsive,-10.0,False,False,-2.039796330422819,,cvhi:common_voice_hi_27005557,6.630197048187256,5.758501052856445,0.8480256972111099,1.335443139076233,0.36
anchor,0004,impulsive_-10,impulsive,-10.0,False,False,3.7267698403814524,,ls:1898-145724-0023,15.975784301757812,15.880352020263672,0.967129214568285,2.051459312438965,0.14
anchor,0005,impulsive_-10,impulsive,-10.0,False,True,6.625584403384842,,cvhi:common_voice_hi_27383943,-1.1449949741363525,-3.521778106689453,0.8731669261526546,1.532565712928772,0.02
anchor,0006,impulsive_-10,impulsive,-10.0,False,False,-0.3457733309346862,,cvhi:common_voice_hi_24228397,7.6162919998168945,6.901882171630859,0.9022875234195206,1.682178258895874,0.0
anchor,0007,impulsive_-10,impulsive,-10.0,False,False,-5.386315288684306,,ls:150-132655-0024,16.05288314819336,16.05814552307129,0.9432976276044845,2.5878679752349854,0.0
anchor,0008,impulsive_-10,impulsive,-10.0,False,False,-3.7907854852235285,,ls:226-131533-0017,10.102766990661621,9.733154296875,0.6853023206475723,1.7124674320220947,0.0
anchor,0009,impulsive_-10,impulsive,-10.0,True,False,8.980805211151823,,cvhi:common_voice_hi_25154349,6.6116814613342285,5.672886848449707,0.6800614681167059,1.2147902250289917,1.34
anchor,0010,impulsive_-10,impulsive,-10.0,False,False,11.318864184835828,,cvhi:common_voice_hi_25154387,10.965949058532715,11.00792407989502,0.8310990209543188,1.3887794017791748,0.34
anchor,0011,impulsive_-10,impulsive,-10.0,False,False,10.591250524192855,,cvhi:common_voice_hi_24510938,9.297174453735352,8.798941612243652,0.9448631514845246,2.0138139724731445,0.08
anchor,0012,impulsive_-10,impulsive,-10.0,False,False,0.5802182171881025,,cvhi:common_voice_hi_26007706,10.033390045166016,9.655379295349121,0.901629366427696,1.814488410949707,0.18
anchor,0013,impulsive_-10,impulsive,-10.0,False,False,-1.3794529365862296,,ls:226-131533-0035,10.428556442260742,10.017068862915039,0.863675836163464,1.94865882396698,0.0
anchor,0014,impulsive_-10,impulsive,-10.0,False,True,10.354615884632913,,cvhi:common_voice_hi_26080950,8.65498161315918,8.271648406982422,0.9143605463786728,2.0481739044189453,0.86
anchor,0015,impulsive_-10,impulsive,-10.0,False,False,-0.9227299471473351,,ls:1898-145720-0011,12.68467903137207,12.451494216918945,0.8649148687055835,2.0793955326080322,0.02
anchor,0016,impulsive_-10,impulsive,-10.0,False,False,-0.6207576883242787,,cvhi:common_voice_hi_27945054,5.898223400115967,4.65114164352417,0.8555929739730683,1.3518095016479492,0.0
anchor,0017,impulsive_-10,impulsive,-10.0,False,False,3.109095853950228,,ls:1898-145720-0017,5.248565673828125,3.7158358097076416,0.689578466665588,1.242031455039978,0.0
anchor,0018,impulsive_-10,impulsive,-10.0,False,False,5.385039751494652,,cvhi:common_voice_hi_24759542,7.221617698669434,6.317911624908447,0.8556741667605834,1.2339637279510498,0.06
anchor,0019,impulsive_-10,impulsive,-10.0,False,False,1.9734252810522523,,cvhi:common_voice_hi_24759564,7.054108619689941,6.142535209655762,0.7441972157881109,1.380621075630188,0.0
anchor,0020,impulsive_-10,impulsive,-10.0,False,False,6.038950795580643,,cvhi:common_voice_hi_24386814,4.4225053787231445,2.729269504547119,0.6677057246385959,1.3151479959487915,0.0
anchor,0021,impulsive_-10,impulsive,-10.0,False,True,-4.077843338750688,,cvhi:common_voice_hi_24759046,0.8266308307647705,-0.12271872907876968,0.8239974708579567,1.4766243696212769,0.0
anchor,0022,impulsive_-10,impulsive,-10.0,False,False,11.3824703562901,,cvhi:common_voice_hi_26007825,4.550294876098633,2.6745619773864746,0.7564873513466961,1.1957902908325195,0.0
anchor,0023,impulsive_-10,impulsive,-10.0,False,False,11.731934691217209,,cvhi:common_voice_hi_24261964,16.400541305541992,16.50775146484375,0.9285681777161325,2.186370611190796,0.04
anchor,0024,impulsive_-10,impulsive,-10.0,True,False,1.525356273420103,,ls:226-131533-0032,9.412300109863281,8.884478569030762,0.7890401981284133,1.464688777923584,0.0
anchor,0025,impulsive_-10,impulsive,-10.0,False,True,11.427285462910604,,cvhi:common_voice_hi_25154303,4.172260284423828,2.22361159324646,0.638105120710072,1.1970481872558594,0.12
anchor,0026,impulsive_-10,impulsive,-10.0,True,False,-1.5800533040223348,,cvhi:common_voice_hi_27005462,17.40493392944336,17.325489044189453,0.9687893350628982,1.7722623348236084,0.0
anchor,0027,impulsive_-10,impulsive,-10.0,True,False,-0.6368328425025016,,cvhi:common_voice_hi_26254100,5.301115036010742,3.7833471298217773,0.7674026023555721,1.3214375972747803,0.0
anchor,0028,impulsive_-10,impulsive,-10.0,False,False,-0.8032859037661559,,cvhi:common_voice_hi_26968423,8.076862335205078,7.350559711456299,0.8241167501417171,1.347261667251587,0.0
anchor,0029,impulsive_-10,impulsive,-10.0,False,False,2.2786665343746826,,cvhi:common_voice_hi_23844541,6.0982842445373535,4.941633224487305,0.7879568353532428,1.6143288612365723,0.0
anchor,0030,impulsive_-10,impulsive,-10.0,False,False,7.636778419601397,,cvhi:common_voice_hi_24782711,8.572879791259766,9.624276161193848,0.9693066172816441,2.3726165294647217,0.14
anchor,0031,impulsive_-10,impulsive,-10.0,False,False,10.284119606312334,,cvhi:common_voice_hi_24225357,23.21220588684082,34.243202209472656,0.9999981369358737,4.3512701988220215,0.46
anchor,0032,impulsive_-10,impulsive,-10.0,False,False,6.303373527547601,,cvhi:common_voice_hi_27005385,2.4583380222320557,-1.1166273355484009,0.794573520133113,1.2123839855194092,0.22
anchor,0033,impulsive_-10,impulsive,-10.0,False,False,1.7032916553666757,,cvhi:common_voice_hi_24782654,17.90666961669922,17.906625747680664,0.965199531805658,2.4322283267974854,0.0
anchor,0034,impulsive_-10,impulsive,-10.0,False,False,-2.4667246351248204,,cvhi:common_voice_hi_24386188,5.770683765411377,4.463242053985596,0.8402820684034715,1.588327407836914,0.0
anchor,0035,impulsive_-10,impulsive,-10.0,False,False,7.913267258199255,,cvhi:common_voice_hi_24258369,11.99600601196289,11.812889099121094,0.8989575027601361,1.7571566104888916,0.0
anchor,0036,impulsive_-10,impulsive,-10.0,False,False,7.321722597189929,,cvhi:common_voice_hi_24427693,13.518564224243164,13.719932556152344,0.8538691542871455,1.5707416534423828,0.3
anchor,0037,impulsive_-10,impulsive,-10.0,False,False,3.233678130224396,,cvhi:common_voice_hi_24386789,17.584383010864258,17.808940887451172,0.9602610471513703,2.547482967376709,0.0
anchor,0038,impulsive_-10,impulsive,-10.0,False,False,-0.07945646276441387,,cvhi:common_voice_hi_24280942,5.879720687866211,4.5886101722717285,0.8086567120113276,1.547724723815918,0.0
anchor,0039,impulsive_-10,impulsive,-10.0,False,False,6.736141967672346,,cvhi:common_voice_hi_26007601,12.860082626342773,12.882678985595703,0.9055006503153605,2.386500358581543,0.88
anchor,0000,impulsive_-5,impulsive,-5.0,False,False,-3.7682479070088695,,cvhi:common_voice_hi_27005228,9.980367660522461,9.541546821594238,0.9098829627740733,1.7449661493301392,0.16
anchor,0001,impulsive_-5,impulsive,-5.0,False,False,-1.2602267734890251,,cvhi:common_voice_hi_27005199,6.376981735229492,5.2744951248168945,0.7669608518996278,1.269469141960144,0.0
anchor,0002,impulsive_-5,impulsive,-5.0,False,False,3.9792257757778735,,ls:1263-141777-0008,11.371994018554688,11.059103965759277,0.9165549427174751,1.8943028450012207,0.06
anchor,0003,impulsive_-5,impulsive,-5.0,False,False,-0.07236827123301204,,cvhi:common_voice_hi_25004046,16.476884841918945,16.550504684448242,0.8978999866643584,2.1266417503356934,0.0
anchor,0004,impulsive_-5,impulsive,-5.0,False,False,-4.387007335660979,,cvhi:common_voice_hi_24386877,14.303516387939453,14.4917631149292,0.9074896448449287,2.3184449672698975,0.0
anchor,0005,impulsive_-5,impulsive,-5.0,False,False,6.875337267892878,,ls:1898-145724-0022,13.42145824432373,13.296382904052734,0.8719276281796119,1.9875218868255615,0.0
anchor,0006,impulsive_-5,impulsive,-5.0,False,False,11.52000217282302,,ls:226-131532-0003,11.909934997558594,11.682168960571289,0.8184696556357337,2.3270015716552734,0.0
anchor,0007,impulsive_-5,impulsive,-5.0,False,False,1.920988938504804,,cvhi:common_voice_hi_24386805,11.626538276672363,11.413546562194824,0.9180265285535751,2.2371017932891846,0.02
anchor,0008,impulsive_-5,impulsive,-5.0,False,False,-4.317720817878217,,cvhi:common_voice_hi_25154370,9.400910377502441,8.878805160522461,0.772291830981147,1.7284530401229858,0.0
anchor,0009,impulsive_-5,impulsive,-5.0,False,False,-0.6460667625373375,,ls:226-131533-0034,11.027983665466309,10.83395767211914,0.9523675042116404,2.4575765132904053,0.04
anchor,0010,impulsive_-5,impulsive,-5.0,False,False,3.6742703156269148,,ls:226-122538-0009,9.05842399597168,8.562552452087402,0.915664472841863,2.092190980911255,0.0
anchor,0011,impulsive_-5,impulsive,-5.0,False,False,9.622786672212776,,cvhi:common_voice_hi_24562174,5.930255889892578,4.841650009155273,0.7388904105754301,1.353996753692627,0.0
anchor,0012,impulsive_-5,impulsive,-5.0,False,True,8.716929846769666,,cvhi:common_voice_hi_24258403,7.120051383972168,6.435166358947754,0.8411641766527321,1.452268123626709,0.16
anchor,0013,impulsive_-5,impulsive,-5.0,False,False,-5.307730743520347,,cvhi:common_voice_hi_24758675,14.371413230895996,14.212772369384766,0.9418130284516997,1.8211736679077148,0.0
anchor,0014,impulsive_-5,impulsive,-5.0,False,True,3.026189359619133,,cvhi:common_voice_hi_24386307,8.89037036895752,8.354747772216797,0.8971232654810726,2.0880753993988037,0.0
anchor,0015,impulsive_-5,impulsive,-5.0,False,False,2.8607651621600425,,cvhi:common_voice_hi_24758708,15.511298179626465,15.851224899291992,0.9538026812484588,2.2325210571289062,0.0
anchor,0016,impulsive_-5,impulsive,-5.0,False,False,-2.366448390033103,,cvhi:common_voice_hi_27005183,10.78432559967041,10.42531967163086,0.9111448246146234,1.6171462535858154,0.0
anchor,0017,impulsive_-5,impulsive,-5.0,False,False,6.8193744802353855,,cvhi:common_voice_hi_24228394,8.144372940063477,7.5200324058532715,0.8917824027554089,1.7120704650878906,0.58
anchor,0018,impulsive_-5,impulsive,-5.0,False,False,3.088829564298976,,cvhi:common_voice_hi_26008913,11.927729606628418,12.043915748596191,0.992232562208984,2.2473762035369873,0.22
anchor,0019,impulsive_-5,impulsive,-5.0,False,False,6.534339188490764,,cvhi:common_voice_hi_27005285,11.36030101776123,11.03386402130127,0.9171424219111014,1.715029239654541,0.0
anchor,0020,impulsive_-5,impulsive,-5.0,False,False,1.140702013746008,,cvhi:common_voice_hi_24758743,8.857902526855469,8.343154907226562,0.9134186323717677,1.4785776138305664,0.04
anchor,0021,impulsive_-5,impulsive,-5.0,False,True,4.997485514725584,,ls:1263-141777-0001,6.195407867431641,5.130680084228516,0.8294524841548917,1.5085728168487549,0.0
anchor,0022,impulsive_-5,impulsive,-5.0,False,False,5.383891700523375,,ls:226-131532-0008,14.585882186889648,14.579195976257324,0.7730684909973442,2.3378610610961914,0.0
anchor,0023,impulsive_-5,impulsive,-5.0,False,False,-3.6254739036354304,,cvhi:common_voice_hi_24759489,8.509331703186035,7.915720462799072,0.8621764741899325,1.4445133209228516,0.0
anchor,0024,impulsive_-5,impulsive,-5.0,False,False,3.8019661913282317,,ls:1263-139804-0015,24.297527313232422,24.511192321777344,0.9944739464259806,3.7458651065826416,0.0
anchor,0025,impulsive_-5,impulsive,-5.0,False,False,-2.9164362496376643,,cvhi:common_voice_hi_24225388,10.42089557647705,10.115060806274414,0.8926646332221825,1.6197867393493652,0.24
anchor,0026,impulsive_-5,impulsive,-5.0,False,True,0.6734343171493578,,cvhi:common_voice_hi_24386375,12.320752143859863,12.118054389953613,0.7863181894682697,1.668339490890503,0.02
anchor,0027,impulsive_-5,impulsive,-5.0,False,False,11.357170224641326,,cvhi:common_voice_hi_24228360,7.284272193908691,6.537497520446777,0.8553031361661949,1.198164463043213,0.5
anchor,0028,impulsive_-5,impulsive,-5.0,False,False,10.900241558391336,,cvhi:common_voice_hi_24226282,11.866436004638672,11.919032096862793,0.9660057638320412,2.349252700805664,0.16
anchor,0029,impulsive_-5,impulsive,-5.0,False,False,1.2286564447309933,,ls:226-131533-0011,13.263579368591309,13.348024368286133,0.9798434031982508,3.872335910797119,0.0
anchor,0030,impulsive_-5,impulsive,-5.0,False,False,10.318703979693531,,cvhi:common_voice_hi_24258350,16.220375061035156,16.160696029663086,0.9867515443439863,2.8801093101501465,inf
anchor,0031,impulsive_-5,impulsive,-5.0,False,False,10.851590747783824,,cvhi:common_voice_hi_24759096,13.034147262573242,12.902359008789062,0.9670560312756715,2.2318522930145264,0.0
anchor,0032,impulsive_-5,impulsive,-5.0,False,False,7.382882953326627,,cvhi:common_voice_hi_24228204,10.931510925292969,10.658010482788086,0.9081648866243458,1.9142205715179443,0.02
anchor,0033,impulsive_-5,impulsive,-5.0,False,False,-4.106362708938538,,ls:226-131533-0026,8.021637916564941,7.279068946838379,0.7765350419912568,1.7550702095031738,0.0
anchor,0034,impulsive_-5,impulsive,-5.0,False,False,1.3583724208106007,,ls:150-132655-0017,9.464960098266602,8.99393081665039,0.8692667133916463,1.6514627933502197,0.0
anchor,0035,impulsive_-5,impulsive,-5.0,False,False,9.001707440185468,,cvhi:common_voice_hi_26007612,9.456571578979492,8.978720664978027,0.8953394236222468,2.21150279045105,0.0
anchor,0036,impulsive_-5,impulsive,-5.0,False,False,-4.2225473190539695,,cvhi:common_voice_hi_27005654,11.99328899383545,12.008888244628906,0.9777938826666561,3.1054201126098633,0.06
anchor,0037,impulsive_-5,impulsive,-5.0,False,False,-2.478343129388021,,cvhi:common_voice_hi_24938892,22.1412296295166,23.64792251586914,0.9999923568492349,3.229196786880493,0.04
anchor,0038,impulsive_-5,impulsive,-5.0,False,False,11.414427857784393,,cvhi:common_voice_hi_24226419,12.803855895996094,13.136850357055664,0.8712876606018426,1.6172912120819092,0.46
anchor,0039,impulsive_-5,impulsive,-5.0,True,False,1.076400974509447,,cvhi:common_voice_hi_26007636,6.05762243270874,4.862769603729248,0.8345363242629762,1.4067586660385132,0.0
anchor,0000,impulsive_0,impulsive,0.0,False,False,-4.939640577458221,,cvhi:common_voice_hi_24759308,13.0758056640625,13.581991195678711,0.9624328244530198,2.8072876930236816,0.0
anchor,0001,impulsive_0,impulsive,0.0,False,False,4.185699479239469,,cvhi:common_voice_hi_24938895,12.936279296875,13.097452163696289,0.9005831706335328,1.5581141710281372,0.0
anchor,0002,impulsive_0,impulsive,0.0,False,False,9.534603168673804,,cvhi:common_voice_hi_27005461,11.760579109191895,11.57177734375,0.9289791370375645,1.8125178813934326,0.06
anchor,0003,impulsive_0,impulsive,0.0,False,False,-4.089794857660426,,cvhi:common_voice_hi_24228396,14.236709594726562,14.071577072143555,0.8453047571160032,2.3366644382476807,0.16
anchor,0004,impulsive_0,impulsive,0.0,False,False,3.1426363084548914,,cvhi:common_voice_hi_31389170,11.3643798828125,11.174715042114258,0.9053482766095851,1.9193636178970337,0.0
anchor,0005,impulsive_0,impulsive,0.0,False,False,4.502125965243529,,cvhi:common_voice_hi_25473137,10.787694931030273,10.48855972290039,0.8495499742822569,1.6985646486282349,0.0
anchor,0006,impulsive_0,impulsive,0.0,False,False,5.606245490290167,,cvhi:common_voice_hi_27945201,8.144059181213379,7.4253411293029785,0.9323187614759957,2.1044371128082275,0.08
anchor,0007,impulsive_0,impulsive,0.0,False,False,5.869905035707346,,cvhi:common_voice_hi_25004046,20.096464157104492,21.349796295166016,0.9786137260878253,2.9613609313964844,1.9
anchor,0008,impulsive_0,impulsive,0.0,False,True,3.1632921822719418,,cvhi:common_voice_hi_27005240,17.441930770874023,17.434785842895508,0.9679447265755632,2.1176695823669434,0.42
anchor,0009,impulsive_0,impulsive,0.0,False,False,3.6130906178062805,,cvhi:common_voice_hi_24511001,6.830336570739746,6.693058967590332,0.9902020549971439,3.439154624938965,0.0
anchor,0010,impulsive_0,impulsive,0.0,False,False,7.387256500471727,,cvhi:common_voice_hi_24280971,8.801095008850098,8.283926963806152,0.9591332713013215,1.8775606155395508,1.36
anchor,0011,impulsive_0,impulsive,0.0,False,False,-2.436513046999143,,cvhi:common_voice_hi_24759130,16.934206008911133,17.039459228515625,0.9398130717933383,1.9603172540664673,0.0
anchor,0012,impulsive_0,impulsive,0.0,False,False,11.42216186693323,,cvhi:common_voice_hi_27383945,23.915508270263672,24.659515380859375,0.9178427223458794,2.8142504692077637,0.1
anchor,0013,impulsive_0,impulsive,0.0,False,False,5.2661435611904395,,cvhi:common_voice_hi_25948432,20.781774520874023,20.80032730102539,0.9794603798432082,3.1520721912384033,0.0
anchor,0014,impulsive_0,impulsive,0.0,False,False,9.436767372188928,,cvhi:common_voice_hi_24386877,20.772415161132812,20.959108352661133,0.9837671902359395,3.224464178085327,0.12
anchor,0015,impulsive_0,impulsive,0.0,False,False,4.0911010470336215,,cvhi:common_voice_hi_37329985,11.506784439086914,11.211270332336426,0.9305312032784289,2.5911192893981934,0.1
anchor,0016,impulsive_0,impulsive,0.0,False,False,-4.416350241983404,,ls:226-131533-0001,14.931015014648438,14.808731079101562,0.9398221739552165,2.879852771759033,0.0
anchor,0017,impulsive_0,impulsive,0.0,False,False,-4.013671450227635,,cvhi:common_voice_hi_24228396,10.987886428833008,10.869564056396484,0.8599371866637472,2.4185729026794434,1.0
anchor,0018,impulsive_0,impulsive,0.0,False,False,11.692706863205043,,cvhi:common_voice_hi_24280951,10.73640251159668,10.367127418518066,0.9253134956262816,2.0142953395843506,0.0
anchor,0019,impulsive_0,impulsive,0.0,False,False,0.5385404260490851,,cvhi:common_voice_hi_24225446,13.09150218963623,13.090303421020508,0.9231569091359683,2.0757627487182617,0.06
anchor,0020,impulsive_0,impulsive,0.0,False,False,6.531281286556892,,cvhi:common_voice_hi_27005229,10.344430923461914,9.945755004882812,0.9206674151655139,1.8086881637573242,0.0
anchor,0021,impulsive_0,impulsive,0.0,False,False,0.38543797504645294,,cvhi:common_voice_hi_26007689,19.103029251098633,20.765472412109375,0.9908987634785866,3.126779794692993,0.38
anchor,0022,impulsive_0,impulsive,0.0,False,False,11.660644073073332,,ls:1263-139804-0002,11.59449577331543,11.384737014770508,0.8779667333873962,2.013505220413208,0.36
anchor,0023,impulsive_0,impulsive,0.0,False,False,-0.028653147602585527,,cvhi:common_voice_hi_27122898,11.288747787475586,11.045394897460938,0.9334022201888124,2.266151189804077,0.0
anchor,0024,impulsive_0,impulsive,0.0,True,False,9.775214096425108,,cvhi:common_voice_hi_27005514,12.412822723388672,12.20250129699707,0.942995649939232,1.8371535539627075,0.0
anchor,0025,impulsive_0,impulsive,0.0,False,False,1.6098190542392379,,ls:226-131532-0020,11.840497016906738,11.597429275512695,0.8610348526398433,2.3486225605010986,0.24
anchor,0026,impulsive_0,impulsive,0.0,False,False,1.720977334986518,,cvhi:common_voice_hi_26253996,15.740747451782227,15.670234680175781,0.9504689543515249,2.862032175064087,inf
anchor,0027,impulsive_0,impulsive,0.0,False,False,0.7855152075608034,,cvhi:common_voice_hi_24782642,12.696828842163086,12.481337547302246,0.8366797565961613,1.5469200611114502,0.0
anchor,0028,impulsive_0,impulsive,0.0,True,False,3.1408847642745847,,cvhi:common_voice_hi_24427450,21.033828735351562,21.13816261291504,0.9881800869592419,2.947491407394409,0.42
anchor,0029,impulsive_0,impulsive,0.0,False,False,4.615564369043284,,cvhi:common_voice_hi_24758743,20.118663787841797,20.177614212036133,0.9849012990106416,2.6191043853759766,0.06
anchor,0030,impulsive_0,impulsive,0.0,False,False,-3.007376944468273,,cvhi:common_voice_hi_24225590,13.020552635192871,13.041228294372559,0.864540871557527,1.942419409751892,0.28
anchor,0031,impulsive_0,impulsive,0.0,False,False,3.6921254502143235,,cvhi:common_voice_hi_26007765,11.836518287658691,11.57044506072998,0.9420943964936005,2.0877392292022705,0.58
anchor,0032,impulsive_0,impulsive,0.0,False,False,10.654953311677637,,cvhi:common_voice_hi_26967676,14.657496452331543,14.870904922485352,0.9402496189128771,2.683685064315796,0.1
anchor,0033,impulsive_0,impulsive,0.0,False,False,-4.910998561275233,,cvhi:common_voice_hi_25982637,12.652205467224121,12.469645500183105,0.9374715529359914,2.5512642860412598,0.0
anchor,0034,impulsive_0,impulsive,0.0,False,False,-2.3525164440197153,,ls:226-131532-0018,14.79592227935791,15.030831336975098,0.9333695782428018,3.161472797393799,0.0
anchor,0035,impulsive_0,impulsive,0.0,False,False,11.884557078840917,,ls:1263-138246-0005,13.595403671264648,13.587035179138184,0.9820924205969389,2.7482359409332275,0.0
anchor,0036,impulsive_0,impulsive,0.0,False,False,6.668917575963405,,cvhi:common_voice_hi_27005422,9.535836219787598,9.039541244506836,0.9503694661569918,2.3703393936157227,0.08
anchor,0037,impulsive_0,impulsive,0.0,False,False,3.0191682895685403,,cvhi:common_voice_hi_27005513,10.119004249572754,9.704495429992676,0.9080216618180488,1.5130854845046997,0.0
anchor,0038,impulsive_0,impulsive,0.0,False,False,-5.938114247668327,,ls:226-131533-0034,12.95707893371582,13.132753372192383,0.9586007014427497,2.7130908966064453,0.0
anchor,0039,impulsive_0,impulsive,0.0,False,False,-0.7084303935114136,,cvhi:common_voice_hi_26007736,12.762224197387695,12.632308006286621,0.9139447014582729,2.0298235416412354,0.0
anchor,0000,impulsive_10,impulsive,10.0,False,False,10.303174436317324,,cvhi:common_voice_hi_24510984,9.745746612548828,9.462389945983887,0.9078370278458107,2.230902910232544,0.2
anchor,0001,impulsive_10,impulsive,10.0,False,False,9.301249515898771,,cvhi:common_voice_hi_26007768,15.98646354675293,16.144737243652344,0.9895745047468821,2.056204319000244,0.68
anchor,0002,impulsive_10,impulsive,10.0,False,False,5.563909858792194,,ls:1898-145702-0017,22.97148895263672,22.95008659362793,0.9561735285920971,3.280686378479004,0.0
anchor,0003,impulsive_10,impulsive,10.0,True,False,4.6112726157916395,,cvhi:common_voice_hi_24386564,21.309423446655273,21.37029266357422,0.9673656967068145,2.6693170070648193,0.76
anchor,0004,impulsive_10,impulsive,10.0,False,False,-4.8149678710982196,,cvhi:common_voice_hi_24258350,14.25025749206543,14.087051391601562,0.9741961863860812,2.4695229530334473,0.26
anchor,0005,impulsive_10,impulsive,10.0,False,False,-4.548897086355578,,cvhi:common_voice_hi_27005350,19.1966552734375,20.8426456451416,0.9842576289044227,2.8887031078338623,1.86
anchor,0006,impulsive_10,impulsive,10.0,True,False,-0.49207023303618413,,cvhi:common_voice_hi_24782649,9.522669792175293,9.532920837402344,0.8617359417923061,1.5512490272521973,0.32
anchor,0007,impulsive_10,impulsive,10.0,False,False,8.762491008046823,,cvhi:common_voice_hi_27005617,17.010759353637695,18.117595672607422,0.9766385537300524,2.6773316860198975,0.02
anchor,0008,impulsive_10,impulsive,10.0,False,False,6.668533028699736,,cvhi:common_voice_hi_23964491,16.448266983032227,17.19972801208496,0.8893366022972039,2.295215606689453,0.04
anchor,0009,impulsive_10,impulsive,10.0,False,False,10.097756338133653,,cvhi:common_voice_hi_25154358,21.885435104370117,21.983137130737305,0.9624460008704961,3.4068899154663086,0.0
anchor,0010,impulsive_10,impulsive,10.0,False,False,-3.003403532246708,,cvhi:common_voice_hi_24225549,21.126482009887695,21.841915130615234,0.9907835361436775,3.0630366802215576,0.0
anchor,0011,impulsive_10,impulsive,10.0,False,False,6.043256986615866,,cvhi:common_voice_hi_26769816,17.474414825439453,18.885112762451172,0.8179023262169387,2.112774610519409,0.2
anchor,0012,impulsive_10,impulsive,10.0,False,False,-0.34227062913313056,,ls:1898-145724-0017,14.70416259765625,15.290092468261719,0.832491235286826,2.9166259765625,0.0
anchor,0013,impulsive_10,impulsive,10.0,False,True,7.58471127899668,,cvhi:common_voice_hi_27635669,9.316410064697266,8.780963897705078,0.8889762027916276,2.2155420780181885,0.04
anchor,0014,impulsive_10,impulsive,10.0,False,False,-4.628738874189533,,cvhi:common_voice_hi_24280952,24.266273498535156,24.458921432495117,0.996433370482773,3.416013240814209,0.02
anchor,0015,impulsive_10,impulsive,10.0,True,False,8.496838651179715,,cvhi:common_voice_hi_26007680,10.283249855041504,11.383529663085938,0.9367983705662347,2.1679115295410156,0.52
anchor,0016,impulsive_10,impulsive,10.0,True,False,-1.048416068313971,,ls:150-126107-0016,16.578868865966797,17.10614013671875,0.9723384861713743,3.9371371269226074,0.0
anchor,0017,impulsive_10,impulsive,10.0,False,False,10.185876109555501,,ls:226-122538-0023,15.09549617767334,15.314102172851562,0.9155045684972243,2.7077770233154297,0.04
anchor,0018,impulsive_10,impulsive,10.0,False,False,6.7779294275625865,,ls:1263-138246-0027,12.871410369873047,12.73409366607666,0.9733055320067985,3.0060176849365234,0.0
anchor,0019,impulsive_10,impulsive,10.0,False,False,6.233516663783465,,cvhi:common_voice_hi_27005263,21.784881591796875,22.100419998168945,0.99001115193742,3.4911446571350098,0.74
anchor,0020,impulsive_10,impulsive,10.0,False,False,5.964156028731869,,cvhi:common_voice_hi_24427448,20.207008361816406,20.52151107788086,0.9339228945236338,2.758171319961548,0.24
anchor,0021,impulsive_10,impulsive,10.0,False,False,1.1131922157978922,,ls:226-122538-0017,22.595985412597656,23.930233001708984,0.9786344834861642,4.2901811599731445,0.0
anchor,0022,impulsive_10,impulsive,10.0,False,False,0.7143789363387834,,cvhi:common_voice_hi_32796700,15.111428260803223,14.98878288269043,0.9704566269762035,2.5346004962921143,0.26
anchor,0023,impulsive_10,impulsive,10.0,False,False,6.236415256437059,,ls:1898-145724-0006,14.257040023803711,14.1320219039917,0.8583511710328561,2.0073671340942383,0.06
anchor,0024,impulsive_10,impulsive,10.0,False,False,4.936990243138396,,ls:150-126112-0025,15.440223693847656,15.513246536254883,0.8388861853304244,2.206421375274658,0.0
anchor,0025,impulsive_10,impulsive,10.0,False,False,8.226004375197386,,cvhi:common_voice_hi_23964505,20.09681510925293,22.05377769470215,0.974883402639397,3.778313398361206,0.0
anchor,0026,impulsive_10,impulsive,10.0,True,False,11.615751132497625,,cvhi:common_voice_hi_26687143,19.946395874023438,20.642833709716797,0.9848092261534599,3.0172317028045654,1.14
anchor,0027,impulsive_10,impulsive,10.0,False,False,6.6347090442369705,,cvhi:common_voice_hi_25154407,13.917654037475586,13.912882804870605,0.8929713682437753,3.116909980773926,0.74
anchor,0028,impulsive_10,impulsive,10.0,False,False,2.0299301200149973,,cvhi:common_voice_hi_25170238,20.380855560302734,21.113094329833984,0.9139614139666331,3.0853404998779297,0.94
anchor,0029,impulsive_10,impulsive,10.0,False,False,4.5755453682606735,,cvhi:common_voice_hi_26080942,22.770597457885742,22.92395782470703,0.9950343002835863,3.541808843612671,0.0
anchor,0030,impulsive_10,impulsive,10.0,False,False,0.9226374183182697,,cvhi:common_voice_hi_24258397,19.314624786376953,21.2807559967041,0.9876754548461375,3.2725813388824463,0.66
anchor,0031,impulsive_10,impulsive,10.0,False,False,9.750486070962772,,cvhi:common_voice_hi_26007591,16.873416900634766,16.78510284423828,0.9620949665684652,2.231795072555542,0.06
anchor,0032,impulsive_10,impulsive,10.0,True,False,-0.6676191613973073,,cvhi:common_voice_hi_26007765,12.328285217285156,14.337268829345703,0.9511566713597159,2.591130256652832,0.0
anchor,0033,impulsive_10,impulsive,10.0,False,False,1.3392009573255717,,cvhi:common_voice_hi_24386375,22.26340103149414,23.89925193786621,0.9671386647330146,3.2297556400299072,0.0
anchor,0034,impulsive_10,impulsive,10.0,False,False,-4.423448044903001,,ls:1263-141777-0018,14.11407470703125,14.007454872131348,0.9428492043269427,2.667196273803711,0.0
anchor,0035,impulsive_10,impulsive,10.0,False,False,-0.8211304838540023,,ls:1898-145702-0018,17.72114372253418,18.180458068847656,0.9546566715028146,2.5327653884887695,0.3
anchor,0036,impulsive_10,impulsive,10.0,False,False,-2.4965304670538013,,cvhi:common_voice_hi_24258382,13.116923332214355,14.08619499206543,0.9765671829507014,2.7981128692626953,0.02
anchor,0037,impulsive_10,impulsive,10.0,False,False,5.635017005978561,,ls:1898-145724-0025,15.794482231140137,15.709135055541992,0.8916860257857065,2.1956558227539062,0.22
anchor,0038,impulsive_10,impulsive,10.0,False,False,1.9310548657583535,,cvhi:common_voice_hi_26254101,25.481550216674805,25.46971321105957,0.9688200671962419,3.414072275161743,0.0
anchor,0039,impulsive_10,impulsive,10.0,False,False,6.075216185278048,,cvhi:common_voice_hi_24280963,14.283258438110352,14.123022079467773,0.984953565465365,2.9782354831695557,0.0
anchor,0000,impulsive_15,impulsive,15.0,False,False,6.9700936873840735,,cvhi:common_voice_hi_24427752,23.510866165161133,23.598445892333984,0.9722145268989252,3.4250407218933105,0.0
anchor,0001,impulsive_15,impulsive,15.0,False,False,3.6546605877105662,,ls:150-132655-0022,16.31855583190918,16.339317321777344,0.9766331042550822,2.207188129425049,0.06
anchor,0002,impulsive_15,impulsive,15.0,True,False,0.7417190214336635,,cvhi:common_voice_hi_24386375,13.038061141967773,13.019634246826172,0.9623407513450934,2.724400281906128,0.06
anchor,0003,impulsive_15,impulsive,15.0,False,False,3.4451050082520336,,cvhi:common_voice_hi_24759433,20.757829666137695,22.14273452758789,0.9782364202552161,3.3107380867004395,0.26
anchor,0004,impulsive_15,impulsive,15.0,False,False,3.3739419359772818,,cvhi:common_voice_hi_25322998,18.202219009399414,18.136089324951172,0.9889990218983349,2.3826732635498047,inf
anchor,0005,impulsive_15,impulsive,15.0,False,False,11.961544450997685,,cvhi:common_voice_hi_27035684,19.455312728881836,19.41473388671875,0.9682946251792315,3.1264283657073975,0.06
anchor,0006,impulsive_15,impulsive,15.0,False,False,-0.3931586248716199,,cvhi:common_voice_hi_26968422,20.913087844848633,20.923559188842773,0.9865958365582578,3.4372856616973877,0.0
anchor,0007,impulsive_15,impulsive,15.0,False,False,-4.711040507325849,,cvhi:common_voice_hi_24225724,19.18001937866211,19.642425537109375,0.9904477117536449,2.4022836685180664,0.0
anchor,0008,impulsive_15,impulsive,15.0,False,False,2.13348348873882,,cvhi:common_voice_hi_27005243,25.04082489013672,25.965349197387695,0.9964151469356756,3.686051845550537,0.0
anchor,0009,impulsive_15,impulsive,15.0,False,False,-2.6359239700145767,,cvhi:common_voice_hi_25154332,18.870996475219727,20.076171875,0.9650355638899522,3.117332696914673,0.0
anchor,0010,impulsive_15,impulsive,15.0,False,True,-2.4329251013713717,,ls:1898-145715-0050,20.771289825439453,20.755727767944336,0.959606149753443,3.191378116607666,0.2
anchor,0011,impulsive_15,impulsive,15.0,False,False,-5.665456312983087,,ls:1263-139804-0004,19.422595977783203,20.0197811126709,0.9654024684444494,2.965177297592163,0.0
anchor,0012,impulsive_15,impulsive,15.0,False,False,-0.9560060549783023,,cvhi:common_voice_hi_24258373,13.566732406616211,14.364145278930664,0.9759070266498081,3.0386037826538086,0.0
anchor,0013,impulsive_15,impulsive,15.0,False,False,4.093489921001133,,ls:226-122538-0029,19.836307525634766,20.32184410095215,0.9805814508502843,3.7582590579986572,0.0
anchor,0014,impulsive_15,impulsive,15.0,False,False,9.233706732687935,,ls:226-122538-0000,18.34794044494629,18.565340042114258,0.9947191333933039,3.9538631439208984,0.0
anchor,0015,impulsive_15,impulsive,15.0,False,False,-0.3030344220161494,,cvhi:common_voice_hi_27005656,17.996238708496094,18.70208168029785,0.9781071036903931,2.98060941696167,0.0
anchor,0016,impulsive_15,impulsive,15.0,False,False,-4.614740544984657,,cvhi:common_voice_hi_24427429,20.07332992553711,23.211223602294922,0.9409785645721104,3.67720890045166,0.1
anchor,0017,impulsive_15,impulsive,15.0,False,False,6.52238517679077,,cvhi:common_voice_hi_27122900,20.888612747192383,20.97856903076172,0.9926358188931241,3.4757916927337646,0.54
anchor,0018,impulsive_15,impulsive,15.0,False,False,0.828589604891258,,cvhi:common_voice_hi_25154445,21.303115844726562,21.606409072875977,0.9426928507955914,3.077176809310913,0.0
anchor,0019,impulsive_15,impulsive,15.0,False,False,11.107397247291168,,cvhi:common_voice_hi_27005549,18.319374084472656,18.26622772216797,0.9743985538459548,3.117250680923462,0.0
anchor,0020,impulsive_15,impulsive,15.0,False,False,9.468454833304177,,cvhi:common_voice_hi_25154360,20.832637786865234,21.174640655517578,0.9560504387685369,2.871525287628174,0.26
anchor,0021,impulsive_15,impulsive,15.0,False,True,-5.092130187650751,,ls:1263-139804-0008,20.64554214477539,21.904762268066406,0.9885910792931808,3.624943256378174,0.0
anchor,0022,impulsive_15,impulsive,15.0,False,False,-4.471063914351976,,ls:1898-145724-0035,17.412792205810547,17.33765411376953,0.9394375141477049,2.940601110458374,0.04
anchor,0023,impulsive_15,impulsive,15.0,False,False,10.751056814497218,,cvhi:common_voice_hi_24427881,20.81822395324707,23.86639404296875,0.9909723262976353,3.3976857662200928,1.86
anchor,0024,impulsive_15,impulsive,15.0,False,False,-2.5860289370421308,,cvhi:common_voice_hi_24258329,19.450584411621094,20.088136672973633,0.9954686484643371,3.784335136413574,0.18
anchor,0025,impulsive_15,impulsive,15.0,False,False,3.281518476425237,,cvhi:common_voice_hi_25154368,18.75757598876953,19.18077850341797,0.9188573552414823,2.096724271774292,0.52
anchor,0026,impulsive_15,impulsive,15.0,False,False,-2.5166620960071775,,cvhi:common_voice_hi_26007589,23.39542579650879,23.45067596435547,0.9891136475254743,3.8601739406585693,inf
anchor,0027,impulsive_15,impulsive,15.0,False,False,-0.4497632697060183,,cvhi:common_voice_hi_24782737,22.711833953857422,22.835168838500977,0.9859931822148604,3.658876419067383,0.0
anchor,0028,impulsive_15,impulsive,15.0,False,False,5.851666233278259,,cvhi:common_voice_hi_26007595,20.066701889038086,20.069311141967773,0.966862854992758,3.6267895698547363,0.18
anchor,0029,impulsive_15,impulsive,15.0,True,False,-0.1959239930435155,,cvhi:common_voice_hi_24427430,3.8111588954925537,4.250702381134033,0.6830973424782492,1.3222107887268066,1.62
anchor,0030,impulsive_15,impulsive,15.0,False,False,3.715113692182255,,cvhi:common_voice_hi_25154347,21.46141242980957,22.76139259338379,0.955368133373001,3.0915257930755615,0.0
anchor,0031,impulsive_15,impulsive,15.0,False,False,4.873431271334347,,cvhi:common_voice_hi_24228205,18.103139877319336,18.364601135253906,0.9777960371766296,3.175926923751831,0.0
anchor,0032,impulsive_15,impulsive,15.0,False,False,3.328291061783519,,ls:1263-141777-0014,18.329784393310547,19.552640914916992,0.991592179257822,3.3442718982696533,0.06
anchor,0033,impulsive_15,impulsive,15.0,False,False,-5.293236227223825,,ls:1263-139804-0011,17.859298706054688,18.317564010620117,0.9877900586159974,3.0105092525482178,0.0
anchor,0034,impulsive_15,impulsive,15.0,False,False,10.144170459875106,,cvhi:common_voice_hi_25154399,21.926477432250977,22.25000762939453,0.9408214339164794,3.3245151042938232,0.04
anchor,0035,impulsive_15,impulsive,15.0,False,False,-2.5916512831794902,,cvhi:common_voice_hi_24258400,19.27592658996582,19.356319427490234,0.9924427463263582,3.4235565662384033,0.22
anchor,0036,impulsive_15,impulsive,15.0,True,False,-4.389138717395578,,cvhi:common_voice_hi_24228363,21.206045150756836,21.173133850097656,0.9886829186130639,2.9295763969421387,0.0
anchor,0037,impulsive_15,impulsive,15.0,False,False,-0.8077390260684574,,cvhi:common_voice_hi_24280971,20.499637603759766,22.53190803527832,0.9967346716086161,3.491410970687866,0.64
anchor,0038,impulsive_15,impulsive,15.0,False,False,9.758077736109444,,cvhi:common_voice_hi_24228331,16.789146423339844,16.835119247436523,0.9366949557803717,2.8208203315734863,0.58
anchor,0039,impulsive_15,impulsive,15.0,True,False,2.8786564222402653,,cvhi:common_voice_hi_24258326,17.226398468017578,17.308338165283203,0.9640736174436098,3.1013383865356445,0.0
anchor,0000,impulsive_5,impulsive,5.0,False,False,11.61344132302112,,cvhi:common_voice_hi_24427482,12.524155616760254,12.385889053344727,0.8625048605214382,2.143134832382202,0.0
anchor,0001,impulsive_5,impulsive,5.0,True,True,8.090763984233766,,cvhi:common_voice_hi_24258391,14.237598419189453,14.158345222473145,0.9111147926515021,1.8981690406799316,0.36
anchor,0002,impulsive_5,impulsive,5.0,False,False,-3.0506161697382366,,cvhi:common_voice_hi_26007798,20.59079360961914,22.731311798095703,0.9912736347581266,3.389712333679199,0.0
anchor,0003,impulsive_5,impulsive,5.0,False,False,9.25717923917993,,cvhi:common_voice_hi_23844517,12.009072303771973,11.727448463439941,0.9542981707804961,2.6292827129364014,0.84
anchor,0004,impulsive_5,impulsive,5.0,True,False,0.41346623220501755,,cvhi:common_voice_hi_24226416,11.4349946975708,12.190655708312988,0.931778805511141,2.223045825958252,0.0
anchor,0005,impulsive_5,impulsive,5.0,False,False,-5.530223284613426,,ls:1898-145724-0032,14.873194694519043,14.826900482177734,0.9630878343793691,3.0116958618164062,0.0
anchor,0006,impulsive_5,impulsive,5.0,False,False,-3.058353579707248,,cvhi:common_voice_hi_24782669,13.064702987670898,13.038458824157715,0.8351078543962841,1.4373385906219482,0.24
anchor,0007,impulsive_5,impulsive,5.0,False,False,-4.3514447652846,,ls:226-131533-0035,12.90584945678711,13.21143913269043,0.9126285827715349,2.4531052112579346,0.0
anchor,0008,impulsive_5,impulsive,5.0,False,False,6.433375785426765,,ls:226-131533-0015,15.586532592773438,16.212265014648438,0.827672151589004,2.8304154872894287,0.18
anchor,0009,impulsive_5,impulsive,5.0,False,False,1.9586477249866263,,ls:150-126107-0003,14.863214492797852,15.786436080932617,0.8882184567859261,2.9656591415405273,0.0
anchor,0010,impulsive_5,impulsive,5.0,False,False,5.354407061091097,,cvhi:common_voice_hi_27005527,14.43539047241211,14.568634986877441,0.9700392482349631,2.0420608520507812,0.22
anchor,0011,impulsive_5,impulsive,5.0,False,False,-2.422488724557507,,cvhi:common_voice_hi_25154432,17.908252716064453,17.837993621826172,0.9391449616912176,2.190596342086792,0.08
anchor,0012,impulsive_5,impulsive,5.0,True,False,11.34161998590724,,cvhi:common_voice_hi_26007665,19.118473052978516,19.108789443969727,0.9902065030723431,3.1249310970306396,0.84
anchor,0013,impulsive_5,impulsive,5.0,False,False,-5.0750406685082865,,cvhi:common_voice_hi_27005263,14.68507194519043,15.084580421447754,0.9593200506577094,2.2143466472625732,0.0
anchor,0014,impulsive_5,impulsive,5.0,False,False,-4.240202786436654,,cvhi:common_voice_hi_26687140,11.386984825134277,11.549079895019531,0.9114255286385546,1.6270899772644043,0.6
anchor,0015,impulsive_5,impulsive,5.0,False,False,11.649402292451203,,cvhi:common_voice_hi_24228159,17.014358520507812,17.30160140991211,0.9819694069937378,2.5001742839813232,0.28
anchor,0016,impulsive_5,impulsive,5.0,False,False,-0.32111687097961195,,ls:1898-145720-0007,15.059548377990723,15.965753555297852,0.9220058082019383,2.8603386878967285,0.0
anchor,0017,impulsive_5,impulsive,5.0,False,False,8.25090469848719,,ls:1898-145724-0037,13.074909210205078,12.856866836547852,0.9851599280319068,2.1637656688690186,0.1
anchor,0018,impulsive_5,impulsive,5.0,False,False,-4.457620576603141,,ls:1898-145702-0011,14.104686737060547,13.934196472167969,0.9351738786946299,2.3744454383850098,0.04
anchor,0019,impulsive_5,impulsive,5.0,False,False,-3.9296005602359454,,ls:1898-145715-0005,20.5513973236084,20.892696380615234,0.9169666364956369,3.6763803958892822,0.0
anchor,0020,impulsive_5,impulsive,5.0,False,False,-3.572901565171919,,ls:226-122538-0024,21.69428825378418,21.83810043334961,0.9682767167777427,3.977134943008423,0.04
anchor,0021,impulsive_5,impulsive,5.0,False,False,6.279899622976185,,cvhi:common_voice_hi_26007736,20.266855239868164,20.579906463623047,0.9934659447846645,2.7717411518096924,0.06
anchor,0022,impulsive_5,impulsive,5.0,False,False,-5.269417170900687,,cvhi:common_voice_hi_26007596,15.308238983154297,15.70374584197998,0.9469418060864253,2.4205539226531982,0.2
anchor,0023,impulsive_5,impulsive,5.0,False,False,9.649148921603594,,cvhi:common_voice_hi_24427484,20.497005462646484,21.786121368408203,0.9622339367998997,3.3843796253204346,0.16
anchor,0024,impulsive_5,impulsive,5.0,False,False,-1.4677967709489383,,ls:150-132655-0014,14.292489051818848,14.749761581420898,0.8124046916412663,2.6809163093566895,0.28
anchor,0025,impulsive_5,impulsive,5.0,False,False,3.1109308172857677,,cvhi:common_voice_hi_24759431,17.14060401916504,17.702768325805664,0.9784157760444151,2.8886780738830566,0.26
anchor,0026,impulsive_5,impulsive,5.0,False,False,-5.268855409232216,,cvhi:common_voice_hi_24510939,8.819547653198242,8.425490379333496,0.9358867381958746,2.196523666381836,1.06
anchor,0027,impulsive_5,impulsive,5.0,False,False,3.333968335267315,,cvhi:common_voice_hi_24280956,16.386993408203125,16.2972412109375,0.9792198806581227,2.9145450592041016,1.1
anchor,0028,impulsive_5,impulsive,5.0,False,False,-1.5158198495479747,,cvhi:common_voice_hi_26007855,14.112814903259277,14.202083587646484,0.9577306124953038,2.8376152515411377,0.02
anchor,0029,impulsive_5,impulsive,5.0,False,False,2.9592697481417787,,ls:226-131533-0032,21.27081298828125,21.378517150878906,0.9096794298617406,3.4352123737335205,0.34
anchor,0030,impulsive_5,impulsive,5.0,False,False,2.784357735827644,,cvhi:common_voice_hi_24427851,16.6127872467041,16.98101806640625,0.9471827336784486,2.81986927986145,0.88
anchor,0031,impulsive_5,impulsive,5.0,False,False,10.29465198046453,,cvhi:common_voice_hi_31389170,16.04888153076172,16.521865844726562,0.9307599587797226,2.3819785118103027,0.08
anchor,0032,impulsive_5,impulsive,5.0,False,False,-4.89210630635006,,cvhi:common_voice_hi_27005230,16.54924774169922,17.73036766052246,0.9821803533065199,2.9930202960968018,0.0
anchor,0033,impulsive_5,impulsive,5.0,False,False,3.082226609212764,,ls:226-131533-0013,16.081087112426758,16.16423797607422,0.8897533528900011,3.286844491958618,0.0
anchor,0034,impulsive_5,impulsive,5.0,False,False,11.914087685389017,,cvhi:common_voice_hi_26007855,23.593307495117188,27.088651657104492,0.9934700681149309,3.920023202896118,0.02
anchor,0035,impulsive_5,impulsive,5.0,False,False,10.292813163166183,,cvhi:common_voice_hi_24386802,9.872235298156738,9.42396068572998,0.9315686287988613,1.9563897848129272,0.36
anchor,0036,impulsive_5,impulsive,5.0,False,False,1.2041870095076161,,cvhi:common_voice_hi_24280934,15.24078369140625,15.114042282104492,0.9761371187048915,2.954472541809082,0.0
anchor,0037,impulsive_5,impulsive,5.0,False,False,-1.629089697222673,,cvhi:common_voice_hi_24759285,16.14226531982422,16.08322525024414,0.9613408421592654,2.4717957973480225,0.0
anchor,0038,impulsive_5,impulsive,5.0,False,False,10.548727190895214,,cvhi:common_voice_hi_27035759,19.974348068237305,20.359451293945312,0.9718636421069139,3.1500585079193115,0.0
anchor,0039,impulsive_5,impulsive,5.0,False,False,5.305534664991885,,cvhi:common_voice_hi_26007783,16.454267501831055,16.35658836364746,0.9695657569213707,2.673027515411377,0.0
anchor,0000,recorded_impulsive+stationary_-10,recorded_impulsive+stationary,-10.0,True,False,9.270135250255716,,cvhi:common_voice_hi_24228160,7.782473087310791,7.115853309631348,0.834231603276769,1.3463172912597656,0.88
anchor,0001,recorded_impulsive+stationary_-10,recorded_impulsive+stationary,-10.0,False,True,6.118680658090842,,ls:226-122538-0012,4.4925150871276855,2.6069142818450928,0.6800796670168793,1.1251333951950073,0.0
anchor,0002,recorded_impulsive+stationary_-10,recorded_impulsive+stationary,-10.0,False,False,10.047051950464994,,cvhi:common_voice_hi_24225724,10.286564826965332,10.103605270385742,0.9655513862568308,1.8329260349273682,0.0
anchor,0003,recorded_impulsive+stationary_-10,recorded_impulsive+stationary,-10.0,False,False,-3.8082900378784768,,cvhi:common_voice_hi_32796700,4.732712745666504,3.0192553997039795,0.7140083457691427,1.1738377809524536,0.0
anchor,0004,recorded_impulsive+stationary_-10,recorded_impulsive+stationary,-10.0,False,True,-2.379028045444514,,ls:1263-139804-0028,2.6489617824554443,-0.7253572940826416,0.6594750246622242,1.1561797857284546,0.0
anchor,0005,recorded_impulsive+stationary_-10,recorded_impulsive+stationary,-10.0,False,False,-3.343228342832788,,ls:150-132655-0021,4.804383277893066,3.1942992210388184,0.67275317898574,1.186495304107666,0.0
anchor,0006,recorded_impulsive+stationary_-10,recorded_impulsive+stationary,-10.0,False,False,6.342452732877593,,cvhi:common_voice_hi_23936421,5.3122100830078125,3.8666069507598877,0.7511670592609723,1.2929807901382446,0.36
anchor,0007,recorded_impulsive+stationary_-10,recorded_impulsive+stationary,-10.0,False,False,-5.187606435357578,,cvhi:common_voice_hi_27005282,3.1855063438415527,0.368869423866272,0.6370960945547204,1.2140285968780518,0.0
anchor,0008,recorded_impulsive+stationary_-10,recorded_impulsive+stationary,-10.0,False,False,-3.0411623120041904,,cvhi:common_voice_hi_24280967,3.1561532020568848,0.3874829113483429,0.7099848558664044,1.2746723890304565,0.0
anchor,0009,recorded_impulsive+stationary_-10,recorded_impulsive+stationary,-10.0,False,False,-2.05671813429199,,cvhi:common_voice_hi_24758650,1.4086463451385498,-3.991973400115967,0.5695124634895948,1.1710174083709717,0.0
anchor,0010,recorded_impulsive+stationary_-10,recorded_impulsive+stationary,-10.0,True,False,-3.51222849842349,,cvhi:common_voice_hi_25982666,3.521226406097412,1.4255620241165161,0.6643891207619819,1.3255876302719116,0.0
anchor,0011,recorded_impulsive+stationary_-10,recorded_impulsive+stationary,-10.0,False,False,-5.612346975369003,,cvhi:common_voice_hi_26007687,5.7480692863464355,4.404289722442627,0.8455871893930046,1.349802851676941,0.0
anchor,0012,recorded_impulsive+stationary_-10,recorded_impulsive+stationary,-10.0,False,False,-0.711397449964867,,ls:150-126112-0029,6.518204212188721,5.461507797241211,0.6871530502837582,1.2928950786590576,0.0
anchor,0013,recorded_impulsive+stationary_-10,recorded_impulsive+stationary,-10.0,True,False,6.137100781872714,,cvhi:common_voice_hi_26007702,2.7038958072662354,-0.6052183508872986,0.6315127427714258,1.115476131439209,0.0
anchor,0014,recorded_impulsive+stationary_-10,recorded_impulsive+stationary,-10.0,False,False,8.720829084970322,,ls:226-122538-0022,5.842330455780029,4.546139240264893,0.5394095663380388,1.332959532737732,0.28
anchor,0015,recorded_impulsive+stationary_-10,recorded_impulsive+stationary,-10.0,True,False,-0.5224983808467298,,ls:150-126107-0038,5.302043437957764,3.8041481971740723,0.5573776627173119,1.1497912406921387,0.0
anchor,0016,recorded_impulsive+stationary_-10,recorded_impulsive+stationary,-10.0,False,False,3.100200907564542,,cvhi:common_voice_hi_25154363,4.532006740570068,2.6522650718688965,0.5957489036349849,1.1778149604797363,0.0
anchor,0017,recorded_impulsive+stationary_-10,recorded_impulsive+stationary,-10.0,False,False,9.508903921153806,,ls:1898-145715-0023,6.559560775756836,5.494687080383301,0.7740704398016824,1.2805486917495728,0.66
anchor,0018,recorded_impulsive+stationary_-10,recorded_impulsive+stationary,-10.0,True,False,-2.9355747450088563,,cvhi:common_voice_hi_25948425,4.874444484710693,3.1825757026672363,0.7241865211602794,1.323462963104248,0.0
anchor,0019,recorded_impulsive+stationary_-10,recorded_impulsive+stationary,-10.0,False,False,3.062334895909304,,cvhi:common_voice_hi_25948433,1.2053558826446533,-4.367053031921387,0.4246841389549569,1.040055751800537,0.0
anchor,0020,recorded_impulsive+stationary_-10,recorded_impulsive+stationary,-10.0,False,False,-0.8062390922914027,,cvhi:common_voice_hi_23964499,8.045547485351562,7.448176383972168,0.805970170260635,1.5529354810714722,0.0
anchor,0021,recorded_impulsive+stationary_-10,recorded_impulsive+stationary,-10.0,False,False,3.1677714386455627,,cvhi:common_voice_hi_23964500,6.571798324584961,5.704259872436523,0.7032349374719101,1.3427289724349976,0.0
anchor,0022,recorded_impulsive+stationary_-10,recorded_impulsive+stationary,-10.0,False,False,-1.1762809273864194,,cvhi:common_voice_hi_25948428,3.770112991333008,1.4562726020812988,0.6596076732261457,1.2082056999206543,0.0
anchor,0023,recorded_impulsive+stationary_-10,recorded_impulsive+stationary,-10.0,False,True,8.598557098261594,,cvhi:common_voice_hi_25473110,1.5485694408416748,-3.578864574432373,0.5472024850191783,1.0993120670318604,0.0
anchor,0024,recorded_impulsive+stationary_-10,recorded_impulsive+stationary,-10.0,False,False,-4.803334661750945,,cvhi:common_voice_hi_25948433,1.6356110572814941,-3.3837766647338867,0.5954034249145612,1.0662297010421753,0.0
anchor,0025,recorded_impulsive+stationary_-10,recorded_impulsive+stationary,-10.0,False,False,10.95234966276482,,cvhi:common_voice_hi_26007795,5.931398391723633,4.756500244140625,0.8413565653548578,1.3391138315200806,0.0
anchor,0026,recorded_impulsive+stationary_-10,recorded_impulsive+stationary,-10.0,False,False,6.175127230795919,,cvhi:common_voice_hi_24280972,4.52025842666626,2.648045778274536,0.5659248777527148,1.1383163928985596,0.38
anchor,0027,recorded_impulsive+stationary_-10,recorded_impulsive+stationary,-10.0,False,False,11.511010424237508,,ls:1898-145720-0006,4.172992706298828,2.1023001670837402,0.6164375579731023,1.130843162536621,0.0
anchor,0028,recorded_impulsive+stationary_-10,recorded_impulsive+stationary,-10.0,False,True,-4.1111279847513496,,cvhi:common_voice_hi_24759574,8.307145118713379,7.621924877166748,0.9364056594011665,2.053222179412842,0.0
anchor,0029,recorded_impulsive+stationary_-10,recorded_impulsive+stationary,-10.0,True,True,6.972908577832742,,ls:1898-145715-0020,2.901620626449585,-0.21953217685222626,0.47628621764680273,1.060443639755249,0.0
anchor,0030,recorded_impulsive+stationary_-10,recorded_impulsive+stationary,-10.0,False,False,4.578498147505343,,cvhi:common_voice_hi_25154368,5.383718490600586,3.9026622772216797,0.5266431992227572,1.2152584791183472,0.0
anchor,0031,recorded_impulsive+stationary_-10,recorded_impulsive+stationary,-10.0,False,False,5.191977400767048,,ls:1898-145715-0017,4.764030456542969,2.999833106994629,0.5279038008228129,1.0365514755249023,0.12
anchor,0032,recorded_impulsive+stationary_-10,recorded_impulsive+stationary,-10.0,False,False,-0.2995981391878395,,cvhi:common_voice_hi_26968240,3.516535758972168,0.9603762626647949,0.5940986534795479,1.0769938230514526,0.0
anchor,0033,recorded_impulsive+stationary_-10,recorded_impulsive+stationary,-10.0,False,False,7.691877880793445,,cvhi:common_voice_hi_24759287,2.5558576583862305,-0.8968502879142761,0.7463292725549963,1.2914283275604248,0.38
anchor,0034,recorded_impulsive+stationary_-10,recorded_impulsive+stationary,-10.0,False,False,10.55424307364559,,ls:1898-145702-0003,5.515839576721191,4.084574222564697,0.6348108756037498,1.2907555103302002,0.0
anchor,0035,recorded_impulsive+stationary_-10,recorded_impulsive+stationary,-10.0,False,False,-5.04129326047356,,cvhi:common_voice_hi_24280963,3.049685001373291,0.08941064774990082,0.7660896356436919,1.220152735710144,0.0
anchor,0036,recorded_impulsive+stationary_-10,recorded_impulsive+stationary,-10.0,False,False,-0.3076923117216426,,cvhi:common_voice_hi_24228362,5.620086669921875,4.292821884155273,0.8276270858186741,1.3429145812988281,0.0
anchor,0037,recorded_impulsive+stationary_-10,recorded_impulsive+stationary,-10.0,False,False,10.58505172754493,,ls:226-131533-0010,3.5949084758758545,1.1233643293380737,0.6331909370510028,1.115425705909729,0.3
anchor,0038,recorded_impulsive+stationary_-10,recorded_impulsive+stationary,-10.0,False,False,10.507515937726549,,cvhi:common_voice_hi_24225595,3.279991626739502,0.5250770449638367,0.6038711385628097,1.2254265546798706,0.0
anchor,0039,recorded_impulsive+stationary_-10,recorded_impulsive+stationary,-10.0,False,False,2.0850026090466773,,cvhi:common_voice_hi_24386149,2.47527813911438,-0.8140868544578552,0.5725272157323439,1.112931251525879,0.0
anchor,0000,recorded_impulsive+stationary_-5,recorded_impulsive+stationary,-5.0,False,False,-1.565776430506265,,ls:226-131533-0002,7.106094837188721,6.189408779144287,0.832073292211237,1.478023648262024,0.0
anchor,0001,recorded_impulsive+stationary_-5,recorded_impulsive+stationary,-5.0,False,False,-5.1777686149048145,,cvhi:common_voice_hi_40337925,5.706221580505371,4.3579583168029785,0.863321564561367,1.349877119064331,0.0
anchor,0002,recorded_impulsive+stationary_-5,recorded_impulsive+stationary,-5.0,False,False,-4.756176244998059,,cvhi:common_voice_hi_25323049,7.291937828063965,6.446745872497559,0.831055300168973,1.4233503341674805,0.0
anchor,0003,recorded_impulsive+stationary_-5,recorded_impulsive+stationary,-5.0,False,False,3.739566836072205,,cvhi:common_voice_hi_24427429,7.199678897857666,6.417235374450684,0.6052875854970484,1.4556183815002441,0.0
anchor,0004,recorded_impulsive+stationary_-5,recorded_impulsive+stationary,-5.0,False,False,4.924555920359309,,cvhi:common_voice_hi_24228426,7.827236652374268,7.051052570343018,0.8001941399940795,1.3642958402633667,0.18
anchor,0005,recorded_impulsive+stationary_-5,recorded_impulsive+stationary,-5.0,False,False,0.5467488666301437,,cvhi:common_voice_hi_27005387,3.1836280822753906,0.3589206635951996,0.7340913794283801,1.166596531867981,0.0
anchor,0006,recorded_impulsive+stationary_-5,recorded_impulsive+stationary,-5.0,False,True,3.59962556285514,,cvhi:common_voice_hi_24427373,7.48961067199707,6.684029579162598,0.7763831773557859,1.8799951076507568,0.0
anchor,0007,recorded_impulsive+stationary_-5,recorded_impulsive+stationary,-5.0,False,False,10.37349014872795,,cvhi:common_voice_hi_24261967,8.243021965026855,7.568862438201904,0.7010709072174885,1.3920930624008179,0.0
anchor,0008,recorded_impulsive+stationary_-5,recorded_impulsive+stationary,-5.0,False,False,3.873410118313437,,cvhi:common_voice_hi_27005558,3.6052844524383545,1.1615691184997559,0.7941679026032807,1.2664798498153687,0.0
anchor,0009,recorded_impulsive+stationary_-5,recorded_impulsive+stationary,-5.0,False,False,-1.3495214807900338,,ls:150-126112-0006,6.403768062591553,5.3004608154296875,0.7894833581446636,1.4114375114440918,0.0
anchor,0010,recorded_impulsive+stationary_-5,recorded_impulsive+stationary,-5.0,False,False,11.417791422488776,,cvhi:common_voice_hi_25170238,7.973193645477295,7.300147533416748,0.7779864765118633,1.314859390258789,0.0
anchor,0011,recorded_impulsive+stationary_-5,recorded_impulsive+stationary,-5.0,False,False,1.0884682486747828,,ls:226-131532-0025,6.680586814880371,5.631499767303467,0.675993670784213,1.294541597366333,0.66
anchor,0012,recorded_impulsive+stationary_-5,recorded_impulsive+stationary,-5.0,False,False,2.161681486099898,,cvhi:common_voice_hi_26008938,7.5897932052612305,6.784783363342285,0.4964630640370951,1.2618073225021362,0.0
anchor,0013,recorded_impulsive+stationary_-5,recorded_impulsive+stationary,-5.0,False,False,11.876821356296094,,cvhi:common_voice_hi_24258353,5.418718338012695,3.949470043182373,0.8459681298011491,1.2888731956481934,0.0
anchor,0014,recorded_impulsive+stationary_-5,recorded_impulsive+stationary,-5.0,False,False,1.4151097349163173,,cvhi:common_voice_hi_27005195,6.855309009552002,5.8559770584106445,0.7811648006139628,1.3954613208770752,0.0
anchor,0015,recorded_impulsive+stationary_-5,recorded_impulsive+stationary,-5.0,False,False,-3.4659473808576786,,cvhi:common_voice_hi_26008602,4.3517656326293945,2.604534149169922,0.7707275076375423,1.2911419868469238,0.18
anchor,0016,recorded_impulsive+stationary_-5,recorded_impulsive+stationary,-5.0,False,False,10.19580689215417,,cvhi:common_voice_hi_24386849,8.190535545349121,7.574341773986816,0.6929147637008632,1.3945624828338623,0.0
anchor,0017,recorded_impulsive+stationary_-5,recorded_impulsive+stationary,-5.0,False,False,6.349431176778349,,cvhi:common_voice_hi_25154387,5.590483665466309,4.223177909851074,0.6642876121100969,1.26686429977417,0.0
anchor,0018,recorded_impulsive+stationary_-5,recorded_impulsive+stationary,-5.0,False,False,1.8408372923835952,,ls:150-126107-0008,6.009559154510498,4.853811740875244,0.7386521569556628,1.2465952634811401,0.0
anchor,0019,recorded_impulsive+stationary_-5,recorded_impulsive+stationary,-5.0,False,False,-2.994356853489917,,cvhi:common_voice_hi_24225387,4.12248420715332,2.127843141555786,0.769590941551476,1.3219072818756104,0.0
anchor,0020,recorded_impulsive+stationary_-5,recorded_impulsive+stationary,-5.0,False,False,-2.4092790249889076,,ls:150-126112-0014,7.262839317321777,6.43393611907959,0.6538176896116107,1.4300317764282227,0.0
anchor,0021,recorded_impulsive+stationary_-5,recorded_impulsive+stationary,-5.0,False,False,9.497385738843784,,cvhi:common_voice_hi_24258337,6.466102123260498,5.616466999053955,0.860195309206079,1.2687573432922363,0.0
anchor,0022,recorded_impulsive+stationary_-5,recorded_impulsive+stationary,-5.0,False,False,5.029547142435597,,cvhi:common_voice_hi_24386433,8.347963333129883,7.818000793457031,0.7828316930534333,1.4587568044662476,0.08
anchor,0023,recorded_impulsive+stationary_-5,recorded_impulsive+stationary,-5.0,False,False,9.354105640590236,,cvhi:common_voice_hi_24386606,8.05488395690918,7.324227809906006,0.8056988594390508,1.4062552452087402,0.0
anchor,0024,recorded_impulsive+stationary_-5,recorded_impulsive+stationary,-5.0,False,False,10.791991354618812,,ls:150-126107-0025,8.617471694946289,8.257733345031738,0.7563508738556285,1.9052814245224,0.0
anchor,0025,recorded_impulsive+stationary_-5,recorded_impulsive+stationary,-5.0,True,False,5.449573914130049,,ls:226-131533-0008,6.068765640258789,4.939627170562744,0.7334977668862251,1.2473264932632446,0.0
anchor,0026,recorded_impulsive+stationary_-5,recorded_impulsive+stationary,-5.0,False,False,-4.86218642894271,,cvhi:common_voice_hi_24258399,9.11867618560791,8.555458068847656,0.8363956197973064,1.4572654962539673,0.0
anchor,0027,recorded_impulsive+stationary_-5,recorded_impulsive+stationary,-5.0,False,False,5.3678495222302995,,ls:1898-145715-0018,7.682522773742676,6.8727827072143555,0.8281222192330616,1.291475772857666,0.0
anchor,0028,recorded_impulsive+stationary_-5,recorded_impulsive+stationary,-5.0,False,False,8.092294685456725,,cvhi:common_voice_hi_27005396,4.329042911529541,2.4038891792297363,0.7757074268011507,1.1398110389709473,0.0
anchor,0029,recorded_impulsive+stationary_-5,recorded_impulsive+stationary,-5.0,False,False,11.145362952607162,,cvhi:common_voice_hi_25170231,7.609835147857666,6.785323619842529,0.789480283575876,1.3691989183425903,0.0
anchor,0030,recorded_impulsive+stationary_-5,recorded_impulsive+stationary,-5.0,False,False,10.238777826427345,,cvhi:common_voice_hi_24510971,3.770277738571167,1.8861632347106934,0.7357861974256215,1.27214515209198,0.48
anchor,0031,recorded_impulsive+stationary_-5,recorded_impulsive+stationary,-5.0,False,False,0.0381815799760572,,cvhi:common_voice_hi_24228359,7.052731990814209,6.307604789733887,0.8856949096399164,1.6088238954544067,0.06
anchor,0032,recorded_impulsive+stationary_-5,recorded_impulsive+stationary,-5.0,False,False,9.238253615815394,,cvhi:common_voice_hi_25323046,8.62565803527832,7.990414619445801,0.8849253346119261,1.4501492977142334,0.0
anchor,0033,recorded_impulsive+stationary_-5,recorded_impulsive+stationary,-5.0,False,False,-3.2031250398091204,,cvhi:common_voice_hi_24759342,6.6217851638793945,5.566720008850098,0.9001451891366448,1.5114063024520874,0.38
anchor,0034,recorded_impulsive+stationary_-5,recorded_impulsive+stationary,-5.0,False,False,9.112888893473972,,cvhi:common_voice_hi_25128213,4.583522796630859,2.7380945682525635,0.7050293729601936,1.1025201082229614,0.0
anchor,0035,recorded_impulsive+stationary_-5,recorded_impulsive+stationary,-5.0,False,False,1.4469044700788922,,cvhi:common_voice_hi_26008950,7.05402946472168,6.140301704406738,0.681662298796378,1.254112958908081,0.0
anchor,0036,recorded_impulsive+stationary_-5,recorded_impulsive+stationary,-5.0,False,False,4.948112907681891,,cvhi:common_voice_hi_24759072,8.324442863464355,7.7913899421691895,0.8882126163535279,1.567634105682373,0.0
anchor,0037,recorded_impulsive+stationary_-5,recorded_impulsive+stationary,-5.0,False,False,5.289241849156966,,cvhi:common_voice_hi_26080952,4.913735389709473,3.224649429321289,0.6816777042304144,1.3981431722640991,0.0
anchor,0038,recorded_impulsive+stationary_-5,recorded_impulsive+stationary,-5.0,False,False,-3.2280232006803304,,cvhi:common_voice_hi_24228566,5.757455348968506,4.420110702514648,0.7127652751003146,1.2380844354629517,0.0
anchor,0039,recorded_impulsive+stationary_-5,recorded_impulsive+stationary,-5.0,False,False,10.34564782655378,,cvhi:common_voice_hi_24228566,4.29185152053833,2.2705183029174805,0.7649288154844947,1.4308547973632812,0.08
anchor,0000,recorded_impulsive+stationary_0,recorded_impulsive+stationary,0.0,False,False,0.7352800176216059,,cvhi:common_voice_hi_24225728,9.636539459228516,9.143303871154785,0.8394119106498729,1.6478482484817505,0.18
anchor,0001,recorded_impulsive+stationary_0,recorded_impulsive+stationary,0.0,False,False,9.284042477609852,,cvhi:common_voice_hi_27005578,7.215949058532715,6.307056427001953,0.9080159145788282,1.615002155303955,0.2
anchor,0002,recorded_impulsive+stationary_0,recorded_impulsive+stationary,0.0,False,False,-2.0877228271162145,,cvhi:common_voice_hi_26007782,7.949278354644775,7.3868207931518555,0.8692883722896784,1.5497746467590332,1.32
anchor,0003,recorded_impulsive+stationary_0,recorded_impulsive+stationary,0.0,False,False,-0.2696792283007392,,cvhi:common_voice_hi_24510992,8.821402549743652,8.292698860168457,0.8171088175211323,1.9150974750518799,0.0
anchor,0004,recorded_impulsive+stationary_0,recorded_impulsive+stationary,0.0,False,False,4.034011938254546,,cvhi:common_voice_hi_26687105,9.086050033569336,8.580286026000977,0.8843839771453917,1.7413610219955444,0.0
anchor,0005,recorded_impulsive+stationary_0,recorded_impulsive+stationary,0.0,False,False,5.692721789025063,,cvhi:common_voice_hi_24759398,9.438411712646484,8.931465148925781,0.8664473003694935,1.572301983833313,0.0
anchor,0006,recorded_impulsive+stationary_0,recorded_impulsive+stationary,0.0,False,False,8.543461162396985,,ls:1263-141777-0007,8.264165878295898,7.656128406524658,0.7955520278748952,1.5362217426300049,1.88
anchor,0007,recorded_impulsive+stationary_0,recorded_impulsive+stationary,0.0,False,False,-1.5827811653145698,,ls:150-126112-0034,9.309094429016113,8.805630683898926,0.8219949198861356,2.679736614227295,0.0
anchor,0008,recorded_impulsive+stationary_0,recorded_impulsive+stationary,0.0,False,False,3.538374458488798,,cvhi:common_voice_hi_24225444,10.112184524536133,9.792176246643066,0.9434749120701522,1.9110398292541504,0.0
anchor,0009,recorded_impulsive+stationary_0,recorded_impulsive+stationary,0.0,True,False,6.096555302985637,,cvhi:common_voice_hi_27005479,7.2254252433776855,6.313492774963379,0.821741210510809,1.2292087078094482,0.0
anchor,0010,recorded_impulsive+stationary_0,recorded_impulsive+stationary,0.0,False,False,-5.782004943196515,,ls:226-122538-0016,9.49300479888916,8.983059883117676,0.8685069266733235,1.6246533393859863,0.0
anchor,0011,recorded_impulsive+stationary_0,recorded_impulsive+stationary,0.0,False,False,9.191031229803942,,cvhi:common_voice_hi_24427880,8.146623611450195,7.679609775543213,0.7148103254375882,1.441493272781372,0.0
anchor,0012,recorded_impulsive+stationary_0,recorded_impulsive+stationary,0.0,False,False,5.165202892457028,,ls:1263-139804-0004,8.77787971496582,8.195096015930176,0.8554080417332462,1.5689613819122314,0.0
anchor,0013,recorded_impulsive+stationary_0,recorded_impulsive+stationary,0.0,False,False,11.887660072824424,,ls:1263-141777-0012,10.053544998168945,9.628621101379395,0.9128446335181406,1.9371782541275024,0.0
anchor,0014,recorded_impulsive+stationary_0,recorded_impulsive+stationary,0.0,False,False,-4.565249258711942,,cvhi:common_voice_hi_26007759,8.045735359191895,7.327828884124756,0.8306761243932479,1.4510653018951416,0.0
anchor,0015,recorded_impulsive+stationary_0,recorded_impulsive+stationary,0.0,False,False,10.534462062223003,,cvhi:common_voice_hi_26254102,8.125391960144043,7.4213361740112305,0.8587204461809057,1.4759756326675415,0.0
anchor,0016,recorded_impulsive+stationary_0,recorded_impulsive+stationary,0.0,False,False,7.729295545807636,,cvhi:common_voice_hi_24427445,9.406120300292969,8.961443901062012,0.6840530671491272,1.4929977655410767,0.26
anchor,0017,recorded_impulsive+stationary_0,recorded_impulsive+stationary,0.0,True,False,-3.6132993816227943,,cvhi:common_voice_hi_25154361,8.683629035949707,8.107969284057617,0.7691217333716965,1.3003679513931274,0.0
anchor,0018,recorded_impulsive+stationary_0,recorded_impulsive+stationary,0.0,False,False,0.5960709363081182,,cvhi:common_voice_hi_27005364,3.9792439937591553,1.8359217643737793,0.8494453053204021,1.5981011390686035,0.0
anchor,0019,recorded_impulsive+stationary_0,recorded_impulsive+stationary,0.0,False,False,-1.1620665080264097,,cvhi:common_voice_hi_26080950,8.489700317382812,7.847862720489502,0.8116118615662937,1.5503264665603638,0.0
anchor,0020,recorded_impulsive+stationary_0,recorded_impulsive+stationary,0.0,False,False,8.97506620413964,,ls:1263-141777-0035,8.269237518310547,7.68810510635376,0.9005273205411477,1.6167901754379272,0.1
anchor,0021,recorded_impulsive+stationary_0,recorded_impulsive+stationary,0.0,False,False,4.072299928790324,,ls:1898-145720-0016,11.925619125366211,11.979107856750488,0.9020077708208143,2.3812875747680664,0.0
anchor,0022,recorded_impulsive+stationary_0,recorded_impulsive+stationary,0.0,False,False,11.736184496072294,,cvhi:common_voice_hi_24759344,6.236367702484131,5.058478832244873,0.8113685773178321,1.3712444305419922,0.52
anchor,0023,recorded_impulsive+stationary_0,recorded_impulsive+stationary,0.0,False,False,3.0165972478408047,,cvhi:common_voice_hi_40355229,9.987650871276855,9.644014358520508,0.8504048885331478,1.5928452014923096,0.0
anchor,0024,recorded_impulsive+stationary_0,recorded_impulsive+stationary,0.0,False,False,7.385410036460145,,cvhi:common_voice_hi_24228568,9.598604202270508,9.180930137634277,0.8516113142034751,1.6437361240386963,0.0
anchor,0025,recorded_impulsive+stationary_0,recorded_impulsive+stationary,0.0,False,False,-0.6607748354006375,,ls:1898-145702-0006,9.514780044555664,9.000007629394531,0.8798003258066435,1.632869005203247,0.0
anchor,0026,recorded_impulsive+stationary_0,recorded_impulsive+stationary,0.0,False,False,3.0816863447955125,,cvhi:common_voice_hi_25154424,11.677654266357422,11.657159805297852,0.7787110216022136,1.7097551822662354,0.0
anchor,0027,recorded_impulsive+stationary_0,recorded_impulsive+stationary,0.0,False,True,11.092097529772822,,cvhi:common_voice_hi_24228246,8.296154022216797,7.713238716125488,0.8716002691470707,1.4026466608047485,0.0
anchor,0028,recorded_impulsive+stationary_0,recorded_impulsive+stationary,0.0,False,False,6.818538395879948,,ls:1898-145720-0010,6.4651055335998535,5.354496955871582,0.7325850748576688,1.3290245532989502,0.0
anchor,0029,recorded_impulsive+stationary_0,recorded_impulsive+stationary,0.0,False,False,-3.167169159557719,,cvhi:common_voice_hi_26769503,10.236706733703613,9.827068328857422,0.6388502506482376,1.7930907011032104,0.0
anchor,0030,recorded_impulsive+stationary_0,recorded_impulsive+stationary,0.0,False,False,7.1809292136730445,,cvhi:common_voice_hi_27005393,6.079248428344727,4.915981769561768,0.8283558655000781,1.233954668045044,0.0
anchor,0031,recorded_impulsive+stationary_0,recorded_impulsive+stationary,0.0,False,False,-1.188143820435,,cvhi:common_voice_hi_24280932,10.974502563476562,10.612886428833008,0.905388584022791,1.8761467933654785,0.16
anchor,0032,recorded_impulsive+stationary_0,recorded_impulsive+stationary,0.0,False,False,6.3313968801738305,,cvhi:common_voice_hi_26007665,10.464576721191406,10.122587203979492,0.9195833385196205,1.9690947532653809,0.0
anchor,0033,recorded_impulsive+stationary_0,recorded_impulsive+stationary,0.0,False,False,-0.19211525988416334,,cvhi:common_voice_hi_25323014,9.00349235534668,8.43627643585205,0.9095833562824271,1.8179017305374146,0.0
anchor,0034,recorded_impulsive+stationary_0,recorded_impulsive+stationary,0.0,False,False,10.054673540882185,,cvhi:common_voice_hi_25170231,11.28011703491211,11.07817554473877,0.8804717557838703,1.5012071132659912,0.18
anchor,0035,recorded_impulsive+stationary_0,recorded_impulsive+stationary,0.0,False,False,-3.8763336758924627,,cvhi:common_voice_hi_26007591,13.20520305633545,13.120026588439941,0.8881813781286902,1.928727388381958,0.12
anchor,0036,recorded_impulsive+stationary_0,recorded_impulsive+stationary,0.0,False,False,4.8319295488847995,,cvhi:common_voice_hi_26007861,15.112881660461426,15.190214157104492,0.8746277115137514,1.8699469566345215,0.0
anchor,0037,recorded_impulsive+stationary_0,recorded_impulsive+stationary,0.0,False,False,7.432109612980167,,cvhi:common_voice_hi_26769497,11.302660942077637,11.008157730102539,0.7072488793691944,1.6451971530914307,0.04
anchor,0038,recorded_impulsive+stationary_0,recorded_impulsive+stationary,0.0,False,False,5.793056600908823,,cvhi:common_voice_hi_24386473,8.83871841430664,8.450523376464844,0.7257251484500985,1.4581935405731201,0.48
anchor,0039,recorded_impulsive+stationary_0,recorded_impulsive+stationary,0.0,True,False,-1.740793726552985,,cvhi:common_voice_hi_24759306,7.842619895935059,7.101621627807617,0.8228693289984096,1.4159799814224243,0.0
anchor,0000,recorded_impulsive+stationary_10,recorded_impulsive+stationary,10.0,False,False,-0.6282548980019946,,cvhi:common_voice_hi_23844514,15.945740699768066,16.924535751342773,0.9282145986419699,2.7815027236938477,0.0
anchor,0001,recorded_impulsive+stationary_10,recorded_impulsive+stationary,10.0,False,False,1.3984227100023618,,ls:1263-138246-0006,16.73291015625,16.823787689208984,0.9678933211277377,2.6297340393066406,0.0
anchor,0002,recorded_impulsive+stationary_10,recorded_impulsive+stationary,10.0,False,False,-0.3177815872429681,,cvhi:common_voice_hi_26008620,14.877281188964844,14.744163513183594,0.9003015320631025,2.4788100719451904,0.02
anchor,0003,recorded_impulsive+stationary_10,recorded_impulsive+stationary,10.0,False,False,9.187828124510299,,cvhi:common_voice_hi_24386827,15.917591094970703,16.26374053955078,0.9287086734403441,2.5204765796661377,0.0
anchor,0004,recorded_impulsive+stationary_10,recorded_impulsive+stationary,10.0,False,False,-4.051257550075904,,cvhi:common_voice_hi_23844541,12.760367393493652,12.793636322021484,0.8743154153717836,2.3171651363372803,0.0
anchor,0005,recorded_impulsive+stationary_10,recorded_impulsive+stationary,10.0,False,False,-5.972106053640216,,ls:1263-141777-0012,13.826913833618164,13.79088306427002,0.9767822438681242,2.3259620666503906,0.12
anchor,0006,recorded_impulsive+stationary_10,recorded_impulsive+stationary,10.0,False,False,3.2820846736677485,,cvhi:common_voice_hi_24427467,13.935539245605469,13.77296257019043,0.8887336107160653,2.5103628635406494,0.64
anchor,0007,recorded_impulsive+stationary_10,recorded_impulsive+stationary,10.0,True,False,1.7378053891727925,,cvhi:common_voice_hi_26007736,13.777626991271973,13.744928359985352,0.9449266889380102,2.241581439971924,0.0
anchor,0008,recorded_impulsive+stationary_10,recorded_impulsive+stationary,10.0,False,False,3.545650875734111,,cvhi:common_voice_hi_26253997,16.592647552490234,17.688112258911133,0.8956479326392347,2.2967960834503174,0.02
anchor,0009,recorded_impulsive+stationary_10,recorded_impulsive+stationary,10.0,False,False,5.578325487030067,,cvhi:common_voice_hi_37209035,12.829476356506348,12.670696258544922,0.9441161535007061,2.485900402069092,0.0
anchor,0010,recorded_impulsive+stationary_10,recorded_impulsive+stationary,10.0,False,False,-1.3850826734538249,,cvhi:common_voice_hi_26007746,17.394533157348633,18.061996459960938,0.979787459346025,3.281041383743286,0.0
anchor,0011,recorded_impulsive+stationary_10,recorded_impulsive+stationary,10.0,False,False,10.292575854059667,,cvhi:common_voice_hi_25323041,13.505597114562988,13.71451473236084,0.9687033792836484,2.5939278602600098,0.24
anchor,0012,recorded_impulsive+stationary_10,recorded_impulsive+stationary,10.0,False,False,-5.8857956343874775,,cvhi:common_voice_hi_24280926,14.895201683044434,14.866756439208984,0.9731492423325717,2.5464658737182617,0.0
anchor,0013,recorded_impulsive+stationary_10,recorded_impulsive+stationary,10.0,False,False,-1.414707446853365,,cvhi:common_voice_hi_24258333,14.771899223327637,15.15553092956543,0.9700047541676231,2.8527328968048096,0.0
anchor,0014,recorded_impulsive+stationary_10,recorded_impulsive+stationary,10.0,False,False,0.7413170713436177,,cvhi:common_voice_hi_26007570,15.277284622192383,15.206161499023438,0.9116908440129561,2.3255813121795654,0.0
anchor,0015,recorded_impulsive+stationary_10,recorded_impulsive+stationary,10.0,False,False,2.2963053734123573,,cvhi:common_voice_hi_24759560,13.956066131591797,13.89552116394043,0.950583032703932,2.509187936782837,0.0
anchor,0016,recorded_impulsive+stationary_10,recorded_impulsive+stationary,10.0,False,False,2.891085464079323,,cvhi:common_voice_hi_26687147,15.83831787109375,15.799430847167969,0.9497852120016397,2.811532974243164,0.0
anchor,0017,recorded_impulsive+stationary_10,recorded_impulsive+stationary,10.0,False,True,-0.5955374678305354,,cvhi:common_voice_hi_27149956,14.81594181060791,15.066612243652344,0.8030730379841864,2.138063669204712,0.04
anchor,0018,recorded_impulsive+stationary_10,recorded_impulsive+stationary,10.0,False,False,3.1912606005071478,,cvhi:common_voice_hi_24427380,17.4674015045166,17.452709197998047,0.8915849454010603,2.3571510314941406,0.0
anchor,0019,recorded_impulsive+stationary_10,recorded_impulsive+stationary,10.0,False,False,1.9547440837172712,,cvhi:common_voice_hi_24228427,11.566354751586914,12.398195266723633,0.9478436567982937,2.364196538925171,0.24
anchor,0020,recorded_impulsive+stationary_10,recorded_impulsive+stationary,10.0,False,False,-1.7600340238048364,,ls:226-131533-0016,17.914602279663086,18.16753387451172,0.872325906783451,3.643002986907959,0.2
anchor,0021,recorded_impulsive+stationary_10,recorded_impulsive+stationary,10.0,False,True,9.759702265814452,,cvhi:common_voice_hi_24386503,12.200227737426758,12.050457000732422,0.9801422129020287,1.9691412448883057,0.0
anchor,0022,recorded_impulsive+stationary_10,recorded_impulsive+stationary,10.0,False,False,1.0654399577400726,,ls:226-131532-0004,15.877847671508789,15.789946556091309,0.780335897075462,2.6831090450286865,0.0
anchor,0023,recorded_impulsive+stationary_10,recorded_impulsive+stationary,10.0,False,False,1.4775032602220879,,cvhi:common_voice_hi_24258257,13.841948509216309,13.721285820007324,0.8401296496990718,2.007593870162964,0.1
anchor,0024,recorded_impulsive+stationary_10,recorded_impulsive+stationary,10.0,True,False,-3.3937075230253266,,ls:226-131533-0007,13.714611053466797,14.42440414428711,0.8545849952008086,3.0871119499206543,0.0
anchor,0025,recorded_impulsive+stationary_10,recorded_impulsive+stationary,10.0,True,False,5.812952560510169,,cvhi:common_voice_hi_24386655,14.643692970275879,14.498905181884766,0.9336067813791714,2.2469489574432373,0.06
anchor,0026,recorded_impulsive+stationary_10,recorded_impulsive+stationary,10.0,False,False,-0.805545840226813,,cvhi:common_voice_hi_24228162,23.63032341003418,23.61281967163086,0.9983847125649519,4.073345184326172,0.0
anchor,0027,recorded_impulsive+stationary_10,recorded_impulsive+stationary,10.0,False,False,10.626132107369735,,cvhi:common_voice_hi_24759046,13.407833099365234,13.213827133178711,0.927135127240068,2.160395383834839,0.14
anchor,0028,recorded_impulsive+stationary_10,recorded_impulsive+stationary,10.0,False,False,-3.979979419065995,,ls:150-126107-0017,14.805166244506836,14.890052795410156,0.9645044093988344,2.7421071529388428,0.0
anchor,0029,recorded_impulsive+stationary_10,recorded_impulsive+stationary,10.0,False,False,-1.4670266275256605,,cvhi:common_voice_hi_25948397,13.542595863342285,13.460868835449219,0.9220245537128432,2.0497539043426514,0.0
anchor,0030,recorded_impulsive+stationary_10,recorded_impulsive+stationary,10.0,False,False,10.208083802296098,,cvhi:common_voice_hi_25170240,21.386062622070312,21.82746124267578,0.956794835147105,2.9459736347198486,0.76
anchor,0031,recorded_impulsive+stationary_10,recorded_impulsive+stationary,10.0,False,False,7.901771379854775,,cvhi:common_voice_hi_24228579,13.39723014831543,13.244596481323242,0.8810630593464545,2.0434505939483643,0.26
anchor,0032,recorded_impulsive+stationary_10,recorded_impulsive+stationary,10.0,False,False,0.27562937557302014,,ls:1263-138246-0036,13.196707725524902,13.062287330627441,0.9057331726594335,1.4951814413070679,0.14
anchor,0033,recorded_impulsive+stationary_10,recorded_impulsive+stationary,10.0,False,False,9.49302667869328,,ls:226-122538-0031,16.687824249267578,16.640403747558594,0.9717121116799473,3.404299736022949,0.92
anchor,0034,recorded_impulsive+stationary_10,recorded_impulsive+stationary,10.0,False,False,-0.8370944584688136,,cvhi:common_voice_hi_40339895,15.203303337097168,15.07591438293457,0.950574192024751,1.9673651456832886,0.0
anchor,0035,recorded_impulsive+stationary_10,recorded_impulsive+stationary,10.0,False,False,3.089137189015725,,cvhi:common_voice_hi_24759346,18.202865600585938,18.871231079101562,0.986271823577496,2.81467866897583,0.02
anchor,0036,recorded_impulsive+stationary_10,recorded_impulsive+stationary,10.0,False,False,1.7134439592409576,,cvhi:common_voice_hi_27005643,13.191909790039062,13.569461822509766,0.9549813516693335,2.4302403926849365,0.46
anchor,0037,recorded_impulsive+stationary_10,recorded_impulsive+stationary,10.0,False,False,-4.931714637450921,,cvhi:common_voice_hi_24758675,15.337213516235352,15.390047073364258,0.955074249467096,2.059354305267334,0.0
anchor,0038,recorded_impulsive+stationary_10,recorded_impulsive+stationary,10.0,True,False,-1.8628814337047537,,cvhi:common_voice_hi_26080949,14.514288902282715,15.0147705078125,0.9287822443036844,2.2147250175476074,0.0
anchor,0039,recorded_impulsive+stationary_10,recorded_impulsive+stationary,10.0,False,False,0.6686728940894611,,ls:150-132655-0019,13.565444946289062,13.848112106323242,0.8394447718175397,2.473325252532959,0.16
anchor,0000,recorded_impulsive+stationary_15,recorded_impulsive+stationary,15.0,False,False,8.221163610296436,,cvhi:common_voice_hi_24427374,18.4000186920166,18.345544815063477,0.901011236765748,2.7333970069885254,0.0
anchor,0001,recorded_impulsive+stationary_15,recorded_impulsive+stationary,15.0,True,False,10.052913290190187,,cvhi:common_voice_hi_24258367,9.519723892211914,10.174976348876953,0.9444997316225596,2.0927910804748535,0.0
anchor,0002,recorded_impulsive+stationary_15,recorded_impulsive+stationary,15.0,False,False,-4.672988023165847,,cvhi:common_voice_hi_27005460,15.34969425201416,15.221395492553711,0.9738735393566718,2.1128506660461426,0.0
anchor,0003,recorded_impulsive+stationary_15,recorded_impulsive+stationary,15.0,False,False,-2.8152209379642934,,ls:1898-145720-0000,18.927776336669922,19.068706512451172,0.9840304073780487,3.1730122566223145,0.0
anchor,0004,recorded_impulsive+stationary_15,recorded_impulsive+stationary,15.0,False,False,9.763278149741852,,cvhi:common_voice_hi_24258345,13.587743759155273,13.434496879577637,0.9687468263971577,2.494258403778076,0.22
anchor,0005,recorded_impulsive+stationary_15,recorded_impulsive+stationary,15.0,False,False,7.450819760817142,,ls:1898-145702-0002,17.15787696838379,17.08680534362793,0.9828065014593382,2.5604565143585205,0.0
anchor,0006,recorded_impulsive+stationary_15,recorded_impulsive+stationary,15.0,False,False,3.872037836664898,,cvhi:common_voice_hi_24562189,19.70602035522461,20.993663787841797,0.9763069628931202,3.173917770385742,0.56
anchor,0007,recorded_impulsive+stationary_15,recorded_impulsive+stationary,15.0,False,False,-3.1961665919152207,,ls:150-132655-0020,18.83449363708496,19.088224411010742,0.968860840838388,3.289283275604248,0.0
anchor,0008,recorded_impulsive+stationary_15,recorded_impulsive+stationary,15.0,False,True,3.5601639549788633,,cvhi:common_voice_hi_23964484,18.564529418945312,18.799484252929688,0.9083072968518032,2.372830867767334,0.0
anchor,0009,recorded_impulsive+stationary_15,recorded_impulsive+stationary,15.0,False,False,5.17107466584493,,cvhi:common_voice_hi_24225720,18.45836639404297,19.186695098876953,0.9661448162631748,3.112031936645508,0.0
anchor,0010,recorded_impulsive+stationary_15,recorded_impulsive+stationary,15.0,False,False,8.460690471260401,,cvhi:common_voice_hi_27035762,16.343399047851562,17.121417999267578,0.9457609896571086,2.518988847732544,1.86
anchor,0011,recorded_impulsive+stationary_15,recorded_impulsive+stationary,15.0,True,False,8.429379566554072,,cvhi:common_voice_hi_24258379,12.43376636505127,12.507272720336914,0.9582909114574631,2.2378947734832764,0.0
anchor,0012,recorded_impulsive+stationary_15,recorded_impulsive+stationary,15.0,False,False,10.935807967426886,,cvhi:common_voice_hi_24782684,15.584482192993164,15.514802932739258,0.8741669859832745,2.109682083129883,0.5
anchor,0013,recorded_impulsive+stationary_15,recorded_impulsive+stationary,15.0,True,False,2.93804094349529,,ls:1898-145715-0030,17.88153839111328,17.878795623779297,0.9865401008615222,3.140976667404175,0.34
anchor,0014,recorded_impulsive+stationary_15,recorded_impulsive+stationary,15.0,False,False,0.23508492373111078,,cvhi:common_voice_hi_27035711,18.704627990722656,18.688806533813477,0.9581661011779974,2.688308000564575,0.0
anchor,0015,recorded_impulsive+stationary_15,recorded_impulsive+stationary,15.0,False,False,10.146402267198312,,ls:150-126112-0005,15.996813774108887,15.907530784606934,0.8333186216043084,2.6218056678771973,0.02
anchor,0016,recorded_impulsive+stationary_15,recorded_impulsive+stationary,15.0,False,False,0.40640303510884745,,cvhi:common_voice_hi_24261961,18.091304779052734,18.2770938873291,0.9489639349222168,2.380002975463867,0.52
anchor,0017,recorded_impulsive+stationary_15,recorded_impulsive+stationary,15.0,True,False,0.7168124496407327,,cvhi:common_voice_hi_24427413,16.652528762817383,16.93290138244629,0.9424690582210595,2.6930630207061768,0.0
anchor,0018,recorded_impulsive+stationary_15,recorded_impulsive+stationary,15.0,True,False,10.383757518165805,,ls:226-131532-0012,15.876167297363281,16.65473747253418,0.9344099410272689,2.9160265922546387,0.0
anchor,0019,recorded_impulsive+stationary_15,recorded_impulsive+stationary,15.0,True,False,11.212629084837431,,cvhi:common_voice_hi_25170221,15.333600997924805,16.392362594604492,0.9454676156849785,2.5160229206085205,0.0
anchor,0020,recorded_impulsive+stationary_15,recorded_impulsive+stationary,15.0,False,False,7.687567472484227,,cvhi:common_voice_hi_23844537,14.691838264465332,14.542062759399414,0.9543036187677645,2.7785937786102295,0.28
anchor,0021,recorded_impulsive+stationary_15,recorded_impulsive+stationary,15.0,False,False,5.867591616779993,,cvhi:common_voice_hi_24226286,17.177989959716797,17.292118072509766,0.9686316325456331,2.095128059387207,0.88
anchor,0022,recorded_impulsive+stationary_15,recorded_impulsive+stationary,15.0,False,False,-3.006512637194832,,cvhi:common_voice_hi_24228510,22.5009822845459,22.981067657470703,0.9856507480341932,3.572999954223633,0.0
anchor,0023,recorded_impulsive+stationary_15,recorded_impulsive+stationary,15.0,False,False,11.84401191697027,,cvhi:common_voice_hi_25154333,14.889374732971191,14.783133506774902,0.8797111946867331,2.297454595565796,0.04
anchor,0024,recorded_impulsive+stationary_15,recorded_impulsive+stationary,15.0,False,False,9.290925213848407,,cvhi:common_voice_hi_27005355,12.849420547485352,12.866744995117188,0.9624425687623496,1.9097899198532104,0.52
anchor,0025,recorded_impulsive+stationary_15,recorded_impulsive+stationary,15.0,False,False,11.280834378084077,,ls:150-132655-0021,17.365558624267578,17.285371780395508,0.9316499119656283,2.9226555824279785,0.0
anchor,0026,recorded_impulsive+stationary_15,recorded_impulsive+stationary,15.0,False,True,0.7258973762086498,,cvhi:common_voice_hi_23844514,16.047666549682617,16.512535095214844,0.95831117600204,2.464071750640869,0.0
anchor,0027,recorded_impulsive+stationary_15,recorded_impulsive+stationary,15.0,False,False,8.811208233724718,,cvhi:common_voice_hi_25154374,16.217281341552734,16.11859130859375,0.8603752024977365,1.7088490724563599,2.0
anchor,0028,recorded_impulsive+stationary_15,recorded_impulsive+stationary,15.0,False,False,8.236258114951013,,ls:1898-145702-0002,16.82126808166504,16.813377380371094,0.9460751462035049,2.746396541595459,0.0
anchor,0029,recorded_impulsive+stationary_15,recorded_impulsive+stationary,15.0,False,False,6.762834952722869,,cvhi:common_voice_hi_27005518,13.993931770324707,14.556676864624023,0.967551567286421,2.672105073928833,0.46
anchor,0030,recorded_impulsive+stationary_15,recorded_impulsive+stationary,15.0,False,False,5.6926653350111565,,cvhi:common_voice_hi_25154306,19.51935386657715,19.679197311401367,0.8666258440392491,1.9766993522644043,0.08
anchor,0031,recorded_impulsive+stationary_15,recorded_impulsive+stationary,15.0,False,False,5.404293721479107,,cvhi:common_voice_hi_24258308,19.31859588623047,19.7969913482666,0.9726949641981255,2.595768451690674,0.0
anchor,0032,recorded_impulsive+stationary_15,recorded_impulsive+stationary,15.0,False,False,4.197999303175708,,cvhi:common_voice_hi_27005545,15.560613632202148,16.185298919677734,0.9767782509379568,2.7529895305633545,0.0
anchor,0033,recorded_impulsive+stationary_15,recorded_impulsive+stationary,15.0,False,False,9.823564766037752,,cvhi:common_voice_hi_26769811,15.563817024230957,15.668920516967773,0.8133715320018978,2.031766414642334,0.38
anchor,0034,recorded_impulsive+stationary_15,recorded_impulsive+stationary,15.0,False,True,6.656254921658039,,cvhi:common_voice_hi_24427482,16.111438751220703,16.7205753326416,0.9247874130771256,3.080667734146118,0.0
anchor,0035,recorded_impulsive+stationary_15,recorded_impulsive+stationary,15.0,False,False,0.9955915706923664,,cvhi:common_voice_hi_27005359,15.966248512268066,16.16693115234375,0.9783901884811668,2.776681900024414,0.0
anchor,0036,recorded_impulsive+stationary_15,recorded_impulsive+stationary,15.0,False,False,11.507430684017315,,cvhi:common_voice_hi_23964483,13.987442016601562,14.579978942871094,0.8271253131265869,2.0419676303863525,0.38
anchor,0037,recorded_impulsive+stationary_15,recorded_impulsive+stationary,15.0,False,False,-3.631872241895948,,ls:150-126107-0035,19.361095428466797,19.340656280517578,0.9225118825071214,3.096607208251953,0.0
anchor,0038,recorded_impulsive+stationary_15,recorded_impulsive+stationary,15.0,True,False,7.513687029972401,,cvhi:common_voice_hi_24562191,14.840303421020508,14.897746086120605,0.9611878787015641,2.6157073974609375,0.08
anchor,0039,recorded_impulsive+stationary_15,recorded_impulsive+stationary,15.0,False,True,3.7308180458649822,,ls:150-126112-0010,18.270309448242188,18.242237091064453,0.7661841156608871,2.5681393146514893,0.0
anchor,0000,recorded_impulsive+stationary_5,recorded_impulsive+stationary,5.0,True,False,10.57807447264571,,cvhi:common_voice_hi_27005285,5.960614204406738,5.307455062866211,0.8192555127155379,1.3955461978912354,0.0
anchor,0001,recorded_impulsive+stationary_5,recorded_impulsive+stationary,5.0,False,True,-3.0455670661165275,,ls:1263-138246-0018,9.47747802734375,9.199836730957031,0.904673962611414,1.8999954462051392,0.16
anchor,0002,recorded_impulsive+stationary_5,recorded_impulsive+stationary,5.0,False,False,11.804773407375801,,cvhi:common_voice_hi_25154336,13.635202407836914,13.61427116394043,0.9106008072521716,2.0385324954986572,0.52
anchor,0003,recorded_impulsive+stationary_5,recorded_impulsive+stationary,5.0,False,False,3.8490944345051066,,cvhi:common_voice_hi_26008605,10.418566703796387,10.01203727722168,0.8656120893743705,1.7357721328735352,0.16
anchor,0004,recorded_impulsive+stationary_5,recorded_impulsive+stationary,5.0,False,False,-3.609058526399968,,ls:1263-138246-0010,9.752983093261719,9.34791088104248,0.9438648663878352,1.855400800704956,0.18
anchor,0005,recorded_impulsive+stationary_5,recorded_impulsive+stationary,5.0,False,False,6.07953525874273,,cvhi:common_voice_hi_24228142,10.577558517456055,10.293265342712402,0.9476131761003437,2.2241945266723633,0.0
anchor,0006,recorded_impulsive+stationary_5,recorded_impulsive+stationary,5.0,False,False,7.459787670138281,,cvhi:common_voice_hi_26008618,12.919970512390137,12.799476623535156,0.7028762461335467,1.7326359748840332,0.0
anchor,0007,recorded_impulsive+stationary_5,recorded_impulsive+stationary,5.0,False,False,-4.341849242454137,,cvhi:common_voice_hi_27005577,10.850157737731934,10.621280670166016,0.936351119316738,1.9557055234909058,0.0
anchor,0008,recorded_impulsive+stationary_5,recorded_impulsive+stationary,5.0,False,True,7.130336591507458,,ls:150-126107-0010,12.363456726074219,12.198482513427734,0.8590593906181432,1.6328129768371582,0.0
anchor,0009,recorded_impulsive+stationary_5,recorded_impulsive+stationary,5.0,False,False,-3.5031731472456618,,cvhi:common_voice_hi_24280937,13.020694732666016,13.190680503845215,0.9225928278582689,2.0954980850219727,0.36
anchor,0010,recorded_impulsive+stationary_5,recorded_impulsive+stationary,5.0,False,False,-2.632491366112652,,cvhi:common_voice_hi_25948430,17.984233856201172,18.006349563598633,0.9746334194083413,2.7329049110412598,0.08
anchor,0011,recorded_impulsive+stationary_5,recorded_impulsive+stationary,5.0,False,False,6.00981551860861,,cvhi:common_voice_hi_27005244,10.93940544128418,10.593982696533203,0.9188099598846609,2.043260335922241,0.1
anchor,0012,recorded_impulsive+stationary_5,recorded_impulsive+stationary,5.0,False,False,0.7788148059853466,,cvhi:common_voice_hi_24427879,12.547426223754883,12.690085411071777,0.8524739404722727,2.2222366333007812,0.0
anchor,0013,recorded_impulsive+stationary_5,recorded_impulsive+stationary,5.0,False,False,-2.07457458781393,,ls:226-131533-0029,11.771903038024902,11.552482604980469,0.836431880793271,2.00907826423645,0.04
anchor,0014,recorded_impulsive+stationary_5,recorded_impulsive+stationary,5.0,False,True,-5.513656947795528,,ls:1898-145720-0017,12.310643196105957,12.377805709838867,0.8797065804314164,2.4950644969940186,0.0
anchor,0015,recorded_impulsive+stationary_5,recorded_impulsive+stationary,5.0,False,False,4.778490246643948,,cvhi:common_voice_hi_24386851,10.90788745880127,10.891695022583008,0.7251398590061451,1.5969202518463135,0.02
anchor,0016,recorded_impulsive+stationary_5,recorded_impulsive+stationary,5.0,False,False,3.852446061849431,,cvhi:common_voice_hi_27005228,21.391820907592773,21.758342742919922,0.9954604981384229,3.6936697959899902,0.42
anchor,0017,recorded_impulsive+stationary_5,recorded_impulsive+stationary,5.0,False,False,4.082017135147506,,cvhi:common_voice_hi_24225485,11.028322219848633,10.673099517822266,0.8347390513670824,1.600655436515808,0.44
anchor,0018,recorded_impulsive+stationary_5,recorded_impulsive+stationary,5.0,False,False,2.418320069622961,,ls:1263-139804-0020,11.213212966918945,10.900897026062012,0.9189506009958542,2.044968843460083,0.0
anchor,0019,recorded_impulsive+stationary_5,recorded_impulsive+stationary,5.0,False,False,-5.176846138778696,,ls:226-131532-0030,16.485702514648438,16.38711929321289,0.9340237603238261,3.3451054096221924,0.0
anchor,0020,recorded_impulsive+stationary_5,recorded_impulsive+stationary,5.0,False,False,-1.2505858161355334,,cvhi:common_voice_hi_27005273,10.727134704589844,10.37702465057373,0.9393601772504633,1.840803861618042,0.0
anchor,0021,recorded_impulsive+stationary_5,recorded_impulsive+stationary,5.0,False,False,-5.798116043705258,,cvhi:common_voice_hi_27005182,12.930086135864258,12.711644172668457,0.9438466931466102,1.7630577087402344,0.0
anchor,0022,recorded_impulsive+stationary_5,recorded_impulsive+stationary,5.0,False,False,-0.44915908705748286,,cvhi:common_voice_hi_24228462,11.139333724975586,10.900577545166016,0.9200346307116781,1.7443962097167969,0.0
anchor,0023,recorded_impulsive+stationary_5,recorded_impulsive+stationary,5.0,True,False,-4.311098216203664,,ls:150-126107-0006,10.617319107055664,11.0398530960083,0.8524511271382885,1.7797905206680298,0.0
anchor,0024,recorded_impulsive+stationary_5,recorded_impulsive+stationary,5.0,False,False,2.866780966049925,,cvhi:common_voice_hi_24228444,12.426275253295898,12.347354888916016,0.9314251130097049,2.203256368637085,0.28
anchor,0025,recorded_impulsive+stationary_5,recorded_impulsive+stationary,5.0,False,False,-4.836377046374713,,ls:1263-141777-0038,12.872029304504395,12.651763916015625,0.9440029858800647,2.181288719177246,0.22
anchor,0026,recorded_impulsive+stationary_5,recorded_impulsive+stationary,5.0,False,False,2.353729151488851,,cvhi:common_voice_hi_27005655,9.417234420776367,8.998769760131836,0.8750802629881305,1.8029637336730957,0.28
anchor,0027,recorded_impulsive+stationary_5,recorded_impulsive+stationary,5.0,False,False,3.7497998855520702,,cvhi:common_voice_hi_24228394,10.040630340576172,9.725668907165527,0.9377779451539837,1.542658805847168,0.0
anchor,0028,recorded_impulsive+stationary_5,recorded_impulsive+stationary,5.0,False,False,-3.4629987981004304,,cvhi:common_voice_hi_26687140,20.219554901123047,23.58049774169922,0.9945961975127249,3.9240052700042725,0.0
anchor,0029,recorded_impulsive+stationary_5,recorded_impulsive+stationary,5.0,False,False,3.489209750210728,,cvhi:common_voice_hi_24228176,11.435750961303711,11.15899658203125,0.9026301876698591,1.8705778121948242,0.0
anchor,0030,recorded_impulsive+stationary_5,recorded_impulsive+stationary,5.0,False,False,10.70295882407499,,cvhi:common_voice_hi_24258395,10.063394546508789,9.896347045898438,0.9052343673559047,1.7855966091156006,0.0
anchor,0031,recorded_impulsive+stationary_5,recorded_impulsive+stationary,5.0,False,False,3.66494180123013,,cvhi:common_voice_hi_26008936,10.932256698608398,10.67901611328125,0.9239290133538783,2.2150650024414062,0.18
anchor,0032,recorded_impulsive+stationary_5,recorded_impulsive+stationary,5.0,False,False,-3.4795561671228414,,ls:1263-138246-0033,12.975340843200684,13.063636779785156,0.862441248027015,2.04514741897583,0.38
anchor,0033,recorded_impulsive+stationary_5,recorded_impulsive+stationary,5.0,False,False,-2.6272155345617634,,cvhi:common_voice_hi_24280968,10.530378341674805,10.131834983825684,0.9388672957345512,1.922170639038086,0.0
anchor,0034,recorded_impulsive+stationary_5,recorded_impulsive+stationary,5.0,False,False,4.468439512713083,,cvhi:common_voice_hi_25154445,18.197063446044922,18.6204776763916,0.9092232592479607,2.3197708129882812,0.0
anchor,0035,recorded_impulsive+stationary_5,recorded_impulsive+stationary,5.0,False,False,11.937180057972114,,cvhi:common_voice_hi_24510974,11.61069107055664,11.303763389587402,0.7568535876335254,1.4633477926254272,0.0
anchor,0036,recorded_impulsive+stationary_5,recorded_impulsive+stationary,5.0,False,False,1.089132897413223,,ls:1263-141777-0010,13.357611656188965,13.833242416381836,0.9429482466009715,2.3923094272613525,0.0
anchor,0037,recorded_impulsive+stationary_5,recorded_impulsive+stationary,5.0,False,False,7.01915923327579,,cvhi:common_voice_hi_26007747,9.657905578613281,9.623984336853027,0.946985275720738,2.0203685760498047,0.0
anchor,0038,recorded_impulsive+stationary_5,recorded_impulsive+stationary,5.0,False,False,-3.71305104722095,,cvhi:common_voice_hi_24782713,12.832194328308105,13.14914321899414,0.8536642755784695,1.5751230716705322,0.28
anchor,0039,recorded_impulsive+stationary_5,recorded_impulsive+stationary,5.0,False,False,2.6070184108507615,,cvhi:common_voice_hi_27005433,12.124543190002441,11.863897323608398,0.9591231260023023,1.826988935470581,0.0
anchor,0000,recorded_impulsive_-10,recorded_impulsive,-10.0,False,False,5.59403824567063,,cvhi:common_voice_hi_25170238,21.986913681030273,22.071542739868164,0.9442891559251959,3.1829357147216797,1.66
anchor,0001,recorded_impulsive_-10,recorded_impulsive,-10.0,False,False,-1.0988526044587683,,ls:226-131533-0035,8.056333541870117,7.379207134246826,0.8782167290248355,2.0988576412200928,0.0
anchor,0002,recorded_impulsive_-10,recorded_impulsive,-10.0,False,False,7.494184765231138,,cvhi:common_voice_hi_25154367,11.26439094543457,10.936589241027832,0.8383551847418672,1.2917536497116089,0.42
anchor,0003,recorded_impulsive_-10,recorded_impulsive,-10.0,False,False,3.6970310399340622,,cvhi:common_voice_hi_27248542,9.189553260803223,8.659760475158691,0.8530577145967116,1.769944429397583,0.0
anchor,0004,recorded_impulsive_-10,recorded_impulsive,-10.0,False,False,4.472364652848256,,ls:1898-145702-0007,10.435237884521484,10.149093627929688,0.9037788545021093,2.176711320877075,0.0
anchor,0005,recorded_impulsive_-10,recorded_impulsive,-10.0,False,False,5.501434014360628,,ls:226-131532-0001,13.939410209655762,14.324996948242188,0.8999479530416267,3.0599424839019775,0.0
anchor,0006,recorded_impulsive_-10,recorded_impulsive,-10.0,True,False,3.3086809654044007,,cvhi:common_voice_hi_25473108,12.555808067321777,12.319265365600586,0.9153583705774384,2.7131762504577637,0.0
anchor,0007,recorded_impulsive_-10,recorded_impulsive,-10.0,False,False,-0.8944548242405528,,ls:226-131532-0025,9.007765769958496,8.4273042678833,0.7316325835618421,1.7914174795150757,0.0
anchor,0008,recorded_impulsive_-10,recorded_impulsive,-10.0,False,False,7.51962620467725,,cvhi:common_voice_hi_24228423,10.671468734741211,10.283105850219727,0.9416774651948551,1.5031819343566895,0.0
anchor,0009,recorded_impulsive_-10,recorded_impulsive,-10.0,False,False,11.901904546304507,,ls:1263-141777-0003,7.0716166496276855,6.795289993286133,0.8705095021468001,1.5741097927093506,0.0
anchor,0010,recorded_impulsive_-10,recorded_impulsive,-10.0,False,False,2.6452608222021787,,ls:150-132655-0002,9.526208877563477,9.168902397155762,0.8660946086477433,1.6388626098632812,0.0
anchor,0011,recorded_impulsive_-10,recorded_impulsive,-10.0,False,False,2.4918288056390363,,cvhi:common_voice_hi_25286454,5.943009376525879,4.667449474334717,0.8016573799022984,1.319126844406128,0.0
anchor,0012,recorded_impulsive_-10,recorded_impulsive,-10.0,False,False,6.8786944274966295,,cvhi:common_voice_hi_24228173,12.3130521774292,12.508382797241211,0.9645210357731822,2.925671339035034,0.08
anchor,0013,recorded_impulsive_-10,recorded_impulsive,-10.0,False,True,-1.95816376298459,,cvhi:common_voice_hi_27005613,4.190769672393799,2.130537509918213,0.7614408833231178,1.1875258684158325,0.0
anchor,0014,recorded_impulsive_-10,recorded_impulsive,-10.0,False,False,2.480313801215072,,cvhi:common_voice_hi_24427414,12.507237434387207,12.271234512329102,0.7627128744622548,2.0703768730163574,0.0
anchor,0015,recorded_impulsive_-10,recorded_impulsive,-10.0,False,False,5.749727367600727,,cvhi:common_voice_hi_26007796,7.126498222351074,6.236881256103516,0.8190299420166958,1.24705171585083,0.0
anchor,0016,recorded_impulsive_-10,recorded_impulsive,-10.0,False,False,-2.4687307472544058,,cvhi:common_voice_hi_24510972,2.380484104156494,-1.2965136766433716,0.6672730725598152,1.280604362487793,0.0
anchor,0017,recorded_impulsive_-10,recorded_impulsive,-10.0,False,False,4.190906101980817,,cvhi:common_voice_hi_24759462,10.071921348571777,9.626108169555664,0.8456342281331317,1.5238280296325684,0.0
anchor,0018,recorded_impulsive_-10,recorded_impulsive,-10.0,False,False,11.15687512119414,,cvhi:common_voice_hi_24228511,8.633720397949219,8.48745059967041,0.8858815543392207,1.6046409606933594,0.16
anchor,0019,recorded_impulsive_-10,recorded_impulsive,-10.0,False,False,3.905005845117538,,cvhi:common_voice_hi_27005420,9.246545791625977,8.70115852355957,0.8768510221179882,1.641664981842041,0.0
anchor,0020,recorded_impulsive_-10,recorded_impulsive,-10.0,False,False,8.158583690841448,,cvhi:common_voice_hi_26008618,6.505566596984863,5.436989784240723,0.6725710283711369,1.2689533233642578,0.0
anchor,0021,recorded_impulsive_-10,recorded_impulsive,-10.0,False,False,-2.980719633087154,,cvhi:common_voice_hi_24226415,-1.8445653915405273,-3.243379831314087,0.887607643384265,1.287926197052002,0.0
anchor,0022,recorded_impulsive_-10,recorded_impulsive,-10.0,True,False,-1.8319183624278645,,cvhi:common_voice_hi_24280948,6.278457164764404,5.138328552246094,0.8488217340786776,1.325303077697754,0.58
anchor,0023,recorded_impulsive_-10,recorded_impulsive,-10.0,False,False,3.794419239955813,,ls:1898-145724-0018,2.488542079925537,0.7252410054206848,0.5773452792659991,1.2587366104125977,0.22
anchor,0024,recorded_impulsive_-10,recorded_impulsive,-10.0,False,False,1.6454505404983166,,cvhi:common_voice_hi_24280966,5.140535831451416,3.5555224418640137,0.7618312245258224,1.289459228515625,0.0
anchor,0025,recorded_impulsive_-10,recorded_impulsive,-10.0,False,False,-5.716536190196405,,cvhi:common_voice_hi_26007760,12.118643760681152,12.16856861114502,0.9333572891453356,1.9843894243240356,0.0
anchor,0026,recorded_impulsive_-10,recorded_impulsive,-10.0,False,False,11.539909496463327,,cvhi:common_voice_hi_27005230,7.046024322509766,6.104182720184326,0.8835615456300707,1.9136841297149658,0.34
anchor,0027,recorded_impulsive_-10,recorded_impulsive,-10.0,False,False,5.869961358690597,,cvhi:common_voice_hi_24759305,10.836994171142578,10.471174240112305,0.9276877310944541,2.0479471683502197,0.0
anchor,0028,recorded_impulsive_-10,recorded_impulsive,-10.0,False,False,-0.5996815356037315,,ls:150-126107-0011,8.054659843444824,7.321704864501953,0.8986232436149607,2.4357190132141113,0.18
anchor,0029,recorded_impulsive_-10,recorded_impulsive,-10.0,False,False,-0.9467302899572303,,ls:1263-141777-0033,12.988568305969238,12.797248840332031,0.985947800967179,2.5099122524261475,0.0
anchor,0030,recorded_impulsive_-10,recorded_impulsive,-10.0,False,False,10.770650311523774,,cvhi:common_voice_hi_24228398,10.473569869995117,10.173257827758789,0.8544321419495314,1.5159790515899658,1.68
anchor,0031,recorded_impulsive_-10,recorded_impulsive,-10.0,True,False,8.183329641750369,,cvhi:common_voice_hi_27005229,3.7885067462921143,1.4383138418197632,0.6031402260991281,1.1244590282440186,1.38
anchor,0032,recorded_impulsive_-10,recorded_impulsive,-10.0,False,True,11.552977245680292,,cvhi:common_voice_hi_24258311,7.301718711853027,6.407253742218018,0.882144351924357,1.3926005363464355,0.28
anchor,0033,recorded_impulsive_-10,recorded_impulsive,-10.0,False,False,2.9900164492208443,,ls:1898-145715-0019,8.737107276916504,8.217463493347168,0.832452928059363,1.156483769416809,0.0
anchor,0034,recorded_impulsive_-10,recorded_impulsive,-10.0,False,False,-1.06803677081035,,cvhi:common_voice_hi_24386433,11.422945022583008,11.16107177734375,0.8554575052968386,1.9365772008895874,0.34
anchor,0035,recorded_impulsive_-10,recorded_impulsive,-10.0,False,False,0.937260242776734,,cvhi:common_voice_hi_25154370,10.035138130187988,9.783695220947266,0.7341346587182349,1.5023138523101807,0.0
anchor,0036,recorded_impulsive_-10,recorded_impulsive,-10.0,False,False,0.15698281303924944,,cvhi:common_voice_hi_27005248,10.10209846496582,10.701523780822754,0.8954165854766222,1.7026479244232178,0.0
anchor,0037,recorded_impulsive_-10,recorded_impulsive,-10.0,False,False,9.332792673763397,,cvhi:common_voice_hi_24386306,17.702116012573242,18.049530029296875,0.9869657315547363,2.186812162399292,0.0
anchor,0038,recorded_impulsive_-10,recorded_impulsive,-10.0,False,False,6.458814260211355,,cvhi:common_voice_hi_24386285,15.080039978027344,14.947914123535156,0.946330670333332,2.562145948410034,0.0
anchor,0039,recorded_impulsive_-10,recorded_impulsive,-10.0,False,False,1.613934688253404,,cvhi:common_voice_hi_27005428,5.254125118255615,4.014161586761475,0.7688657155477681,1.1155457496643066,0.72
anchor,0000,recorded_impulsive_-5,recorded_impulsive,-5.0,False,False,-2.8502372473741913,,cvhi:common_voice_hi_25982647,14.651360511779785,14.51239013671875,0.9553999993057744,2.12044095993042,0.3
anchor,0001,recorded_impulsive_-5,recorded_impulsive,-5.0,False,False,6.203289531492768,,cvhi:common_voice_hi_25154361,9.235587120056152,8.693310737609863,0.7375945304923677,1.3410890102386475,0.0
anchor,0002,recorded_impulsive_-5,recorded_impulsive,-5.0,False,False,2.006790961166633,,cvhi:common_voice_hi_26007862,13.625362396240234,13.744507789611816,0.9406515003968294,1.7923970222473145,0.0
anchor,0003,recorded_impulsive_-5,recorded_impulsive,-5.0,False,False,-5.815581975195347,,cvhi:common_voice_hi_27005391,7.272940635681152,6.372641563415527,0.8384952408411555,1.1994048357009888,0.0
anchor,0004,recorded_impulsive_-5,recorded_impulsive,-5.0,False,False,-3.45106452578833,,cvhi:common_voice_hi_24280948,6.764886379241943,5.813880443572998,0.8999290523377098,1.5349993705749512,0.0
anchor,0005,recorded_impulsive_-5,recorded_impulsive,-5.0,False,False,-2.709463837687795,,cvhi:common_voice_hi_24427331,7.71904993057251,6.940704345703125,0.7311227195591652,1.4565378427505493,0.0
anchor,0006,recorded_impulsive_-5,recorded_impulsive,-5.0,False,False,0.2320071371486998,,cvhi:common_voice_hi_27005460,15.770881652832031,15.743535995483398,0.989301629802986,2.1269772052764893,0.04
anchor,0007,recorded_impulsive_-5,recorded_impulsive,-5.0,False,False,0.9899494624314276,,cvhi:common_voice_hi_26687131,10.902326583862305,10.591936111450195,0.9103032309715339,1.8004143238067627,0.16
anchor,0008,recorded_impulsive_-5,recorded_impulsive,-5.0,False,False,7.12127961986835,,cvhi:common_voice_hi_24386376,14.338292121887207,14.553128242492676,0.9141598451210036,2.109126091003418,0.2
anchor,0009,recorded_impulsive_-5,recorded_impulsive,-5.0,False,False,-2.7409158609322777,,cvhi:common_voice_hi_27005572,17.608501434326172,17.542020797729492,0.9662411893841746,2.2027173042297363,0.32
anchor,0010,recorded_impulsive_-5,recorded_impulsive,-5.0,False,False,-3.9101284100323586,,cvhi:common_voice_hi_24758743,11.163736343383789,10.830584526062012,0.9207736065412258,1.8503402471542358,0.12
anchor,0011,recorded_impulsive_-5,recorded_impulsive,-5.0,False,False,9.100910309892628,,ls:1263-141777-0024,11.076871871948242,10.724177360534668,0.9344187464141887,2.2060790061950684,0.1
anchor,0012,recorded_impulsive_-5,recorded_impulsive,-5.0,False,False,-0.8092189735838611,,cvhi:common_voice_hi_24226282,7.752476692199707,6.9670796394348145,0.9232587555813743,1.3913700580596924,0.3
anchor,0013,recorded_impulsive_-5,recorded_impulsive,-5.0,False,False,2.408210026122198,,cvhi:common_voice_hi_24427322,5.99275016784668,4.7551984786987305,0.8019739641451277,1.510188341140747,0.0
anchor,0014,recorded_impulsive_-5,recorded_impulsive,-5.0,False,False,-2.365855740559089,,ls:226-122538-0000,10.587165832519531,10.198392868041992,0.9309574623401966,1.9707989692687988,0.0
anchor,0015,recorded_impulsive_-5,recorded_impulsive,-5.0,True,False,1.763849829960277,,cvhi:common_voice_hi_24759286,8.15472412109375,8.332321166992188,0.907277133764356,1.731364130973816,0.2
anchor,0016,recorded_impulsive_-5,recorded_impulsive,-5.0,True,False,6.450235079181391,,cvhi:common_voice_hi_26007626,10.07265853881836,9.75900650024414,0.8730320981911035,1.9572365283966064,0.04
anchor,0017,recorded_impulsive_-5,recorded_impulsive,-5.0,False,False,-0.903214034979424,,cvhi:common_voice_hi_27005350,9.783859252929688,9.639474868774414,0.950960764746865,2.2802140712738037,0.0
anchor,0018,recorded_impulsive_-5,recorded_impulsive,-5.0,False,False,1.2747650742796592,,cvhi:common_voice_hi_24782711,4.109898090362549,2.8775832653045654,0.5075688999173277,1.2632920742034912,0.0
anchor,0019,recorded_impulsive_-5,recorded_impulsive,-5.0,False,False,6.978272125691882,,cvhi:common_voice_hi_27005506,9.176336288452148,8.666997909545898,0.9295319559763535,1.6064226627349854,0.0
anchor,0020,recorded_impulsive_-5,recorded_impulsive,-5.0,True,False,-4.0135060045899085,,cvhi:common_voice_hi_24510963,14.774765014648438,14.655218124389648,0.8152803311138364,1.912892460823059,0.0
anchor,0021,recorded_impulsive_-5,recorded_impulsive,-5.0,False,False,3.0665256837681643,,ls:226-131532-0007,10.67184066772461,10.317025184631348,0.9269268644539868,2.5526111125946045,0.4
anchor,0022,recorded_impulsive_-5,recorded_impulsive,-5.0,False,True,-5.8866910120749445,,cvhi:common_voice_hi_26959697,9.432537078857422,9.805258750915527,0.986077078362971,1.777853012084961,0.2
anchor,0023,recorded_impulsive_-5,recorded_impulsive,-5.0,False,False,2.0951611727581714,,cvhi:common_voice_hi_25322997,9.644743919372559,9.336753845214844,0.8595118474678938,1.6012392044067383,0.64
anchor,0024,recorded_impulsive_-5,recorded_impulsive,-5.0,False,False,9.363682689805838,,ls:226-131533-0006,8.20893669128418,7.5167951583862305,0.7151762823389015,1.504526138305664,0.0
anchor,0025,recorded_impulsive_-5,recorded_impulsive,-5.0,False,False,3.393081700309617,,cvhi:common_voice_hi_27005604,14.653085708618164,14.504064559936523,0.9735155751054783,2.460278272628784,0.0
anchor,0026,recorded_impulsive_-5,recorded_impulsive,-5.0,False,False,7.6705400569632385,,cvhi:common_voice_hi_27005350,11.721325874328613,11.60833740234375,0.9380886515990889,1.6210944652557373,0.12
anchor,0027,recorded_impulsive_-5,recorded_impulsive,-5.0,False,False,10.008759201191229,,ls:226-122538-0024,7.970764636993408,7.220605850219727,0.8643390916303297,1.3915866613388062,0.06
anchor,0028,recorded_impulsive_-5,recorded_impulsive,-5.0,False,False,-3.7672862944784598,,cvhi:common_voice_hi_24759342,10.395395278930664,10.001501083374023,0.9076599421670094,1.855332374572754,0.56
anchor,0029,recorded_impulsive_-5,recorded_impulsive,-5.0,False,False,3.299880223457798,,cvhi:common_voice_hi_24228203,18.108213424682617,18.06341552734375,0.9377092506650142,2.521444797515869,0.06
anchor,0030,recorded_impulsive_-5,recorded_impulsive,-5.0,False,False,3.9686939616730523,,cvhi:common_voice_hi_25473136,8.996931076049805,8.415202140808105,0.8673478032600166,1.7163348197937012,0.0
anchor,0031,recorded_impulsive_-5,recorded_impulsive,-5.0,False,False,5.904183502725189,,cvhi:common_voice_hi_24280949,14.466142654418945,14.609966278076172,0.9779696083966083,2.8031203746795654,0.0
anchor,0032,recorded_impulsive_-5,recorded_impulsive,-5.0,False,False,11.457279061684712,,cvhi:common_voice_hi_24386851,8.765176773071289,8.93498706817627,0.8097666175596998,1.6101677417755127,0.12
anchor,0033,recorded_impulsive_-5,recorded_impulsive,-5.0,False,False,8.336141092652499,,cvhi:common_voice_hi_27005244,6.299192905426025,5.142070770263672,0.8363708556105403,1.5916929244995117,0.0
anchor,0034,recorded_impulsive_-5,recorded_impulsive,-5.0,False,False,-2.991457079837151,,cvhi:common_voice_hi_25170238,12.745689392089844,13.206515312194824,0.7862559677008427,1.6063232421875,0.04
anchor,0035,recorded_impulsive_-5,recorded_impulsive,-5.0,False,False,-3.0458486536193465,,cvhi:common_voice_hi_24427336,14.173731803894043,14.113716125488281,0.8902978768010866,2.5291924476623535,0.0
anchor,0036,recorded_impulsive_-5,recorded_impulsive,-5.0,False,False,5.519030815821562,,cvhi:common_voice_hi_24226282,7.3608903884887695,6.6071085929870605,0.8713614527668553,1.4202289581298828,0.0
anchor,0037,recorded_impulsive_-5,recorded_impulsive,-5.0,True,False,11.369279052781689,,cvhi:common_voice_hi_24759396,6.017841339111328,5.1787638664245605,0.7484912753561866,1.2060269117355347,0.0
anchor,0038,recorded_impulsive_-5,recorded_impulsive,-5.0,False,False,-5.197262040461191,,cvhi:common_voice_hi_25170248,15.420354843139648,16.026094436645508,0.8555845330601054,2.447216033935547,0.0
anchor,0039,recorded_impulsive_-5,recorded_impulsive,-5.0,False,False,5.439618391576001,,cvhi:common_voice_hi_24782711,13.026079177856445,13.04210090637207,0.7217594289303965,1.4604536294937134,0.0
anchor,0000,recorded_impulsive_0,recorded_impulsive,0.0,False,False,0.6395732765201174,,cvhi:common_voice_hi_24258391,11.54439926147461,11.486817359924316,0.8237326077163244,1.7053929567337036,0.0
anchor,0001,recorded_impulsive_0,recorded_impulsive,0.0,False,False,-5.031612779190061,,cvhi:common_voice_hi_24225448,13.303723335266113,13.303431510925293,0.9189385372181625,1.8085920810699463,0.0
anchor,0002,recorded_impulsive_0,recorded_impulsive,0.0,True,False,3.2893634127776323,,cvhi:common_voice_hi_27248546,11.334309577941895,11.002558708190918,0.8582992938969832,1.9660143852233887,0.0
anchor,0003,recorded_impulsive_0,recorded_impulsive,0.0,False,False,-1.9616061860950387,,cvhi:common_voice_hi_24782645,12.542282104492188,12.296712875366211,0.8630559663963099,1.6117033958435059,0.4
anchor,0004,recorded_impulsive_0,recorded_impulsive,0.0,False,False,9.126660598877923,,ls:150-132655-0035,11.407876014709473,11.126790046691895,0.9408175100987741,2.1405670642852783,0.0
anchor,0005,recorded_impulsive_0,recorded_impulsive,0.0,False,False,3.004696961089282,,ls:150-132655-0009,10.705065727233887,10.483207702636719,0.9228449757894841,2.005582571029663,0.0
anchor,0006,recorded_impulsive_0,recorded_impulsive,0.0,False,True,6.690369820181859,,cvhi:common_voice_hi_27005462,7.868363380432129,7.122754096984863,0.8598148994766879,1.248687982559204,0.0
anchor,0007,recorded_impulsive_0,recorded_impulsive,0.0,False,False,11.227153637244491,,cvhi:common_voice_hi_24510935,8.131531715393066,7.876522064208984,0.7975068616330326,1.844836711883545,0.08
anchor,0008,recorded_impulsive_0,recorded_impulsive,0.0,False,False,9.777456350270086,,cvhi:common_voice_hi_24759578,11.343318939208984,11.3114013671875,0.9233608581052379,1.9023364782333374,1.98
anchor,0009,recorded_impulsive_0,recorded_impulsive,0.0,False,False,9.881606787841024,,cvhi:common_voice_hi_24759375,11.506895065307617,11.396692276000977,0.8954326269509608,2.0108203887939453,inf
anchor,0010,recorded_impulsive_0,recorded_impulsive,0.0,True,False,1.3702753779345906,,cvhi:common_voice_hi_26687130,7.86271858215332,7.0899505615234375,0.8625060058991478,1.6951618194580078,0.0
anchor,0011,recorded_impulsive_0,recorded_impulsive,0.0,False,False,-3.392233592393631,,cvhi:common_voice_hi_24386504,11.654295921325684,11.553715705871582,0.9231315642619243,2.213212728500366,0.04
anchor,0012,recorded_impulsive_0,recorded_impulsive,0.0,False,False,3.2236178706499263,,cvhi:common_voice_hi_24759486,13.616031646728516,13.42908000946045,0.9551147156281786,2.45459246635437,0.0
anchor,0013,recorded_impulsive_0,recorded_impulsive,0.0,False,False,-4.37554822555365,,cvhi:common_voice_hi_24510953,14.350549697875977,14.398918151855469,0.92835480760943,2.3340790271759033,0.16
anchor,0014,recorded_impulsive_0,recorded_impulsive,0.0,False,False,-3.221482714220839,,cvhi:common_voice_hi_26007643,17.588544845581055,18.016998291015625,0.9846837112222614,3.1200931072235107,0.0
anchor,0015,recorded_impulsive_0,recorded_impulsive,0.0,False,False,-2.8493840640318044,,ls:150-126112-0017,10.892926216125488,11.266000747680664,0.8408299132837573,1.7977502346038818,0.0
anchor,0016,recorded_impulsive_0,recorded_impulsive,0.0,True,False,2.953222728601558,,cvhi:common_voice_hi_26008574,11.53247356414795,11.271954536437988,0.8918802723543106,2.1909565925598145,0.28
anchor,0017,recorded_impulsive_0,recorded_impulsive,0.0,False,False,9.043465306142059,,ls:1898-145715-0027,12.028619766235352,11.752059936523438,0.8873479640825633,2.3473572731018066,0.14
anchor,0018,recorded_impulsive_0,recorded_impulsive,0.0,False,False,-5.647976860770622,,ls:1898-145724-0025,12.357787132263184,13.67286491394043,0.9177430332503888,2.194288969039917,0.0
anchor,0019,recorded_impulsive_0,recorded_impulsive,0.0,False,False,-2.3536076375911,,cvhi:common_voice_hi_24758732,8.803518295288086,8.384489059448242,0.9228630490162313,1.530876636505127,0.0
anchor,0020,recorded_impulsive_0,recorded_impulsive,0.0,False,False,-2.6339431124245865,,cvhi:common_voice_hi_27005570,9.832650184631348,9.433076858520508,0.9211649833488635,1.6567240953445435,0.0
anchor,0021,recorded_impulsive_0,recorded_impulsive,0.0,False,False,3.3607554641203397,,cvhi:common_voice_hi_25154393,14.618626594543457,15.114843368530273,0.8531564155708415,1.7406094074249268,0.0
anchor,0022,recorded_impulsive_0,recorded_impulsive,0.0,False,False,-0.5221488633020073,,cvhi:common_voice_hi_27005479,9.235755920410156,8.691534996032715,0.8887818070281497,1.2133076190948486,0.0
anchor,0023,recorded_impulsive_0,recorded_impulsive,0.0,False,False,2.4352508980311125,,cvhi:common_voice_hi_27005230,10.593915939331055,10.211864471435547,0.9295374586196277,2.113391160964966,0.1
anchor,0024,recorded_impulsive_0,recorded_impulsive,0.0,False,False,0.8838808686609152,,cvhi:common_voice_hi_26967359,17.839534759521484,17.768388748168945,0.9676894985813868,2.45701265335083,0.16
anchor,0025,recorded_impulsive_0,recorded_impulsive,0.0,False,False,4.278156528056105,,cvhi:common_voice_hi_24280931,8.85146713256836,8.289287567138672,0.955985876030121,2.021838426589966,0.0
anchor,0026,recorded_impulsive_0,recorded_impulsive,0.0,False,False,1.5147441655693132,,cvhi:common_voice_hi_23964484,13.497217178344727,13.406790733337402,0.9031404162532914,1.9328103065490723,0.0
anchor,0027,recorded_impulsive_0,recorded_impulsive,0.0,False,False,2.392645666027052,,cvhi:common_voice_hi_26967688,11.815149307250977,12.298954963684082,0.9122633973853769,2.013563394546509,0.0
anchor,0028,recorded_impulsive_0,recorded_impulsive,0.0,False,False,4.771127163013938,,cvhi:common_voice_hi_26968244,18.70058250427246,18.66433334350586,0.965993881308742,2.4667060375213623,0.0
anchor,0029,recorded_impulsive_0,recorded_impulsive,0.0,False,False,0.7750504638370028,,cvhi:common_voice_hi_24386653,11.58387565612793,12.322335243225098,0.9025856742429823,1.9245269298553467,0.0
anchor,0030,recorded_impulsive_0,recorded_impulsive,0.0,False,False,5.028789228961006,,cvhi:common_voice_hi_26008914,16.753395080566406,17.11702537536621,0.9578480968709527,2.028071641921997,0.52
anchor,0031,recorded_impulsive_0,recorded_impulsive,0.0,False,False,9.591597119681897,,cvhi:common_voice_hi_27005482,15.452256202697754,15.699463844299316,0.970640232330554,2.36938214302063,0.0
anchor,0032,recorded_impulsive_0,recorded_impulsive,0.0,True,False,11.109649132571075,,ls:1898-145724-0029,12.19450855255127,11.924315452575684,0.8820911535463062,1.9606518745422363,0.1
anchor,0033,recorded_impulsive_0,recorded_impulsive,0.0,False,False,6.05000704877051,,cvhi:common_voice_hi_24386246,11.170926094055176,10.919549942016602,0.9274755954523012,2.1235499382019043,0.0
anchor,0034,recorded_impulsive_0,recorded_impulsive,0.0,True,False,5.187672412716545,,cvhi:common_voice_hi_24427818,14.81763744354248,14.67203140258789,0.8622235551830276,2.1170854568481445,0.12
anchor,0035,recorded_impulsive_0,recorded_impulsive,0.0,False,False,7.633033030194092,,ls:226-131533-0034,10.274720191955566,9.889899253845215,0.9095690892461552,2.01430082321167,0.0
anchor,0036,recorded_impulsive_0,recorded_impulsive,0.0,False,False,-3.0270393360507386,,ls:1263-141777-0013,12.589069366455078,12.361897468566895,0.9340954620591753,2.363119125366211,0.0
anchor,0037,recorded_impulsive_0,recorded_impulsive,0.0,False,False,4.535027558245385,,cvhi:common_voice_hi_23964472,11.644683837890625,11.392942428588867,0.8156716308993018,1.6933892965316772,0.16
anchor,0038,recorded_impulsive_0,recorded_impulsive,0.0,False,False,10.26859951230827,,cvhi:common_voice_hi_24759432,9.514022827148438,9.000993728637695,0.8533241283900278,1.4969568252563477,inf
anchor,0039,recorded_impulsive_0,recorded_impulsive,0.0,False,False,7.939613263608766,,cvhi:common_voice_hi_25154423,8.8616361618042,8.352185249328613,0.8822959729568394,1.642413854598999,0.2
anchor,0000,recorded_impulsive_10,recorded_impulsive,10.0,True,False,-4.492078973071773,,cvhi:common_voice_hi_26007863,14.356687545776367,14.584461212158203,0.9722259892198104,2.7965900897979736,0.14
anchor,0001,recorded_impulsive_10,recorded_impulsive,10.0,False,False,-1.9982029592347512,,cvhi:common_voice_hi_24759375,23.72311782836914,26.279104232788086,0.9983204565499654,3.499326467514038,0.08
anchor,0002,recorded_impulsive_10,recorded_impulsive,10.0,False,False,6.150071959526043,,cvhi:common_voice_hi_25948426,16.54983901977539,16.60470199584961,0.9661783483667846,2.5142879486083984,0.0
anchor,0003,recorded_impulsive_10,recorded_impulsive,10.0,False,False,4.024298477222995,,cvhi:common_voice_hi_24386151,14.25035285949707,14.359694480895996,0.9655153479195551,2.4406301975250244,0.42
anchor,0004,recorded_impulsive_10,recorded_impulsive,10.0,False,False,3.103558445007792,,cvhi:common_voice_hi_25004048,21.257205963134766,23.270475387573242,0.9880457303471201,3.2212085723876953,0.5
anchor,0005,recorded_impulsive_10,recorded_impulsive,10.0,False,False,11.855404016303808,,cvhi:common_voice_hi_24258323,19.3836727142334,19.847759246826172,0.9876490845999133,2.706479549407959,0.08
anchor,0006,recorded_impulsive_10,recorded_impulsive,10.0,False,False,2.232062195678619,,cvhi:common_voice_hi_26687133,20.658782958984375,22.27154541015625,0.9917084945901983,3.1857810020446777,0.14
anchor,0007,recorded_impulsive_10,recorded_impulsive,10.0,False,False,7.889515053789356,,cvhi:common_voice_hi_24938892,20.95930290222168,23.581829071044922,0.9995604942037101,2.897850275039673,2.28
anchor,0008,recorded_impulsive_10,recorded_impulsive,10.0,False,False,10.568552522964037,,cvhi:common_voice_hi_27005427,11.632526397705078,11.730485916137695,0.9530209979755321,2.33111310005188,0.0
anchor,0009,recorded_impulsive_10,recorded_impulsive,10.0,False,False,-3.0609919827580403,,cvhi:common_voice_hi_27005228,15.312633514404297,15.186952590942383,0.9410224340128188,2.2070977687835693,0.0
anchor,0010,recorded_impulsive_10,recorded_impulsive,10.0,False,False,-1.3683510738554912,,cvhi:common_voice_hi_24228288,17.032407760620117,17.185195922851562,0.9103606373196851,2.1115527153015137,0.0
anchor,0011,recorded_impulsive_10,recorded_impulsive,10.0,False,False,8.942107009045543,,cvhi:common_voice_hi_24759434,15.151241302490234,15.123969078063965,0.9734139773694038,2.3432424068450928,0.0
anchor,0012,recorded_impulsive_10,recorded_impulsive,10.0,False,False,7.916045071980257,,cvhi:common_voice_hi_26254104,14.983728408813477,15.18958568572998,0.960664720173543,2.695756435394287,0.0
anchor,0013,recorded_impulsive_10,recorded_impulsive,10.0,True,False,7.096054549930308,,ls:1898-145715-0001,15.694289207458496,15.740644454956055,0.9305895877114866,2.7944953441619873,0.0
anchor,0014,recorded_impulsive_10,recorded_impulsive,10.0,False,False,-1.4611504393419423,,ls:1263-141777-0024,15.616917610168457,15.687731742858887,0.9655168616823425,2.673072576522827,0.0
anchor,0015,recorded_impulsive_10,recorded_impulsive,10.0,False,False,-0.2223817900219638,,ls:150-132655-0005,15.724987983703613,15.816944122314453,0.9502333121678191,2.367382049560547,0.14
anchor,0016,recorded_impulsive_10,recorded_impulsive,10.0,False,False,1.3815195761783565,,cvhi:common_voice_hi_24228162,16.434423446655273,16.35783576965332,0.9573863642130793,2.5134077072143555,0.0
anchor,0017,recorded_impulsive_10,recorded_impulsive,10.0,False,False,-3.403143679208336,,cvhi:common_voice_hi_25154372,23.130332946777344,25.899869918823242,0.9713115132535347,2.7081031799316406,0.48
anchor,0018,recorded_impulsive_10,recorded_impulsive,10.0,True,False,0.39968590606981635,,ls:1263-138246-0002,14.337969779968262,14.53793716430664,0.9825538896420767,2.9591474533081055,0.4
anchor,0019,recorded_impulsive_10,recorded_impulsive,10.0,False,False,8.249237390855885,,cvhi:common_voice_hi_24386243,20.54950714111328,20.916101455688477,0.9894951956672499,2.5430808067321777,0.0
anchor,0020,recorded_impulsive_10,recorded_impulsive,10.0,False,False,8.409440342057021,,ls:1898-145702-0013,17.570049285888672,17.511211395263672,0.9661145608784337,2.996596336364746,0.14
anchor,0021,recorded_impulsive_10,recorded_impulsive,10.0,False,False,6.532033521037258,,cvhi:common_voice_hi_24228360,20.875537872314453,21.35659408569336,0.9873783138860085,3.0204780101776123,0.0
anchor,0022,recorded_impulsive_10,recorded_impulsive,10.0,False,False,5.537664922323046,,cvhi:common_voice_hi_26769815,16.059890747070312,16.925086975097656,0.8349630623314341,2.8988265991210938,0.0
anchor,0023,recorded_impulsive_10,recorded_impulsive,10.0,False,False,7.343209126805865,,cvhi:common_voice_hi_24758650,17.91795539855957,17.964614868164062,0.9760927766447935,2.4456627368927,0.7
anchor,0024,recorded_impulsive_10,recorded_impulsive,10.0,False,False,9.259936497084233,,cvhi:common_voice_hi_31389170,11.587189674377441,11.332427978515625,0.8797012714248856,2.0431277751922607,0.16
anchor,0025,recorded_impulsive_10,recorded_impulsive,10.0,False,False,4.982046030563954,,cvhi:common_voice_hi_24386915,13.658086776733398,13.969623565673828,0.9180385223469119,2.272660970687866,0.0
anchor,0026,recorded_impulsive_10,recorded_impulsive,10.0,False,False,0.6518964085744079,,cvhi:common_voice_hi_24759434,16.065351486206055,16.386127471923828,0.9709514088351341,2.5445616245269775,0.0
anchor,0027,recorded_impulsive_10,recorded_impulsive,10.0,False,False,11.93881555617843,,cvhi:common_voice_hi_27005639,15.98515510559082,17.8315486907959,0.9666372262336601,2.0931785106658936,0.0
anchor,0028,recorded_impulsive_10,recorded_impulsive,10.0,False,False,-4.2059544268121405,,cvhi:common_voice_hi_24280971,16.15233612060547,16.047388076782227,0.9895515779877104,2.4363210201263428,inf
anchor,0029,recorded_impulsive_10,recorded_impulsive,10.0,False,False,7.655514068345333,,cvhi:common_voice_hi_26769814,15.032085418701172,14.916627883911133,0.8632432107711999,2.494076728820801,0.04
anchor,0030,recorded_impulsive_10,recorded_impulsive,10.0,False,False,-5.019676419493685,,cvhi:common_voice_hi_24386189,21.789562225341797,22.095928192138672,0.9980618159932878,3.0940041542053223,1.32
anchor,0031,recorded_impulsive_10,recorded_impulsive,10.0,False,False,9.471001184379652,,cvhi:common_voice_hi_24759307,15.071207046508789,15.359320640563965,0.9540279071481296,2.341161012649536,0.58
anchor,0032,recorded_impulsive_10,recorded_impulsive,10.0,False,False,4.789127012578579,,ls:226-131532-0033,16.041248321533203,16.293317794799805,0.927120054527514,2.5459601879119873,0.0
anchor,0033,recorded_impulsive_10,recorded_impulsive,10.0,False,False,2.8183658612474893,,cvhi:common_voice_hi_25154369,17.609094619750977,18.158750534057617,0.9589774520349824,2.5726113319396973,1.86
anchor,0034,recorded_impulsive_10,recorded_impulsive,10.0,False,False,-5.895321957428251,,cvhi:common_voice_hi_27005203,19.489133834838867,20.177841186523438,0.9203023190795854,2.751046895980835,0.0
anchor,0035,recorded_impulsive_10,recorded_impulsive,10.0,False,False,-3.5647662213600966,,ls:1263-138246-0028,17.76592445373535,17.717681884765625,0.9799410693004456,3.2231686115264893,0.2
anchor,0036,recorded_impulsive_10,recorded_impulsive,10.0,False,False,3.585216087105806,,cvhi:common_voice_hi_24228580,21.664146423339844,21.65633773803711,0.9333264134153253,3.2439284324645996,0.0
anchor,0037,recorded_impulsive_10,recorded_impulsive,10.0,True,False,1.978445008406462,,cvhi:common_voice_hi_26007753,14.37881088256836,14.60064697265625,0.9908671240751291,3.2854630947113037,0.0
anchor,0038,recorded_impulsive_10,recorded_impulsive,10.0,False,False,-3.0065218466497488,,cvhi:common_voice_hi_24386848,14.673685073852539,14.640899658203125,0.8546607308691416,2.148386240005493,0.22
anchor,0039,recorded_impulsive_10,recorded_impulsive,10.0,False,True,-5.103822557424924,,cvhi:common_voice_hi_24427673,16.716583251953125,16.629730224609375,0.949879281430428,2.7756199836730957,inf
anchor,0000,recorded_impulsive_15,recorded_impulsive,15.0,False,False,10.552497682596321,,ls:1263-139804-0005,10.990407943725586,11.230653762817383,0.9661959024081815,2.6287786960601807,0.22
anchor,0001,recorded_impulsive_15,recorded_impulsive,15.0,False,False,0.2858620570480763,,cvhi:common_voice_hi_26254103,16.82402229309082,16.87520408630371,0.8753206220402238,2.7345376014709473,0.16
anchor,0002,recorded_impulsive_15,recorded_impulsive,15.0,False,False,9.153610978007745,,cvhi:common_voice_hi_27035759,17.27886199951172,17.20471954345703,0.9708418833564942,2.993910312652588,0.0
anchor,0003,recorded_impulsive_15,recorded_impulsive,15.0,False,False,9.9109742151015,,cvhi:common_voice_hi_27149957,13.339619636535645,13.682498931884766,0.9278957938330887,2.4038827419281006,0.04
anchor,0004,recorded_impulsive_15,recorded_impulsive,15.0,False,False,-0.1771662851515341,,ls:150-126107-0027,15.197917938232422,15.235036849975586,0.8863267536917576,3.1394994258880615,0.0
anchor,0005,recorded_impulsive_15,recorded_impulsive,15.0,True,False,6.34350337048342,,cvhi:common_voice_hi_23844516,9.526945114135742,10.248197555541992,0.9199093262034833,2.5409510135650635,0.8
anchor,0006,recorded_impulsive_15,recorded_impulsive,15.0,False,False,4.165551246011622,,cvhi:common_voice_hi_24758653,18.448040008544922,18.58740997314453,0.9912225957691658,3.1783196926116943,inf
anchor,0007,recorded_impulsive_15,recorded_impulsive,15.0,False,False,5.78905850908129,,cvhi:common_voice_hi_25170230,17.326007843017578,18.079275131225586,0.9627831761595304,2.928758382797241,0.0
anchor,0008,recorded_impulsive_15,recorded_impulsive,15.0,True,False,-0.2648367365666662,,cvhi:common_voice_hi_24427429,19.60097885131836,19.674489974975586,0.9433477272815695,3.0491340160369873,0.48
anchor,0009,recorded_impulsive_15,recorded_impulsive,15.0,False,True,10.948198687256909,,ls:1898-145715-0022,16.766876220703125,16.835163116455078,0.9058287578112264,2.7108559608459473,0.02
anchor,0010,recorded_impulsive_15,recorded_impulsive,15.0,False,False,-2.724471892187541,,cvhi:common_voice_hi_24759092,20.67354393005371,21.930240631103516,0.9840388052091029,2.901108503341675,0.0
anchor,0011,recorded_impulsive_15,recorded_impulsive,15.0,True,False,10.067570757979702,,cvhi:common_voice_hi_24427336,18.949874877929688,19.12933921813965,0.9204723717019277,2.533848285675049,0.16
anchor,0012,recorded_impulsive_15,recorded_impulsive,15.0,False,False,0.893756747550511,,cvhi:common_voice_hi_24510981,18.887868881225586,20.439926147460938,0.9760483319786096,2.79175066947937,0.0
anchor,0013,recorded_impulsive_15,recorded_impulsive,15.0,False,False,11.79731470162395,,ls:1898-145702-0006,15.376747131347656,15.342987060546875,0.9443917933987077,2.3963215351104736,0.32
anchor,0014,recorded_impulsive_15,recorded_impulsive,15.0,False,False,-5.9938145752950724,,ls:1263-139804-0026,23.7294864654541,24.09572410583496,0.9955480848899235,3.645244598388672,0.0
anchor,0015,recorded_impulsive_15,recorded_impulsive,15.0,False,False,4.2731071320723615,,ls:1263-139804-0006,14.76919174194336,15.432342529296875,0.9874996968315286,2.869724988937378,0.04
anchor,0016,recorded_impulsive_15,recorded_impulsive,15.0,True,False,7.944047672326596,,ls:1263-141777-0023,15.33578872680664,15.962104797363281,0.9753432730518838,2.9314279556274414,0.2
anchor,0017,recorded_impulsive_15,recorded_impulsive,15.0,False,False,1.069182093528573,,cvhi:common_voice_hi_25180521,18.763505935668945,19.397945404052734,0.9284754653435804,2.964366912841797,0.1
anchor,0018,recorded_impulsive_15,recorded_impulsive,15.0,False,False,5.315715201884629,,ls:226-131533-0003,18.685609817504883,19.355140686035156,0.9742847826328545,3.371352434158325,0.0
anchor,0019,recorded_impulsive_15,recorded_impulsive,15.0,False,False,3.1446126270824877,,cvhi:common_voice_hi_24258318,14.045181274414062,13.942651748657227,0.973140513140976,2.4717023372650146,inf
anchor,0020,recorded_impulsive_15,recorded_impulsive,15.0,False,False,7.656500556724016,,cvhi:common_voice_hi_24759094,18.280487060546875,19.393638610839844,0.9861246646872508,3.1989927291870117,0.02
anchor,0021,recorded_impulsive_15,recorded_impulsive,15.0,False,False,7.069022774115778,,cvhi:common_voice_hi_24759076,19.14777374267578,20.431346893310547,0.9852565311524155,3.3362410068511963,0.12
anchor,0022,recorded_impulsive_15,recorded_impulsive,15.0,False,False,-0.8973276631797713,,cvhi:common_voice_hi_24225595,18.318866729736328,19.60260009765625,0.9724993978184645,2.844967842102051,0.2
anchor,0023,recorded_impulsive_15,recorded_impulsive,15.0,True,False,-0.43189228601978424,,cvhi:common_voice_hi_24225553,16.9689884185791,17.681324005126953,0.9872892810245478,3.316190719604492,0.0
anchor,0024,recorded_impulsive_15,recorded_impulsive,15.0,False,False,-2.692146212887341,,cvhi:common_voice_hi_24782736,22.6382999420166,24.060646057128906,0.9839262686276408,2.7517545223236084,inf
anchor,0025,recorded_impulsive_15,recorded_impulsive,15.0,True,False,-4.881511027970769,,cvhi:common_voice_hi_24258380,18.9616756439209,19.524736404418945,0.9845390829124447,3.465642213821411,0.0
anchor,0026,recorded_impulsive_15,recorded_impulsive,15.0,False,False,9.759318476879615,,ls:150-126112-0005,16.193159103393555,16.595050811767578,0.8516431028666613,3.3569087982177734,0.0
anchor,0027,recorded_impulsive_15,recorded_impulsive,15.0,False,False,2.883919309748684,,cvhi:common_voice_hi_24427465,24.56688117980957,35.13493347167969,0.9999446349977719,4.15744161605835,2.04
anchor,0028,recorded_impulsive_15,recorded_impulsive,15.0,False,False,4.060288135520798,,cvhi:common_voice_hi_27005182,20.060684204101562,21.55478286743164,0.9473566108095216,2.013801336288452,0.06
anchor,0029,recorded_impulsive_15,recorded_impulsive,15.0,False,False,11.06039025382318,,cvhi:common_voice_hi_25323046,15.066192626953125,15.671772003173828,0.9305049414241873,2.089296817779541,0.28
anchor,0030,recorded_impulsive_15,recorded_impulsive,15.0,False,False,4.21995009948586,,cvhi:common_voice_hi_24280931,15.359965324401855,15.821969985961914,0.9737806179835621,2.8448243141174316,1.9
anchor,0031,recorded_impulsive_15,recorded_impulsive,15.0,False,False,8.903283856246349,,cvhi:common_voice_hi_25982640,18.890182495117188,20.6430721282959,0.9966872776633132,3.6206047534942627,inf
anchor,0032,recorded_impulsive_15,recorded_impulsive,15.0,False,False,-3.064273258504408,,ls:1898-145724-0002,21.383365631103516,21.367902755737305,0.9698376087932912,3.0130178928375244,0.0
anchor,0033,recorded_impulsive_15,recorded_impulsive,15.0,False,False,-4.777185135973132,,ls:226-131532-0025,21.246450424194336,21.656414031982422,0.8992094254034045,3.7554407119750977,0.0
anchor,0034,recorded_impulsive_15,recorded_impulsive,15.0,False,False,6.750491259514366,,cvhi:common_voice_hi_26007589,18.50967025756836,18.589807510375977,0.9353300963912753,3.212550163269043,0.36
anchor,0035,recorded_impulsive_15,recorded_impulsive,15.0,False,False,6.68753940294328,,cvhi:common_voice_hi_26967383,22.487199783325195,24.423702239990234,0.9647074929365985,3.619699478149414,0.0
anchor,0036,recorded_impulsive_15,recorded_impulsive,15.0,False,False,6.277231790057321,,cvhi:common_voice_hi_24258310,20.387754440307617,21.270526885986328,0.9833557941679396,3.4279136657714844,0.96
anchor,0037,recorded_impulsive_15,recorded_impulsive,15.0,False,False,2.2410112556563355,,ls:150-126107-0035,16.53598403930664,16.527368545532227,0.9103293805891167,3.1255428791046143,0.0
anchor,0038,recorded_impulsive_15,recorded_impulsive,15.0,False,False,7.008691240607437,,cvhi:common_voice_hi_27639379,18.05594253540039,18.179183959960938,0.9465236941947964,2.8178176879882812,0.32
anchor,0039,recorded_impulsive_15,recorded_impulsive,15.0,False,False,3.5601305750228107,,cvhi:common_voice_hi_26968422,20.92235565185547,22.74167251586914,0.9842636088236553,3.249049425125122,0.0
anchor,0000,recorded_impulsive_5,recorded_impulsive,5.0,True,False,1.798416198605179,,ls:226-122538-0005,17.42636489868164,17.65447235107422,0.9672230437736055,3.318312883377075,0.0
anchor,0001,recorded_impulsive_5,recorded_impulsive,5.0,False,False,-4.820322634738789,,ls:150-126107-0036,12.750086784362793,12.675559997558594,0.9893918174176649,3.7032713890075684,0.0
anchor,0002,recorded_impulsive_5,recorded_impulsive,5.0,False,False,10.028680301014411,,cvhi:common_voice_hi_24510980,14.003800392150879,14.218307495117188,0.9068703457793672,2.0249290466308594,0.44
anchor,0003,recorded_impulsive_5,recorded_impulsive,5.0,False,False,9.034087450720332,,cvhi:common_voice_hi_24258323,12.305150985717773,13.463418960571289,0.9496148987000231,2.2873127460479736,0.22
anchor,0004,recorded_impulsive_5,recorded_impulsive,5.0,False,False,-0.030201084074227502,,cvhi:common_voice_hi_27005666,10.476264953613281,10.116473197937012,0.9519153675493875,2.1789939403533936,0.0
anchor,0005,recorded_impulsive_5,recorded_impulsive,5.0,False,False,-0.486121921571109,,ls:150-132655-0031,11.922364234924316,11.636551856994629,0.9553700181813798,2.907468557357788,0.0
anchor,0006,recorded_impulsive_5,recorded_impulsive,5.0,False,False,5.61581907494287,,cvhi:common_voice_hi_23844536,13.738890647888184,13.69301700592041,0.8905478920130234,2.1797120571136475,0.92
anchor,0007,recorded_impulsive_5,recorded_impulsive,5.0,False,False,4.350048075976826,,ls:1263-141777-0016,14.49559211730957,14.538003921508789,0.9515472491740882,2.408372640609741,0.24
anchor,0008,recorded_impulsive_5,recorded_impulsive,5.0,False,False,-0.28214278641409507,,cvhi:common_voice_hi_40337919,10.281684875488281,10.064481735229492,0.9323257498166792,1.9065518379211426,0.0
anchor,0009,recorded_impulsive_5,recorded_impulsive,5.0,False,False,6.07836390350276,,cvhi:common_voice_hi_27005450,10.551724433898926,10.26028060913086,0.9471591799903196,1.6974328756332397,0.0
anchor,0010,recorded_impulsive_5,recorded_impulsive,5.0,False,False,6.812341093609859,,cvhi:common_voice_hi_24258349,21.90860939025879,22.13738441467285,0.984920699801261,3.5847480297088623,0.18
anchor,0011,recorded_impulsive_5,recorded_impulsive,5.0,False,False,-5.731525261618403,,cvhi:common_voice_hi_24228204,16.866058349609375,17.276390075683594,0.9669513721845485,2.0774085521698,0.0
anchor,0012,recorded_impulsive_5,recorded_impulsive,5.0,False,False,9.524111505526516,,cvhi:common_voice_hi_24228603,16.695331573486328,16.89531898498535,0.9702669078023658,2.670382499694824,0.0
anchor,0013,recorded_impulsive_5,recorded_impulsive,5.0,False,False,0.46360803284295304,,cvhi:common_voice_hi_27005271,15.109325408935547,15.068315505981445,0.9698618475703237,2.3179986476898193,0.0
anchor,0014,recorded_impulsive_5,recorded_impulsive,5.0,False,False,7.04835005944221,,ls:150-126112-0029,16.72297477722168,17.04338836669922,0.9116332840690307,2.6357970237731934,0.0
anchor,0015,recorded_impulsive_5,recorded_impulsive,5.0,False,False,5.097260982476948,,cvhi:common_voice_hi_26966925,20.43079376220703,22.289833068847656,0.9873004528304539,3.1368656158447266,0.86
anchor,0016,recorded_impulsive_5,recorded_impulsive,5.0,False,False,-0.13622370166232134,,cvhi:common_voice_hi_24228152,16.244565963745117,16.530935287475586,0.9619412617370734,2.7447245121002197,0.0
anchor,0017,recorded_impulsive_5,recorded_impulsive,5.0,False,False,-1.5140936886203216,,cvhi:common_voice_hi_27005441,14.6143798828125,14.596686363220215,0.9418167476607648,2.264328718185425,0.0
anchor,0018,recorded_impulsive_5,recorded_impulsive,5.0,True,False,8.665278692926243,,cvhi:common_voice_hi_24782740,19.177263259887695,19.70083999633789,0.9116902632588768,2.0384511947631836,0.0
anchor,0019,recorded_impulsive_5,recorded_impulsive,5.0,False,False,7.039470028902549,,cvhi:common_voice_hi_27005203,13.576154708862305,13.754755020141602,0.925928519977766,2.7406389713287354,0.0
anchor,0020,recorded_impulsive_5,recorded_impulsive,5.0,False,False,-3.857200289997631,,cvhi:common_voice_hi_24386916,16.248201370239258,16.263648986816406,0.920930133840935,2.12568998336792,0.0
anchor,0021,recorded_impulsive_5,recorded_impulsive,5.0,True,False,8.52862313637004,,cvhi:common_voice_hi_24225492,9.461209297180176,9.159321784973145,0.9495828935787582,2.331005334854126,0.98
anchor,0022,recorded_impulsive_5,recorded_impulsive,5.0,False,False,7.848206944694379,,cvhi:common_voice_hi_24228548,14.408675193786621,14.25082778930664,0.9147310511702164,2.008805990219116,0.0
anchor,0023,recorded_impulsive_5,recorded_impulsive,5.0,True,False,-2.0747953953470857,,cvhi:common_voice_hi_27005233,14.907022476196289,15.07595443725586,0.9690498578967374,2.800410509109497,0.0
anchor,0024,recorded_impulsive_5,recorded_impulsive,5.0,False,False,4.223856992295071,,cvhi:common_voice_hi_27005642,13.361135482788086,13.244726181030273,0.9440741200298247,1.771823525428772,0.0
anchor,0025,recorded_impulsive_5,recorded_impulsive,5.0,False,False,-1.0871625872363602,,cvhi:common_voice_hi_24427696,17.684898376464844,18.889549255371094,0.8904051929159988,2.5585062503814697,0.04
anchor,0026,recorded_impulsive_5,recorded_impulsive,5.0,False,False,5.570273032326961,,cvhi:common_voice_hi_24427849,12.86776065826416,13.000303268432617,0.8222561310232628,2.1145987510681152,0.02
anchor,0027,recorded_impulsive_5,recorded_impulsive,5.0,False,False,-1.32895260016969,,cvhi:common_voice_hi_27005181,23.872377395629883,24.828460693359375,0.945192855701073,2.915177583694458,0.0
anchor,0028,recorded_impulsive_5,recorded_impulsive,5.0,False,False,-4.095967728859255,,cvhi:common_voice_hi_24258386,8.774801254272461,8.326835632324219,0.9370740684421185,1.6964770555496216,0.16
anchor,0029,recorded_impulsive_5,recorded_impulsive,5.0,False,False,11.309009481064322,,ls:1263-141777-0007,15.017333030700684,15.340819358825684,0.9658098341410941,3.144045352935791,0.0
anchor,0030,recorded_impulsive_5,recorded_impulsive,5.0,False,False,2.6344664717466095,,cvhi:common_voice_hi_24386309,14.3516206741333,14.933572769165039,0.94480252251198,2.587251663208008,0.0
anchor,0031,recorded_impulsive_5,recorded_impulsive,5.0,True,False,9.473221144807663,,cvhi:common_voice_hi_26008603,18.070423126220703,18.18077850341797,0.9156585572419559,2.162086009979248,0.0
anchor,0032,recorded_impulsive_5,recorded_impulsive,5.0,False,False,8.225726794173614,,cvhi:common_voice_hi_24759434,13.328815460205078,13.603075981140137,0.9897973338255428,2.6222219467163086,0.0
anchor,0033,recorded_impulsive_5,recorded_impulsive,5.0,False,False,8.67337396742759,,cvhi:common_voice_hi_24427333,9.149417877197266,8.848427772521973,0.7285122135979998,1.6875332593917847,0.26
anchor,0034,recorded_impulsive_5,recorded_impulsive,5.0,False,False,8.71896348454575,,cvhi:common_voice_hi_25154411,14.600069046020508,14.524249076843262,0.8262538875587689,2.279348611831665,0.08
anchor,0035,recorded_impulsive_5,recorded_impulsive,5.0,False,False,-4.060316463013525,,ls:1263-141777-0001,13.930577278137207,13.763381004333496,0.9495758429824325,2.502094268798828,0.0
anchor,0036,recorded_impulsive_5,recorded_impulsive,5.0,False,False,9.5844301985829,,cvhi:common_voice_hi_27005505,18.617595672607422,19.56044578552246,0.9889639443106385,2.7511212825775146,1.98
anchor,0037,recorded_impulsive_5,recorded_impulsive,5.0,False,False,1.124645020617332,,cvhi:common_voice_hi_25154354,22.08749008178711,22.517127990722656,0.8204219940992244,2.205146551132202,0.0
anchor,0038,recorded_impulsive_5,recorded_impulsive,5.0,False,False,-4.436890819136119,,ls:1263-138246-0034,11.665685653686523,11.5010404586792,0.948039124875023,1.9461143016815186,0.0
anchor,0039,recorded_impulsive_5,recorded_impulsive,5.0,False,False,10.391862816313854,,ls:1898-145715-0037,12.07003116607666,11.793052673339844,0.8797709781041634,1.8174419403076172,0.74
anchor,0000,stationary_-10,stationary,-10.0,False,False,,,cvhi:common_voice_hi_26080943,3.17051362991333,0.44409438967704773,0.7687575333273743,1.3064531087875366,nan
anchor,0001,stationary_-10,stationary,-10.0,False,True,,,cvhi:common_voice_hi_24228152,1.1219439506530762,-4.996942520141602,0.4482834743556553,1.0573853254318237,nan
anchor,0002,stationary_-10,stationary,-10.0,False,False,,,ls:1263-141777-0034,5.171601295471191,3.6053805351257324,0.8142610034670092,1.2723026275634766,nan
anchor,0003,stationary_-10,stationary,-10.0,False,False,,,cvhi:common_voice_hi_24228568,3.453925848007202,0.8525263667106628,0.7427118025752646,1.5728325843811035,nan
anchor,0004,stationary_-10,stationary,-10.0,False,False,,,cvhi:common_voice_hi_24258333,5.842980861663818,4.532738208770752,0.6985011379898989,1.1673126220703125,nan
anchor,0005,stationary_-10,stationary,-10.0,False,False,,,ls:1898-145720-0011,5.522512912750244,4.194305419921875,0.48696686495276104,1.1259349584579468,nan
anchor,0006,stationary_-10,stationary,-10.0,False,False,,,cvhi:common_voice_hi_27005248,1.7034960985183716,-3.1714260578155518,0.5528312273966792,1.09621262550354,nan
anchor,0007,stationary_-10,stationary,-10.0,False,False,,,cvhi:common_voice_hi_27005268,3.081902265548706,0.42111778259277344,0.6360138673200945,1.123734712600708,nan
anchor,0008,stationary_-10,stationary,-10.0,False,False,,,ls:150-126112-0009,6.479356288909912,5.375550270080566,0.6773414704350904,1.2366009950637817,nan
anchor,0009,stationary_-10,stationary,-10.0,False,False,,,cvhi:common_voice_hi_24228163,11.430984497070312,11.242362022399902,0.8492376791337697,1.4873324632644653,nan
anchor,0010,stationary_-10,stationary,-10.0,False,False,,,cvhi:common_voice_hi_26967397,8.191752433776855,7.550776481628418,0.7746928062759793,1.5859973430633545,nan
anchor,0011,stationary_-10,stationary,-10.0,False,False,,,ls:226-122538-0003,6.808526515960693,5.842395782470703,0.7740970553312605,1.6432712078094482,nan
anchor,0012,stationary_-10,stationary,-10.0,False,False,,,cvhi:common_voice_hi_24427849,6.16715145111084,4.991217136383057,0.6367949061656575,1.4347268342971802,nan
anchor,0013,stationary_-10,stationary,-10.0,False,False,,,cvhi:common_voice_hi_24510992,3.33923077583313,0.9584224224090576,0.5743049305708302,1.2619240283966064,nan
anchor,0014,stationary_-10,stationary,-10.0,False,False,,,cvhi:common_voice_hi_26007591,6.760046005249023,5.940578460693359,0.7338113291309457,1.3633103370666504,nan
anchor,0015,stationary_-10,stationary,-10.0,False,False,,,cvhi:common_voice_hi_24386806,4.588335037231445,2.829177141189575,0.7927301928078959,1.326912522315979,nan
anchor,0016,stationary_-10,stationary,-10.0,False,False,,,cvhi:common_voice_hi_27248545,7.129223823547363,6.297353744506836,0.7062489266651342,1.3822059631347656,nan
anchor,0017,stationary_-10,stationary,-10.0,False,False,,,cvhi:common_voice_hi_24258400,3.435667037963867,0.8151992559432983,0.6648608642535034,1.1864140033721924,nan
anchor,0018,stationary_-10,stationary,-10.0,True,False,,,ls:226-131533-0033,5.8053083419799805,4.668871879577637,0.6081690273675824,1.2174794673919678,nan
anchor,0019,stationary_-10,stationary,-10.0,True,True,,,cvhi:common_voice_hi_24427451,6.851294040679932,5.846897125244141,0.7023143530710532,1.3935960531234741,nan
anchor,0020,stationary_-10,stationary,-10.0,False,False,,,cvhi:common_voice_hi_24228290,4.367370128631592,2.3895349502563477,0.7367169837647299,1.1992275714874268,nan
anchor,0021,stationary_-10,stationary,-10.0,False,False,,,cvhi:common_voice_hi_25154411,3.140423059463501,0.41095560789108276,0.5951211601068163,1.1886273622512817,nan
anchor,0022,stationary_-10,stationary,-10.0,False,False,,,cvhi:common_voice_hi_25128206,7.699416160583496,6.907133102416992,0.7683629135404588,1.1913563013076782,nan
anchor,0023,stationary_-10,stationary,-10.0,False,False,,,cvhi:common_voice_hi_24782658,3.1601274013519287,0.40046894550323486,0.6033227516680876,1.1033051013946533,nan
anchor,0024,stationary_-10,stationary,-10.0,False,False,,,cvhi:common_voice_hi_24510992,3.020143508911133,0.21465110778808594,0.611323457351846,1.2764923572540283,nan
anchor,0025,stationary_-10,stationary,-10.0,False,False,,,cvhi:common_voice_hi_24225720,2.687150239944458,-0.3889314830303192,0.5230967482755562,1.0761253833770752,nan
anchor,0026,stationary_-10,stationary,-10.0,False,False,,,cvhi:common_voice_hi_26007792,1.9226248264312744,-2.3092880249023438,0.3936427143775558,1.1260796785354614,nan
anchor,0027,stationary_-10,stationary,-10.0,False,False,,,cvhi:common_voice_hi_23964474,3.7229037284851074,1.5377869606018066,0.6868661631046561,1.1295301914215088,nan
anchor,0028,stationary_-10,stationary,-10.0,False,False,,,cvhi:common_voice_hi_24280936,3.978825092315674,1.764422059059143,0.7600804027549934,1.218828797340393,nan
anchor,0029,stationary_-10,stationary,-10.0,False,False,,,cvhi:common_voice_hi_25154267,5.41307258605957,3.9880008697509766,0.5876865863656237,1.0969774723052979,nan
anchor,0030,stationary_-10,stationary,-10.0,False,False,,,cvhi:common_voice_hi_24386565,9.660762786865234,9.222219467163086,0.6610333749751656,1.4377260208129883,nan
anchor,0031,stationary_-10,stationary,-10.0,False,False,,,cvhi:common_voice_hi_24386308,6.090769290924072,5.02230167388916,0.5584889347395608,1.1798021793365479,nan
anchor,0032,stationary_-10,stationary,-10.0,False,False,,,ls:1898-145715-0022,3.3828601837158203,0.7728893756866455,0.5493915550233645,1.0846586227416992,nan
anchor,0033,stationary_-10,stationary,-10.0,False,False,,,cvhi:common_voice_hi_37329985,3.105400800704956,0.22892239689826965,0.5725163764820044,1.1674373149871826,nan
anchor,0034,stationary_-10,stationary,-10.0,False,False,,,cvhi:common_voice_hi_25948428,4.670600414276123,2.9832310676574707,0.6914978761910624,1.2913109064102173,nan
anchor,0035,stationary_-10,stationary,-10.0,False,False,,,cvhi:common_voice_hi_24228142,4.238193035125732,2.379873752593994,0.7264500721844106,1.2921541929244995,nan
anchor,0036,stationary_-10,stationary,-10.0,False,False,,,ls:226-122538-0022,5.610826015472412,4.383894443511963,0.5604041408139696,1.2222453355789185,nan
anchor,0037,stationary_-10,stationary,-10.0,False,False,,,cvhi:common_voice_hi_27035687,4.823915958404541,3.11685848236084,0.6971672037125649,1.3078199625015259,nan
anchor,0038,stationary_-10,stationary,-10.0,False,False,,,cvhi:common_voice_hi_25323041,3.2938413619995117,0.5567716360092163,0.7566650951908395,1.1624886989593506,nan
anchor,0039,stationary_-10,stationary,-10.0,False,False,,,ls:226-122538-0021,3.9467763900756836,1.708473563194275,0.6843398794620159,1.1423695087432861,nan
anchor,0000,stationary_-5,stationary,-5.0,False,False,,,cvhi:common_voice_hi_27005421,4.135378360748291,2.1451053619384766,0.7692800608173875,1.133960247039795,nan
anchor,0001,stationary_-5,stationary,-5.0,False,False,,,cvhi:common_voice_hi_26967980,8.21621322631836,7.535114765167236,0.8191631592538696,1.4446154832839966,nan
anchor,0002,stationary_-5,stationary,-5.0,False,False,,,ls:226-131532-0001,6.478191375732422,5.398810386657715,0.5462815269216359,1.264122724533081,nan
anchor,0003,stationary_-5,stationary,-5.0,False,False,,,ls:1263-138246-0034,4.776432991027832,3.106889247894287,0.6852645664909859,1.2430883646011353,nan
anchor,0004,stationary_-5,stationary,-5.0,False,False,,,ls:150-126107-0002,5.518802642822266,4.45716667175293,0.5436365569822957,1.1275312900543213,nan
anchor,0005,stationary_-5,stationary,-5.0,False,False,,,ls:150-126107-0031,13.049442291259766,12.877236366271973,0.7741536592530285,2.0527737140655518,nan
anchor,0006,stationary_-5,stationary,-5.0,False,False,,,cvhi:common_voice_hi_26008912,7.295724868774414,6.402691841125488,0.686047333112366,1.1588728427886963,nan
anchor,0007,stationary_-5,stationary,-5.0,False,False,,,cvhi:common_voice_hi_25154306,4.215597629547119,2.1534483432769775,0.7081202323437727,1.1613502502441406,nan
anchor,0008,stationary_-5,stationary,-5.0,False,False,,,cvhi:common_voice_hi_26253997,6.650810241699219,5.624513626098633,0.7650196994585565,1.4048644304275513,nan
anchor,0009,stationary_-5,stationary,-5.0,False,False,,,cvhi:common_voice_hi_26253996,5.10514497756958,3.7936038970947266,0.7807995118276697,1.362403154373169,nan
anchor,0010,stationary_-5,stationary,-5.0,False,False,,,cvhi:common_voice_hi_25154301,6.473079681396484,5.365557670593262,0.4542554592967903,1.1476881504058838,nan
anchor,0011,stationary_-5,stationary,-5.0,False,False,,,cvhi:common_voice_hi_24759098,4.697138786315918,2.899029493331909,0.7676105347122064,1.1443995237350464,nan
anchor,0012,stationary_-5,stationary,-5.0,False,False,,,ls:1263-138246-0015,8.149187088012695,7.528481960296631,0.8633013378803964,1.521503210067749,nan
anchor,0013,stationary_-5,stationary,-5.0,False,False,,,cvhi:common_voice_hi_24280949,3.804459810256958,1.749437928199768,0.7721059909983014,1.2669265270233154,nan
anchor,0014,stationary_-5,stationary,-5.0,False,False,,,cvhi:common_voice_hi_25005860,4.430562973022461,2.596921443939209,0.6801567597834324,1.307552695274353,nan
anchor,0015,stationary_-5,stationary,-5.0,False,False,,,cvhi:common_voice_hi_27005206,3.171994924545288,1.0208810567855835,0.6846741475267524,1.1622254848480225,nan
anchor,0016,stationary_-5,stationary,-5.0,False,False,,,cvhi:common_voice_hi_27005198,4.117502212524414,2.15590500831604,0.704553769211876,1.265742301940918,nan
anchor,0017,stationary_-5,stationary,-5.0,False,False,,,cvhi:common_voice_hi_27149956,5.774548053741455,4.450769424438477,0.6628220325465649,1.3081399202346802,nan
anchor,0018,stationary_-5,stationary,-5.0,False,False,,,cvhi:common_voice_hi_26967409,6.459162712097168,5.353636741638184,0.8050283068123583,1.6499204635620117,nan
anchor,0019,stationary_-5,stationary,-5.0,False,False,,,ls:1263-138246-0031,5.701551914215088,4.491283416748047,0.7987374534000593,1.3771226406097412,nan
anchor,0020,stationary_-5,stationary,-5.0,False,False,,,cvhi:common_voice_hi_26008606,7.3217082023620605,6.534706115722656,0.6338047463645066,1.1463065147399902,nan
anchor,0021,stationary_-5,stationary,-5.0,False,False,,,ls:1263-139804-0006,4.137404441833496,2.2958483695983887,0.7269103625029878,1.180822730064392,nan
anchor,0022,stationary_-5,stationary,-5.0,False,False,,,cvhi:common_voice_hi_24386473,7.802140235900879,7.508110046386719,0.8556895126020287,1.5471785068511963,nan
anchor,0023,stationary_-5,stationary,-5.0,False,False,,,cvhi:common_voice_hi_25154371,8.370817184448242,7.693103790283203,0.6871173834365192,1.4564275741577148,nan
anchor,0024,stationary_-5,stationary,-5.0,False,False,,,ls:1898-145724-0008,11.082649230957031,10.804804801940918,0.8802255447192181,2.0433788299560547,nan
anchor,0025,stationary_-5,stationary,-5.0,False,False,,,cvhi:common_voice_hi_26253997,10.937568664550781,10.586666107177734,0.7303575749481546,1.3864643573760986,nan
anchor,0026,stationary_-5,stationary,-5.0,False,False,,,cvhi:common_voice_hi_24427350,5.433797836303711,4.092358589172363,0.5100171455043343,1.4534564018249512,nan
anchor,0027,stationary_-5,stationary,-5.0,False,False,,,ls:150-132655-0024,8.261039733886719,7.60146427154541,0.8430277035468231,1.950934886932373,nan
anchor,0028,stationary_-5,stationary,-5.0,False,False,,,cvhi:common_voice_hi_24225726,6.578723907470703,5.672304630279541,0.8938376749455729,1.5514647960662842,nan
anchor,0029,stationary_-5,stationary,-5.0,False,False,,,cvhi:common_voice_hi_24386505,9.044944763183594,8.506227493286133,0.7606099933284761,1.5868446826934814,nan
anchor,0030,stationary_-5,stationary,-5.0,False,False,,,cvhi:common_voice_hi_24427729,6.886507034301758,5.8933234214782715,0.7244514013857862,1.299824595451355,nan
anchor,0031,stationary_-5,stationary,-5.0,False,False,,,ls:1263-141777-0006,8.428925514221191,7.7652387619018555,0.900889204549681,1.6383836269378662,nan
anchor,0032,stationary_-5,stationary,-5.0,False,False,,,cvhi:common_voice_hi_24258347,5.127336502075195,3.7750422954559326,0.7631732882122338,1.2957921028137207,nan
anchor,0033,stationary_-5,stationary,-5.0,False,False,,,ls:1898-145702-0004,7.477543830871582,6.678336143493652,0.8060835198325731,1.3937283754348755,nan
anchor,0034,stationary_-5,stationary,-5.0,False,False,,,cvhi:common_voice_hi_24386830,7.10383415222168,6.211553573608398,0.8695842378853074,1.462496280670166,nan
anchor,0035,stationary_-5,stationary,-5.0,True,False,,,cvhi:common_voice_hi_24427695,6.936539649963379,5.960846900939941,0.6910617482432467,1.427196741104126,nan
anchor,0036,stationary_-5,stationary,-5.0,False,False,,,ls:1263-139804-0014,5.698844909667969,4.469222545623779,0.8080361744895712,1.4245631694793701,nan
anchor,0037,stationary_-5,stationary,-5.0,False,False,,,ls:150-132655-0034,7.255857467651367,6.374776840209961,0.8503509541729849,1.3782436847686768,nan
anchor,0038,stationary_-5,stationary,-5.0,False,False,,,ls:1263-138246-0034,4.745888710021973,2.982116222381592,0.7418606248732853,1.3541346788406372,nan
anchor,0039,stationary_-5,stationary,-5.0,False,True,,,ls:226-122538-0024,4.455894470214844,2.5284876823425293,0.6332715277231791,1.1559900045394897,nan
anchor,0000,stationary_0,stationary,0.0,False,False,,,cvhi:common_voice_hi_40339895,8.209818840026855,7.572693347930908,0.826139927355808,1.2746400833129883,nan
anchor,0001,stationary_0,stationary,0.0,False,False,,,cvhi:common_voice_hi_27944991,10.710447311401367,10.725022315979004,0.9427727489816206,2.12528920173645,nan
anchor,0002,stationary_0,stationary,0.0,False,False,,,cvhi:common_voice_hi_26769503,9.53402042388916,9.191874504089355,0.5909706832658294,1.6635411977767944,nan
anchor,0003,stationary_0,stationary,0.0,False,False,,,ls:150-126107-0032,8.391374588012695,7.788755416870117,0.8016418800112902,1.6103357076644897,nan
anchor,0004,stationary_0,stationary,0.0,False,True,,,cvhi:common_voice_hi_24225726,6.92969274520874,6.235108375549316,0.8072357587436724,1.3933426141738892,nan
anchor,0005,stationary_0,stationary,0.0,False,False,,,ls:1263-138246-0016,7.350766658782959,6.54878568649292,0.9151825485899083,1.815079689025879,nan
anchor,0006,stationary_0,stationary,0.0,True,False,,,ls:1898-145724-0011,10.458986282348633,10.094135284423828,0.8545376880354655,2.1346771717071533,nan
anchor,0007,stationary_0,stationary,0.0,False,False,,,ls:150-132655-0016,9.150370597839355,8.590723037719727,0.8326820400177102,1.7606496810913086,nan
anchor,0008,stationary_0,stationary,0.0,False,False,,,cvhi:common_voice_hi_24280969,8.8738431930542,8.272415161132812,0.858383619098631,1.5217819213867188,nan
anchor,0009,stationary_0,stationary,0.0,False,False,,,ls:1898-145724-0004,13.540109634399414,13.343978881835938,0.8547892297475778,1.730025053024292,nan
anchor,0010,stationary_0,stationary,0.0,False,False,,,cvhi:common_voice_hi_24759523,8.472965240478516,7.84054708480835,0.9149049475391995,1.8614962100982666,nan
anchor,0011,stationary_0,stationary,0.0,False,False,,,ls:150-126112-0005,9.579407691955566,9.091153144836426,0.7880629848190843,1.970733404159546,nan
anchor,0012,stationary_0,stationary,0.0,False,False,,,ls:1263-138246-0023,7.292889595031738,6.5256524085998535,0.8132684965755799,1.502211332321167,nan
anchor,0013,stationary_0,stationary,0.0,True,True,,,cvhi:common_voice_hi_27005359,5.513237953186035,4.63607931137085,0.8413984748805244,1.2854020595550537,nan
anchor,0014,stationary_0,stationary,0.0,False,False,,,cvhi:common_voice_hi_24258342,7.709238052368164,6.906038284301758,0.8046479343811161,1.2600696086883545,nan
anchor,0015,stationary_0,stationary,0.0,False,False,,,cvhi:common_voice_hi_26968413,13.525093078613281,13.431617736816406,0.9331859461824378,2.1465961933135986,nan
anchor,0016,stationary_0,stationary,0.0,False,False,,,cvhi:common_voice_hi_25154332,9.403180122375488,9.010738372802734,0.7958258259391373,1.4790315628051758,nan
anchor,0017,stationary_0,stationary,0.0,False,False,,,ls:1898-145702-0016,10.63726806640625,10.247137069702148,0.8408711879514411,1.5778790712356567,nan
anchor,0018,stationary_0,stationary,0.0,False,True,,,cvhi:common_voice_hi_24228285,8.769432067871094,8.192158699035645,0.8071388616198174,1.3663320541381836,nan
anchor,0019,stationary_0,stationary,0.0,False,False,,,cvhi:common_voice_hi_26007581,7.141275405883789,6.247373104095459,0.8481624281990277,1.7973439693450928,nan
anchor,0020,stationary_0,stationary,0.0,False,False,,,cvhi:common_voice_hi_27005391,9.133989334106445,8.714016914367676,0.9300362384224269,1.6218407154083252,nan
anchor,0021,stationary_0,stationary,0.0,False,False,,,ls:226-131532-0027,11.601859092712402,11.305636405944824,0.8926697802540435,2.4688994884490967,nan
anchor,0022,stationary_0,stationary,0.0,True,False,,,ls:226-122538-0030,7.221894264221191,6.309069633483887,0.8058429287442382,1.2769427299499512,nan
anchor,0023,stationary_0,stationary,0.0,False,False,,,cvhi:common_voice_hi_25154420,11.773776054382324,11.682677268981934,0.7577462684618934,1.5238256454467773,nan
anchor,0024,stationary_0,stationary,0.0,False,False,,,ls:150-132655-0004,8.616495132446289,8.015844345092773,0.8036763449081895,1.6832267045974731,nan
anchor,0025,stationary_0,stationary,0.0,False,False,,,cvhi:common_voice_hi_24427727,15.885719299316406,16.466867446899414,0.9290042566205884,2.837980270385742,nan
anchor,0026,stationary_0,stationary,0.0,False,False,,,ls:150-132655-0014,8.644198417663574,8.11088752746582,0.8066607608778633,1.6693625450134277,nan
anchor,0027,stationary_0,stationary,0.0,False,False,,,cvhi:common_voice_hi_24228606,6.368205547332764,5.438486099243164,0.7682989260709606,1.4547674655914307,nan
anchor,0028,stationary_0,stationary,0.0,False,False,,,cvhi:common_voice_hi_25323049,15.061516761779785,14.981851577758789,0.9725210858520539,2.3627583980560303,nan
anchor,0029,stationary_0,stationary,0.0,False,False,,,cvhi:common_voice_hi_24969841,8.594916343688965,7.957880020141602,0.8440116185128752,1.3325318098068237,nan
anchor,0030,stationary_0,stationary,0.0,False,False,,,cvhi:common_voice_hi_26966925,7.876047611236572,7.1931867599487305,0.773268246221057,1.293022871017456,nan
anchor,0031,stationary_0,stationary,0.0,False,False,,,cvhi:common_voice_hi_24228329,12.271584510803223,12.127604484558105,0.8408620020578018,1.5203665494918823,nan
anchor,0032,stationary_0,stationary,0.0,False,False,,,cvhi:common_voice_hi_26687134,7.97234582901001,7.233033180236816,0.8277922473571345,1.3696269989013672,nan
anchor,0033,stationary_0,stationary,0.0,False,False,,,cvhi:common_voice_hi_24759543,8.443083763122559,7.874636650085449,0.820400783651197,1.4017943143844604,nan
anchor,0034,stationary_0,stationary,0.0,False,False,,,cvhi:common_voice_hi_24758709,7.972663879394531,7.339998245239258,0.8058156280006896,1.4367003440856934,nan
anchor,0035,stationary_0,stationary,0.0,False,False,,,cvhi:common_voice_hi_27005281,10.390508651733398,10.461077690124512,0.9187332060510562,1.6627657413482666,nan
anchor,0036,stationary_0,stationary,0.0,False,False,,,cvhi:common_voice_hi_24226280,8.417451858520508,7.980498313903809,0.9038876775320046,1.6563191413879395,nan
anchor,0037,stationary_0,stationary,0.0,False,False,,,cvhi:common_voice_hi_24386877,11.517431259155273,11.47295093536377,0.8276653317978612,1.8613224029541016,nan
anchor,0038,stationary_0,stationary,0.0,False,False,,,cvhi:common_voice_hi_26007643,10.914936065673828,10.548663139343262,0.9236298702143736,1.9676121473312378,nan
anchor,0039,stationary_0,stationary,0.0,False,False,,,cvhi:common_voice_hi_24386714,8.471451759338379,8.003583908081055,0.7335313705849666,1.4524649381637573,nan
anchor,0000,stationary_10,stationary,10.0,False,False,,,ls:226-131533-0031,13.67963981628418,13.801640510559082,0.9158107489693778,2.22906494140625,nan
anchor,0001,stationary_10,stationary,10.0,False,False,,,ls:1263-138246-0034,14.233417510986328,14.286370277404785,0.9436252835688268,2.348114490509033,nan
anchor,0002,stationary_10,stationary,10.0,False,False,,,cvhi:common_voice_hi_27639377,16.00568389892578,16.316967010498047,0.8975812373601206,2.626112937927246,nan
anchor,0003,stationary_10,stationary,10.0,True,False,,,cvhi:common_voice_hi_24759397,9.717461585998535,9.461451530456543,0.9416339177603531,1.8613929748535156,nan
anchor,0004,stationary_10,stationary,10.0,False,False,,,ls:1898-145702-0015,17.32941436767578,17.300182342529297,0.9549099139235656,2.604887008666992,nan
anchor,0005,stationary_10,stationary,10.0,False,False,,,cvhi:common_voice_hi_24386806,25.020177841186523,25.008813858032227,0.9753140802989918,3.305626630783081,nan
anchor,0006,stationary_10,stationary,10.0,False,False,,,cvhi:common_voice_hi_24228206,14.455059051513672,14.307513236999512,0.957797440195291,2.618297576904297,nan
anchor,0007,stationary_10,stationary,10.0,False,False,,,cvhi:common_voice_hi_24782681,13.110824584960938,12.904634475708008,0.947944114592682,2.219512939453125,nan
anchor,0008,stationary_10,stationary,10.0,False,False,,,ls:1898-145724-0005,15.483275413513184,15.438313484191895,0.8983403267604787,2.0300934314727783,nan
anchor,0009,stationary_10,stationary,10.0,False,False,,,cvhi:common_voice_hi_24758671,16.067852020263672,16.03490447998047,0.9651828499852557,2.3597500324249268,nan
anchor,0010,stationary_10,stationary,10.0,True,False,,,cvhi:common_voice_hi_27005257,13.217124938964844,13.047286987304688,0.9572321406531552,2.1793019771575928,nan
anchor,0011,stationary_10,stationary,10.0,False,False,,,cvhi:common_voice_hi_27149958,15.276134490966797,15.147665977478027,0.9702608253293842,2.385230541229248,nan
anchor,0012,stationary_10,stationary,10.0,False,False,,,cvhi:common_voice_hi_27005260,13.566986083984375,13.511285781860352,0.93842479100103,2.4627957344055176,nan
anchor,0013,stationary_10,stationary,10.0,False,False,,,cvhi:common_voice_hi_26008605,14.612641334533691,14.463991165161133,0.9812600409217964,2.6862807273864746,nan
anchor,0014,stationary_10,stationary,10.0,False,False,,,cvhi:common_voice_hi_24386326,13.388757705688477,13.42620849609375,0.9195131736376135,2.10734224319458,nan
anchor,0015,stationary_10,stationary,10.0,False,False,,,ls:1263-141777-0014,14.9485445022583,14.882607460021973,0.9757250218924075,2.682781934738159,nan
anchor,0016,stationary_10,stationary,10.0,False,False,,,cvhi:common_voice_hi_25473136,13.604934692382812,13.451162338256836,0.8457850207953052,2.0718696117401123,nan
anchor,0017,stationary_10,stationary,10.0,False,True,,,cvhi:common_voice_hi_24510993,18.728519439697266,18.773420333862305,0.9802960111122787,2.553819179534912,nan
anchor,0018,stationary_10,stationary,10.0,True,False,,,cvhi:common_voice_hi_27005604,15.040879249572754,14.952592849731445,0.9683221417189399,2.3965580463409424,nan
anchor,0019,stationary_10,stationary,10.0,True,False,,,ls:1898-145702-0018,12.565555572509766,12.537636756896973,0.7471735193672602,1.3530210256576538,nan
anchor,0020,stationary_10,stationary,10.0,False,False,,,cvhi:common_voice_hi_24228514,14.084831237792969,13.91659164428711,0.8047250791564747,2.1274192333221436,nan
anchor,0021,stationary_10,stationary,10.0,False,False,,,cvhi:common_voice_hi_23964503,17.26611328125,17.204883575439453,0.954995402773534,2.4824094772338867,nan
anchor,0022,stationary_10,stationary,10.0,False,True,,,cvhi:common_voice_hi_24759373,18.983367919921875,19.03570556640625,0.9771190440097325,2.9927639961242676,nan
anchor,0023,stationary_10,stationary,10.0,False,False,,,ls:226-131532-0021,14.464282989501953,14.75568675994873,0.9460610454808926,2.2001328468322754,nan
anchor,0024,stationary_10,stationary,10.0,False,False,,,cvhi:common_voice_hi_24228142,17.483989715576172,17.56844711303711,0.9881237654716791,2.7597267627716064,nan
anchor,0025,stationary_10,stationary,10.0,False,False,,,cvhi:common_voice_hi_25154446,15.638314247131348,15.579136848449707,0.8963849228194415,2.391094446182251,nan
anchor,0026,stationary_10,stationary,10.0,False,False,,,ls:1898-145720-0008,15.765685081481934,16.05914878845215,0.9421860102267718,2.6985950469970703,nan
anchor,0027,stationary_10,stationary,10.0,False,False,,,cvhi:common_voice_hi_24386436,20.00108528137207,20.231735229492188,0.9579501957836906,3.02065110206604,nan
anchor,0028,stationary_10,stationary,10.0,False,False,,,cvhi:common_voice_hi_26967972,18.3077392578125,18.319496154785156,0.9520026688164461,2.8940279483795166,nan
anchor,0029,stationary_10,stationary,10.0,False,False,,,cvhi:common_voice_hi_26080953,17.98318099975586,18.410194396972656,0.995970561071024,3.276230573654175,nan
anchor,0030,stationary_10,stationary,10.0,False,False,,,cvhi:common_voice_hi_24782713,18.436180114746094,19.343666076660156,0.9735662806097161,2.427844285964966,nan
anchor,0031,stationary_10,stationary,10.0,False,True,,,ls:150-132655-0006,15.384902954101562,15.408435821533203,0.894317473195728,2.518352746963501,nan
anchor,0032,stationary_10,stationary,10.0,False,False,,,ls:1898-145715-0046,14.146389961242676,14.244542121887207,0.9573151027000426,2.432084560394287,nan
anchor,0033,stationary_10,stationary,10.0,False,False,,,cvhi:common_voice_hi_23936423,21.59756851196289,22.058799743652344,0.9946671151131015,3.5261216163635254,nan
anchor,0034,stationary_10,stationary,10.0,False,False,,,cvhi:common_voice_hi_24258260,14.841781616210938,14.956180572509766,0.9596976641121251,2.76962947845459,nan
anchor,0035,stationary_10,stationary,10.0,False,False,,,cvhi:common_voice_hi_24225553,13.816162109375,14.2081880569458,0.911665759973554,2.069950819015503,nan
anchor,0036,stationary_10,stationary,10.0,False,False,,,cvhi:common_voice_hi_24228398,13.876665115356445,13.833222389221191,0.9656830728297249,2.169508218765259,nan
anchor,0037,stationary_10,stationary,10.0,False,False,,,ls:1898-145720-0017,14.888845443725586,15.309741973876953,0.8669329952664893,2.070617437362671,nan
anchor,0038,stationary_10,stationary,10.0,False,False,,,cvhi:common_voice_hi_24758706,14.766372680664062,14.619102478027344,0.9525342510025848,2.4789466857910156,nan
anchor,0039,stationary_10,stationary,10.0,False,False,,,cvhi:common_voice_hi_26007735,13.3753662109375,13.452865600585938,0.9410080563327701,2.2103474140167236,nan
anchor,0000,stationary_15,stationary,15.0,False,False,,,cvhi:common_voice_hi_24258309,16.518367767333984,17.005836486816406,0.9791264539683197,2.786602735519409,nan
anchor,0001,stationary_15,stationary,15.0,False,False,,,cvhi:common_voice_hi_24758650,18.605712890625,20.125673294067383,0.9889793090901825,2.459573745727539,nan
anchor,0002,stationary_15,stationary,15.0,False,False,,,cvhi:common_voice_hi_25154331,19.483388900756836,21.73480224609375,0.9054253553511851,2.6816422939300537,nan
anchor,0003,stationary_15,stationary,15.0,True,False,,,ls:226-122538-0000,17.36823272705078,17.328689575195312,0.7269307543822727,3.133453845977783,nan
anchor,0004,stationary_15,stationary,15.0,False,True,,,cvhi:common_voice_hi_24386606,16.509654998779297,17.30583381652832,0.9736612087036977,2.607576608657837,nan
anchor,0005,stationary_15,stationary,15.0,False,False,,,ls:226-131533-0019,17.52005386352539,17.71611976623535,0.9649091764719682,3.2751941680908203,nan
anchor,0006,stationary_15,stationary,15.0,False,False,,,cvhi:common_voice_hi_24782740,16.827003479003906,17.019821166992188,0.9549243047957044,2.336606025695801,nan
anchor,0007,stationary_15,stationary,15.0,False,True,,,cvhi:common_voice_hi_27005343,14.97918701171875,15.520001411437988,0.9842230068328003,2.839050769805908,nan
anchor,0008,stationary_15,stationary,15.0,False,False,,,cvhi:common_voice_hi_24427750,16.277769088745117,17.114049911499023,0.9777676145532007,2.551907539367676,nan
anchor,0009,stationary_15,stationary,15.0,False,False,,,ls:1898-145715-0039,18.536561965942383,18.50058937072754,0.947202073735709,3.194070339202881,nan
anchor,0010,stationary_15,stationary,15.0,False,False,,,cvhi:common_voice_hi_26007767,18.83176040649414,19.844629287719727,0.9845373567623213,2.833543062210083,nan
anchor,0011,stationary_15,stationary,15.0,False,False,,,cvhi:common_voice_hi_24280938,19.064159393310547,19.76049041748047,0.992245564546077,3.1288230419158936,nan
anchor,0012,stationary_15,stationary,15.0,False,False,,,ls:1898-145715-0050,18.26150894165039,18.198434829711914,0.9477567105542776,3.172839641571045,nan
anchor,0013,stationary_15,stationary,15.0,False,False,,,cvhi:common_voice_hi_24758753,17.819751739501953,18.486133575439453,0.9601328942445558,2.4337728023529053,nan
anchor,0014,stationary_15,stationary,15.0,False,False,,,cvhi:common_voice_hi_27005260,19.63273811340332,21.858211517333984,0.9902710316563554,3.5292437076568604,nan
anchor,0015,stationary_15,stationary,15.0,True,False,,,cvhi:common_voice_hi_24258344,15.244224548339844,15.118093490600586,0.9676912277796158,2.2965807914733887,nan
anchor,0016,stationary_15,stationary,15.0,False,False,,,cvhi:common_voice_hi_26007650,18.054462432861328,18.2839298248291,0.9871428611161855,2.6490478515625,nan
anchor,0017,stationary_15,stationary,15.0,False,False,,,ls:1898-145724-0024,18.95387840270996,19.752979278564453,0.9909905422231033,3.149331569671631,nan
anchor,0018,stationary_15,stationary,15.0,False,False,,,cvhi:common_voice_hi_26967980,17.44906234741211,17.85919761657715,0.9341834037888832,2.51895809173584,nan
anchor,0019,stationary_15,stationary,15.0,False,False,,,cvhi:common_voice_hi_24386147,20.104581832885742,21.129478454589844,0.9433767495904117,2.6913344860076904,nan
anchor,0020,stationary_15,stationary,15.0,True,False,,,cvhi:common_voice_hi_26007580,14.791003227233887,14.660608291625977,0.9411914275032204,2.527470350265503,nan
anchor,0021,stationary_15,stationary,15.0,False,False,,,ls:150-126112-0035,19.389352798461914,19.467618942260742,0.8273825121490447,3.135855197906494,nan
anchor,0022,stationary_15,stationary,15.0,False,False,,,ls:150-132655-0008,20.1708984375,21.404447555541992,0.952294704594882,3.5642781257629395,nan
anchor,0023,stationary_15,stationary,15.0,False,False,,,cvhi:common_voice_hi_24386150,15.944828987121582,16.63039779663086,0.9903618984798692,2.584393262863159,nan
anchor,0024,stationary_15,stationary,15.0,False,False,,,cvhi:common_voice_hi_26769497,15.798529624938965,16.399824142456055,0.7711085250457258,1.8079643249511719,nan
anchor,0025,stationary_15,stationary,15.0,False,True,,,cvhi:common_voice_hi_27005346,19.562902450561523,21.23263931274414,0.9990260895664251,3.1397171020507812,nan
anchor,0026,stationary_15,stationary,15.0,False,True,,,cvhi:common_voice_hi_25154332,20.095291137695312,20.07135009765625,0.9584460831306633,2.6581408977508545,nan
anchor,0027,stationary_15,stationary,15.0,False,False,,,cvhi:common_voice_hi_24280966,16.935413360595703,16.94699478149414,0.9820278078049436,2.7418324947357178,nan
anchor,0028,stationary_15,stationary,15.0,False,False,,,cvhi:common_voice_hi_24226287,17.897729873657227,18.13657569885254,0.9759116826189727,2.6173431873321533,nan
anchor,0029,stationary_15,stationary,15.0,False,True,,,cvhi:common_voice_hi_24228424,17.332433700561523,17.254043579101562,0.9837961998122986,2.471425771713257,nan
anchor,0030,stationary_15,stationary,15.0,True,False,,,cvhi:common_voice_hi_26769512,13.894571304321289,14.246660232543945,0.7526318371604024,1.632948637008667,nan
anchor,0031,stationary_15,stationary,15.0,True,False,,,ls:150-126112-0021,18.866641998291016,18.845964431762695,0.843369754348093,3.1880147457122803,nan
anchor,0032,stationary_15,stationary,15.0,False,False,,,cvhi:common_voice_hi_27945022,16.39630699157715,16.526090621948242,0.9779079166308933,2.5947787761688232,nan
anchor,0033,stationary_15,stationary,15.0,False,False,,,cvhi:common_voice_hi_24427693,15.186077117919922,15.720335006713867,0.962737811843385,1.9674427509307861,nan
anchor,0034,stationary_15,stationary,15.0,False,False,,,ls:150-126112-0009,20.99321746826172,21.07614517211914,0.7201943986525113,3.2931618690490723,nan
anchor,0035,stationary_15,stationary,15.0,False,False,,,ls:226-122538-0034,18.795940399169922,18.9389591217041,0.9098099122579163,3.147592306137085,nan
anchor,0036,stationary_15,stationary,15.0,False,False,,,cvhi:common_voice_hi_26008914,17.919260025024414,18.398822784423828,0.9657076030507252,2.9390318393707275,nan
anchor,0037,stationary_15,stationary,15.0,False,False,,,ls:1263-139804-0020,18.950408935546875,19.02541732788086,0.9920729386683595,3.022334575653076,nan
anchor,0038,stationary_15,stationary,15.0,False,False,,,cvhi:common_voice_hi_30527197,19.86217498779297,20.519426345825195,0.9910351043175548,2.9661223888397217,nan
anchor,0039,stationary_15,stationary,15.0,False,False,,,cvhi:common_voice_hi_24261968,18.804641723632812,18.750579833984375,0.9108159427438196,2.590169668197632,nan
anchor,0000,stationary_5,stationary,5.0,False,False,,,ls:1898-145702-0009,11.825693130493164,11.553143501281738,0.8818306102384712,1.9173436164855957,nan
anchor,0001,stationary_5,stationary,5.0,False,False,,,ls:226-122538-0024,10.80594253540039,10.559370040893555,0.8397176998056683,1.7799328565597534,nan
anchor,0002,stationary_5,stationary,5.0,False,False,,,ls:1263-139804-0020,11.535844802856445,11.222123146057129,0.937358123494631,2.426417827606201,nan
anchor,0003,stationary_5,stationary,5.0,False,False,,,ls:1263-139804-0017,10.46048355102539,10.128202438354492,0.9142114594252071,1.9345897436141968,nan
anchor,0004,stationary_5,stationary,5.0,False,False,,,cvhi:common_voice_hi_25948424,10.130654335021973,9.777105331420898,0.9143358284708043,1.7693843841552734,nan
anchor,0005,stationary_5,stationary,5.0,False,False,,,ls:1898-145715-0008,18.038856506347656,18.025232315063477,0.9899625576249654,4.184557914733887,nan
anchor,0006,stationary_5,stationary,5.0,False,False,,,cvhi:common_voice_hi_27005392,9.973954200744629,9.601341247558594,0.9327018535284883,1.8843178749084473,nan
anchor,0007,stationary_5,stationary,5.0,False,False,,,cvhi:common_voice_hi_25323047,9.530359268188477,9.023446083068848,0.911233573194428,1.8078081607818604,nan
anchor,0008,stationary_5,stationary,5.0,True,False,,,cvhi:common_voice_hi_24782654,11.560914993286133,11.365242004394531,0.876665708318429,1.5493793487548828,nan
anchor,0009,stationary_5,stationary,5.0,False,False,,,cvhi:common_voice_hi_25154396,15.75501537322998,16.122005462646484,0.8904506641409167,2.0429210662841797,nan
anchor,0010,stationary_5,stationary,5.0,False,False,,,cvhi:common_voice_hi_24225553,16.077817916870117,16.043418884277344,0.9726791187161237,2.3945562839508057,nan
anchor,0011,stationary_5,stationary,5.0,False,False,,,cvhi:common_voice_hi_25154420,14.569865226745605,15.047884941101074,0.8949837696743327,2.220395803451538,nan
anchor,0012,stationary_5,stationary,5.0,False,False,,,ls:150-126107-0002,15.13817024230957,15.04277229309082,0.7555941620963562,2.5774848461151123,nan
anchor,0013,stationary_5,stationary,5.0,True,False,,,ls:226-131532-0002,14.530705451965332,14.385080337524414,0.9436858595424534,2.7219440937042236,nan
anchor,0014,stationary_5,stationary,5.0,False,False,,,cvhi:common_voice_hi_27005208,11.670304298400879,11.401829719543457,0.9203169287956315,2.037770986557007,nan
anchor,0015,stationary_5,stationary,5.0,False,False,,,cvhi:common_voice_hi_30527199,13.244633674621582,13.042757034301758,0.9317957678523453,1.8769025802612305,nan
anchor,0016,stationary_5,stationary,5.0,False,False,,,ls:1898-145724-0003,14.31942081451416,14.1579008102417,0.8828098058007835,2.3889997005462646,nan
anchor,0017,stationary_5,stationary,5.0,False,False,,,cvhi:common_voice_hi_25948398,14.934653282165527,15.131417274475098,0.9468605510773758,1.75285005569458,nan
anchor,0018,stationary_5,stationary,5.0,False,False,,,cvhi:common_voice_hi_26007795,19.391277313232422,20.15688705444336,0.9851165469631437,3.216552972793579,nan
anchor,0019,stationary_5,stationary,5.0,False,False,,,ls:1263-138246-0027,15.890780448913574,15.807570457458496,0.9755106493764072,2.7540411949157715,nan
anchor,0020,stationary_5,stationary,5.0,False,False,,,cvhi:common_voice_hi_24386306,13.000842094421387,13.422331809997559,0.9404344006493376,2.430046796798706,nan
anchor,0021,stationary_5,stationary,5.0,True,False,,,cvhi:common_voice_hi_27005637,10.575931549072266,10.254607200622559,0.9107978636174241,1.5218939781188965,nan
anchor,0022,stationary_5,stationary,5.0,True,False,,,cvhi:common_voice_hi_24427374,10.469998359680176,10.470312118530273,0.7828191228595599,1.7456715106964111,nan
anchor,0023,stationary_5,stationary,5.0,False,False,,,cvhi:common_voice_hi_24280938,10.55169677734375,10.159019470214844,0.9493229350842697,2.0797970294952393,nan
anchor,0024,stationary_5,stationary,5.0,False,False,,,cvhi:common_voice_hi_24759076,21.232280731201172,21.55002212524414,0.9907246906254006,3.3164100646972656,nan
anchor,0025,stationary_5,stationary,5.0,False,False,,,cvhi:common_voice_hi_25323108,9.96691608428955,9.528841972351074,0.8168519530709185,1.6902329921722412,nan
anchor,0026,stationary_5,stationary,5.0,True,False,,,ls:1898-145715-0021,18.36675262451172,19.247800827026367,0.994200863166522,4.284939289093018,nan
anchor,0027,stationary_5,stationary,5.0,False,True,,,cvhi:common_voice_hi_25473145,11.652382850646973,11.423606872558594,0.8809779788511446,2.1837775707244873,nan
anchor,0028,stationary_5,stationary,5.0,False,False,,,cvhi:common_voice_hi_27005430,9.698552131652832,9.845791816711426,0.9353282412257387,1.584946632385254,nan
anchor,0029,stationary_5,stationary,5.0,False,False,,,cvhi:common_voice_hi_40339887,12.79830551147461,13.009587287902832,0.9355405476997689,1.8382240533828735,nan
anchor,0030,stationary_5,stationary,5.0,False,False,,,ls:1898-145724-0033,13.64983081817627,13.494563102722168,0.9201497040659529,2.290282964706421,nan
anchor,0031,stationary_5,stationary,5.0,False,False,,,cvhi:common_voice_hi_27005245,12.276237487792969,12.176570892333984,0.9527534763225721,2.4721240997314453,nan
anchor,0032,stationary_5,stationary,5.0,False,False,,,ls:1898-145720-0003,11.014383316040039,11.028962135314941,0.8737939262798325,2.015167236328125,nan
anchor,0033,stationary_5,stationary,5.0,False,False,,,cvhi:common_voice_hi_24782656,12.068380355834961,11.993552207946777,0.7825717457728673,1.4750224351882935,nan
anchor,0034,stationary_5,stationary,5.0,False,False,,,ls:1898-145715-0040,11.862672805786133,11.665301322937012,0.7414742307326684,1.5572924613952637,nan
anchor,0035,stationary_5,stationary,5.0,False,False,,,cvhi:common_voice_hi_24759286,12.906342506408691,12.699446678161621,0.9080248842165313,2.4401397705078125,nan
anchor,0036,stationary_5,stationary,5.0,False,False,,,cvhi:common_voice_hi_24782654,8.880636215209961,8.282482147216797,0.9172114143662642,1.8424241542816162,nan
anchor,0037,stationary_5,stationary,5.0,False,False,,,cvhi:common_voice_hi_24759434,11.020952224731445,10.708810806274414,0.9573828040489485,1.6963014602661133,nan
anchor,0038,stationary_5,stationary,5.0,False,False,,,cvhi:common_voice_hi_24759522,11.585517883300781,11.361127853393555,0.9200028324342489,1.7116186618804932,nan
anchor,0039,stationary_5,stationary,5.0,False,False,,,cvhi:common_voice_hi_24782741,11.058465003967285,10.894070625305176,0.8175578919513443,1.3827664852142334,nan
