system,id,bucket,noise_class,snr_in,clipped,ref_dropout,impulse_peak_db,fault,speech_source,snr_out,si_sdr,stoi,pesq_wb,recovery_s
gf0.70_nb1.5,0000,changing_-10,changing,-10.0,False,False,,,cvhi:common_voice_hi_24758653,10.371743202209473,9.993492126464844,0.9381587497624548,1.6512916088104248,nan
gf0.70_nb1.5,0001,changing_-10,changing,-10.0,False,False,,,cvhi:common_voice_hi_24510980,20.519718170166016,20.822742462158203,0.9862097143031968,3.66263747215271,nan
gf0.70_nb1.5,0002,changing_-10,changing,-10.0,False,False,,,cvhi:common_voice_hi_26687145,6.590887069702148,5.600069999694824,0.8243794674902223,1.2943979501724243,nan
gf0.70_nb1.5,0003,changing_-10,changing,-10.0,True,False,,,cvhi:common_voice_hi_27383943,4.985849380493164,3.3447721004486084,0.7803415123881556,1.4232935905456543,nan
gf0.70_nb1.5,0004,changing_-10,changing,-10.0,False,False,,,ls:150-126107-0028,7.267599582672119,7.025384426116943,0.8316363448187086,1.6145038604736328,nan
gf0.70_nb1.5,0005,changing_-10,changing,-10.0,True,False,,,ls:150-132655-0028,6.054165840148926,4.889090061187744,0.7737603042492129,1.3039281368255615,nan
gf0.70_nb1.5,0006,changing_-10,changing,-10.0,False,False,,,cvhi:common_voice_hi_25948419,5.886628150939941,4.665581703186035,0.8279115910253818,1.418771743774414,nan
gf0.70_nb1.5,0007,changing_-10,changing,-10.0,False,False,,,cvhi:common_voice_hi_26007582,13.087544441223145,13.444400787353516,0.9474027596026282,1.8920111656188965,nan
gf0.70_nb1.5,0008,changing_-10,changing,-10.0,False,False,,,ls:1263-139804-0025,5.515744209289551,4.148662567138672,0.7261387185578528,1.2032955884933472,nan
gf0.70_nb1.5,0009,changing_-10,changing,-10.0,False,True,,,cvhi:common_voice_hi_24782656,3.5162365436553955,1.0564444065093994,0.6622468720032408,1.1938831806182861,nan
gf0.70_nb1.5,0010,changing_-10,changing,-10.0,False,True,,,cvhi:common_voice_hi_27005244,7.070850372314453,6.122116565704346,0.8786961100185754,2.2709431648254395,nan
gf0.70_nb1.5,0011,changing_-10,changing,-10.0,False,False,,,cvhi:common_voice_hi_24386849,9.541284561157227,9.148992538452148,0.8321897810421504,1.6549816131591797,nan
gf0.70_nb1.5,0012,changing_-10,changing,-10.0,False,False,,,cvhi:common_voice_hi_24228493,11.825582504272461,11.841845512390137,0.9500948470898694,2.9213454723358154,nan
gf0.70_nb1.5,0013,changing_-10,changing,-10.0,False,False,,,cvhi:common_voice_hi_26008620,14.36442756652832,14.914273262023926,0.83426909451249,1.9614384174346924,nan
gf0.70_nb1.5,0014,changing_-10,changing,-10.0,False,False,,,ls:1263-139804-0021,13.900053024291992,14.477962493896484,0.9657037385873353,2.492180109024048,nan
gf0.70_nb1.5,0015,changing_-10,changing,-10.0,False,False,,,cvhi:common_voice_hi_27005397,9.642568588256836,9.19521713256836,0.8951859993305976,1.3064662218093872,nan
gf0.70_nb1.5,0016,changing_-10,changing,-10.0,False,False,,,cvhi:common_voice_hi_24759380,12.944616317749023,12.718631744384766,0.9538094176225808,1.993408203125,nan
gf0.70_nb1.5,0017,changing_-10,changing,-10.0,False,False,,,cvhi:common_voice_hi_27149958,8.331161499023438,7.7588958740234375,0.8436851618059048,1.408228874206543,nan
gf0.70_nb1.5,0018,changing_-10,changing,-10.0,False,False,,,cvhi:common_voice_hi_25180517,7.762083053588867,6.968276023864746,0.6774185669302654,1.284142255783081,nan
gf0.70_nb1.5,0019,changing_-10,changing,-10.0,False,False,,,cvhi:common_voice_hi_24759304,7.565993785858154,6.7481689453125,0.7792838320876101,1.6484743356704712,nan
gf0.70_nb1.5,0020,changing_-10,changing,-10.0,False,False,,,cvhi:common_voice_hi_26007743,7.505050182342529,6.986964225769043,0.8409146802472695,1.5120317935943604,nan
gf0.70_nb1.5,0021,changing_-10,changing,-10.0,True,False,,,cvhi:common_voice_hi_27005461,5.5219244956970215,4.1143341064453125,0.7050933610737758,1.1217021942138672,nan
gf0.70_nb1.5,0022,changing_-10,changing,-10.0,False,False,,,cvhi:common_voice_hi_24258355,7.675456523895264,7.335502624511719,0.7914398516070076,1.2806111574172974,nan
gf0.70_nb1.5,0023,changing_-10,changing,-10.0,False,False,,,cvhi:common_voice_hi_24386565,12.66025447845459,12.823652267456055,0.7710254965895381,1.4267605543136597,nan
gf0.70_nb1.5,0024,changing_-10,changing,-10.0,False,False,,,cvhi:common_voice_hi_25154335,16.41067886352539,16.679712295532227,0.837653922304258,1.4320026636123657,nan
gf0.70_nb1.5,0025,changing_-10,changing,-10.0,False,False,,,cvhi:common_voice_hi_25473109,3.7846274375915527,1.4428926706314087,0.655450888278147,1.2459721565246582,nan
gf0.70_nb1.5,0026,changing_-10,changing,-10.0,False,False,,,ls:1263-138246-0015,13.059431076049805,13.125097274780273,0.9654589836817397,2.6628267765045166,nan
gf0.70_nb1.5,0027,changing_-10,changing,-10.0,False,False,,,ls:1898-145720-0001,3.718620777130127,1.3337008953094482,0.6883386342505099,1.1322413682937622,nan
gf0.70_nb1.5,0028,changing_-10,changing,-10.0,True,False,,,cvhi:common_voice_hi_24782650,11.37855052947998,11.405644416809082,0.8307926583087464,1.7263330221176147,nan
gf0.70_nb1.5,0029,changing_-10,changing,-10.0,False,False,,,cvhi:common_voice_hi_26007863,4.971052169799805,3.309553623199463,0.7258022247403006,1.2159740924835205,nan
gf0.70_nb1.5,0030,changing_-10,changing,-10.0,False,False,,,ls:1263-138246-0021,6.079174041748047,5.133566856384277,0.7950951024860609,1.3048183917999268,nan
gf0.70_nb1.5,0031,changing_-10,changing,-10.0,False,False,,,cvhi:common_voice_hi_27005577,3.5789010524749756,1.0799404382705688,0.7443683253808854,1.232894778251648,nan
gf0.70_nb1.5,0032,changing_-10,changing,-10.0,False,False,,,cvhi:common_voice_hi_26967982,8.353094100952148,7.739134311676025,0.8002310501247363,1.384104609489441,nan
gf0.70_nb1.5,0033,changing_-10,changing,-10.0,False,False,,,cvhi:common_voice_hi_25154411,4.785105228424072,3.0311279296875,0.6885278522389534,1.246983528137207,nan
gf0.70_nb1.5,0034,changing_-10,changing,-10.0,False,False,,,cvhi:common_voice_hi_27005346,13.255708694458008,15.198247909545898,0.9862182094407482,3.1217997074127197,nan
gf0.70_nb1.5,0035,changing_-10,changing,-10.0,False,False,,,cvhi:common_voice_hi_24510981,12.709024429321289,13.228373527526855,0.9261877890796881,2.1581363677978516,nan
gf0.70_nb1.5,0036,changing_-10,changing,-10.0,False,False,,,ls:1263-141777-0027,5.890125274658203,4.604856014251709,0.8105366789871893,1.2178205251693726,nan
gf0.70_nb1.5,0037,changing_-10,changing,-10.0,False,False,,,ls:1898-145715-0025,5.694401741027832,4.3665642738342285,0.764703607070133,1.292548418045044,nan
gf0.70_nb1.5,0038,changing_-10,changing,-10.0,False,False,,,ls:1898-145724-0031,6.392956256866455,5.287026405334473,0.6979215704909459,1.2998541593551636,nan
gf0.70_nb1.5,0039,changing_-10,changing,-10.0,False,False,,,cvhi:common_voice_hi_26967680,7.537143707275391,6.744322776794434,0.8279345300573926,1.2759813070297241,nan
gf0.70_nb1.5,0000,changing_-5,changing,-5.0,False,False,,,cvhi:common_voice_hi_26007733,9.456491470336914,8.942789077758789,0.9004686537700803,1.9509778022766113,nan
gf0.70_nb1.5,0001,changing_-5,changing,-5.0,False,True,,,cvhi:common_voice_hi_25128215,8.609296798706055,8.104511260986328,0.8494184521872984,1.3617879152297974,nan
gf0.70_nb1.5,0002,changing_-5,changing,-5.0,False,False,,,cvhi:common_voice_hi_27005258,10.055240631103516,9.703763008117676,0.922443959378997,2.233320951461792,nan
gf0.70_nb1.5,0003,changing_-5,changing,-5.0,False,False,,,cvhi:common_voice_hi_26008936,9.776001930236816,9.402948379516602,0.6990924149616132,1.4534313678741455,nan
gf0.70_nb1.5,0004,changing_-5,changing,-5.0,False,False,,,cvhi:common_voice_hi_27005196,14.678817749023438,15.028400421142578,0.9263273064288045,2.520983934402466,nan
gf0.70_nb1.5,0005,changing_-5,changing,-5.0,False,True,,,cvhi:common_voice_hi_27122900,6.051848411560059,4.847784996032715,0.8229399360764037,1.5679035186767578,nan
gf0.70_nb1.5,0006,changing_-5,changing,-5.0,False,False,,,ls:1263-138246-0004,11.546403884887695,11.650699615478516,0.9201800631116064,1.9346593618392944,nan
gf0.70_nb1.5,0007,changing_-5,changing,-5.0,False,True,,,cvhi:common_voice_hi_24228329,8.830972671508789,8.42448902130127,0.8840201136768194,1.5101680755615234,nan
gf0.70_nb1.5,0008,changing_-5,changing,-5.0,False,False,,,ls:150-126107-0002,15.122037887573242,14.99752140045166,0.9134289501829576,3.5105082988739014,nan
gf0.70_nb1.5,0009,changing_-5,changing,-5.0,False,False,,,ls:150-126107-0007,8.942460060119629,8.433435440063477,0.8925939440963275,1.7460284233093262,nan
gf0.70_nb1.5,0010,changing_-5,changing,-5.0,False,False,,,cvhi:common_voice_hi_24758673,16.894933700561523,17.68814468383789,0.9881512184018594,2.74247145652771,nan
gf0.70_nb1.5,0011,changing_-5,changing,-5.0,False,False,,,ls:226-131533-0019,7.318938255310059,6.501098155975342,0.8061114667337762,1.2219817638397217,nan
gf0.70_nb1.5,0012,changing_-5,changing,-5.0,False,False,,,cvhi:common_voice_hi_24759344,13.174814224243164,13.01315689086914,0.9354822943773281,2.2507433891296387,nan
gf0.70_nb1.5,0013,changing_-5,changing,-5.0,False,False,,,ls:226-131532-0012,11.406763076782227,11.467257499694824,0.9473992994318182,2.833115577697754,nan
gf0.70_nb1.5,0014,changing_-5,changing,-5.0,False,False,,,ls:1898-145724-0027,14.501110076904297,14.855886459350586,0.9028997561619089,2.4244589805603027,nan
gf0.70_nb1.5,0015,changing_-5,changing,-5.0,True,False,,,ls:1898-145724-0021,9.498223304748535,9.29282283782959,0.874092805241493,1.846815586090088,nan
gf0.70_nb1.5,0016,changing_-5,changing,-5.0,False,False,,,cvhi:common_voice_hi_27005575,8.866961479187012,8.343242645263672,0.7857076904993774,1.7715916633605957,nan
gf0.70_nb1.5,0017,changing_-5,changing,-5.0,False,False,,,cvhi:common_voice_hi_24758709,13.772335052490234,14.378654479980469,0.9772833817513507,3.5760819911956787,nan
gf0.70_nb1.5,0018,changing_-5,changing,-5.0,False,False,,,cvhi:common_voice_hi_24258353,10.612906455993652,10.222396850585938,0.9459830184200216,1.75779128074646,nan
gf0.70_nb1.5,0019,changing_-5,changing,-5.0,False,False,,,cvhi:common_voice_hi_24225591,10.82135009765625,10.814360618591309,0.9303820676997758,1.5115809440612793,nan
gf0.70_nb1.5,0020,changing_-5,changing,-5.0,False,False,,,ls:226-122538-0030,9.09847640991211,8.758840560913086,0.8490696534017297,1.37266206741333,nan
gf0.70_nb1.5,0021,changing_-5,changing,-5.0,False,False,,,cvhi:common_voice_hi_24225595,18.877666473388672,18.950651168823242,0.9930454712425156,3.386141061782837,nan
gf0.70_nb1.5,0022,changing_-5,changing,-5.0,True,False,,,cvhi:common_voice_hi_24225591,3.708160400390625,1.7604821920394897,0.7987921683568705,1.222673773765564,nan
gf0.70_nb1.5,0023,changing_-5,changing,-5.0,False,False,,,ls:1263-138246-0030,12.559402465820312,12.397768020629883,0.9659621557503143,2.6521546840667725,nan
gf0.70_nb1.5,0024,changing_-5,changing,-5.0,False,False,,,ls:1263-139804-0004,14.430131912231445,14.277291297912598,0.9735452536086705,2.7278339862823486,nan
gf0.70_nb1.5,0025,changing_-5,changing,-5.0,False,False,,,ls:150-126112-0036,7.727904319763184,7.107629299163818,0.7765682397328932,1.3165643215179443,nan
gf0.70_nb1.5,0026,changing_-5,changing,-5.0,False,False,,,cvhi:common_voice_hi_24510963,11.377077102661133,11.159544944763184,0.8119507050729737,1.666390299797058,nan
gf0.70_nb1.5,0027,changing_-5,changing,-5.0,False,False,,,cvhi:common_voice_hi_24258336,10.868488311767578,10.661969184875488,0.8707257932894681,1.8859541416168213,nan
gf0.70_nb1.5,0028,changing_-5,changing,-5.0,False,False,,,cvhi:common_voice_hi_24427338,7.31002140045166,6.495873928070068,0.7355752083272118,1.4083606004714966,nan
gf0.70_nb1.5,0029,changing_-5,changing,-5.0,False,False,,,ls:150-126107-0005,10.319371223449707,10.549711227416992,0.8044560766924621,1.5269873142242432,nan
gf0.70_nb1.5,0030,changing_-5,changing,-5.0,False,True,,,cvhi:common_voice_hi_23964485,14.313868522644043,14.299506187438965,0.9596970202894206,2.6513593196868896,nan
gf0.70_nb1.5,0031,changing_-5,changing,-5.0,False,False,,,cvhi:common_voice_hi_24386190,10.160663604736328,10.107707023620605,0.916757842318275,2.6492226123809814,nan
gf0.70_nb1.5,0032,changing_-5,changing,-5.0,False,False,,,ls:226-131533-0026,8.11181926727295,7.393350601196289,0.7404454175225295,1.4400055408477783,nan
gf0.70_nb1.5,0033,changing_-5,changing,-5.0,False,False,,,cvhi:common_voice_hi_25323039,10.404285430908203,10.083559036254883,0.8459164611456058,1.359511137008667,nan
gf0.70_nb1.5,0034,changing_-5,changing,-5.0,False,False,,,ls:150-126112-0008,8.107763290405273,8.177657127380371,0.8993247997375817,2.0391852855682373,nan
gf0.70_nb1.5,0035,changing_-5,changing,-5.0,False,False,,,cvhi:common_voice_hi_25154422,25.679235458374023,26.07183074951172,0.9894320383851816,2.684887647628784,nan
gf0.70_nb1.5,0036,changing_-5,changing,-5.0,False,False,,,cvhi:common_voice_hi_31389187,17.837528228759766,17.842247009277344,0.9705601616141684,2.3601746559143066,nan
gf0.70_nb1.5,0037,changing_-5,changing,-5.0,False,False,,,cvhi:common_voice_hi_27005253,9.194405555725098,8.707612991333008,0.9012885190621761,1.5950605869293213,nan
gf0.70_nb1.5,0038,changing_-5,changing,-5.0,False,False,,,cvhi:common_voice_hi_24258350,14.549875259399414,14.650033950805664,0.9659153802635368,2.8943440914154053,nan
gf0.70_nb1.5,0039,changing_-5,changing,-5.0,False,False,,,cvhi:common_voice_hi_26007611,13.003189086914062,13.135589599609375,0.951000567085752,2.338524103164673,nan
gf0.70_nb1.5,0000,changing_0,changing,0.0,False,False,,,cvhi:common_voice_hi_27005266,10.243444442749023,10.182369232177734,0.9593150938023488,2.414149045944214,nan
gf0.70_nb1.5,0001,changing_0,changing,0.0,False,False,,,cvhi:common_voice_hi_25154384,12.922203063964844,13.067683219909668,0.8759054853006754,1.9460968971252441,nan
gf0.70_nb1.5,0002,changing_0,changing,0.0,False,False,,,ls:1898-145715-0025,6.832565784454346,6.6718668937683105,0.8711081844087063,2.995756149291992,nan
gf0.70_nb1.5,0003,changing_0,changing,0.0,False,False,,,cvhi:common_voice_hi_24758673,19.71877098083496,20.365222930908203,0.9897195050490432,3.1534550189971924,nan
gf0.70_nb1.5,0004,changing_0,changing,0.0,False,False,,,cvhi:common_voice_hi_24386655,23.055753707885742,23.22665786743164,0.9928236604385501,4.173593521118164,nan
gf0.70_nb1.5,0005,changing_0,changing,0.0,False,True,,,cvhi:common_voice_hi_26968413,11.559109687805176,11.693181991577148,0.9125401775855412,2.0241808891296387,nan
gf0.70_nb1.5,0006,changing_0,changing,0.0,False,True,,,cvhi:common_voice_hi_25170187,3.979228973388672,1.9761382341384888,0.7027465948957796,1.3128447532653809,nan
gf0.70_nb1.5,0007,changing_0,changing,0.0,False,False,,,cvhi:common_voice_hi_24228514,10.937409400939941,10.577945709228516,0.7683479000118287,1.7774512767791748,nan
gf0.70_nb1.5,0008,changing_0,changing,0.0,False,False,,,cvhi:common_voice_hi_24759098,14.853257179260254,14.74582576751709,0.9562703588648275,2.2872817516326904,nan
gf0.70_nb1.5,0009,changing_0,changing,0.0,False,False,,,cvhi:common_voice_hi_26008937,13.476762771606445,13.364608764648438,0.9608170527821572,2.8788039684295654,nan
gf0.70_nb1.5,0010,changing_0,changing,0.0,False,False,,,cvhi:common_voice_hi_24228363,10.013772964477539,9.617280006408691,0.9134959874436724,1.5171117782592773,nan
gf0.70_nb1.5,0011,changing_0,changing,0.0,False,False,,,ls:150-126107-0007,9.887357711791992,9.617691993713379,0.9093780934071843,2.9865031242370605,nan
gf0.70_nb1.5,0012,changing_0,changing,0.0,False,False,,,ls:226-131533-0017,18.48432159423828,18.456266403198242,0.8757713799555134,3.3720760345458984,nan
gf0.70_nb1.5,0013,changing_0,changing,0.0,True,False,,,cvhi:common_voice_hi_24228578,14.626691818237305,14.650293350219727,0.9541785668147315,3.002291440963745,nan
gf0.70_nb1.5,0014,changing_0,changing,0.0,False,False,,,ls:226-131532-0016,13.093917846679688,13.403108596801758,0.9341920357103372,2.7190747261047363,nan
gf0.70_nb1.5,0015,changing_0,changing,0.0,False,False,,,cvhi:common_voice_hi_27005429,9.709223747253418,9.709465026855469,0.887321738286018,1.3707656860351562,nan
gf0.70_nb1.5,0016,changing_0,changing,0.0,True,False,,,cvhi:common_voice_hi_24427694,14.99445915222168,14.889419555664062,0.9445845870814978,2.185539484024048,nan
gf0.70_nb1.5,0017,changing_0,changing,0.0,False,False,,,cvhi:common_voice_hi_24782713,17.109821319580078,17.18842124938965,0.9393777778141076,1.9717445373535156,nan
gf0.70_nb1.5,0018,changing_0,changing,0.0,False,False,,,cvhi:common_voice_hi_26007832,22.175233840942383,23.731460571289062,0.9972738259862548,3.6341519355773926,nan
gf0.70_nb1.5,0019,changing_0,changing,0.0,False,False,,,cvhi:common_voice_hi_27944989,10.500350952148438,10.124105453491211,0.8342411741239761,1.6925874948501587,nan
gf0.70_nb1.5,0020,changing_0,changing,0.0,False,False,,,ls:150-126107-0039,13.842416763305664,13.742171287536621,0.964867105425224,2.9977219104766846,nan
gf0.70_nb1.5,0021,changing_0,changing,0.0,False,False,,,cvhi:common_voice_hi_25154354,13.804093360900879,13.681816101074219,0.7394694383924713,1.8032078742980957,nan
gf0.70_nb1.5,0022,changing_0,changing,0.0,False,False,,,cvhi:common_voice_hi_26007760,16.279699325561523,16.225933074951172,0.9802579426108634,3.37441349029541,nan
gf0.70_nb1.5,0023,changing_0,changing,0.0,False,False,,,cvhi:common_voice_hi_25154380,10.094461441040039,9.65247917175293,0.7947787500970394,1.6660488843917847,nan
gf0.70_nb1.5,0024,changing_0,changing,0.0,False,False,,,cvhi:common_voice_hi_23964473,12.869836807250977,13.190688133239746,0.8560266658514223,1.813140630722046,nan
gf0.70_nb1.5,0025,changing_0,changing,0.0,True,False,,,cvhi:common_voice_hi_26968240,9.30944538116455,8.769421577453613,0.813764636439042,1.3678359985351562,nan
gf0.70_nb1.5,0026,changing_0,changing,0.0,False,False,,,cvhi:common_voice_hi_27383943,9.008844375610352,8.663570404052734,0.8377076949926363,1.7505868673324585,nan
gf0.70_nb1.5,0027,changing_0,changing,0.0,False,False,,,cvhi:common_voice_hi_24386323,14.834370613098145,14.692660331726074,0.9927521464784903,3.2823755741119385,nan
gf0.70_nb1.5,0028,changing_0,changing,0.0,False,False,,,cvhi:common_voice_hi_24511001,9.53111457824707,9.905384063720703,0.9106973634755429,1.8362709283828735,nan
gf0.70_nb1.5,0029,changing_0,changing,0.0,False,False,,,cvhi:common_voice_hi_24258404,14.081140518188477,13.912551879882812,0.9725600018353164,2.9157145023345947,nan
gf0.70_nb1.5,0030,changing_0,changing,0.0,False,False,,,cvhi:common_voice_hi_26007723,14.630714416503906,14.490456581115723,0.9789483821354406,2.793874979019165,nan
gf0.70_nb1.5,0031,changing_0,changing,0.0,True,False,,,cvhi:common_voice_hi_25154353,8.895309448242188,9.219584465026855,0.8326919167217987,1.4390664100646973,nan
gf0.70_nb1.5,0032,changing_0,changing,0.0,False,False,,,cvhi:common_voice_hi_24228510,12.195387840270996,11.931305885314941,0.933048985710015,2.1556029319763184,nan
gf0.70_nb1.5,0033,changing_0,changing,0.0,False,False,,,cvhi:common_voice_hi_24427880,15.07535171508789,14.955053329467773,0.8270027598599665,2.0029032230377197,nan
gf0.70_nb1.5,0034,changing_0,changing,0.0,False,False,,,ls:150-132655-0000,16.775758743286133,16.745738983154297,0.9755576748030291,3.216832160949707,nan
gf0.70_nb1.5,0035,changing_0,changing,0.0,False,False,,,cvhi:common_voice_hi_24427484,10.041378021240234,10.232109069824219,0.9422315221789946,2.731720447540283,nan
gf0.70_nb1.5,0036,changing_0,changing,0.0,False,False,,,cvhi:common_voice_hi_26254104,10.416082382202148,10.1350736618042,0.9093635738438486,1.959211826324463,nan
gf0.70_nb1.5,0037,changing_0,changing,0.0,False,False,,,cvhi:common_voice_hi_26008916,12.99415111541748,12.783832550048828,0.9400816399035729,2.2129483222961426,nan
gf0.70_nb1.5,0038,changing_0,changing,0.0,False,False,,,cvhi:common_voice_hi_27005181,12.95623779296875,13.726863861083984,0.8599078047431814,1.750112533569336,nan
gf0.70_nb1.5,0039,changing_0,changing,0.0,False,False,,,cvhi:common_voice_hi_24510973,14.40640640258789,14.304457664489746,0.9398832738816897,2.1805074214935303,nan
gf0.70_nb1.5,0000,changing_10,changing,10.0,False,False,,,ls:150-126112-0027,7.872437953948975,7.231140613555908,0.8772836361657687,2.1155948638916016,nan
gf0.70_nb1.5,0001,changing_10,changing,10.0,False,False,,,cvhi:common_voice_hi_24386852,15.871214866638184,17.484233856201172,0.9819487540781514,3.4507265090942383,nan
gf0.70_nb1.5,0002,changing_10,changing,10.0,False,False,,,ls:1898-145720-0013,16.581790924072266,16.61880874633789,0.9833992432335485,3.6753151416778564,nan
gf0.70_nb1.5,0003,changing_10,changing,10.0,False,True,,,ls:226-122538-0002,21.442951202392578,21.781131744384766,0.988393009987441,4.019911766052246,nan
gf0.70_nb1.5,0004,changing_10,changing,10.0,False,False,,,cvhi:common_voice_hi_24228465,15.580842971801758,15.658568382263184,0.9208031123343545,3.485250234603882,nan
gf0.70_nb1.5,0005,changing_10,changing,10.0,True,False,,,cvhi:common_voice_hi_27944990,15.987663269042969,16.204795837402344,0.9570424161839043,2.53946590423584,nan
gf0.70_nb1.5,0006,changing_10,changing,10.0,False,False,,,cvhi:common_voice_hi_24226287,15.942766189575195,16.105457305908203,0.9631398609234961,2.295396566390991,nan
gf0.70_nb1.5,0007,changing_10,changing,10.0,False,False,,,cvhi:common_voice_hi_24427448,20.770488739013672,22.995195388793945,0.9637358461207467,2.8723878860473633,nan
gf0.70_nb1.5,0008,changing_10,changing,10.0,False,True,,,cvhi:common_voice_hi_24782649,19.40654945373535,22.0911865234375,0.9782020089167651,3.107741117477417,nan
gf0.70_nb1.5,0009,changing_10,changing,10.0,False,False,,,cvhi:common_voice_hi_27005184,14.002657890319824,15.212247848510742,0.9403414717481058,2.4218783378601074,nan
gf0.70_nb1.5,0010,changing_10,changing,10.0,False,False,,,cvhi:common_voice_hi_26007724,13.322571754455566,13.124260902404785,0.9754968330568479,2.717613935470581,nan
gf0.70_nb1.5,0011,changing_10,changing,10.0,False,False,,,cvhi:common_voice_hi_24228379,14.784761428833008,16.224308013916016,0.9674140220696902,2.9818031787872314,nan
gf0.70_nb1.5,0012,changing_10,changing,10.0,False,False,,,cvhi:common_voice_hi_26007725,14.57837963104248,15.752023696899414,0.9791535425188603,2.4239039421081543,nan
gf0.70_nb1.5,0013,changing_10,changing,10.0,False,False,,,cvhi:common_voice_hi_25154379,13.959091186523438,13.86232852935791,0.9695620327130704,2.4082655906677246,nan
gf0.70_nb1.5,0014,changing_10,changing,10.0,False,False,,,cvhi:common_voice_hi_24759495,19.286041259765625,19.591638565063477,0.9956527198933017,3.1376490592956543,nan
gf0.70_nb1.5,0015,changing_10,changing,10.0,True,False,,,ls:226-122538-0029,12.896234512329102,13.085680961608887,0.9422770341697397,2.5296361446380615,nan
gf0.70_nb1.5,0016,changing_10,changing,10.0,False,False,,,cvhi:common_voice_hi_26254103,16.732641220092773,16.945308685302734,0.8454732859278717,2.7303524017333984,nan
gf0.70_nb1.5,0017,changing_10,changing,10.0,False,False,,,cvhi:common_voice_hi_24759434,20.01791000366211,20.18812370300293,0.9952429292179792,3.214456081390381,nan
gf0.70_nb1.5,0018,changing_10,changing,10.0,False,False,,,ls:1263-139804-0028,16.256824493408203,16.155052185058594,0.9779091008548308,2.839461088180542,nan
gf0.70_nb1.5,0019,changing_10,changing,10.0,False,False,,,ls:150-132655-0018,15.619059562683105,15.523164749145508,0.973725260412289,3.16940975189209,nan
gf0.70_nb1.5,0020,changing_10,changing,10.0,False,False,,,cvhi:common_voice_hi_25154438,20.448680877685547,21.176876068115234,0.9315914801461005,2.0393829345703125,nan
gf0.70_nb1.5,0021,changing_10,changing,10.0,True,False,,,ls:226-131533-0030,15.995345115661621,16.207477569580078,0.8985587357630973,1.8267521858215332,nan
gf0.70_nb1.5,0022,changing_10,changing,10.0,False,False,,,ls:1263-139804-0007,12.463635444641113,13.050178527832031,0.984428431253741,2.9558207988739014,nan
gf0.70_nb1.5,0023,changing_10,changing,10.0,False,False,,,ls:1263-139804-0029,15.26272964477539,15.922208786010742,0.9654871281239574,2.8339364528656006,nan
gf0.70_nb1.5,0024,changing_10,changing,10.0,False,False,,,cvhi:common_voice_hi_24228245,5.21712589263916,4.13641357421875,0.9557655843741564,2.48696231842041,nan
gf0.70_nb1.5,0025,changing_10,changing,10.0,False,False,,,cvhi:common_voice_hi_24258325,20.76899528503418,21.92646026611328,0.997640489617066,4.614713191986084,nan
gf0.70_nb1.5,0026,changing_10,changing,10.0,False,False,,,cvhi:common_voice_hi_27005578,17.39691162109375,18.111204147338867,0.9907973997887248,3.425668716430664,nan
gf0.70_nb1.5,0027,changing_10,changing,10.0,False,False,,,cvhi:common_voice_hi_26254077,18.199411392211914,20.57773780822754,0.9819264833245054,3.6366658210754395,nan
gf0.70_nb1.5,0028,changing_10,changing,10.0,True,False,,,cvhi:common_voice_hi_23964473,14.465374946594238,14.518255233764648,0.8872477989956263,1.9289824962615967,nan
gf0.70_nb1.5,0029,changing_10,changing,10.0,False,False,,,ls:150-132655-0019,15.558747291564941,15.786535263061523,0.8871242796483225,3.0667011737823486,nan
gf0.70_nb1.5,0030,changing_10,changing,10.0,False,False,,,cvhi:common_voice_hi_24226416,17.782381057739258,17.71898651123047,0.9539633329572316,2.909285068511963,nan
gf0.70_nb1.5,0031,changing_10,changing,10.0,False,False,,,cvhi:common_voice_hi_26254076,20.854190826416016,20.81976890563965,0.9662449756006054,3.1193995475769043,nan
gf0.70_nb1.5,0032,changing_10,changing,10.0,False,False,,,cvhi:common_voice_hi_24258308,15.88167953491211,15.826221466064453,0.938983342865198,2.000993013381958,nan
gf0.70_nb1.5,0033,changing_10,changing,10.0,False,False,,,cvhi:common_voice_hi_24782737,17.58611297607422,18.359619140625,0.9821604971035913,2.836615562438965,nan
gf0.70_nb1.5,0034,changing_10,changing,10.0,False,False,,,cvhi:common_voice_hi_26008948,16.316497802734375,16.62029266357422,0.8715942244383951,2.3157076835632324,nan
gf0.70_nb1.5,0035,changing_10,changing,10.0,False,False,,,cvhi:common_voice_hi_24258305,12.695473670959473,12.456859588623047,0.9640050694813154,2.5082197189331055,nan
gf0.70_nb1.5,0036,changing_10,changing,10.0,False,True,,,cvhi:common_voice_hi_26007714,15.348384857177734,15.364219665527344,0.9373800375275837,1.9245126247406006,nan
gf0.70_nb1.5,0037,changing_10,changing,10.0,False,True,,,cvhi:common_voice_hi_24386374,18.570350646972656,19.49298095703125,0.9744073777169038,3.1380200386047363,nan
gf0.70_nb1.5,0038,changing_10,changing,10.0,False,False,,,ls:226-131532-0007,17.152429580688477,17.975648880004883,0.9636595304392414,2.9900333881378174,nan
gf0.70_nb1.5,0039,changing_10,changing,10.0,False,False,,,ls:226-122538-0001,16.369436264038086,16.294200897216797,0.9610441496284159,2.812481641769409,nan
gf0.70_nb1.5,0000,changing_15,changing,15.0,False,False,,,cvhi:common_voice_hi_24427371,21.257951736450195,21.38556480407715,0.9427073259603256,3.073354482650757,nan
gf0.70_nb1.5,0001,changing_15,changing,15.0,False,True,,,ls:1263-139804-0018,17.164108276367188,18.24148178100586,0.9804896587740978,3.1951346397399902,nan
gf0.70_nb1.5,0002,changing_15,changing,15.0,False,False,,,cvhi:common_voice_hi_24427465,18.484594345092773,19.239154815673828,0.9532272575888453,3.0826809406280518,nan
gf0.70_nb1.5,0003,changing_15,changing,15.0,False,False,,,cvhi:common_voice_hi_26007736,17.789207458496094,20.317581176757812,0.9863674246342136,3.696425676345825,nan
gf0.70_nb1.5,0004,changing_15,changing,15.0,False,False,,,ls:226-131532-0006,16.437423706054688,16.339981079101562,0.9480165312734561,3.0231857299804688,nan
gf0.70_nb1.5,0005,changing_15,changing,15.0,False,False,,,cvhi:common_voice_hi_24280928,21.869657516479492,21.95935821533203,0.9915161125901071,3.2034285068511963,nan
gf0.70_nb1.5,0006,changing_15,changing,15.0,False,False,,,ls:1263-138246-0019,17.44220542907715,17.400863647460938,0.9885916878321083,3.5232174396514893,nan
gf0.70_nb1.5,0007,changing_15,changing,15.0,False,True,,,cvhi:common_voice_hi_25982636,19.47455406188965,19.90504264831543,0.9522479870672532,2.8421456813812256,nan
gf0.70_nb1.5,0008,changing_15,changing,15.0,False,False,,,cvhi:common_voice_hi_24228569,19.1484432220459,19.154582977294922,0.995245190282268,3.649996280670166,nan
gf0.70_nb1.5,0009,changing_15,changing,15.0,False,False,,,cvhi:common_voice_hi_40355229,14.641868591308594,16.650007247924805,0.9821004324209593,3.015308380126953,nan
gf0.70_nb1.5,0010,changing_15,changing,15.0,False,True,,,cvhi:common_voice_hi_24228143,19.083885192871094,20.366003036499023,0.9906205380026535,3.3523762226104736,nan
gf0.70_nb1.5,0011,changing_15,changing,15.0,False,False,,,cvhi:common_voice_hi_24280943,17.550342559814453,18.33783721923828,0.9796633006928541,3.1075923442840576,nan
gf0.70_nb1.5,0012,changing_15,changing,15.0,False,False,,,cvhi:common_voice_hi_27035762,22.887327194213867,24.147167205810547,0.9543420660011743,3.5482988357543945,nan
gf0.70_nb1.5,0013,changing_15,changing,15.0,False,False,,,cvhi:common_voice_hi_24427319,21.991291046142578,24.385311126708984,0.9846422905478158,3.506296157836914,nan
gf0.70_nb1.5,0014,changing_15,changing,15.0,False,False,,,cvhi:common_voice_hi_24258402,18.789730072021484,20.308799743652344,0.9977983923702491,4.0309977531433105,nan
gf0.70_nb1.5,0015,changing_15,changing,15.0,False,False,,,cvhi:common_voice_hi_25948425,18.227352142333984,18.231006622314453,0.9889782032333483,3.811105966567993,nan
gf0.70_nb1.5,0016,changing_15,changing,15.0,False,False,,,cvhi:common_voice_hi_24782773,22.82508659362793,26.242284774780273,0.9976905408972169,3.886829137802124,nan
gf0.70_nb1.5,0017,changing_15,changing,15.0,False,False,,,cvhi:common_voice_hi_24386789,20.562475204467773,21.2832088470459,0.9889838999473982,2.818138360977173,nan
gf0.70_nb1.5,0018,changing_15,changing,15.0,False,False,,,cvhi:common_voice_hi_24427535,16.303110122680664,19.57683753967285,0.9596673577064124,3.4602062702178955,nan
gf0.70_nb1.5,0019,changing_15,changing,15.0,False,True,,,ls:1898-145715-0049,19.480527877807617,19.63467788696289,0.9864446083414117,2.864427089691162,nan
gf0.70_nb1.5,0020,changing_15,changing,15.0,True,False,,,cvhi:common_voice_hi_27005345,12.582328796386719,13.037736892700195,0.9803202347178681,2.2447946071624756,nan
gf0.70_nb1.5,0021,changing_15,changing,15.0,False,True,,,cvhi:common_voice_hi_27945102,16.847660064697266,17.04194450378418,0.962846935930416,3.0158634185791016,nan
gf0.70_nb1.5,0022,changing_15,changing,15.0,False,False,,,cvhi:common_voice_hi_24258306,19.91716766357422,20.30030059814453,0.9909773376860287,3.404712438583374,nan
gf0.70_nb1.5,0023,changing_15,changing,15.0,False,False,,,cvhi:common_voice_hi_24427415,21.896366119384766,27.999156951904297,0.9801783352243064,3.314375400543213,nan
gf0.70_nb1.5,0024,changing_15,changing,15.0,False,False,,,cvhi:common_voice_hi_25323066,17.9390869140625,20.01877784729004,0.9959630468790474,3.3284757137298584,nan
gf0.70_nb1.5,0025,changing_15,changing,15.0,False,False,,,cvhi:common_voice_hi_27005615,20.85423469543457,21.369815826416016,0.9968841510180562,4.095656394958496,nan
gf0.70_nb1.5,0026,changing_15,changing,15.0,False,False,,,cvhi:common_voice_hi_24228514,20.495128631591797,21.107723236083984,0.8335919500132506,2.8954918384552,nan
gf0.70_nb1.5,0027,changing_15,changing,15.0,False,False,,,ls:1263-138246-0000,15.966195106506348,17.301490783691406,0.9741246776561504,2.804675817489624,nan
gf0.70_nb1.5,0028,changing_15,changing,15.0,False,False,,,cvhi:common_voice_hi_26007626,23.10755157470703,23.09922218322754,0.9824674929065637,3.3849709033966064,nan
gf0.70_nb1.5,0029,changing_15,changing,15.0,False,False,,,cvhi:common_voice_hi_24427750,16.04343032836914,18.280027389526367,0.9401359776404934,2.5273337364196777,nan
gf0.70_nb1.5,0030,changing_15,changing,15.0,False,False,,,cvhi:common_voice_hi_27005461,16.309419631958008,16.784303665161133,0.9828072427955088,3.247838020324707,nan
gf0.70_nb1.5,0031,changing_15,changing,15.0,False,False,,,cvhi:common_voice_hi_24427332,20.61221694946289,20.92086410522461,0.9558664301457004,3.026174545288086,nan
gf0.70_nb1.5,0032,changing_15,changing,15.0,False,False,,,cvhi:common_voice_hi_24258320,20.951026916503906,21.120302200317383,0.9987724768096983,4.0067291259765625,nan
gf0.70_nb1.5,0033,changing_15,changing,15.0,False,False,,,cvhi:common_voice_hi_24427377,20.89815902709961,27.05998420715332,0.9981946981100873,4.297722339630127,nan
gf0.70_nb1.5,0034,changing_15,changing,15.0,False,False,,,ls:226-122538-0012,22.87777328491211,23.528165817260742,0.9982155986328157,4.4770941734313965,nan
gf0.70_nb1.5,0035,changing_15,changing,15.0,False,False,,,ls:1263-141777-0040,18.337297439575195,18.989688873291016,0.9783463503095979,3.262634038925171,nan
gf0.70_nb1.5,0036,changing_15,changing,15.0,False,False,,,ls:1263-139804-0025,16.60521697998047,17.774885177612305,0.9890505171814371,3.372502088546753,nan
gf0.70_nb1.5,0037,changing_15,changing,15.0,False,False,,,cvhi:common_voice_hi_25154358,14.874982833862305,15.188704490661621,0.9579145588074627,2.551666259765625,nan
gf0.70_nb1.5,0038,changing_15,changing,15.0,False,False,,,cvhi:common_voice_hi_24759304,19.131614685058594,20.826065063476562,0.9916279975734541,2.5311405658721924,nan
gf0.70_nb1.5,0039,changing_15,changing,15.0,False,True,,,cvhi:common_voice_hi_26007798,18.33207893371582,20.398714065551758,0.9832457108303779,2.5500495433807373,nan
gf0.70_nb1.5,0000,changing_5,changing,5.0,False,False,,,cvhi:common_voice_hi_24228603,13.644381523132324,14.236706733703613,0.9882713611390973,3.660737991333008,nan
gf0.70_nb1.5,0001,changing_5,changing,5.0,False,False,,,cvhi:common_voice_hi_24427414,23.004711151123047,25.453460693359375,0.9512753729303861,3.6076624393463135,nan
gf0.70_nb1.5,0002,changing_5,changing,5.0,True,False,,,cvhi:common_voice_hi_27005244,12.364700317382812,12.591023445129395,0.9766947693774811,2.8803417682647705,nan
gf0.70_nb1.5,0003,changing_5,changing,5.0,True,False,,,cvhi:common_voice_hi_27005180,12.05933952331543,12.421923637390137,0.8693242979148095,1.7939541339874268,nan
gf0.70_nb1.5,0004,changing_5,changing,5.0,False,False,,,cvhi:common_voice_hi_24258347,14.83005428314209,15.001689910888672,0.9843311564657019,3.074113130569458,nan
gf0.70_nb1.5,0005,changing_5,changing,5.0,False,False,,,cvhi:common_voice_hi_27005264,21.114158630371094,21.801376342773438,0.9946023563245703,3.017441987991333,nan
gf0.70_nb1.5,0006,changing_5,changing,5.0,False,False,,,cvhi:common_voice_hi_25154355,15.265952110290527,17.243364334106445,0.8642498597388808,2.3773956298828125,nan
gf0.70_nb1.5,0007,changing_5,changing,5.0,False,False,,,cvhi:common_voice_hi_40339887,13.33204460144043,13.380773544311523,0.9473195044615376,2.1355254650115967,nan
gf0.70_nb1.5,0008,changing_5,changing,5.0,False,True,,,cvhi:common_voice_hi_26007734,20.553007125854492,21.522823333740234,0.982877028099457,3.218515396118164,nan
gf0.70_nb1.5,0009,changing_5,changing,5.0,False,False,,,ls:226-122538-0032,12.987815856933594,12.764699935913086,0.9153876100393558,2.1075100898742676,nan
gf0.70_nb1.5,0010,changing_5,changing,5.0,False,False,,,cvhi:common_voice_hi_24228463,15.299820899963379,16.748058319091797,0.9729620619346704,3.1366007328033447,nan
gf0.70_nb1.5,0011,changing_5,changing,5.0,False,False,,,cvhi:common_voice_hi_24427337,17.849380493164062,20.430583953857422,0.9536898478096332,3.2518720626831055,nan
gf0.70_nb1.5,0012,changing_5,changing,5.0,False,False,,,cvhi:common_voice_hi_24427339,11.575518608093262,12.079285621643066,0.987110884997009,4.024941921234131,nan
gf0.70_nb1.5,0013,changing_5,changing,5.0,False,False,,,cvhi:common_voice_hi_25982640,15.601882934570312,15.502067565917969,0.9152409529426653,2.0370702743530273,nan
gf0.70_nb1.5,0014,changing_5,changing,5.0,False,False,,,cvhi:common_voice_hi_24228362,8.671554565429688,8.210944175720215,0.9213172537255355,1.4771625995635986,nan
gf0.70_nb1.5,0015,changing_5,changing,5.0,False,False,,,cvhi:common_voice_hi_26007863,12.225393295288086,14.050466537475586,0.9697038506277392,3.0649197101593018,nan
gf0.70_nb1.5,0016,changing_5,changing,5.0,False,False,,,cvhi:common_voice_hi_24386243,9.660263061523438,9.330330848693848,0.8250706993103496,1.6055734157562256,nan
gf0.70_nb1.5,0017,changing_5,changing,5.0,False,False,,,cvhi:common_voice_hi_24782660,14.99245834350586,16.39011573791504,0.92713209565201,3.117997884750366,nan
gf0.70_nb1.5,0018,changing_5,changing,5.0,False,False,,,cvhi:common_voice_hi_26007602,20.396774291992188,20.92435073852539,0.9782984712922569,2.808018922805786,nan
gf0.70_nb1.5,0019,changing_5,changing,5.0,False,False,,,cvhi:common_voice_hi_26687109,18.218280792236328,18.159854888916016,0.9592532134926669,2.9355947971343994,nan
gf0.70_nb1.5,0020,changing_5,changing,5.0,False,False,,,cvhi:common_voice_hi_27639380,13.726366996765137,13.541887283325195,0.8167849288796097,2.22917103767395,nan
gf0.70_nb1.5,0021,changing_5,changing,5.0,False,False,,,cvhi:common_voice_hi_24225492,15.067808151245117,15.901538848876953,0.9243244318653545,1.8972654342651367,nan
gf0.70_nb1.5,0022,changing_5,changing,5.0,False,False,,,cvhi:common_voice_hi_24228494,18.476430892944336,18.431011199951172,0.9778079693624638,2.046245574951172,nan
gf0.70_nb1.5,0023,changing_5,changing,5.0,False,False,,,ls:1263-141777-0037,13.412928581237793,13.211302757263184,0.9590021337357086,1.865108609199524,nan
gf0.70_nb1.5,0024,changing_5,changing,5.0,False,False,,,cvhi:common_voice_hi_26253999,12.488224029541016,12.240772247314453,0.933970487004067,2.16009783744812,nan
gf0.70_nb1.5,0025,changing_5,changing,5.0,True,False,,,ls:226-131533-0015,13.786386489868164,13.616318702697754,0.7411911617342456,2.3324124813079834,nan
gf0.70_nb1.5,0026,changing_5,changing,5.0,False,False,,,ls:1263-141777-0017,18.100933074951172,18.388538360595703,0.9951504140134092,3.8579397201538086,nan
gf0.70_nb1.5,0027,changing_5,changing,5.0,False,False,,,cvhi:common_voice_hi_27005253,12.140600204467773,11.970290184020996,0.9592566008434001,2.3134663105010986,nan
gf0.70_nb1.5,0028,changing_5,changing,5.0,False,False,,,cvhi:common_voice_hi_24427415,22.19586944580078,22.48969268798828,0.9229488705828487,3.1183974742889404,nan
gf0.70_nb1.5,0029,changing_5,changing,5.0,True,True,,,cvhi:common_voice_hi_24258377,15.402717590332031,17.524864196777344,0.9797227761125425,3.0543627738952637,nan
gf0.70_nb1.5,0030,changing_5,changing,5.0,False,False,,,cvhi:common_voice_hi_24258382,18.389446258544922,18.85638427734375,0.9711971072338026,2.663994073867798,nan
gf0.70_nb1.5,0031,changing_5,changing,5.0,False,False,,,cvhi:common_voice_hi_23844538,16.226051330566406,16.411985397338867,0.9202686238878414,2.753117322921753,nan
gf0.70_nb1.5,0032,changing_5,changing,5.0,False,False,,,ls:1263-138246-0015,12.964435577392578,13.560112953186035,0.9638979448784696,2.699887275695801,nan
gf0.70_nb1.5,0033,changing_5,changing,5.0,False,False,,,cvhi:common_voice_hi_25154399,18.42218589782715,18.92022132873535,0.9519199824615676,3.016558885574341,nan
gf0.70_nb1.5,0034,changing_5,changing,5.0,False,False,,,cvhi:common_voice_hi_26007651,14.293514251708984,14.591070175170898,0.9624611432544324,2.052426815032959,nan
gf0.70_nb1.5,0035,changing_5,changing,5.0,False,True,,,cvhi:common_voice_hi_25154362,22.384300231933594,23.108434677124023,0.9929940201719969,3.240266799926758,nan
gf0.70_nb1.5,0036,changing_5,changing,5.0,True,False,,,ls:1263-141777-0019,17.369997024536133,17.38699722290039,0.9826074269699249,2.9387011528015137,nan
gf0.70_nb1.5,0037,changing_5,changing,5.0,False,False,,,cvhi:common_voice_hi_24759459,26.997760772705078,27.438732147216797,0.9939514578173733,4.187203407287598,nan
gf0.70_nb1.5,0038,changing_5,changing,5.0,False,False,,,ls:150-126107-0015,13.908549308776855,13.83726692199707,0.9025478416475727,2.6970202922821045,nan
gf0.70_nb1.5,0039,changing_5,changing,5.0,False,False,,,ls:150-126107-0040,11.553033828735352,11.554780960083008,0.8842345019045298,2.7200217247009277,nan
gf0.70_nb1.5,0000,clean_inf,clean,inf,False,False,,,cvhi:common_voice_hi_25286446,25.012508392333984,27.268260955810547,0.9988331978671685,4.621887683868408,nan
gf0.70_nb1.5,0001,clean_inf,clean,inf,False,False,,,cvhi:common_voice_hi_24758653,25.651588439941406,26.25395965576172,0.9981588438643247,4.620017051696777,nan
gf0.70_nb1.5,0002,clean_inf,clean,inf,False,False,,,cvhi:common_voice_hi_24386210,21.13936424255371,23.427494049072266,0.998118294926915,4.445128440856934,nan
gf0.70_nb1.5,0003,clean_inf,clean,inf,False,False,,,ls:150-126112-0030,18.23186492919922,19.3360595703125,0.9968564114307235,4.357694149017334,nan
gf0.70_nb1.5,0004,clean_inf,clean,inf,False,False,,,cvhi:common_voice_hi_24759577,26.08090591430664,27.074119567871094,0.9983435341990291,4.63008975982666,nan
gf0.70_nb1.5,0005,clean_inf,clean,inf,False,False,,,cvhi:common_voice_hi_26007596,28.822494506835938,29.400772094726562,0.9986483892853034,4.6145501136779785,nan
gf0.70_nb1.5,0006,clean_inf,clean,inf,False,False,,,cvhi:common_voice_hi_26080940,22.279603958129883,23.67074203491211,0.9986547329182848,4.622869968414307,nan
gf0.70_nb1.5,0007,clean_inf,clean,inf,False,False,,,cvhi:common_voice_hi_24258354,25.22193145751953,26.175334930419922,0.9992003752127033,4.618290901184082,nan
gf0.70_nb1.5,0008,clean_inf,clean,inf,False,False,,,cvhi:common_voice_hi_25322994,24.62213706970215,25.391857147216797,0.9985030324409806,4.624570846557617,nan
gf0.70_nb1.5,0009,clean_inf,clean,inf,False,False,,,ls:1263-138246-0028,21.92988395690918,24.026580810546875,0.9981828541758897,4.547457218170166,nan
gf0.70_nb1.5,0010,clean_inf,clean,inf,False,False,,,cvhi:common_voice_hi_25154346,21.99710464477539,23.046642303466797,0.9979562322035989,4.614228248596191,nan
gf0.70_nb1.5,0011,clean_inf,clean,inf,False,False,,,cvhi:common_voice_hi_24759163,24.487607955932617,25.159290313720703,0.9980335395177526,4.6237945556640625,nan
gf0.70_nb1.5,0012,clean_inf,clean,inf,False,False,,,cvhi:common_voice_hi_26007781,26.09375,27.114154815673828,0.9983925820251277,4.607496738433838,nan
gf0.70_nb1.5,0013,clean_inf,clean,inf,False,False,,,ls:150-132655-0019,25.072265625,25.803165435791016,0.996717335678587,4.5897111892700195,nan
gf0.70_nb1.5,0014,clean_inf,clean,inf,False,False,,,cvhi:common_voice_hi_26959697,34.19931411743164,34.2259521484375,0.998886333976683,4.628686904907227,nan
gf0.70_nb1.5,0015,clean_inf,clean,inf,False,False,,,cvhi:common_voice_hi_27005575,17.408918380737305,18.925678253173828,0.9976145736017094,4.622931003570557,nan
gf0.70_nb1.5,0016,clean_inf,clean,inf,False,False,,,cvhi:common_voice_hi_31389169,25.649187088012695,26.105426788330078,0.9981576869711334,4.625062942504883,nan
gf0.70_nb1.5,0017,clean_inf,clean,inf,False,False,,,cvhi:common_voice_hi_25286447,22.950946807861328,24.0821533203125,0.9977658699685381,4.6308207511901855,nan
gf0.70_nb1.5,0018,clean_inf,clean,inf,False,False,,,cvhi:common_voice_hi_26007626,27.8844051361084,28.415367126464844,0.9982566987261976,4.5782084465026855,nan
gf0.70_nb1.5,0019,clean_inf,clean,inf,False,False,,,cvhi:common_voice_hi_24759072,22.718280792236328,23.5133056640625,0.9973787946960142,4.610956192016602,nan
gf0.70_nb1.5,0020,clean_inf,clean,inf,False,False,,,ls:1263-141777-0007,25.5604248046875,26.28981590270996,0.9983695915633053,4.626739025115967,nan
gf0.70_nb1.5,0021,clean_inf,clean,inf,False,False,,,ls:226-131533-0032,24.793392181396484,25.412261962890625,0.9960668214964928,4.181088924407959,nan
gf0.70_nb1.5,0022,clean_inf,clean,inf,False,False,,,ls:226-131532-0006,21.03746795654297,21.74917221069336,0.9958463077076127,3.9839227199554443,nan
gf0.70_nb1.5,0023,clean_inf,clean,inf,False,False,,,cvhi:common_voice_hi_26007855,23.621170043945312,24.487468719482422,0.9977644734951097,4.614108085632324,nan
gf0.70_nb1.5,0024,clean_inf,clean,inf,False,False,,,cvhi:common_voice_hi_24228141,26.0701847076416,26.811676025390625,0.9982376887810889,4.6301751136779785,nan
gf0.70_nb1.5,0025,clean_inf,clean,inf,False,False,,,cvhi:common_voice_hi_40339895,23.989768981933594,25.037830352783203,0.9989644846501892,4.615396976470947,nan
gf0.70_nb1.5,0026,clean_inf,clean,inf,False,False,,,cvhi:common_voice_hi_24427337,23.694927215576172,25.118030548095703,0.9981976582571346,4.61522102355957,nan
gf0.70_nb1.5,0027,clean_inf,clean,inf,False,False,,,cvhi:common_voice_hi_24510973,25.37610626220703,26.3968448638916,0.9981088924844335,4.636901378631592,nan
gf0.70_nb1.5,0028,clean_inf,clean,inf,False,False,,,ls:150-126112-0033,22.033031463623047,22.4509334564209,0.9968121341427785,4.61428165435791,nan
gf0.70_nb1.5,0029,clean_inf,clean,inf,False,False,,,cvhi:common_voice_hi_25323041,21.535316467285156,23.536775588989258,0.9975809967046637,4.612329483032227,nan
gf0.70_nb1.5,0030,clean_inf,clean,inf,False,False,,,ls:150-126112-0029,19.27650260925293,20.213478088378906,0.9975899379640303,4.609740734100342,nan
gf0.70_nb1.5,0031,clean_inf,clean,inf,False,False,,,cvhi:common_voice_hi_27005638,22.97457504272461,23.373390197753906,0.9980016845206001,4.634603500366211,nan
gf0.70_nb1.5,0032,clean_inf,clean,inf,False,False,,,cvhi:common_voice_hi_26008620,26.033733367919922,26.21906280517578,0.9986592089174174,4.6258440017700195,nan
gf0.70_nb1.5,0033,clean_inf,clean,inf,False,False,,,cvhi:common_voice_hi_24280949,23.92421531677246,25.173809051513672,0.9981441962019202,4.6050214767456055,nan
gf0.70_nb1.5,0034,clean_inf,clean,inf,False,False,,,cvhi:common_voice_hi_26769497,21.278160095214844,21.782808303833008,0.9196443958720111,3.5559403896331787,nan
gf0.70_nb1.5,0035,clean_inf,clean,inf,False,False,,,cvhi:common_voice_hi_24759523,29.02421760559082,29.417613983154297,0.9994098594624637,4.63065242767334,nan
gf0.70_nb1.5,0036,clean_inf,clean,inf,False,False,,,cvhi:common_voice_hi_27005422,19.785070419311523,21.234254837036133,0.997447681663863,4.629943370819092,nan
gf0.70_nb1.5,0037,clean_inf,clean,inf,False,False,,,cvhi:common_voice_hi_27005258,20.930023193359375,22.181415557861328,0.9978536813338318,4.6160664558410645,nan
gf0.70_nb1.5,0038,clean_inf,clean,inf,False,False,,,cvhi:common_voice_hi_27248545,23.603008270263672,24.677143096923828,0.9976057285381211,4.610349178314209,nan
gf0.70_nb1.5,0039,clean_inf,clean,inf,False,False,,,cvhi:common_voice_hi_27005454,20.701156616210938,22.157995223999023,0.998121746742001,4.614511966705322,nan
gf0.70_nb1.5,0000,impulsive+stationary_-10,impulsive+stationary,-10.0,False,False,7.741946933016816,,cvhi:common_voice_hi_24225726,3.3328871726989746,0.6989612579345703,0.70247171078565,1.1025798320770264,0.0
gf0.70_nb1.5,0001,impulsive+stationary_-10,impulsive+stationary,-10.0,False,False,10.941254926865419,,cvhi:common_voice_hi_27005386,2.246251344680786,-1.6683413982391357,0.7180881172710045,1.1620094776153564,0.04
gf0.70_nb1.5,0002,impulsive+stationary_-10,impulsive+stationary,-10.0,True,False,10.471468805939093,,cvhi:common_voice_hi_27383946,4.4904632568359375,2.62937068939209,0.6897975426956225,1.2594976425170898,0.0
gf0.70_nb1.5,0003,impulsive+stationary_-10,impulsive+stationary,-10.0,False,False,-5.338036564328892,,cvhi:common_voice_hi_26008952,3.544626235961914,1.01827073097229,0.7168970233759896,1.3157981634140015,0.0
gf0.70_nb1.5,0004,impulsive+stationary_-10,impulsive+stationary,-10.0,False,False,3.979163416393984,,cvhi:common_voice_hi_25170220,2.5843169689178467,-0.8431437611579895,0.6497807931862668,1.0872377157211304,0.08
gf0.70_nb1.5,0005,impulsive+stationary_-10,impulsive+stationary,-10.0,False,False,3.768753673430421,,cvhi:common_voice_hi_25154409,0.9087545275688171,-5.689801216125488,0.5456716910862952,1.141170620918274,0.0
gf0.70_nb1.5,0006,impulsive+stationary_-10,impulsive+stationary,-10.0,False,False,4.5800336282773895,,cvhi:common_voice_hi_27149959,4.426643371582031,2.5129103660583496,0.6951803206310011,1.2296350002288818,0.0
gf0.70_nb1.5,0007,impulsive+stationary_-10,impulsive+stationary,-10.0,False,False,0.6051998525013174,,cvhi:common_voice_hi_24258354,3.068690538406372,0.237127423286438,0.663482233998727,1.1527626514434814,0.0
gf0.70_nb1.5,0008,impulsive+stationary_-10,impulsive+stationary,-10.0,False,True,9.735923909739173,,cvhi:common_voice_hi_27005280,1.390560269355774,-3.781139373779297,0.5605848370996341,1.1016720533370972,0.0
gf0.70_nb1.5,0009,impulsive+stationary_-10,impulsive+stationary,-10.0,False,False,-3.054586699796876,,cvhi:common_voice_hi_24280926,3.2599310874938965,1.719714641571045,0.5887004761504838,1.1002800464630127,0.0
gf0.70_nb1.5,0010,impulsive+stationary_-10,impulsive+stationary,-10.0,False,False,6.6454081347856135,,cvhi:common_voice_hi_27005360,3.5369129180908203,1.081519603729248,0.8277879657918836,1.2238279581069946,0.0
gf0.70_nb1.5,0011,impulsive+stationary_-10,impulsive+stationary,-10.0,False,False,6.9698934903142895,,ls:150-126107-0007,3.548173427581787,1.1869086027145386,0.6606233804617195,1.2606987953186035,0.72
gf0.70_nb1.5,0012,impulsive+stationary_-10,impulsive+stationary,-10.0,False,False,-3.8464009917158837,,cvhi:common_voice_hi_27005379,2.7674522399902344,-0.5000823140144348,0.7256850237826002,1.140721321105957,0.0
gf0.70_nb1.5,0013,impulsive+stationary_-10,impulsive+stationary,-10.0,True,False,6.646828055929458,,ls:150-126107-0036,2.9306230545043945,-0.09076569974422455,0.770622143878464,1.2482134103775024,0.02
gf0.70_nb1.5,0014,impulsive+stationary_-10,impulsive+stationary,-10.0,False,False,7.3643771771852915,,cvhi:common_voice_hi_24258347,3.745633125305176,1.3655637502670288,0.7972685279534205,1.247816801071167,0.0
gf0.70_nb1.5,0015,impulsive+stationary_-10,impulsive+stationary,-10.0,False,False,1.691346394964178,,cvhi:common_voice_hi_24758650,2.175990104675293,-1.8675317764282227,0.555018883782075,1.2833861112594604,0.0
gf0.70_nb1.5,0016,impulsive+stationary_-10,impulsive+stationary,-10.0,False,False,-1.2300412070521727,,cvhi:common_voice_hi_26008570,6.416745662689209,5.291811943054199,0.47138335895440603,1.1769744157791138,0.0
gf0.70_nb1.5,0017,impulsive+stationary_-10,impulsive+stationary,-10.0,True,False,9.813060384695213,,cvhi:common_voice_hi_26007760,4.384190082550049,2.4208223819732666,0.7318978275086977,1.197797179222107,0.42
gf0.70_nb1.5,0018,impulsive+stationary_-10,impulsive+stationary,-10.0,False,True,3.633328750565532,,cvhi:common_voice_hi_25323068,1.6410659551620483,-3.29441499710083,0.5603574635782046,1.1280889511108398,0.0
gf0.70_nb1.5,0019,impulsive+stationary_-10,impulsive+stationary,-10.0,False,False,2.4693758830747985,,cvhi:common_voice_hi_25323015,11.083023071289062,11.109294891357422,0.9385138176694043,1.8034050464630127,0.0
gf0.70_nb1.5,0020,impulsive+stationary_-10,impulsive+stationary,-10.0,True,False,-2.8345869682355405,,ls:150-126112-0031,2.830512762069702,-0.2774825096130371,0.5770758198897316,1.1043007373809814,0.0
gf0.70_nb1.5,0021,impulsive+stationary_-10,impulsive+stationary,-10.0,False,False,8.545767352123029,,cvhi:common_voice_hi_23964504,3.3265769481658936,0.663731038570404,0.5870250933341935,1.1948437690734863,0.04
gf0.70_nb1.5,0022,impulsive+stationary_-10,impulsive+stationary,-10.0,False,False,-1.5308258297051687,,ls:1898-145715-0029,6.175431251525879,5.016912937164307,0.5724425753481373,1.1456273794174194,0.0
gf0.70_nb1.5,0023,impulsive+stationary_-10,impulsive+stationary,-10.0,False,False,10.200015839576366,,cvhi:common_voice_hi_26007781,2.724452257156372,-0.5456424355506897,0.6652090958788507,1.1188068389892578,0.0
gf0.70_nb1.5,0024,impulsive+stationary_-10,impulsive+stationary,-10.0,False,False,9.403801454944157,,cvhi:common_voice_hi_27005573,4.55651330947876,2.6950623989105225,0.8066634072401622,1.2564711570739746,0.0
gf0.70_nb1.5,0025,impulsive+stationary_-10,impulsive+stationary,-10.0,True,False,-3.486348630448755,,ls:150-132655-0001,9.038633346557617,9.022886276245117,0.8925967366349976,1.803729772567749,0.0
gf0.70_nb1.5,0026,impulsive+stationary_-10,impulsive+stationary,-10.0,True,False,-4.228760414513133,,ls:1263-141777-0030,4.690331935882568,2.9058618545532227,0.7676308636067903,1.3555512428283691,0.0
gf0.70_nb1.5,0027,impulsive+stationary_-10,impulsive+stationary,-10.0,False,False,7.145333708983223,,cvhi:common_voice_hi_27005341,2.063380241394043,-1.9398019313812256,0.581001011320089,1.1297838687896729,0.0
gf0.70_nb1.5,0028,impulsive+stationary_-10,impulsive+stationary,-10.0,False,False,8.813698100779408,,cvhi:common_voice_hi_26966920,9.524721145629883,9.10901165008545,0.8399766045283877,1.6051559448242188,0.84
gf0.70_nb1.5,0029,impulsive+stationary_-10,impulsive+stationary,-10.0,False,False,-2.81997234960079,,cvhi:common_voice_hi_25154385,6.024960517883301,4.963794231414795,0.6663955470596936,1.222815752029419,0.0
gf0.70_nb1.5,0030,impulsive+stationary_-10,impulsive+stationary,-10.0,False,False,1.249908617453988,,cvhi:common_voice_hi_26007577,5.219655990600586,3.688369035720825,0.7050431831959925,1.348419427871704,0.1
gf0.70_nb1.5,0031,impulsive+stationary_-10,impulsive+stationary,-10.0,True,False,2.2761826542512757,,cvhi:common_voice_hi_25154387,2.0981316566467285,-2.0154154300689697,0.5071973979661143,1.0769777297973633,0.0
gf0.70_nb1.5,0032,impulsive+stationary_-10,impulsive+stationary,-10.0,False,False,9.366819201185061,,cvhi:common_voice_hi_26254104,6.945404052734375,6.139629364013672,0.7364232725918374,1.3829814195632935,0.0
gf0.70_nb1.5,0033,impulsive+stationary_-10,impulsive+stationary,-10.0,False,False,7.350538066066624,,ls:226-131532-0033,3.1028900146484375,0.4793616831302643,0.5783032782269953,1.143032193183899,0.3
gf0.70_nb1.5,0034,impulsive+stationary_-10,impulsive+stationary,-10.0,False,False,-2.7455972920409297,,cvhi:common_voice_hi_23964471,5.510680675506592,4.099203109741211,0.7076496508308228,1.3882544040679932,0.0
gf0.70_nb1.5,0035,impulsive+stationary_-10,impulsive+stationary,-10.0,False,False,8.855814370564334,,cvhi:common_voice_hi_23844538,2.8388657569885254,-0.18329016864299774,0.6466310336893459,1.207170009613037,0.62
gf0.70_nb1.5,0036,impulsive+stationary_-10,impulsive+stationary,-10.0,False,False,11.064713537507405,,cvhi:common_voice_hi_25948396,2.9384617805480957,-0.12539219856262207,0.6529836474180344,1.1682320833206177,0.0
gf0.70_nb1.5,0037,impulsive+stationary_-10,impulsive+stationary,-10.0,True,False,9.256134289138675,,cvhi:common_voice_hi_24258405,6.976469039916992,6.230302810668945,0.8919926254526842,1.531274676322937,0.0
gf0.70_nb1.5,0038,impulsive+stationary_-10,impulsive+stationary,-10.0,False,False,5.4318293582990975,,cvhi:common_voice_hi_32796703,3.337850570678711,0.873979389667511,0.6845405403521012,1.0716772079467773,0.46
gf0.70_nb1.5,0039,impulsive+stationary_-10,impulsive+stationary,-10.0,True,False,-1.7069459048516649,,cvhi:common_voice_hi_26008913,1.1171289682388306,-3.0591683387756348,0.3635086861504396,1.0994083881378174,0.0
gf0.70_nb1.5,0000,impulsive+stationary_-5,impulsive+stationary,-5.0,False,False,10.486743928252281,,cvhi:common_voice_hi_24386562,3.131535291671753,0.24759939312934875,0.6612209660137143,1.219390630722046,1.76
gf0.70_nb1.5,0001,impulsive+stationary_-5,impulsive+stationary,-5.0,False,False,-2.943885801581036,,cvhi:common_voice_hi_27005200,3.0215725898742676,0.3461170196533203,0.6677863665638211,1.1186326742172241,0.0
gf0.70_nb1.5,0002,impulsive+stationary_-5,impulsive+stationary,-5.0,False,False,-4.905532175771009,,cvhi:common_voice_hi_27005611,4.691136360168457,2.924337863922119,0.836056667888622,1.2441290616989136,0.0
gf0.70_nb1.5,0003,impulsive+stationary_-5,impulsive+stationary,-5.0,False,False,9.262877670002837,,cvhi:common_voice_hi_24758708,6.509673118591309,5.435318470001221,0.8272482715651462,1.3377559185028076,0.0
gf0.70_nb1.5,0004,impulsive+stationary_-5,impulsive+stationary,-5.0,False,False,-4.676517603316943,,cvhi:common_voice_hi_24258408,5.361502647399902,4.087404251098633,0.8858671777897006,1.479069709777832,0.24
gf0.70_nb1.5,0005,impulsive+stationary_-5,impulsive+stationary,-5.0,False,False,-2.4946244603212056,,cvhi:common_voice_hi_27005503,6.260931491851807,5.243910789489746,0.8451611801687621,1.2250840663909912,0.0
gf0.70_nb1.5,0006,impulsive+stationary_-5,impulsive+stationary,-5.0,False,False,7.28805891168151,,cvhi:common_voice_hi_23936422,8.920389175415039,8.55860710144043,0.8564340923286314,1.9529433250427246,0.88
gf0.70_nb1.5,0007,impulsive+stationary_-5,impulsive+stationary,-5.0,False,False,-2.2547409048941462,,cvhi:common_voice_hi_27005645,8.289103507995605,8.045432090759277,0.8593569576454531,1.6085923910140991,0.0
gf0.70_nb1.5,0008,impulsive+stationary_-5,impulsive+stationary,-5.0,False,False,6.240434406011005,,cvhi:common_voice_hi_26007736,6.481409549713135,5.379037380218506,0.8461323603225438,1.4161678552627563,0.12
gf0.70_nb1.5,0009,impulsive+stationary_-5,impulsive+stationary,-5.0,False,False,3.260484949793259,,ls:226-131532-0034,5.828425407409668,4.530739784240723,0.724630868668367,1.1941577196121216,0.0
gf0.70_nb1.5,0010,impulsive+stationary_-5,impulsive+stationary,-5.0,True,False,3.3711127186593206,,cvhi:common_voice_hi_24427428,8.052489280700684,8.149052619934082,0.7365764539272113,1.3576126098632812,0.4
gf0.70_nb1.5,0011,impulsive+stationary_-5,impulsive+stationary,-5.0,False,False,5.8168528935932375,,cvhi:common_voice_hi_24759377,7.233234405517578,6.545085430145264,0.7929401705169171,1.408006191253662,0.06
gf0.70_nb1.5,0012,impulsive+stationary_-5,impulsive+stationary,-5.0,False,False,-0.8516457852251857,,cvhi:common_voice_hi_24386648,7.3453145027160645,6.475572109222412,0.7574748301858468,1.347249150276184,0.0
gf0.70_nb1.5,0013,impulsive+stationary_-5,impulsive+stationary,-5.0,False,False,8.249456965567958,,cvhi:common_voice_hi_27005451,4.87000036239624,3.1927969455718994,0.8138005503536793,1.3330506086349487,0.0
gf0.70_nb1.5,0014,impulsive+stationary_-5,impulsive+stationary,-5.0,True,False,-5.6983284251242585,,cvhi:common_voice_hi_24258336,6.789453029632568,5.949354648590088,0.8109282735175427,1.3371703624725342,0.04
gf0.70_nb1.5,0015,impulsive+stationary_-5,impulsive+stationary,-5.0,False,False,0.43797157832033307,,cvhi:common_voice_hi_24226280,6.5537285804748535,5.680244445800781,0.8220503561048246,1.3717937469482422,0.0
gf0.70_nb1.5,0016,impulsive+stationary_-5,impulsive+stationary,-5.0,False,False,3.2453113776345734,,cvhi:common_voice_hi_23964498,4.558994293212891,2.9058947563171387,0.5566794195619056,1.1805284023284912,0.0
gf0.70_nb1.5,0017,impulsive+stationary_-5,impulsive+stationary,-5.0,False,False,-3.3137755393249524,,cvhi:common_voice_hi_26967984,7.666659355163574,6.856356143951416,0.8043684492524851,1.4321831464767456,0.0
gf0.70_nb1.5,0018,impulsive+stationary_-5,impulsive+stationary,-5.0,True,False,6.606947536341764,,cvhi:common_voice_hi_25154337,6.072797775268555,4.8713579177856445,0.7306759563277883,1.3296120166778564,0.08
gf0.70_nb1.5,0019,impulsive+stationary_-5,impulsive+stationary,-5.0,False,False,-3.6025398703874627,,cvhi:common_voice_hi_24228329,7.028374671936035,6.072838306427002,0.7934176253248495,1.3668214082717896,0.0
gf0.70_nb1.5,0020,impulsive+stationary_-5,impulsive+stationary,-5.0,False,False,8.921500467626334,,cvhi:common_voice_hi_27005207,2.825744152069092,0.03913256525993347,0.7511733094644458,1.211732029914856,inf
gf0.70_nb1.5,0021,impulsive+stationary_-5,impulsive+stationary,-5.0,False,False,3.2319405029606703,,cvhi:common_voice_hi_26007578,7.139092445373535,6.476212501525879,0.7546447591416986,1.558585524559021,0.0
gf0.70_nb1.5,0022,impulsive+stationary_-5,impulsive+stationary,-5.0,False,False,6.100764558238753,,cvhi:common_voice_hi_27005244,4.8014140129089355,3.4199869632720947,0.6951829465459332,1.168704628944397,0.0
gf0.70_nb1.5,0023,impulsive+stationary_-5,impulsive+stationary,-5.0,False,False,1.8586424798308219,,cvhi:common_voice_hi_26967678,5.522368431091309,4.093952655792236,0.7334641434461389,1.1887699365615845,0.0
gf0.70_nb1.5,0024,impulsive+stationary_-5,impulsive+stationary,-5.0,False,False,-4.616909438179418,,ls:226-131533-0019,7.356803894042969,6.4791107177734375,0.7614898730473969,1.4831280708312988,0.0
gf0.70_nb1.5,0025,impulsive+stationary_-5,impulsive+stationary,-5.0,False,False,7.066657781237314,,cvhi:common_voice_hi_27005385,4.957919597625732,3.5728182792663574,0.8085617776177277,1.1660239696502686,0.0
gf0.70_nb1.5,0026,impulsive+stationary_-5,impulsive+stationary,-5.0,False,False,2.3529308139790572,,cvhi:common_voice_hi_27639338,11.643108367919922,11.624763488769531,0.8539757182509784,1.7207419872283936,0.22
gf0.70_nb1.5,0027,impulsive+stationary_-5,impulsive+stationary,-5.0,False,False,9.2948803695548,,cvhi:common_voice_hi_24228173,7.466292381286621,6.622291564941406,0.8404073679821753,1.38322913646698,0.06
gf0.70_nb1.5,0028,impulsive+stationary_-5,impulsive+stationary,-5.0,False,False,2.579772335000669,,ls:1898-145724-0009,6.50991678237915,5.412134647369385,0.6921513918057745,1.249635934829712,0.1
gf0.70_nb1.5,0029,impulsive+stationary_-5,impulsive+stationary,-5.0,False,False,6.481549930375566,,ls:150-126112-0012,8.090130805969238,7.393329620361328,0.7502555517808015,1.3605090379714966,0.0
gf0.70_nb1.5,0030,impulsive+stationary_-5,impulsive+stationary,-5.0,False,False,6.676152925691438,,ls:226-131533-0025,7.3439717292785645,6.467884063720703,0.7071858799099645,1.4994235038757324,0.18
gf0.70_nb1.5,0031,impulsive+stationary_-5,impulsive+stationary,-5.0,False,False,-3.3107042239497115,,cvhi:common_voice_hi_24759562,5.7050275802612305,4.363900661468506,0.7680548317237711,1.2762361764907837,0.0
gf0.70_nb1.5,0032,impulsive+stationary_-5,impulsive+stationary,-5.0,True,False,5.595260258044895,,ls:1263-141777-0037,3.6925978660583496,1.4070274829864502,0.790137257632227,1.258885383605957,0.0
gf0.70_nb1.5,0033,impulsive+stationary_-5,impulsive+stationary,-5.0,False,False,7.082604824902155,,cvhi:common_voice_hi_24427467,8.18966007232666,7.476014614105225,0.6330909300562206,1.6389336585998535,0.42
gf0.70_nb1.5,0034,impulsive+stationary_-5,impulsive+stationary,-5.0,False,False,10.287913788505133,,ls:1263-141777-0007,10.142862319946289,10.045424461364746,0.8866076141641309,1.9705785512924194,0.22
gf0.70_nb1.5,0035,impulsive+stationary_-5,impulsive+stationary,-5.0,False,False,10.984900043845936,,cvhi:common_voice_hi_24386790,5.039944171905518,3.41813063621521,0.8360250884429444,1.5355573892593384,0.0
gf0.70_nb1.5,0036,impulsive+stationary_-5,impulsive+stationary,-5.0,False,False,8.569146890838919,,ls:226-131532-0013,7.221610069274902,6.355924129486084,0.7042809409039618,1.498721718788147,0.0
gf0.70_nb1.5,0037,impulsive+stationary_-5,impulsive+stationary,-5.0,False,False,0.24578276563802692,,cvhi:common_voice_hi_27005546,10.24787425994873,9.819189071655273,0.9077407787436864,1.966545581817627,0.0
gf0.70_nb1.5,0038,impulsive+stationary_-5,impulsive+stationary,-5.0,False,False,-1.968568796249139,,cvhi:common_voice_hi_23936419,8.985565185546875,8.399852752685547,0.8864004224895135,1.6580674648284912,0.0
gf0.70_nb1.5,0039,impulsive+stationary_-5,impulsive+stationary,-5.0,False,False,10.635056732955164,,cvhi:common_voice_hi_25154432,12.92534065246582,12.881016731262207,0.8935169100269518,1.9987013339996338,inf
gf0.70_nb1.5,0000,impulsive+stationary_0,impulsive+stationary,0.0,False,False,6.8387725459672115,,cvhi:common_voice_hi_24782712,7.29429817199707,6.45127010345459,0.7263206873971876,1.1770548820495605,0.22
gf0.70_nb1.5,0001,impulsive+stationary_0,impulsive+stationary,0.0,False,False,6.184937713595444,,ls:226-122538-0007,11.543717384338379,11.277485847473145,0.898538261829471,2.2146072387695312,0.08
gf0.70_nb1.5,0002,impulsive+stationary_0,impulsive+stationary,0.0,False,True,-5.275178120153867,,cvhi:common_voice_hi_27005399,6.816492080688477,5.874604225158691,0.8651464960786054,1.3266255855560303,0.0
gf0.70_nb1.5,0003,impulsive+stationary_0,impulsive+stationary,0.0,False,False,2.8361148017350217,,cvhi:common_voice_hi_24261968,7.2177958488464355,6.31754207611084,0.905008354164736,1.657378077507019,0.14
gf0.70_nb1.5,0004,impulsive+stationary_0,impulsive+stationary,0.0,False,False,5.9403351346860696,,ls:150-132655-0018,7.417444705963135,6.652439117431641,0.730035106886344,1.3895995616912842,0.26
gf0.70_nb1.5,0005,impulsive+stationary_0,impulsive+stationary,0.0,False,False,-3.9219042492516176,,cvhi:common_voice_hi_25154348,9.195169448852539,8.69747257232666,0.6143473649514801,1.3290644884109497,0.0
gf0.70_nb1.5,0006,impulsive+stationary_0,impulsive+stationary,0.0,False,False,6.964222190291126,,cvhi:common_voice_hi_26007726,7.954431056976318,7.465404510498047,0.8291493943095076,1.4707372188568115,0.04
gf0.70_nb1.5,0007,impulsive+stationary_0,impulsive+stationary,0.0,True,False,7.994417311458541,,cvhi:common_voice_hi_24562177,6.970032691955566,6.366128921508789,0.8454460819181291,1.6318352222442627,0.28
gf0.70_nb1.5,0008,impulsive+stationary_0,impulsive+stationary,0.0,False,False,9.323868339284772,,cvhi:common_voice_hi_24228444,8.447373390197754,7.906508445739746,0.8229606813467429,1.3994288444519043,0.38
gf0.70_nb1.5,0009,impulsive+stationary_0,impulsive+stationary,0.0,False,False,2.400909073781092,,cvhi:common_voice_hi_26687130,9.623275756835938,9.122413635253906,0.8715370242677295,1.9801433086395264,0.0
gf0.70_nb1.5,0010,impulsive+stationary_0,impulsive+stationary,0.0,False,False,-3.960056176725592,,ls:1898-145724-0004,15.295528411865234,15.531872749328613,0.9075630624573665,2.566228151321411,0.0
gf0.70_nb1.5,0011,impulsive+stationary_0,impulsive+stationary,0.0,False,False,9.991333658764406,,cvhi:common_voice_hi_36991226,6.308696746826172,5.387354850769043,0.7554761477616181,1.4841196537017822,0.1
gf0.70_nb1.5,0012,impulsive+stationary_0,impulsive+stationary,0.0,False,False,0.20851955921952392,,cvhi:common_voice_hi_27122900,12.181333541870117,12.891383171081543,0.9662120208739412,2.6089985370635986,0.0
gf0.70_nb1.5,0013,impulsive+stationary_0,impulsive+stationary,0.0,False,False,2.7038590127544797,,cvhi:common_voice_hi_26254103,8.132950782775879,7.408824443817139,0.6445985545766881,1.2181708812713623,0.14
gf0.70_nb1.5,0014,impulsive+stationary_0,impulsive+stationary,0.0,False,False,-2.9250830866468,,ls:1898-145702-0013,9.831669807434082,9.444753646850586,0.8772495100940023,1.928567886352539,0.0
gf0.70_nb1.5,0015,impulsive+stationary_0,impulsive+stationary,0.0,False,False,9.718383873617878,,ls:150-126107-0015,9.027642250061035,8.488398551940918,0.88361876225678,2.3210015296936035,0.0
gf0.70_nb1.5,0016,impulsive+stationary_0,impulsive+stationary,0.0,False,False,9.627143385181208,,cvhi:common_voice_hi_24225595,9.354663848876953,8.896454811096191,0.9383711508674363,1.8487964868545532,0.1
gf0.70_nb1.5,0017,impulsive+stationary_0,impulsive+stationary,0.0,False,False,-0.2914461442316494,,ls:150-132655-0004,9.402257919311523,9.051467895507812,0.7822277620693602,1.5668374300003052,0.0
gf0.70_nb1.5,0018,impulsive+stationary_0,impulsive+stationary,0.0,False,False,5.192703316248201,,ls:1263-138246-0029,9.341700553894043,8.83707332611084,0.9353006864434492,2.0469934940338135,0.0
gf0.70_nb1.5,0019,impulsive+stationary_0,impulsive+stationary,0.0,False,False,10.342508245577982,,cvhi:common_voice_hi_24280949,8.265658378601074,8.00937557220459,0.9448827912788786,1.7719409465789795,0.0
gf0.70_nb1.5,0020,impulsive+stationary_0,impulsive+stationary,0.0,False,False,-0.8514834510410187,,cvhi:common_voice_hi_26687130,6.220325946807861,5.038547515869141,0.810562576204124,1.2462997436523438,0.08
gf0.70_nb1.5,0021,impulsive+stationary_0,impulsive+stationary,0.0,False,False,8.442708322469718,,cvhi:common_voice_hi_26007855,6.982318878173828,6.0434112548828125,0.8206533866844314,1.2563433647155762,0.0
gf0.70_nb1.5,0022,impulsive+stationary_0,impulsive+stationary,0.0,False,False,0.24678537251806532,,cvhi:common_voice_hi_24258260,7.477494239807129,6.768364429473877,0.9082640094618262,1.6839847564697266,0.0
gf0.70_nb1.5,0023,impulsive+stationary_0,impulsive+stationary,0.0,False,False,-1.3053880140876677,,cvhi:common_voice_hi_24510966,8.007017135620117,7.508563995361328,0.7758996087265019,1.591330647468567,0.0
gf0.70_nb1.5,0024,impulsive+stationary_0,impulsive+stationary,0.0,False,False,-5.633287944054318,,cvhi:common_voice_hi_25154383,11.712838172912598,11.943412780761719,0.8732236022515873,1.83046293258667,0.0
gf0.70_nb1.5,0025,impulsive+stationary_0,impulsive+stationary,0.0,True,False,6.559726246325468,,cvhi:common_voice_hi_24782711,13.397907257080078,15.466981887817383,0.8952428749971696,2.173544406890869,0.0
gf0.70_nb1.5,0026,impulsive+stationary_0,impulsive+stationary,0.0,False,False,-4.866741184205187,,cvhi:common_voice_hi_24782736,10.237074851989746,10.037379264831543,0.8008616693681454,1.2794702053070068,0.26
gf0.70_nb1.5,0027,impulsive+stationary_0,impulsive+stationary,0.0,False,False,-2.6918875382802985,,cvhi:common_voice_hi_26007825,13.026217460632324,12.804880142211914,0.948858216749713,1.948791265487671,0.16
gf0.70_nb1.5,0028,impulsive+stationary_0,impulsive+stationary,0.0,False,False,2.6890002254885825,,cvhi:common_voice_hi_26007784,9.353348731994629,9.476646423339844,0.8995352413370385,1.8707337379455566,0.0
gf0.70_nb1.5,0029,impulsive+stationary_0,impulsive+stationary,0.0,True,False,10.476716185488481,,cvhi:common_voice_hi_27005230,7.513209342956543,6.8684539794921875,0.8774055143778309,1.639967441558838,0.02
gf0.70_nb1.5,0030,impulsive+stationary_0,impulsive+stationary,0.0,False,False,-0.29695926159650377,,cvhi:common_voice_hi_24427374,6.881113529205322,6.339081764221191,0.6287666636577007,1.4205694198608398,0.0
gf0.70_nb1.5,0031,impulsive+stationary_0,impulsive+stationary,0.0,True,False,0.8358933682109111,,ls:1263-141777-0033,7.82367467880249,7.043588638305664,0.9090662972406482,1.6870887279510498,0.0
gf0.70_nb1.5,0032,impulsive+stationary_0,impulsive+stationary,0.0,False,False,-2.6482127924959586,,cvhi:common_voice_hi_24759163,8.432723999023438,8.061040878295898,0.8261145916992706,1.3958510160446167,0.0
gf0.70_nb1.5,0033,impulsive+stationary_0,impulsive+stationary,0.0,False,True,3.8760288863477825,,cvhi:common_voice_hi_24759284,8.806105613708496,8.19393253326416,0.8938144692839513,1.5681722164154053,0.0
gf0.70_nb1.5,0034,impulsive+stationary_0,impulsive+stationary,0.0,False,False,-0.18085053942386686,,cvhi:common_voice_hi_24759304,11.334871292114258,11.003509521484375,0.8988538429238074,1.8870046138763428,0.08
gf0.70_nb1.5,0035,impulsive+stationary_0,impulsive+stationary,0.0,False,False,5.898392408104389,,cvhi:common_voice_hi_24280958,6.949275016784668,5.982992649078369,0.9766841017224455,1.7384181022644043,0.72
gf0.70_nb1.5,0036,impulsive+stationary_0,impulsive+stationary,0.0,True,False,0.4742037411632509,,cvhi:common_voice_hi_23844517,9.517937660217285,9.00709056854248,0.8617251815161457,1.963521122932434,0.28
gf0.70_nb1.5,0037,impulsive+stationary_0,impulsive+stationary,0.0,False,False,9.562429718327252,,cvhi:common_voice_hi_30527197,8.183767318725586,7.471194267272949,0.8603959044453126,1.3416321277618408,0.04
gf0.70_nb1.5,0038,impulsive+stationary_0,impulsive+stationary,0.0,False,False,-2.971244533744544,,cvhi:common_voice_hi_23844540,6.492654800415039,5.396461009979248,0.7513806455745722,1.4343571662902832,0.12
gf0.70_nb1.5,0039,impulsive+stationary_0,impulsive+stationary,0.0,False,False,-3.821762001624097,,cvhi:common_voice_hi_24427337,1.3217527866363525,0.4857289493083954,0.9849502701278465,1.6031880378723145,0.0
gf0.70_nb1.5,0000,impulsive+stationary_10,impulsive+stationary,10.0,False,False,2.196301265699434,,cvhi:common_voice_hi_25323093,14.61133098602295,14.492061614990234,0.9609820313993388,2.4080047607421875,0.0
gf0.70_nb1.5,0001,impulsive+stationary_10,impulsive+stationary,10.0,True,False,2.211328073735567,,cvhi:common_voice_hi_24758732,17.208688735961914,18.530353546142578,0.942396435384138,2.6657938957214355,0.08
gf0.70_nb1.5,0002,impulsive+stationary_10,impulsive+stationary,10.0,True,False,8.140666882558088,,cvhi:common_voice_hi_26008604,10.67841625213623,10.46501636505127,0.8423805638149751,1.6756443977355957,0.0
gf0.70_nb1.5,0003,impulsive+stationary_10,impulsive+stationary,10.0,False,False,8.146642701984529,,cvhi:common_voice_hi_24280956,16.312007904052734,16.42852020263672,0.977938254177868,2.1717915534973145,0.3
gf0.70_nb1.5,0004,impulsive+stationary_10,impulsive+stationary,10.0,False,False,10.969585636322169,,ls:150-132655-0020,13.787250518798828,13.663454055786133,0.9352214712383485,2.4941468238830566,0.1
gf0.70_nb1.5,0005,impulsive+stationary_10,impulsive+stationary,10.0,False,False,4.506390730596712,,ls:1263-139804-0011,13.10274600982666,14.28106689453125,0.9380168599799684,2.4348111152648926,0.1
gf0.70_nb1.5,0006,impulsive+stationary_10,impulsive+stationary,10.0,False,False,3.6675030124301156,,cvhi:common_voice_hi_24228288,16.608564376831055,16.51921272277832,0.9727393182814621,2.354551315307617,0.1
gf0.70_nb1.5,0007,impulsive+stationary_10,impulsive+stationary,10.0,False,False,-4.5370187083160785,,cvhi:common_voice_hi_24228423,19.092182159423828,19.263141632080078,0.9668522936245711,3.098851203918457,0.32
gf0.70_nb1.5,0008,impulsive+stationary_10,impulsive+stationary,10.0,False,False,4.924767487243017,,ls:1898-145702-0001,14.976518630981445,15.459866523742676,0.8932858247755721,2.7000346183776855,0.0
gf0.70_nb1.5,0009,impulsive+stationary_10,impulsive+stationary,10.0,False,False,2.8296759566849197,,cvhi:common_voice_hi_24280934,19.406917572021484,19.360925674438477,0.9835939095931879,3.2562437057495117,0.0
gf0.70_nb1.5,0010,impulsive+stationary_10,impulsive+stationary,10.0,False,False,8.326650339526893,,cvhi:common_voice_hi_27005464,16.441455841064453,16.440147399902344,0.9835730723614504,3.0619232654571533,0.0
gf0.70_nb1.5,0011,impulsive+stationary_10,impulsive+stationary,10.0,False,False,10.960435344127234,,cvhi:common_voice_hi_26966929,14.470890998840332,14.659310340881348,0.9521238132686956,2.2772769927978516,0.0
gf0.70_nb1.5,0012,impulsive+stationary_10,impulsive+stationary,10.0,False,False,-3.165888450353905,,cvhi:common_voice_hi_24759459,13.452472686767578,13.297399520874023,0.9100061741349585,1.6601150035858154,0.0
gf0.70_nb1.5,0013,impulsive+stationary_10,impulsive+stationary,10.0,False,False,9.448745007821946,,cvhi:common_voice_hi_23964492,16.801668167114258,18.129150390625,0.9229640048374927,2.8060715198516846,0.4
gf0.70_nb1.5,0014,impulsive+stationary_10,impulsive+stationary,10.0,False,False,7.4406366130895645,,cvhi:common_voice_hi_26008606,17.60894012451172,17.562618255615234,0.7661532725103509,1.8474719524383545,0.0
gf0.70_nb1.5,0015,impulsive+stationary_10,impulsive+stationary,10.0,False,False,-3.6454270973893026,,cvhi:common_voice_hi_27945054,20.29587745666504,21.14130401611328,0.9833531845100543,3.2542667388916016,0.0
gf0.70_nb1.5,0016,impulsive+stationary_10,impulsive+stationary,10.0,True,False,-4.766472998290307,,ls:226-131533-0003,12.846346855163574,13.395999908447266,0.9425822705057644,2.5008068084716797,0.0
gf0.70_nb1.5,0017,impulsive+stationary_10,impulsive+stationary,10.0,False,False,7.927307017968129,,cvhi:common_voice_hi_24427782,14.673956871032715,14.52757453918457,0.9270588831052017,2.888120651245117,0.0
gf0.70_nb1.5,0018,impulsive+stationary_10,impulsive+stationary,10.0,False,False,-1.4632670574367097,,cvhi:common_voice_hi_27005358,14.44782829284668,14.586586952209473,0.9572961043736758,2.8074309825897217,0.0
gf0.70_nb1.5,0019,impulsive+stationary_10,impulsive+stationary,10.0,False,False,9.633161019077683,,cvhi:common_voice_hi_25323015,15.503734588623047,15.391312599182129,0.9720500204168474,1.8010001182556152,0.26
gf0.70_nb1.5,0020,impulsive+stationary_10,impulsive+stationary,10.0,False,False,6.097117717454871,,cvhi:common_voice_hi_26007596,14.567598342895508,14.4757080078125,0.9349641556183423,2.2640411853790283,0.86
gf0.70_nb1.5,0021,impulsive+stationary_10,impulsive+stationary,10.0,False,False,3.252968540755271,,cvhi:common_voice_hi_24511004,14.588506698608398,14.563960075378418,0.9497084151606218,2.3953611850738525,0.0
gf0.70_nb1.5,0022,impulsive+stationary_10,impulsive+stationary,10.0,False,False,9.30235291072481,,cvhi:common_voice_hi_24225492,13.15018081665039,13.195011138916016,0.9633669613104987,1.9300835132598877,0.4
gf0.70_nb1.5,0023,impulsive+stationary_10,impulsive+stationary,10.0,False,False,-2.342878220767609,,cvhi:common_voice_hi_24758732,10.89144515991211,10.543360710144043,0.9642167656115483,1.7314565181732178,0.0
gf0.70_nb1.5,0024,impulsive+stationary_10,impulsive+stationary,10.0,False,False,5.263410280178766,,cvhi:common_voice_hi_27005257,12.859536170959473,13.361311912536621,0.9520633400864579,2.552053213119507,0.0
gf0.70_nb1.5,0025,impulsive+stationary_10,impulsive+stationary,10.0,False,False,5.814713166032588,,cvhi:common_voice_hi_24759507,16.836360931396484,16.794469833374023,0.9660266157612232,2.282344341278076,1.08
gf0.70_nb1.5,0026,impulsive+stationary_10,impulsive+stationary,10.0,False,False,11.173626794997276,,ls:226-122538-0027,13.157423973083496,12.95519733428955,0.8505562890604623,2.3597965240478516,0.38
gf0.70_nb1.5,0027,impulsive+stationary_10,impulsive+stationary,10.0,False,False,9.8369152164513,,cvhi:common_voice_hi_25154430,15.985795974731445,15.880327224731445,0.9090299323571759,2.1888198852539062,0.28
gf0.70_nb1.5,0028,impulsive+stationary_10,impulsive+stationary,10.0,False,False,-0.08161939234774351,,cvhi:common_voice_hi_26007792,14.998048782348633,16.047908782958984,0.8559407844108853,2.478781223297119,0.0
gf0.70_nb1.5,0029,impulsive+stationary_10,impulsive+stationary,10.0,False,False,-3.348881273835735,,cvhi:common_voice_hi_24226282,11.412774085998535,11.42597770690918,0.9284975322793948,1.6186344623565674,0.0
gf0.70_nb1.5,0030,impulsive+stationary_10,impulsive+stationary,10.0,False,False,5.104375067972599,,cvhi:common_voice_hi_23964505,16.877365112304688,17.202486038208008,0.8900949542449277,2.967738151550293,0.12
gf0.70_nb1.5,0031,impulsive+stationary_10,impulsive+stationary,10.0,False,False,2.1852062546904154,,cvhi:common_voice_hi_24228330,20.867046356201172,20.90673065185547,0.9922954489032884,2.862165927886963,0.1
gf0.70_nb1.5,0032,impulsive+stationary_10,impulsive+stationary,10.0,False,False,-2.8959552565675697,,cvhi:common_voice_hi_26008602,15.883316993713379,16.28376007080078,0.9443765096652132,2.3002641201019287,0.0
gf0.70_nb1.5,0033,impulsive+stationary_10,impulsive+stationary,10.0,False,False,4.463837464938795,,ls:1898-145715-0041,17.85706329345703,17.964847564697266,0.9806251886508079,3.6324691772460938,0.0
gf0.70_nb1.5,0034,impulsive+stationary_10,impulsive+stationary,10.0,False,False,-2.244178433498357,,cvhi:common_voice_hi_27005452,12.681450843811035,13.360498428344727,0.9267808494557924,2.3070104122161865,0.0
gf0.70_nb1.5,0035,impulsive+stationary_10,impulsive+stationary,10.0,True,False,0.5184034589536308,,cvhi:common_voice_hi_27005248,13.890283584594727,14.477633476257324,0.9577231240710476,2.9475064277648926,0.28
gf0.70_nb1.5,0036,impulsive+stationary_10,impulsive+stationary,10.0,True,False,-3.883367010094591,,ls:1263-138246-0023,10.620904922485352,11.360174179077148,0.8745262717913687,2.4745209217071533,0.36
gf0.70_nb1.5,0037,impulsive+stationary_10,impulsive+stationary,10.0,False,False,7.021840023021218,,cvhi:common_voice_hi_24759165,13.780369758605957,13.662477493286133,0.9546150462779277,2.0238828659057617,1.5
gf0.70_nb1.5,0038,impulsive+stationary_10,impulsive+stationary,10.0,False,False,9.098775784814594,,cvhi:common_voice_hi_24562193,12.398076057434082,12.988641738891602,0.9372347762123121,2.173947334289551,0.0
gf0.70_nb1.5,0039,impulsive+stationary_10,impulsive+stationary,10.0,False,False,11.531941514409159,,cvhi:common_voice_hi_24759127,14.748327255249023,14.77054214477539,0.9479808623947708,2.2910923957824707,0.86
gf0.70_nb1.5,0000,impulsive+stationary_15,impulsive+stationary,15.0,False,False,-3.2747579899748436,,cvhi:common_voice_hi_26007593,16.649234771728516,16.773462295532227,0.9793883580075512,2.771239757537842,0.6
gf0.70_nb1.5,0001,impulsive+stationary_15,impulsive+stationary,15.0,False,False,6.553448904607842,,cvhi:common_voice_hi_24228463,14.590505599975586,14.612895011901855,0.9672536973303011,2.6784331798553467,0.0
gf0.70_nb1.5,0002,impulsive+stationary_15,impulsive+stationary,15.0,False,False,0.8284540174377764,,cvhi:common_voice_hi_24782699,15.839073181152344,15.727148056030273,0.9470806812837298,2.1807668209075928,0.0
gf0.70_nb1.5,0003,impulsive+stationary_15,impulsive+stationary,15.0,False,False,-5.156072284078447,,cvhi:common_voice_hi_24258346,18.48534393310547,19.519222259521484,0.9718369853699537,2.748074769973755,0.58
gf0.70_nb1.5,0004,impulsive+stationary_15,impulsive+stationary,15.0,False,False,-4.940314441963041,,ls:1898-145715-0012,17.257925033569336,17.25721549987793,0.8412624961114996,2.5453474521636963,0.6
gf0.70_nb1.5,0005,impulsive+stationary_15,impulsive+stationary,15.0,False,False,9.972736073253868,,cvhi:common_voice_hi_24427695,16.577606201171875,16.8575439453125,0.9253571148467613,3.0223381519317627,0.08
gf0.70_nb1.5,0006,impulsive+stationary_15,impulsive+stationary,15.0,False,False,8.227603077880925,,cvhi:common_voice_hi_24228496,16.10978126525879,16.19959259033203,0.9548111069927553,2.765934944152832,0.3
gf0.70_nb1.5,0007,impulsive+stationary_15,impulsive+stationary,15.0,False,False,-2.1943133330420186,,cvhi:common_voice_hi_25170240,10.941534996032715,11.821464538574219,0.9196638849484325,2.259408473968506,0.24
gf0.70_nb1.5,0008,impulsive+stationary_15,impulsive+stationary,15.0,False,False,-2.7590854726072505,,cvhi:common_voice_hi_27005209,15.350399017333984,16.959993362426758,0.9712901823444077,3.300241708755493,0.0
gf0.70_nb1.5,0009,impulsive+stationary_15,impulsive+stationary,15.0,False,False,7.1693987849939695,,ls:1263-139804-0027,16.81346321105957,16.725284576416016,0.9640715209590428,2.756068229675293,0.18
gf0.70_nb1.5,0010,impulsive+stationary_15,impulsive+stationary,15.0,False,False,4.402810250911125,,cvhi:common_voice_hi_26253999,15.42662525177002,16.162904739379883,0.9439277776400845,2.2811241149902344,inf
gf0.70_nb1.5,0011,impulsive+stationary_15,impulsive+stationary,15.0,False,False,-1.1314954174715295,,cvhi:common_voice_hi_24759073,16.723798751831055,16.730548858642578,0.9827659952696192,2.105769395828247,0.54
gf0.70_nb1.5,0012,impulsive+stationary_15,impulsive+stationary,15.0,True,False,2.7674680146980233,,cvhi:common_voice_hi_27945021,15.677709579467773,15.774682998657227,0.964989915868935,2.6306490898132324,0.74
gf0.70_nb1.5,0013,impulsive+stationary_15,impulsive+stationary,15.0,False,False,9.039792257969118,,cvhi:common_voice_hi_26007686,15.781354904174805,16.717906951904297,0.9540522861878794,2.387904644012451,0.0
gf0.70_nb1.5,0014,impulsive+stationary_15,impulsive+stationary,15.0,False,False,5.481029285973079,,ls:226-122538-0022,17.906156539916992,18.11771011352539,0.9075744087279423,3.082228899002075,0.24
gf0.70_nb1.5,0015,impulsive+stationary_15,impulsive+stationary,15.0,False,False,11.096900201616421,,cvhi:common_voice_hi_27005246,15.42249870300293,16.13587188720703,0.9748125036419594,2.6733202934265137,0.2
gf0.70_nb1.5,0016,impulsive+stationary_15,impulsive+stationary,15.0,False,False,7.71324827582872,,cvhi:common_voice_hi_27005506,13.849483489990234,14.805246353149414,0.9838988532927014,2.8966240882873535,0.0
gf0.70_nb1.5,0017,impulsive+stationary_15,impulsive+stationary,15.0,False,False,2.887456506449327,,ls:1263-141777-0012,16.629945755004883,17.169300079345703,0.988240337299675,3.370551824569702,0.0
gf0.70_nb1.5,0018,impulsive+stationary_15,impulsive+stationary,15.0,False,False,10.004646394783894,,cvhi:common_voice_hi_24386326,17.93574333190918,18.374353408813477,0.9260630637922963,2.502826690673828,0.18
gf0.70_nb1.5,0019,impulsive+stationary_15,impulsive+stationary,15.0,False,False,-5.990284509489728,,cvhi:common_voice_hi_24386305,17.623207092285156,17.785114288330078,0.9676814471892208,2.686511278152466,0.22
gf0.70_nb1.5,0020,impulsive+stationary_15,impulsive+stationary,15.0,False,False,-4.611969865229584,,cvhi:common_voice_hi_24258311,19.4880313873291,19.683940887451172,0.9802161008418209,3.4978320598602295,0.0
gf0.70_nb1.5,0021,impulsive+stationary_15,impulsive+stationary,15.0,False,False,8.756901633666379,,cvhi:common_voice_hi_26007600,18.01764488220215,18.109886169433594,0.9726733599568504,2.931264638900757,0.14
gf0.70_nb1.5,0022,impulsive+stationary_15,impulsive+stationary,15.0,False,False,-3.1684101724711704,,ls:1263-138246-0018,17.125225067138672,17.11344337463379,0.9787268053878762,3.0422017574310303,0.02
gf0.70_nb1.5,0023,impulsive+stationary_15,impulsive+stationary,15.0,False,False,4.436349469890537,,cvhi:common_voice_hi_24427348,17.35663604736328,17.494033813476562,0.9499052553346484,2.856051445007324,0.24
gf0.70_nb1.5,0024,impulsive+stationary_15,impulsive+stationary,15.0,False,False,-0.2067737324303236,,cvhi:common_voice_hi_24225491,20.124958038330078,21.234710693359375,0.9980954056379713,3.3845930099487305,0.06
gf0.70_nb1.5,0025,impulsive+stationary_15,impulsive+stationary,15.0,False,False,-1.5701427288023364,,cvhi:common_voice_hi_24225595,21.40704345703125,24.721572875976562,0.9972572812860105,3.681279420852661,0.0
gf0.70_nb1.5,0026,impulsive+stationary_15,impulsive+stationary,15.0,False,True,3.959167131859406,,ls:1263-141777-0022,17.173542022705078,17.089603424072266,0.9742893625368911,2.8219993114471436,0.0
gf0.70_nb1.5,0027,impulsive+stationary_15,impulsive+stationary,15.0,False,False,5.11388118680985,,cvhi:common_voice_hi_27005655,15.525964736938477,15.497313499450684,0.9502166868240335,2.9434165954589844,0.34
gf0.70_nb1.5,0028,impulsive+stationary_15,impulsive+stationary,15.0,False,False,8.354149910783422,,cvhi:common_voice_hi_26968406,19.87961196899414,19.83864974975586,0.9612853479126484,3.0899343490600586,0.2
gf0.70_nb1.5,0029,impulsive+stationary_15,impulsive+stationary,15.0,False,False,2.8673197381259037,,cvhi:common_voice_hi_24759341,16.6601619720459,17.42945098876953,0.9843622921866182,2.8739633560180664,0.0
gf0.70_nb1.5,0030,impulsive+stationary_15,impulsive+stationary,15.0,False,False,-0.7840177545243865,,cvhi:common_voice_hi_26254076,16.088762283325195,17.326356887817383,0.9421471783091566,2.8767762184143066,0.1
gf0.70_nb1.5,0031,impulsive+stationary_15,impulsive+stationary,15.0,False,True,9.387581650396887,,cvhi:common_voice_hi_27035715,16.758495330810547,17.3441104888916,0.9394225734652942,2.405815601348877,0.0
gf0.70_nb1.5,0032,impulsive+stationary_15,impulsive+stationary,15.0,False,False,11.880537946521983,,cvhi:common_voice_hi_27005558,16.44234848022461,16.39212417602539,0.9815146630033862,3.298718214035034,0.22
gf0.70_nb1.5,0033,impulsive+stationary_15,impulsive+stationary,15.0,False,False,-2.243504007933594,,cvhi:common_voice_hi_24280961,15.558464050292969,17.32551383972168,0.9819682104163425,3.2871484756469727,0.0
gf0.70_nb1.5,0034,impulsive+stationary_15,impulsive+stationary,15.0,False,False,-0.043263884522880325,,ls:1263-138246-0024,17.38153648376465,17.943084716796875,0.9546756276556331,2.959320306777954,0.0
gf0.70_nb1.5,0035,impulsive+stationary_15,impulsive+stationary,15.0,False,False,3.7507219104308227,,ls:1898-145724-0014,19.642662048339844,19.598966598510742,0.9322808517589082,2.7787909507751465,0.84
gf0.70_nb1.5,0036,impulsive+stationary_15,impulsive+stationary,15.0,False,False,-5.439085085008855,,ls:150-126112-0001,16.583236694335938,16.49518585205078,0.9673567934771287,3.1757733821868896,0.0
gf0.70_nb1.5,0037,impulsive+stationary_15,impulsive+stationary,15.0,False,False,5.476058725072477,,cvhi:common_voice_hi_24225383,18.582117080688477,18.71147346496582,0.970471049011312,2.4455370903015137,1.08
gf0.70_nb1.5,0038,impulsive+stationary_15,impulsive+stationary,15.0,False,False,8.802756023527875,,cvhi:common_voice_hi_24386284,17.109294891357422,17.10178565979004,0.9533847959906828,2.3808798789978027,0.22
gf0.70_nb1.5,0039,impulsive+stationary_15,impulsive+stationary,15.0,False,False,3.5897959397187638,,cvhi:common_voice_hi_25170231,17.55272674560547,17.942100524902344,0.9273186643005792,2.1742184162139893,0.26
gf0.70_nb1.5,0000,impulsive+stationary_5,impulsive+stationary,5.0,False,False,7.452790410527339,,ls:1263-139804-0011,10.825126647949219,11.13731861114502,0.9453268602443733,1.8610780239105225,0.22
gf0.70_nb1.5,0001,impulsive+stationary_5,impulsive+stationary,5.0,False,False,0.49020591190409313,,cvhi:common_voice_hi_26007582,12.13158130645752,12.377739906311035,0.8919508017910911,2.3414971828460693,0.12
gf0.70_nb1.5,0002,impulsive+stationary_5,impulsive+stationary,5.0,False,False,10.960861183338597,,cvhi:common_voice_hi_27005205,13.415850639343262,13.906556129455566,0.9499512079575215,2.568387508392334,0.04
gf0.70_nb1.5,0003,impulsive+stationary_5,impulsive+stationary,5.0,False,False,3.253228991707479,,cvhi:common_voice_hi_25154329,15.441085815429688,15.833443641662598,0.7714112629559419,1.9276013374328613,0.0
gf0.70_nb1.5,0004,impulsive+stationary_5,impulsive+stationary,5.0,False,False,0.8821160469204568,,ls:150-126112-0018,10.990599632263184,10.967094421386719,0.7857479174218511,2.0020031929016113,0.0
gf0.70_nb1.5,0005,impulsive+stationary_5,impulsive+stationary,5.0,False,False,-0.28822969324170256,,ls:150-132655-0034,13.258980751037598,13.953248023986816,0.9349139376003194,2.683183193206787,0.0
gf0.70_nb1.5,0006,impulsive+stationary_5,impulsive+stationary,5.0,False,True,2.190762424142898,,ls:1263-139804-0025,10.445363998413086,10.034574508666992,0.9256173128676362,2.025923728942871,0.0
gf0.70_nb1.5,0007,impulsive+stationary_5,impulsive+stationary,5.0,False,False,11.894467930898372,,ls:1263-138246-0025,12.531267166137695,12.308398246765137,0.8845022214144921,2.2235660552978516,0.0
gf0.70_nb1.5,0008,impulsive+stationary_5,impulsive+stationary,5.0,False,False,10.23484402703141,,ls:226-122538-0005,10.38357162475586,10.236867904663086,0.8765078193610846,1.7204482555389404,0.0
gf0.70_nb1.5,0009,impulsive+stationary_5,impulsive+stationary,5.0,True,False,3.970297788761222,,cvhi:common_voice_hi_24258390,9.572543144226074,9.158634185791016,0.9116282489584853,1.7203818559646606,0.18
gf0.70_nb1.5,0010,impulsive+stationary_5,impulsive+stationary,5.0,False,False,7.790185173275541,,cvhi:common_voice_hi_25154269,12.370779037475586,12.139897346496582,0.8136019745196541,1.6076858043670654,0.42
gf0.70_nb1.5,0011,impulsive+stationary_5,impulsive+stationary,5.0,True,False,6.431361548284556,,cvhi:common_voice_hi_27635670,9.314732551574707,10.226850509643555,0.8123934967617992,1.6657774448394775,0.0
gf0.70_nb1.5,0012,impulsive+stationary_5,impulsive+stationary,5.0,False,False,8.667860526258632,,ls:150-126107-0018,10.268997192382812,10.40871810913086,0.882874847338956,1.9084258079528809,0.08
gf0.70_nb1.5,0013,impulsive+stationary_5,impulsive+stationary,5.0,False,False,6.143236608831243,,cvhi:common_voice_hi_24510994,10.407869338989258,10.042243957519531,0.8498873349449285,1.9204175472259521,0.1
gf0.70_nb1.5,0014,impulsive+stationary_5,impulsive+stationary,5.0,False,False,-5.143956930465508,,cvhi:common_voice_hi_24386244,10.450596809387207,10.13084888458252,0.8868694177462307,1.7971911430358887,0.0
gf0.70_nb1.5,0015,impulsive+stationary_5,impulsive+stationary,5.0,False,False,-0.4795836467075052,,cvhi:common_voice_hi_40355229,13.83603286743164,13.805152893066406,0.9375520217582781,2.163729429244995,0.0
gf0.70_nb1.5,0016,impulsive+stationary_5,impulsive+stationary,5.0,False,False,10.073408953778515,,cvhi:common_voice_hi_27383943,12.054733276367188,12.023134231567383,0.8485688643774623,1.856002688407898,0.0
gf0.70_nb1.5,0017,impulsive+stationary_5,impulsive+stationary,5.0,True,False,-5.003851710701655,,cvhi:common_voice_hi_26007659,17.484420776367188,17.46234703063965,0.974207970579835,2.2393035888671875,0.06
gf0.70_nb1.5,0018,impulsive+stationary_5,impulsive+stationary,5.0,False,False,2.4817873432906765,,cvhi:common_voice_hi_27005361,11.29576587677002,12.100071907043457,0.9582017115478814,1.7812715768814087,0.02
gf0.70_nb1.5,0019,impulsive+stationary_5,impulsive+stationary,5.0,False,False,4.56992897535552,,cvhi:common_voice_hi_24280927,11.773664474487305,11.576515197753906,0.926593611960937,2.068443536758423,0.2
gf0.70_nb1.5,0020,impulsive+stationary_5,impulsive+stationary,5.0,True,False,7.6102292778664875,,cvhi:common_voice_hi_23964474,15.697488784790039,17.08429718017578,0.9045968595331353,2.202878713607788,0.12
gf0.70_nb1.5,0021,impulsive+stationary_5,impulsive+stationary,5.0,False,False,9.998559316530901,,cvhi:common_voice_hi_24386804,14.198298454284668,14.94498348236084,0.932512359548427,2.49889874458313,0.38
gf0.70_nb1.5,0022,impulsive+stationary_5,impulsive+stationary,5.0,False,True,11.873641097750543,,cvhi:common_voice_hi_26007706,10.566082954406738,10.316766738891602,0.9212003554865197,1.9897892475128174,0.06
gf0.70_nb1.5,0023,impulsive+stationary_5,impulsive+stationary,5.0,False,False,-5.914369262771745,,cvhi:common_voice_hi_27005243,9.121633529663086,9.150300025939941,0.9308768235441938,1.740832805633545,0.0
gf0.70_nb1.5,0024,impulsive+stationary_5,impulsive+stationary,5.0,False,False,5.039155757753697,,cvhi:common_voice_hi_24562193,9.635323524475098,9.469852447509766,0.929066228399924,1.9506635665893555,0.16
gf0.70_nb1.5,0025,impulsive+stationary_5,impulsive+stationary,5.0,False,False,3.6290035496355735,,cvhi:common_voice_hi_26007744,14.136140823364258,14.049910545349121,0.9708159271436873,2.1072120666503906,0.0
gf0.70_nb1.5,0026,impulsive+stationary_5,impulsive+stationary,5.0,False,False,11.624066903369247,,cvhi:common_voice_hi_24759072,10.110023498535156,9.89953327178955,0.9210415438356935,1.7764697074890137,0.0
gf0.70_nb1.5,0027,impulsive+stationary_5,impulsive+stationary,5.0,False,False,4.613663981723569,,cvhi:common_voice_hi_24280930,10.952274322509766,11.069005966186523,0.9502220600623462,1.9684396982192993,0.08
gf0.70_nb1.5,0028,impulsive+stationary_5,impulsive+stationary,5.0,False,False,5.921687722272276,,cvhi:common_voice_hi_24258344,10.462045669555664,10.734994888305664,0.9080899564897663,1.6888127326965332,0.0
gf0.70_nb1.5,0029,impulsive+stationary_5,impulsive+stationary,5.0,False,False,10.79662887849845,,ls:1898-145724-0001,13.246278762817383,13.035795211791992,0.912479984920294,2.1585748195648193,0.24
gf0.70_nb1.5,0030,impulsive+stationary_5,impulsive+stationary,5.0,False,False,3.4816075341852226,,ls:1898-145724-0029,11.395430564880371,11.136772155761719,0.8636549095640446,1.737464189529419,0.0
gf0.70_nb1.5,0031,impulsive+stationary_5,impulsive+stationary,5.0,False,False,4.994067674292408,,cvhi:common_voice_hi_24225549,13.472352027893066,13.359275817871094,0.8869647415746355,1.745396375656128,0.0
gf0.70_nb1.5,0032,impulsive+stationary_5,impulsive+stationary,5.0,True,False,4.860701883183635,,ls:226-131533-0023,12.7928466796875,12.628759384155273,0.8327469505882819,1.9720828533172607,0.0
gf0.70_nb1.5,0033,impulsive+stationary_5,impulsive+stationary,5.0,False,True,4.7157618698103185,,cvhi:common_voice_hi_24782682,12.503300666809082,13.283520698547363,0.929638755760365,2.0964934825897217,0.0
gf0.70_nb1.5,0034,impulsive+stationary_5,impulsive+stationary,5.0,False,False,6.226553841196285,,ls:1898-145715-0024,15.922212600708008,15.814579010009766,0.9652353119382012,2.6295785903930664,0.0
gf0.70_nb1.5,0035,impulsive+stationary_5,impulsive+stationary,5.0,False,False,6.378366450446871,,ls:1898-145724-0003,18.991735458374023,19.283817291259766,0.9754866487311649,3.804161787033081,0.0
gf0.70_nb1.5,0036,impulsive+stationary_5,impulsive+stationary,5.0,False,False,5.408898445760618,,cvhi:common_voice_hi_26007577,16.720741271972656,18.731231689453125,0.9730199613179741,3.21162486076355,0.16
gf0.70_nb1.5,0037,impulsive+stationary_5,impulsive+stationary,5.0,False,False,0.4815914484157897,,cvhi:common_voice_hi_25154331,17.710525512695312,19.93360137939453,0.8717737333093366,2.3942830562591553,0.0
gf0.70_nb1.5,0038,impulsive+stationary_5,impulsive+stationary,5.0,False,False,3.508593462532419,,cvhi:common_voice_hi_25154431,15.412275314331055,15.467645645141602,0.9179705183849872,2.3857085704803467,0.0
gf0.70_nb1.5,0039,impulsive+stationary_5,impulsive+stationary,5.0,False,False,1.9455022909932635,,cvhi:common_voice_hi_24427372,11.205615997314453,11.04161262512207,0.7911506114605856,1.744983196258545,0.0
gf0.70_nb1.5,0000,impulsive_-10,impulsive,-10.0,False,False,-0.7844672756917035,,cvhi:common_voice_hi_23964472,2.382267951965332,-1.2812758684158325,0.45883459395488135,1.0553241968154907,0.0
gf0.70_nb1.5,0001,impulsive_-10,impulsive,-10.0,False,False,6.986331723840957,,cvhi:common_voice_hi_27005363,5.102173805236816,3.5934224128723145,0.7410695238379885,1.1183476448059082,0.22
gf0.70_nb1.5,0002,impulsive_-10,impulsive,-10.0,True,False,-2.098531557761902,,cvhi:common_voice_hi_24228379,7.827151298522949,7.044827938079834,0.8133984603603306,1.3805216550827026,0.0
gf0.70_nb1.5,0003,impulsive_-10,impulsive,-10.0,False,False,-2.039796330422819,,cvhi:common_voice_hi_27005557,6.401705265045166,5.610557556152344,0.8459862283874277,1.3344714641571045,0.36
gf0.70_nb1.5,0004,impulsive_-10,impulsive,-10.0,False,False,3.7267698403814524,,ls:1898-145724-0023,15.859322547912598,15.745302200317383,0.9660448219850077,1.9863959550857544,0.14
gf0.70_nb1.5,0005,impulsive_-10,impulsive,-10.0,False,True,6.625584403384842,,cvhi:common_voice_hi_27383943,-1.1523683071136475,-3.7467739582061768,0.872150566549369,1.5249091386795044,0.02
gf0.70_nb1.5,0006,impulsive_-10,impulsive,-10.0,False,False,-0.3457733309346862,,cvhi:common_voice_hi_24228397,7.601720809936523,6.893665790557861,0.9022111707528263,1.6777215003967285,0.0
gf0.70_nb1.5,0007,impulsive_-10,impulsive,-10.0,False,False,-5.386315288684306,,ls:150-132655-0024,15.649826049804688,15.530733108520508,0.9420031859847463,2.5559005737304688,0.0
gf0.70_nb1.5,0008,impulsive_-10,impulsive,-10.0,False,False,-3.7907854852235285,,ls:226-131533-0017,10.060749053955078,9.701154708862305,0.6867705084699015,1.6641225814819336,0.0
gf0.70_nb1.5,0009,impulsive_-10,impulsive,-10.0,True,False,8.980805211151823,,cvhi:common_voice_hi_25154349,6.588773727416992,5.747270584106445,0.679847639461272,1.2376219034194946,1.4
gf0.70_nb1.5,0010,impulsive_-10,impulsive,-10.0,False,False,11.318864184835828,,cvhi:common_voice_hi_25154387,10.86193561553955,10.920570373535156,0.8322555918755439,1.393046259880066,0.34
gf0.70_nb1.5,0011,impulsive_-10,impulsive,-10.0,False,False,10.591250524192855,,cvhi:common_voice_hi_24510938,9.798940658569336,9.318552017211914,0.9439007671968684,1.9834154844284058,0.08
gf0.70_nb1.5,0012,impulsive_-10,impulsive,-10.0,False,False,0.5802182171881025,,cvhi:common_voice_hi_26007706,9.843875885009766,9.527922630310059,0.8999224303021225,1.7947394847869873,0.18
gf0.70_nb1.5,0013,impulsive_-10,impulsive,-10.0,False,False,-1.3794529365862296,,ls:226-131533-0035,10.310416221618652,9.923681259155273,0.862718211184959,1.906564474105835,0.0
gf0.70_nb1.5,0014,impulsive_-10,impulsive,-10.0,False,True,10.354615884632913,,cvhi:common_voice_hi_26080950,8.56004524230957,8.279579162597656,0.9138785009809983,2.0045418739318848,0.86
gf0.70_nb1.5,0015,impulsive_-10,impulsive,-10.0,False,False,-0.9227299471473351,,ls:1898-145720-0011,12.47302532196045,12.220159530639648,0.8626381536721148,2.115957021713257,0.02
gf0.70_nb1.5,0016,impulsive_-10,impulsive,-10.0,False,False,-0.6207576883242787,,cvhi:common_voice_hi_27945054,5.827729225158691,4.6019487380981445,0.8548575151400215,1.392277479171753,0.0
gf0.70_nb1.5,0017,impulsive_-10,impulsive,-10.0,False,False,3.109095853950228,,ls:1898-145720-0017,5.213896751403809,3.676828145980835,0.6866798237219225,1.2078871726989746,0.0
gf0.70_nb1.5,0018,impulsive_-10,impulsive,-10.0,False,False,5.385039751494652,,cvhi:common_voice_hi_24759542,6.951961517333984,6.045470237731934,0.8512413689372048,1.2309731245040894,0.06
gf0.70_nb1.5,0019,impulsive_-10,impulsive,-10.0,False,False,1.9734252810522523,,cvhi:common_voice_hi_24759564,6.959676742553711,6.077927589416504,0.7435921355530455,1.361863136291504,0.0
gf0.70_nb1.5,0020,impulsive_-10,impulsive,-10.0,False,False,6.038950795580643,,cvhi:common_voice_hi_24386814,4.412461757659912,2.7197704315185547,0.6667477615477386,1.3165833950042725,0.0
gf0.70_nb1.5,0021,impulsive_-10,impulsive,-10.0,False,True,-4.077843338750688,,cvhi:common_voice_hi_24759046,0.9082635641098022,-0.19115835428237915,0.8239114846558258,1.4761543273925781,0.0
gf0.70_nb1.5,0022,impulsive_-10,impulsive,-10.0,False,False,11.3824703562901,,cvhi:common_voice_hi_26007825,4.525338649749756,2.646333694458008,0.7527658511444348,1.178903579711914,0.0
gf0.70_nb1.5,0023,impulsive_-10,impulsive,-10.0,False,False,11.731934691217209,,cvhi:common_voice_hi_24261964,16.189428329467773,16.09650421142578,0.9264620970305627,2.1773476600646973,0.04
gf0.70_nb1.5,0024,impulsive_-10,impulsive,-10.0,True,False,1.525356273420103,,ls:226-131533-0032,9.297310829162598,8.757811546325684,0.7878614551676654,1.444182276725769,0.0
gf0.70_nb1.5,0025,impulsive_-10,impulsive,-10.0,False,True,11.427285462910604,,cvhi:common_voice_hi_25154303,4.157104015350342,2.224987506866455,0.6380368392259764,1.1988506317138672,0.12
gf0.70_nb1.5,0026,impulsive_-10,impulsive,-10.0,True,False,-1.5800533040223348,,cvhi:common_voice_hi_27005462,15.870012283325195,15.934981346130371,0.9649674061403328,1.8110753297805786,0.0
gf0.70_nb1.5,0027,impulsive_-10,impulsive,-10.0,True,False,-0.6368328425025016,,cvhi:common_voice_hi_26254100,5.298666954040527,3.779264450073242,0.7670761939489315,1.3209543228149414,0.0
gf0.70_nb1.5,0028,impulsive_-10,impulsive,-10.0,False,False,-0.8032859037661559,,cvhi:common_voice_hi_26968423,8.07316780090332,7.363178730010986,0.8230824666943151,1.3502912521362305,0.0
gf0.70_nb1.5,0029,impulsive_-10,impulsive,-10.0,False,False,2.2786665343746826,,cvhi:common_voice_hi_23844541,6.091723442077637,4.877285003662109,0.7879084530523,1.6258597373962402,0.0
gf0.70_nb1.5,0030,impulsive_-10,impulsive,-10.0,False,False,7.636778419601397,,cvhi:common_voice_hi_24782711,8.500035285949707,9.578258514404297,0.969477379709679,2.351419448852539,0.14
gf0.70_nb1.5,0031,impulsive_-10,impulsive,-10.0,False,False,10.284119606312334,,cvhi:common_voice_hi_24225357,23.285545349121094,32.94914627075195,0.9999145919903181,4.3623046875,0.46
gf0.70_nb1.5,0032,impulsive_-10,impulsive,-10.0,False,False,6.303373527547601,,cvhi:common_voice_hi_27005385,2.444448947906494,-1.176310658454895,0.7938309642592446,1.231687307357788,0.22
gf0.70_nb1.5,0033,impulsive_-10,impulsive,-10.0,False,False,1.7032916553666757,,cvhi:common_voice_hi_24782654,17.12430763244629,17.163053512573242,0.9636498667057648,2.5114035606384277,0.0
gf0.70_nb1.5,0034,impulsive_-10,impulsive,-10.0,False,False,-2.4667246351248204,,cvhi:common_voice_hi_24386188,5.712657928466797,4.41847038269043,0.8388116272522225,1.5921235084533691,0.0
gf0.70_nb1.5,0035,impulsive_-10,impulsive,-10.0,False,False,7.913267258199255,,cvhi:common_voice_hi_24258369,11.919681549072266,11.76179313659668,0.8980351083616138,1.7083650827407837,0.0
gf0.70_nb1.5,0036,impulsive_-10,impulsive,-10.0,False,False,7.321722597189929,,cvhi:common_voice_hi_24427693,13.510884284973145,13.558822631835938,0.8515669340960613,1.5704340934753418,0.3
gf0.70_nb1.5,0037,impulsive_-10,impulsive,-10.0,False,False,3.233678130224396,,cvhi:common_voice_hi_24386789,17.581401824951172,17.76933479309082,0.9596962191171454,2.6692166328430176,0.0
gf0.70_nb1.5,0038,impulsive_-10,impulsive,-10.0,False,False,-0.07945646276441387,,cvhi:common_voice_hi_24280942,5.881561756134033,4.592981815338135,0.8095318357117479,1.5466043949127197,0.0
gf0.70_nb1.5,0039,impulsive_-10,impulsive,-10.0,False,False,6.736141967672346,,cvhi:common_voice_hi_26007601,12.728882789611816,12.806058883666992,0.9055428382849346,2.3058879375457764,0.88
gf0.70_nb1.5,0000,impulsive_-5,impulsive,-5.0,False,False,-3.7682479070088695,,cvhi:common_voice_hi_27005228,9.952524185180664,9.490110397338867,0.9101133498424896,1.7749301195144653,0.14
gf0.70_nb1.5,0001,impulsive_-5,impulsive,-5.0,False,False,-1.2602267734890251,,cvhi:common_voice_hi_27005199,6.047134876251221,4.958673477172852,0.7614637895089409,1.2669093608856201,0.0
gf0.70_nb1.5,0002,impulsive_-5,impulsive,-5.0,False,False,3.9792257757778735,,ls:1263-141777-0008,11.354150772094727,11.056705474853516,0.9161155895420552,1.8692066669464111,0.06
gf0.70_nb1.5,0003,impulsive_-5,impulsive,-5.0,False,False,-0.07236827123301204,,cvhi:common_voice_hi_25004046,15.28862190246582,15.731077194213867,0.895738714761857,2.1490213871002197,0.0
gf0.70_nb1.5,0004,impulsive_-5,impulsive,-5.0,False,False,-4.387007335660979,,cvhi:common_voice_hi_24386877,13.95357608795166,14.390769958496094,0.9088176212721578,2.3918073177337646,0.0
gf0.70_nb1.5,0005,impulsive_-5,impulsive,-5.0,False,False,6.875337267892878,,ls:1898-145724-0022,13.120840072631836,13.053377151489258,0.8699511546535282,1.9952021837234497,0.0
gf0.70_nb1.5,0006,impulsive_-5,impulsive,-5.0,False,False,11.52000217282302,,ls:226-131532-0003,11.386713027954102,11.219970703125,0.8177340210247575,2.328429937362671,0.0
gf0.70_nb1.5,0007,impulsive_-5,impulsive,-5.0,False,False,1.920988938504804,,cvhi:common_voice_hi_24386805,11.239025115966797,11.182825088500977,0.9166715514501429,2.2751216888427734,0.02
gf0.70_nb1.5,0008,impulsive_-5,impulsive,-5.0,False,False,-4.317720817878217,,cvhi:common_voice_hi_25154370,9.045404434204102,8.567476272583008,0.7712982289687257,1.7402563095092773,0.0
gf0.70_nb1.5,0009,impulsive_-5,impulsive,-5.0,False,False,-0.6460667625373375,,ls:226-131533-0034,11.059647560119629,10.75540542602539,0.9508268467640226,2.410050392150879,0.04
gf0.70_nb1.5,0010,impulsive_-5,impulsive,-5.0,False,False,3.6742703156269148,,ls:226-122538-0009,9.052621841430664,8.478090286254883,0.9137387287978928,2.052196502685547,0.0
gf0.70_nb1.5,0011,impulsive_-5,impulsive,-5.0,False,False,9.622786672212776,,cvhi:common_voice_hi_24562174,5.859443664550781,4.8054399490356445,0.7366027050394057,1.357485294342041,0.0
gf0.70_nb1.5,0012,impulsive_-5,impulsive,-5.0,False,True,8.716929846769666,,cvhi:common_voice_hi_24258403,7.123074531555176,6.372537136077881,0.8384716553013297,1.4098554849624634,0.16
gf0.70_nb1.5,0013,impulsive_-5,impulsive,-5.0,False,False,-5.307730743520347,,cvhi:common_voice_hi_24758675,14.123405456542969,13.998529434204102,0.9412869703443132,1.8441038131713867,0.0
gf0.70_nb1.5,0014,impulsive_-5,impulsive,-5.0,False,True,3.026189359619133,,cvhi:common_voice_hi_24386307,8.901280403137207,8.314159393310547,0.8963615117667149,2.085376024246216,0.0
gf0.70_nb1.5,0015,impulsive_-5,impulsive,-5.0,False,False,2.8607651621600425,,cvhi:common_voice_hi_24758708,14.630231857299805,15.382513046264648,0.9514356946317318,2.2640674114227295,0.0
gf0.70_nb1.5,0016,impulsive_-5,impulsive,-5.0,False,False,-2.366448390033103,,cvhi:common_voice_hi_27005183,10.2180757522583,10.060972213745117,0.9101472503051852,1.6255383491516113,0.0
gf0.70_nb1.5,0017,impulsive_-5,impulsive,-5.0,False,False,6.8193744802353855,,cvhi:common_voice_hi_24228394,8.020243644714355,7.430314064025879,0.8921131134366873,1.710094928741455,0.58
gf0.70_nb1.5,0018,impulsive_-5,impulsive,-5.0,False,False,3.088829564298976,,cvhi:common_voice_hi_26008913,11.724095344543457,11.984643936157227,0.991187370553859,2.249377965927124,0.3
gf0.70_nb1.5,0019,impulsive_-5,impulsive,-5.0,False,False,6.534339188490764,,cvhi:common_voice_hi_27005285,11.301956176757812,10.969993591308594,0.9167957778043117,1.7714232206344604,0.0
gf0.70_nb1.5,0020,impulsive_-5,impulsive,-5.0,False,False,1.140702013746008,,cvhi:common_voice_hi_24758743,8.881145477294922,8.35949420928955,0.9109989001096701,1.47829270362854,0.04
gf0.70_nb1.5,0021,impulsive_-5,impulsive,-5.0,False,True,4.997485514725584,,ls:1263-141777-0001,6.182129859924316,5.091838359832764,0.8265981201020735,1.4772251844406128,0.0
gf0.70_nb1.5,0022,impulsive_-5,impulsive,-5.0,False,False,5.383891700523375,,ls:226-131532-0008,14.142080307006836,13.980874061584473,0.7710440045256067,1.9186310768127441,0.0
gf0.70_nb1.5,0023,impulsive_-5,impulsive,-5.0,False,False,-3.6254739036354304,,cvhi:common_voice_hi_24759489,8.369263648986816,7.820034980773926,0.858944304346421,1.4041903018951416,0.0
gf0.70_nb1.5,0024,impulsive_-5,impulsive,-5.0,False,False,3.8019661913282317,,ls:1263-139804-0015,21.180097579956055,21.288970947265625,0.9921412453435051,3.7584116458892822,0.0
gf0.70_nb1.5,0025,impulsive_-5,impulsive,-5.0,False,False,-2.9164362496376643,,cvhi:common_voice_hi_24225388,10.326462745666504,10.085180282592773,0.8903112788191778,1.6067347526550293,0.26
gf0.70_nb1.5,0026,impulsive_-5,impulsive,-5.0,False,True,0.6734343171493578,,cvhi:common_voice_hi_24386375,12.233609199523926,12.049209594726562,0.7837555257404561,1.6465022563934326,0.02
gf0.70_nb1.5,0027,impulsive_-5,impulsive,-5.0,False,False,11.357170224641326,,cvhi:common_voice_hi_24228360,7.2959089279174805,6.484796524047852,0.852978045057993,1.189546823501587,0.5
gf0.70_nb1.5,0028,impulsive_-5,impulsive,-5.0,False,False,10.900241558391336,,cvhi:common_voice_hi_24226282,11.535364151000977,11.811718940734863,0.9645122555716066,2.3603155612945557,0.16
gf0.70_nb1.5,0029,impulsive_-5,impulsive,-5.0,False,False,1.2286564447309933,,ls:226-131533-0011,13.185319900512695,13.020833969116211,0.9780848289697123,3.8930957317352295,0.0
gf0.70_nb1.5,0030,impulsive_-5,impulsive,-5.0,False,False,10.318703979693531,,cvhi:common_voice_hi_24258350,16.008569717407227,15.901627540588379,0.985343441572659,2.8763036727905273,inf
gf0.70_nb1.5,0031,impulsive_-5,impulsive,-5.0,False,False,10.851590747783824,,cvhi:common_voice_hi_24759096,12.499990463256836,12.533634185791016,0.9644876083240801,2.207341432571411,0.0
gf0.70_nb1.5,0032,impulsive_-5,impulsive,-5.0,False,False,7.382882953326627,,cvhi:common_voice_hi_24228204,10.714348793029785,10.4931640625,0.9053359623978948,1.8698570728302002,0.02
gf0.70_nb1.5,0033,impulsive_-5,impulsive,-5.0,False,False,-4.106362708938538,,ls:226-131533-0026,7.9180707931518555,7.173075199127197,0.7748131478078235,1.6888458728790283,0.0
gf0.70_nb1.5,0034,impulsive_-5,impulsive,-5.0,False,False,1.3583724208106007,,ls:150-132655-0017,9.320794105529785,8.890214920043945,0.868297298562033,1.6258625984191895,0.0
gf0.70_nb1.5,0035,impulsive_-5,impulsive,-5.0,False,False,9.001707440185468,,cvhi:common_voice_hi_26007612,9.4655122756958,8.983357429504395,0.8959983163174471,2.200939416885376,0.0
gf0.70_nb1.5,0036,impulsive_-5,impulsive,-5.0,False,False,-4.2225473190539695,,cvhi:common_voice_hi_27005654,10.881699562072754,11.311936378479004,0.975325856026546,3.237072706222534,0.06
gf0.70_nb1.5,0037,impulsive_-5,impulsive,-5.0,False,False,-2.478343129388021,,cvhi:common_voice_hi_24938892,22.2833251953125,23.87464714050293,0.9999900439320255,3.1698694229125977,0.1
gf0.70_nb1.5,0038,impulsive_-5,impulsive,-5.0,False,False,11.414427857784393,,cvhi:common_voice_hi_24226419,12.65637493133545,13.118725776672363,0.8689559829926379,1.6268558502197266,0.46
gf0.70_nb1.5,0039,impulsive_-5,impulsive,-5.0,True,False,1.076400974509447,,cvhi:common_voice_hi_26007636,6.081694602966309,4.866062641143799,0.8319944368467861,1.3805272579193115,0.0
gf0.70_nb1.5,0000,impulsive_0,impulsive,0.0,False,False,-4.939640577458221,,cvhi:common_voice_hi_24759308,12.961233139038086,13.51940631866455,0.9616622642516325,2.867882490158081,0.0
gf0.70_nb1.5,0001,impulsive_0,impulsive,0.0,False,False,4.185699479239469,,cvhi:common_voice_hi_24938895,12.414473533630371,12.766359329223633,0.8985544722606618,1.5579582452774048,0.0
gf0.70_nb1.5,0002,impulsive_0,impulsive,0.0,False,False,9.534603168673804,,cvhi:common_voice_hi_27005461,11.19172191619873,11.274471282958984,0.9298214752120029,1.8713829517364502,0.06
gf0.70_nb1.5,0003,impulsive_0,impulsive,0.0,False,False,-4.089794857660426,,cvhi:common_voice_hi_24228396,14.233795166015625,14.069522857666016,0.8449714990422247,2.365826368331909,0.16
gf0.70_nb1.5,0004,impulsive_0,impulsive,0.0,False,False,3.1426363084548914,,cvhi:common_voice_hi_31389170,11.204988479614258,11.114702224731445,0.9039259376346951,1.9464499950408936,0.0
gf0.70_nb1.5,0005,impulsive_0,impulsive,0.0,False,False,4.502125965243529,,cvhi:common_voice_hi_25473137,10.456310272216797,10.26834487915039,0.8476772616497958,1.6690802574157715,0.0
gf0.70_nb1.5,0006,impulsive_0,impulsive,0.0,False,False,5.606245490290167,,cvhi:common_voice_hi_27945201,8.052948951721191,7.314555644989014,0.9319941371049608,2.123101234436035,0.08
gf0.70_nb1.5,0007,impulsive_0,impulsive,0.0,False,False,5.869905035707346,,cvhi:common_voice_hi_25004046,17.618343353271484,19.593942642211914,0.9768127746605153,3.0078070163726807,1.9
gf0.70_nb1.5,0008,impulsive_0,impulsive,0.0,False,True,3.1632921822719418,,cvhi:common_voice_hi_27005240,16.19559097290039,16.628469467163086,0.9667443587803513,2.161996841430664,0.42
gf0.70_nb1.5,0009,impulsive_0,impulsive,0.0,False,False,3.6130906178062805,,cvhi:common_voice_hi_24511001,6.816830158233643,6.458680152893066,0.9874104684766527,3.3906190395355225,0.0
gf0.70_nb1.5,0010,impulsive_0,impulsive,0.0,False,False,7.387256500471727,,cvhi:common_voice_hi_24280971,8.657099723815918,8.056984901428223,0.9581424802185484,1.8391668796539307,1.36
gf0.70_nb1.5,0011,impulsive_0,impulsive,0.0,False,False,-2.436513046999143,,cvhi:common_voice_hi_24759130,16.61307144165039,16.797428131103516,0.9399192704152906,1.9055325984954834,0.0
gf0.70_nb1.5,0012,impulsive_0,impulsive,0.0,False,False,11.42216186693323,,cvhi:common_voice_hi_27383945,21.165468215942383,22.230274200439453,0.9166948995888445,2.8175296783447266,0.1
gf0.70_nb1.5,0013,impulsive_0,impulsive,0.0,False,False,5.2661435611904395,,cvhi:common_voice_hi_25948432,19.207035064697266,19.254335403442383,0.9780232821112067,3.141047239303589,0.0
gf0.70_nb1.5,0014,impulsive_0,impulsive,0.0,False,False,9.436767372188928,,cvhi:common_voice_hi_24386877,19.873859405517578,19.829021453857422,0.9817407138830949,3.2220349311828613,0.12
gf0.70_nb1.5,0015,impulsive_0,impulsive,0.0,False,False,4.0911010470336215,,cvhi:common_voice_hi_37329985,11.485251426696777,11.198750495910645,0.9278655978054707,2.6468846797943115,0.1
gf0.70_nb1.5,0016,impulsive_0,impulsive,0.0,False,False,-4.416350241983404,,ls:226-131533-0001,14.790761947631836,14.644379615783691,0.9385907444230754,2.837716579437256,0.0
gf0.70_nb1.5,0017,impulsive_0,impulsive,0.0,False,False,-4.013671450227635,,cvhi:common_voice_hi_24228396,10.982522964477539,10.867837905883789,0.8599839332227982,2.4191460609436035,1.0
gf0.70_nb1.5,0018,impulsive_0,impulsive,0.0,False,False,11.692706863205043,,cvhi:common_voice_hi_24280951,10.534895896911621,10.2764892578125,0.9228219260451026,2.023697853088379,0.0
gf0.70_nb1.5,0019,impulsive_0,impulsive,0.0,False,False,0.5385404260490851,,cvhi:common_voice_hi_24225446,12.903362274169922,12.753377914428711,0.9195530944888599,2.0667002201080322,0.06
gf0.70_nb1.5,0020,impulsive_0,impulsive,0.0,False,False,6.531281286556892,,cvhi:common_voice_hi_27005229,9.887067794799805,9.582013130187988,0.9195900371936352,1.8308203220367432,0.0
gf0.70_nb1.5,0021,impulsive_0,impulsive,0.0,False,False,0.38543797504645294,,cvhi:common_voice_hi_26007689,19.452856063842773,20.058528900146484,0.9896197459136683,3.2831432819366455,0.38
gf0.70_nb1.5,0022,impulsive_0,impulsive,0.0,False,False,11.660644073073332,,ls:1263-139804-0002,11.458988189697266,11.151274681091309,0.8751675527245002,1.9787769317626953,0.6
gf0.70_nb1.5,0023,impulsive_0,impulsive,0.0,False,False,-0.028653147602585527,,cvhi:common_voice_hi_27122898,11.323546409606934,11.15434455871582,0.9310797484682973,2.306908130645752,0.0
gf0.70_nb1.5,0024,impulsive_0,impulsive,0.0,True,False,9.775214096425108,,cvhi:common_voice_hi_27005514,11.328079223632812,11.454405784606934,0.9415592395418484,1.8473902940750122,0.0
gf0.70_nb1.5,0025,impulsive_0,impulsive,0.0,False,False,1.6098190542392379,,ls:226-131532-0020,11.52754020690918,11.32900333404541,0.8592375302113358,2.2340574264526367,0.24
gf0.70_nb1.5,0026,impulsive_0,impulsive,0.0,False,False,1.720977334986518,,cvhi:common_voice_hi_26253996,15.360817909240723,15.234213829040527,0.9491592545595949,2.9054720401763916,0.64
gf0.70_nb1.5,0027,impulsive_0,impulsive,0.0,False,False,0.7855152075608034,,cvhi:common_voice_hi_24782642,12.10582160949707,11.964683532714844,0.8307338863596133,1.5113954544067383,0.0
gf0.70_nb1.5,0028,impulsive_0,impulsive,0.0,True,False,3.1408847642745847,,cvhi:common_voice_hi_24427450,20.061607360839844,20.565235137939453,0.9876170505081296,2.9590816497802734,0.42
gf0.70_nb1.5,0029,impulsive_0,impulsive,0.0,False,False,4.615564369043284,,cvhi:common_voice_hi_24758743,19.991634368896484,20.154251098632812,0.9842835445462413,2.6135802268981934,0.06
gf0.70_nb1.5,0030,impulsive_0,impulsive,0.0,False,False,-3.007376944468273,,cvhi:common_voice_hi_24225590,13.018333435058594,13.046669006347656,0.865146890354622,1.9433249235153198,0.28
gf0.70_nb1.5,0031,impulsive_0,impulsive,0.0,False,False,3.6921254502143235,,cvhi:common_voice_hi_26007765,11.784005165100098,11.489768981933594,0.9400353442469971,2.134826898574829,0.58
gf0.70_nb1.5,0032,impulsive_0,impulsive,0.0,False,False,10.654953311677637,,cvhi:common_voice_hi_26967676,14.603618621826172,14.84737491607666,0.9392585555857902,2.7001287937164307,0.1
gf0.70_nb1.5,0033,impulsive_0,impulsive,0.0,False,False,-4.910998561275233,,cvhi:common_voice_hi_25982637,11.77275276184082,11.901068687438965,0.9357990834494809,2.5598597526550293,0.0
gf0.70_nb1.5,0034,impulsive_0,impulsive,0.0,False,False,-2.3525164440197153,,ls:226-131532-0018,14.282574653625488,14.70676326751709,0.9325474005356591,3.141894817352295,0.0
gf0.70_nb1.5,0035,impulsive_0,impulsive,0.0,False,False,11.884557078840917,,ls:1263-138246-0005,13.518470764160156,13.3778657913208,0.980689450551457,2.7771334648132324,0.0
gf0.70_nb1.5,0036,impulsive_0,impulsive,0.0,False,False,6.668917575963405,,cvhi:common_voice_hi_27005422,9.057552337646484,8.575956344604492,0.947015866813193,2.348324775695801,0.08
gf0.70_nb1.5,0037,impulsive_0,impulsive,0.0,False,False,3.0191682895685403,,cvhi:common_voice_hi_27005513,9.87817668914795,9.413877487182617,0.9061049103237228,1.5360653400421143,0.0
gf0.70_nb1.5,0038,impulsive_0,impulsive,0.0,False,False,-5.938114247668327,,ls:226-131533-0034,12.414691925048828,12.795820236206055,0.9568409822151925,2.6021828651428223,0.0
gf0.70_nb1.5,0039,impulsive_0,impulsive,0.0,False,False,-0.7084303935114136,,cvhi:common_voice_hi_26007736,12.682199478149414,12.445746421813965,0.9103143111342162,2.0292088985443115,0.0
gf0.70_nb1.5,0000,impulsive_10,impulsive,10.0,False,False,10.303174436317324,,cvhi:common_voice_hi_24510984,9.531015396118164,9.345250129699707,0.9074195323062447,2.297276496887207,0.2
gf0.70_nb1.5,0001,impulsive_10,impulsive,10.0,False,False,9.301249515898771,,cvhi:common_voice_hi_26007768,15.808419227600098,16.038759231567383,0.989048373097023,2.0029375553131104,0.68
gf0.70_nb1.5,0002,impulsive_10,impulsive,10.0,False,False,5.563909858792194,,ls:1898-145702-0017,22.576801300048828,22.56165313720703,0.9545942328769941,3.3041577339172363,0.0
gf0.70_nb1.5,0003,impulsive_10,impulsive,10.0,True,False,4.6112726157916395,,cvhi:common_voice_hi_24386564,19.329914093017578,19.550384521484375,0.9659751704526657,2.6972415447235107,0.78
gf0.70_nb1.5,0004,impulsive_10,impulsive,10.0,False,False,-4.8149678710982196,,cvhi:common_voice_hi_24258350,14.094294548034668,13.922737121582031,0.9729366986723015,2.4636170864105225,0.26
gf0.70_nb1.5,0005,impulsive_10,impulsive,10.0,False,False,-4.548897086355578,,cvhi:common_voice_hi_27005350,16.067569732666016,18.23272132873535,0.9826465944491313,2.977006196975708,1.86
gf0.70_nb1.5,0006,impulsive_10,impulsive,10.0,True,False,-0.49207023303618413,,cvhi:common_voice_hi_24782649,9.42113971710205,9.571344375610352,0.860594291139307,1.5608363151550293,0.32
gf0.70_nb1.5,0007,impulsive_10,impulsive,10.0,False,False,8.762491008046823,,cvhi:common_voice_hi_27005617,14.056092262268066,16.227313995361328,0.9738498653123491,2.575181722640991,0.02
gf0.70_nb1.5,0008,impulsive_10,impulsive,10.0,False,False,6.668533028699736,,cvhi:common_voice_hi_23964491,16.566734313964844,17.08289337158203,0.888417390164828,2.3232414722442627,0.04
gf0.70_nb1.5,0009,impulsive_10,impulsive,10.0,False,False,10.097756338133653,,cvhi:common_voice_hi_25154358,18.044231414794922,18.305421829223633,0.960958043854401,3.4726104736328125,0.0
gf0.70_nb1.5,0010,impulsive_10,impulsive,10.0,False,False,-3.003403532246708,,cvhi:common_voice_hi_24225549,21.172332763671875,21.394176483154297,0.9900550935049692,3.121157169342041,0.0
gf0.70_nb1.5,0011,impulsive_10,impulsive,10.0,False,False,6.043256986615866,,cvhi:common_voice_hi_26769816,15.556396484375,17.299293518066406,0.8154412803929896,2.0556588172912598,0.2
gf0.70_nb1.5,0012,impulsive_10,impulsive,10.0,False,False,-0.34227062913313056,,ls:1898-145724-0017,14.531558990478516,15.164958953857422,0.8374635624609358,2.976618766784668,0.0
gf0.70_nb1.5,0013,impulsive_10,impulsive,10.0,False,True,7.58471127899668,,cvhi:common_voice_hi_27635669,9.085742950439453,8.600252151489258,0.8878908788436872,2.147568464279175,0.04
gf0.70_nb1.5,0014,impulsive_10,impulsive,10.0,False,False,-4.628738874189533,,cvhi:common_voice_hi_24280952,22.806167602539062,22.783710479736328,0.9949779952160172,3.4463298320770264,0.02
gf0.70_nb1.5,0015,impulsive_10,impulsive,10.0,True,False,8.496838651179715,,cvhi:common_voice_hi_26007680,10.277876853942871,11.37973403930664,0.9340042286684976,2.1199095249176025,0.52
gf0.70_nb1.5,0016,impulsive_10,impulsive,10.0,True,False,-1.048416068313971,,ls:150-126107-0016,14.531668663024902,15.577936172485352,0.9707746211376648,3.9639525413513184,0.0
gf0.70_nb1.5,0017,impulsive_10,impulsive,10.0,False,False,10.185876109555501,,ls:226-122538-0023,14.393564224243164,14.79012680053711,0.9125215259405827,2.708545446395874,0.04
gf0.70_nb1.5,0018,impulsive_10,impulsive,10.0,False,False,6.7779294275625865,,ls:1263-138246-0027,12.744183540344238,12.507164001464844,0.9710214674155352,2.9772088527679443,0.0
gf0.70_nb1.5,0019,impulsive_10,impulsive,10.0,False,False,6.233516663783465,,cvhi:common_voice_hi_27005263,20.023469924926758,20.089385986328125,0.9882146023408301,3.5056803226470947,0.64
gf0.70_nb1.5,0020,impulsive_10,impulsive,10.0,False,False,5.964156028731869,,cvhi:common_voice_hi_24427448,19.79871368408203,19.901273727416992,0.9349570479098063,2.8921029567718506,0.24
gf0.70_nb1.5,0021,impulsive_10,impulsive,10.0,False,False,1.1131922157978922,,ls:226-122538-0017,22.139999389648438,22.503597259521484,0.9770365632383764,4.265481948852539,0.0
gf0.70_nb1.5,0022,impulsive_10,impulsive,10.0,False,False,0.7143789363387834,,cvhi:common_voice_hi_32796700,14.708728790283203,14.680713653564453,0.9679692605346627,2.5826237201690674,0.26
gf0.70_nb1.5,0023,impulsive_10,impulsive,10.0,False,False,6.236415256437059,,ls:1898-145724-0006,14.16946792602539,14.008834838867188,0.8581732601674156,1.9340260028839111,0.06
gf0.70_nb1.5,0024,impulsive_10,impulsive,10.0,False,False,4.936990243138396,,ls:150-126112-0025,10.917325973510742,12.102242469787598,0.8396740416575262,2.068359136581421,0.0
gf0.70_nb1.5,0025,impulsive_10,impulsive,10.0,False,False,8.226004375197386,,cvhi:common_voice_hi_23964505,19.607011795043945,19.566022872924805,0.9717435642345214,3.7887485027313232,0.0
gf0.70_nb1.5,0026,impulsive_10,impulsive,10.0,True,False,11.615751132497625,,cvhi:common_voice_hi_26687143,18.892343521118164,19.914154052734375,0.9833893225392457,3.0504727363586426,1.14
gf0.70_nb1.5,0027,impulsive_10,impulsive,10.0,False,False,6.6347090442369705,,cvhi:common_voice_hi_25154407,13.994616508483887,13.893856048583984,0.8918489952516749,3.157193422317505,0.8
gf0.70_nb1.5,0028,impulsive_10,impulsive,10.0,False,False,2.0299301200149973,,cvhi:common_voice_hi_25170238,19.26523780822754,19.309833526611328,0.9107739807071659,3.0351216793060303,0.94
gf0.70_nb1.5,0029,impulsive_10,impulsive,10.0,False,False,4.5755453682606735,,cvhi:common_voice_hi_26080942,21.615585327148438,21.639541625976562,0.9939880632807557,3.5759034156799316,0.0
gf0.70_nb1.5,0030,impulsive_10,impulsive,10.0,False,False,0.9226374183182697,,cvhi:common_voice_hi_24258397,19.216449737548828,19.924896240234375,0.9865628891842628,3.2548182010650635,0.66
gf0.70_nb1.5,0031,impulsive_10,impulsive,10.0,False,False,9.750486070962772,,cvhi:common_voice_hi_26007591,16.533082962036133,16.466609954833984,0.96216556323832,2.2255897521972656,0.06
gf0.70_nb1.5,0032,impulsive_10,impulsive,10.0,True,False,-0.6676191613973073,,cvhi:common_voice_hi_26007765,11.679191589355469,14.269400596618652,0.949656356243758,2.6773717403411865,0.0
gf0.70_nb1.5,0033,impulsive_10,impulsive,10.0,False,False,1.3392009573255717,,cvhi:common_voice_hi_24386375,20.379695892333984,22.231525421142578,0.964577620071284,3.2343590259552,0.0
gf0.70_nb1.5,0034,impulsive_10,impulsive,10.0,False,False,-4.423448044903001,,ls:1263-141777-0018,13.897777557373047,13.717087745666504,0.9411491379854215,2.6734225749969482,0.0
gf0.70_nb1.5,0035,impulsive_10,impulsive,10.0,False,False,-0.8211304838540023,,ls:1898-145702-0018,17.71088409423828,18.12685203552246,0.9531820462560475,2.5112593173980713,0.3
gf0.70_nb1.5,0036,impulsive_10,impulsive,10.0,False,False,-2.4965304670538013,,cvhi:common_voice_hi_24258382,13.10821533203125,14.12132740020752,0.9767200803474638,2.823063611984253,0.02
gf0.70_nb1.5,0037,impulsive_10,impulsive,10.0,False,False,5.635017005978561,,ls:1898-145724-0025,15.580610275268555,15.458832740783691,0.8892368461152501,2.0801918506622314,0.22
gf0.70_nb1.5,0038,impulsive_10,impulsive,10.0,False,False,1.9310548657583535,,cvhi:common_voice_hi_26254101,24.051403045654297,24.135896682739258,0.9683453291989438,3.567460060119629,0.0
gf0.70_nb1.5,0039,impulsive_10,impulsive,10.0,False,False,6.075216185278048,,cvhi:common_voice_hi_24280963,14.09895133972168,13.94970989227295,0.9838493027683508,2.9814205169677734,0.0
gf0.70_nb1.5,0000,impulsive_15,impulsive,15.0,False,False,6.9700936873840735,,cvhi:common_voice_hi_24427752,21.348793029785156,21.947343826293945,0.9710314071629232,3.435657262802124,0.0
gf0.70_nb1.5,0001,impulsive_15,impulsive,15.0,False,False,3.6546605877105662,,ls:150-132655-0022,15.058443069458008,15.492829322814941,0.9736217792525154,2.196159601211548,0.06
gf0.70_nb1.5,0002,impulsive_15,impulsive,15.0,True,False,0.7417190214336635,,cvhi:common_voice_hi_24386375,12.956758499145508,13.028706550598145,0.9599442538092613,2.772864818572998,0.06
gf0.70_nb1.5,0003,impulsive_15,impulsive,15.0,False,False,3.4451050082520336,,cvhi:common_voice_hi_24759433,20.312108993530273,20.445972442626953,0.9756816388304062,3.2884016036987305,0.26
gf0.70_nb1.5,0004,impulsive_15,impulsive,15.0,False,False,3.3739419359772818,,cvhi:common_voice_hi_25322998,17.29891014099121,17.36299705505371,0.9869555784621591,2.3562629222869873,inf
gf0.70_nb1.5,0005,impulsive_15,impulsive,15.0,False,False,11.961544450997685,,cvhi:common_voice_hi_27035684,18.658615112304688,18.751178741455078,0.9665306235094135,3.1921310424804688,0.06
gf0.70_nb1.5,0006,impulsive_15,impulsive,15.0,False,False,-0.3931586248716199,,cvhi:common_voice_hi_26968422,19.082626342773438,19.38551139831543,0.9847927401310668,3.4748375415802,0.0
gf0.70_nb1.5,0007,impulsive_15,impulsive,15.0,False,False,-4.711040507325849,,cvhi:common_voice_hi_24225724,18.08759307861328,18.905948638916016,0.9891671137463569,2.47843074798584,0.0
gf0.70_nb1.5,0008,impulsive_15,impulsive,15.0,False,False,2.13348348873882,,cvhi:common_voice_hi_27005243,20.019126892089844,20.43994903564453,0.9944902927861595,3.718729019165039,0.0
gf0.70_nb1.5,0009,impulsive_15,impulsive,15.0,False,False,-2.6359239700145767,,cvhi:common_voice_hi_25154332,18.429000854492188,18.519775390625,0.9637981557245602,3.232950448989868,0.0
gf0.70_nb1.5,0010,impulsive_15,impulsive,15.0,False,True,-2.4329251013713717,,ls:1898-145715-0050,19.979393005371094,19.960205078125,0.9577358698929258,3.112082004547119,0.2
gf0.70_nb1.5,0011,impulsive_15,impulsive,15.0,False,False,-5.665456312983087,,ls:1263-139804-0004,18.982349395751953,18.993370056152344,0.9635147146490471,2.907620668411255,0.0
gf0.70_nb1.5,0012,impulsive_15,impulsive,15.0,False,False,-0.9560060549783023,,cvhi:common_voice_hi_24258373,12.946540832519531,14.135175704956055,0.9734485729343124,3.0462749004364014,0.0
gf0.70_nb1.5,0013,impulsive_15,impulsive,15.0,False,False,4.093489921001133,,ls:226-122538-0029,18.200843811035156,19.280385971069336,0.9785825695200644,3.7553179264068604,0.0
gf0.70_nb1.5,0014,impulsive_15,impulsive,15.0,False,False,9.233706732687935,,ls:226-122538-0000,17.451576232910156,17.937164306640625,0.993161896200639,3.897576093673706,0.0
gf0.70_nb1.5,0015,impulsive_15,impulsive,15.0,False,False,-0.3030344220161494,,cvhi:common_voice_hi_27005656,17.04370880126953,16.957069396972656,0.9758270381644031,3.039689540863037,0.0
gf0.70_nb1.5,0016,impulsive_15,impulsive,15.0,False,False,-4.614740544984657,,cvhi:common_voice_hi_24427429,20.177104949951172,20.874542236328125,0.939749619755224,3.7206780910491943,0.1
gf0.70_nb1.5,0017,impulsive_15,impulsive,15.0,False,False,6.52238517679077,,cvhi:common_voice_hi_27122900,18.999839782714844,19.530561447143555,0.9916723872880863,3.5262153148651123,0.54
gf0.70_nb1.5,0018,impulsive_15,impulsive,15.0,False,False,0.828589604891258,,cvhi:common_voice_hi_25154445,18.43667221069336,19.558502197265625,0.94284120332558,3.157531261444092,0.0
gf0.70_nb1.5,0019,impulsive_15,impulsive,15.0,False,False,11.107397247291168,,cvhi:common_voice_hi_27005549,16.96434783935547,17.2054386138916,0.9734505660851313,3.161081075668335,0.0
gf0.70_nb1.5,0020,impulsive_15,impulsive,15.0,False,False,9.468454833304177,,cvhi:common_voice_hi_25154360,19.930419921875,19.923782348632812,0.9536493101992675,2.973520517349243,0.26
gf0.70_nb1.5,0021,impulsive_15,impulsive,15.0,False,True,-5.092130187650751,,ls:1263-139804-0008,17.804969787597656,19.827096939086914,0.9874007747944556,3.5715079307556152,0.0
gf0.70_nb1.5,0022,impulsive_15,impulsive,15.0,False,False,-4.471063914351976,,ls:1898-145724-0035,16.884166717529297,16.812395095825195,0.9411394364873411,2.931354522705078,0.04
gf0.70_nb1.5,0023,impulsive_15,impulsive,15.0,False,False,10.751056814497218,,cvhi:common_voice_hi_24427881,20.819232940673828,23.88678741455078,0.9909050825752015,3.443455696105957,1.78
gf0.70_nb1.5,0024,impulsive_15,impulsive,15.0,False,False,-2.5860289370421308,,cvhi:common_voice_hi_24258329,18.901897430419922,18.985759735107422,0.9935553517125714,3.798898220062256,0.18
gf0.70_nb1.5,0025,impulsive_15,impulsive,15.0,False,False,3.281518476425237,,cvhi:common_voice_hi_25154368,18.15452766418457,18.894916534423828,0.9182632562059622,2.150580644607544,0.52
gf0.70_nb1.5,0026,impulsive_15,impulsive,15.0,False,False,-2.5166620960071775,,cvhi:common_voice_hi_26007589,21.319608688354492,21.8468074798584,0.9876345045446513,3.804950475692749,inf
gf0.70_nb1.5,0027,impulsive_15,impulsive,15.0,False,False,-0.4497632697060183,,cvhi:common_voice_hi_24782737,20.556453704833984,21.404163360595703,0.9847363896461584,3.6642425060272217,0.0
gf0.70_nb1.5,0028,impulsive_15,impulsive,15.0,False,False,5.851666233278259,,cvhi:common_voice_hi_26007595,18.690990447998047,19.117523193359375,0.965523886414045,3.6452765464782715,0.18
gf0.70_nb1.5,0029,impulsive_15,impulsive,15.0,True,False,-0.1959239930435155,,cvhi:common_voice_hi_24427430,3.702242612838745,4.1230244636535645,0.6814248097707077,1.3269237279891968,1.62
gf0.70_nb1.5,0030,impulsive_15,impulsive,15.0,False,False,3.715113692182255,,cvhi:common_voice_hi_25154347,18.835060119628906,20.75799560546875,0.9530649918225739,3.1402108669281006,0.0
gf0.70_nb1.5,0031,impulsive_15,impulsive,15.0,False,False,4.873431271334347,,cvhi:common_voice_hi_24228205,15.927864074707031,16.761138916015625,0.9756610161772505,3.1915769577026367,0.0
gf0.70_nb1.5,0032,impulsive_15,impulsive,15.0,False,False,3.328291061783519,,ls:1263-141777-0014,17.43012237548828,19.067604064941406,0.990517784192747,3.4035096168518066,0.06
gf0.70_nb1.5,0033,impulsive_15,impulsive,15.0,False,False,-5.293236227223825,,ls:1263-139804-0011,17.281051635742188,17.19938850402832,0.9853956389433433,2.9798357486724854,0.0
gf0.70_nb1.5,0034,impulsive_15,impulsive,15.0,False,False,10.144170459875106,,cvhi:common_voice_hi_25154399,19.03373146057129,19.192750930786133,0.9387837937454704,3.3539443016052246,0.04
gf0.70_nb1.5,0035,impulsive_15,impulsive,15.0,False,False,-2.5916512831794902,,cvhi:common_voice_hi_24258400,17.31864356994629,17.863357543945312,0.9910405270564451,3.443493127822876,0.22
gf0.70_nb1.5,0036,impulsive_15,impulsive,15.0,True,False,-4.389138717395578,,cvhi:common_voice_hi_24228363,20.369985580444336,20.39402961730957,0.9873105576168745,2.927499771118164,0.0
gf0.70_nb1.5,0037,impulsive_15,impulsive,15.0,False,False,-0.8077390260684574,,cvhi:common_voice_hi_24280971,19.86457061767578,20.265806198120117,0.99522664419457,3.4966044425964355,0.62
gf0.70_nb1.5,0038,impulsive_15,impulsive,15.0,False,False,9.758077736109444,,cvhi:common_voice_hi_24228331,16.505752563476562,16.418827056884766,0.9355311791830223,2.7658205032348633,0.58
gf0.70_nb1.5,0039,impulsive_15,impulsive,15.0,True,False,2.8786564222402653,,cvhi:common_voice_hi_24258326,17.022201538085938,16.946292877197266,0.9621550464777683,3.0789122581481934,0.0
gf0.70_nb1.5,0000,impulsive_5,impulsive,5.0,False,False,11.61344132302112,,cvhi:common_voice_hi_24427482,12.548861503601074,12.398285865783691,0.860414213686292,2.128086566925049,0.0
gf0.70_nb1.5,0001,impulsive_5,impulsive,5.0,True,True,8.090763984233766,,cvhi:common_voice_hi_24258391,14.024173736572266,14.008522987365723,0.9081963874997443,1.877061367034912,0.36
gf0.70_nb1.5,0002,impulsive_5,impulsive,5.0,False,False,-3.0506161697382366,,cvhi:common_voice_hi_26007798,19.02246856689453,21.377248764038086,0.9896553060339643,3.328688859939575,0.0
gf0.70_nb1.5,0003,impulsive_5,impulsive,5.0,False,False,9.25717923917993,,cvhi:common_voice_hi_23844517,11.903987884521484,11.625234603881836,0.9535754748526819,2.6874794960021973,0.84
gf0.70_nb1.5,0004,impulsive_5,impulsive,5.0,True,False,0.41346623220501755,,cvhi:common_voice_hi_24226416,11.015690803527832,12.115995407104492,0.9299140645428646,2.2161195278167725,0.0
gf0.70_nb1.5,0005,impulsive_5,impulsive,5.0,False,False,-5.530223284613426,,ls:1898-145724-0032,14.755342483520508,14.637960433959961,0.9609405133699366,2.8987679481506348,0.0
gf0.70_nb1.5,0006,impulsive_5,impulsive,5.0,False,False,-3.058353579707248,,cvhi:common_voice_hi_24782669,12.592721939086914,12.882460594177246,0.8332161400100457,1.4224183559417725,0.2
gf0.70_nb1.5,0007,impulsive_5,impulsive,5.0,False,False,-4.3514447652846,,ls:226-131533-0035,12.446211814880371,12.873186111450195,0.9119614623762848,2.4026925563812256,0.0
gf0.70_nb1.5,0008,impulsive_5,impulsive,5.0,False,False,6.433375785426765,,ls:226-131533-0015,14.19113540649414,15.053750038146973,0.8255310515773532,2.7530808448791504,0.18
gf0.70_nb1.5,0009,impulsive_5,impulsive,5.0,False,False,1.9586477249866263,,ls:150-126107-0003,10.66191577911377,11.816916465759277,0.8882667103328769,2.854708194732666,0.0
gf0.70_nb1.5,0010,impulsive_5,impulsive,5.0,False,False,5.354407061091097,,cvhi:common_voice_hi_27005527,13.71896743774414,14.071145057678223,0.9689433279359996,2.1217052936553955,0.24
gf0.70_nb1.5,0011,impulsive_5,impulsive,5.0,False,False,-2.422488724557507,,cvhi:common_voice_hi_25154432,16.994125366210938,17.027076721191406,0.9381384888026957,2.2119133472442627,0.26
gf0.70_nb1.5,0012,impulsive_5,impulsive,5.0,True,False,11.34161998590724,,cvhi:common_voice_hi_26007665,18.77899169921875,18.845195770263672,0.9894227259756002,3.1764869689941406,0.84
gf0.70_nb1.5,0013,impulsive_5,impulsive,5.0,False,False,-5.0750406685082865,,cvhi:common_voice_hi_27005263,13.520136833190918,14.519972801208496,0.9574598351074627,2.2966063022613525,0.0
gf0.70_nb1.5,0014,impulsive_5,impulsive,5.0,False,False,-4.240202786436654,,cvhi:common_voice_hi_26687140,10.932870864868164,11.327780723571777,0.9097465115202104,1.632535696029663,0.6
gf0.70_nb1.5,0015,impulsive_5,impulsive,5.0,False,False,11.649402292451203,,cvhi:common_voice_hi_24228159,16.979549407958984,17.230165481567383,0.9818545240760964,2.522880792617798,0.28
gf0.70_nb1.5,0016,impulsive_5,impulsive,5.0,False,False,-0.32111687097961195,,ls:1898-145720-0007,14.87658405303955,15.87001895904541,0.9211854026714367,2.855681896209717,0.0
gf0.70_nb1.5,0017,impulsive_5,impulsive,5.0,False,False,8.25090469848719,,ls:1898-145724-0037,12.721415519714355,12.546000480651855,0.9831209641639094,2.0601282119750977,0.1
gf0.70_nb1.5,0018,impulsive_5,impulsive,5.0,False,False,-4.457620576603141,,ls:1898-145702-0011,14.034663200378418,13.87732982635498,0.9335226203397786,2.2892823219299316,0.04
gf0.70_nb1.5,0019,impulsive_5,impulsive,5.0,False,False,-3.9296005602359454,,ls:1898-145715-0005,19.69580078125,20.262662887573242,0.9167811750771041,3.581476926803589,0.0
gf0.70_nb1.5,0020,impulsive_5,impulsive,5.0,False,False,-3.572901565171919,,ls:226-122538-0024,20.219608306884766,20.217342376708984,0.9661826750501209,3.946075916290283,0.04
gf0.70_nb1.5,0021,impulsive_5,impulsive,5.0,False,False,6.279899622976185,,cvhi:common_voice_hi_26007736,18.17136573791504,19.147157669067383,0.9915360821549,2.821904420852661,0.06
gf0.70_nb1.5,0022,impulsive_5,impulsive,5.0,False,False,-5.269417170900687,,cvhi:common_voice_hi_26007596,14.895110130310059,15.452279090881348,0.9470132223392658,2.3316774368286133,0.2
gf0.70_nb1.5,0023,impulsive_5,impulsive,5.0,False,False,9.649148921603594,,cvhi:common_voice_hi_24427484,20.458187103271484,21.406864166259766,0.9615090974494565,3.4353861808776855,0.16
gf0.70_nb1.5,0024,impulsive_5,impulsive,5.0,False,False,-1.4677967709489383,,ls:150-132655-0014,13.307363510131836,14.315728187561035,0.8108007703858182,2.6143550872802734,0.28
gf0.70_nb1.5,0025,impulsive_5,impulsive,5.0,False,False,3.1109308172857677,,cvhi:common_voice_hi_24759431,16.97553062438965,17.080223083496094,0.977076055480381,2.9503777027130127,0.22
gf0.70_nb1.5,0026,impulsive_5,impulsive,5.0,False,False,-5.268855409232216,,cvhi:common_voice_hi_24510939,8.730974197387695,8.381267547607422,0.9334948225982752,2.22845196723938,1.06
gf0.70_nb1.5,0027,impulsive_5,impulsive,5.0,False,False,3.333968335267315,,cvhi:common_voice_hi_24280956,16.237199783325195,16.170059204101562,0.9779035497833409,3.001722574234009,1.1
gf0.70_nb1.5,0028,impulsive_5,impulsive,5.0,False,False,-1.5158198495479747,,cvhi:common_voice_hi_26007855,13.39871597290039,13.691276550292969,0.9538108596938709,2.8802363872528076,0.02
gf0.70_nb1.5,0029,impulsive_5,impulsive,5.0,False,False,2.9592697481417787,,ls:226-131533-0032,19.191587448120117,19.52751922607422,0.9111055576819859,3.434460401535034,0.34
gf0.70_nb1.5,0030,impulsive_5,impulsive,5.0,False,False,2.784357735827644,,cvhi:common_voice_hi_24427851,16.578887939453125,16.832935333251953,0.9459296668027454,2.8633885383605957,0.84
gf0.70_nb1.5,0031,impulsive_5,impulsive,5.0,False,False,10.29465198046453,,cvhi:common_voice_hi_31389170,15.153656959533691,16.13212776184082,0.928944085383277,2.358048915863037,0.08
gf0.70_nb1.5,0032,impulsive_5,impulsive,5.0,False,False,-4.89210630635006,,cvhi:common_voice_hi_27005230,15.393108367919922,17.090171813964844,0.9819077047828355,3.066904306411743,0.0
gf0.70_nb1.5,0033,impulsive_5,impulsive,5.0,False,False,3.082226609212764,,ls:226-131533-0013,15.7359619140625,15.691040992736816,0.8885501064181737,3.168496608734131,0.0
gf0.70_nb1.5,0034,impulsive_5,impulsive,5.0,False,False,11.914087685389017,,cvhi:common_voice_hi_26007855,22.103988647460938,22.358741760253906,0.9894320428939055,3.9041354656219482,0.02
gf0.70_nb1.5,0035,impulsive_5,impulsive,5.0,False,False,10.292813163166183,,cvhi:common_voice_hi_24386802,9.825779914855957,9.353571891784668,0.9308090982441728,1.9691658020019531,0.34
gf0.70_nb1.5,0036,impulsive_5,impulsive,5.0,False,False,1.2041870095076161,,cvhi:common_voice_hi_24280934,14.638216018676758,14.61917781829834,0.9734726383433397,3.007232189178467,0.0
gf0.70_nb1.5,0037,impulsive_5,impulsive,5.0,False,False,-1.629089697222673,,cvhi:common_voice_hi_24759285,15.679271697998047,15.56887149810791,0.9595223825786956,2.494170665740967,0.0
gf0.70_nb1.5,0038,impulsive_5,impulsive,5.0,False,False,10.548727190895214,,cvhi:common_voice_hi_27035759,18.208723068237305,19.24566078186035,0.9701802884621844,3.204807996749878,0.0
gf0.70_nb1.5,0039,impulsive_5,impulsive,5.0,False,False,5.305534664991885,,cvhi:common_voice_hi_26007783,16.313989639282227,16.243446350097656,0.9688173290045133,2.7047531604766846,0.0
gf0.70_nb1.5,0000,recorded_impulsive+stationary_-10,recorded_impulsive+stationary,-10.0,True,False,9.270135250255716,,cvhi:common_voice_hi_24228160,7.864908695220947,7.1677327156066895,0.8340536499236154,1.345792531967163,0.88
gf0.70_nb1.5,0001,recorded_impulsive+stationary_-10,recorded_impulsive+stationary,-10.0,False,True,6.118680658090842,,ls:226-122538-0012,4.473348617553711,2.569127321243286,0.6769609306469105,1.111667513847351,0.0
gf0.70_nb1.5,0002,recorded_impulsive+stationary_-10,recorded_impulsive+stationary,-10.0,False,False,10.047051950464994,,cvhi:common_voice_hi_24225724,10.157967567443848,10.065834045410156,0.9648985261119848,1.860149621963501,0.0
gf0.70_nb1.5,0003,recorded_impulsive+stationary_-10,recorded_impulsive+stationary,-10.0,False,False,-3.8082900378784768,,cvhi:common_voice_hi_32796700,4.7630696296691895,3.0364508628845215,0.7110867785946219,1.1633098125457764,0.0
gf0.70_nb1.5,0004,recorded_impulsive+stationary_-10,recorded_impulsive+stationary,-10.0,False,True,-2.379028045444514,,ls:1263-139804-0028,2.6348280906677246,-0.7480570077896118,0.6550196488936352,1.1464242935180664,0.0
gf0.70_nb1.5,0005,recorded_impulsive+stationary_-10,recorded_impulsive+stationary,-10.0,False,False,-3.343228342832788,,ls:150-132655-0021,4.761836528778076,3.1672251224517822,0.670908758456224,1.173779010772705,0.0
gf0.70_nb1.5,0006,recorded_impulsive+stationary_-10,recorded_impulsive+stationary,-10.0,False,False,6.342452732877593,,cvhi:common_voice_hi_23936421,5.342314720153809,3.9031741619110107,0.7511196684697169,1.2926325798034668,0.36
gf0.70_nb1.5,0007,recorded_impulsive+stationary_-10,recorded_impulsive+stationary,-10.0,False,False,-5.187606435357578,,cvhi:common_voice_hi_27005282,3.1554946899414062,0.2859610319137573,0.6359087709392424,1.1962114572525024,0.0
gf0.70_nb1.5,0008,recorded_impulsive+stationary_-10,recorded_impulsive+stationary,-10.0,False,False,-3.0411623120041904,,cvhi:common_voice_hi_24280967,3.19697904586792,0.3929714560508728,0.707159752002287,1.256168007850647,0.0
gf0.70_nb1.5,0009,recorded_impulsive+stationary_-10,recorded_impulsive+stationary,-10.0,False,False,-2.05671813429199,,cvhi:common_voice_hi_24758650,1.407763957977295,-3.982729911804199,0.5732840239078478,1.1783424615859985,0.0
gf0.70_nb1.5,0010,recorded_impulsive+stationary_-10,recorded_impulsive+stationary,-10.0,True,False,-3.51222849842349,,cvhi:common_voice_hi_25982666,3.499788999557495,1.4275224208831787,0.6673049096306763,1.3160209655761719,0.0
gf0.70_nb1.5,0011,recorded_impulsive+stationary_-10,recorded_impulsive+stationary,-10.0,False,False,-5.612346975369003,,cvhi:common_voice_hi_26007687,5.741912841796875,4.398192882537842,0.8436142519328623,1.3468397855758667,0.0
gf0.70_nb1.5,0012,recorded_impulsive+stationary_-10,recorded_impulsive+stationary,-10.0,False,False,-0.711397449964867,,ls:150-126112-0029,6.260120868682861,5.196413040161133,0.6868814766655619,1.2819771766662598,0.0
gf0.70_nb1.5,0013,recorded_impulsive+stationary_-10,recorded_impulsive+stationary,-10.0,True,False,6.137100781872714,,cvhi:common_voice_hi_26007702,2.6931047439575195,-0.599679708480835,0.628893645964396,1.116722822189331,0.0
gf0.70_nb1.5,0014,recorded_impulsive+stationary_-10,recorded_impulsive+stationary,-10.0,False,False,8.720829084970322,,ls:226-122538-0022,5.819601058959961,4.509598731994629,0.5384718337721165,1.3086742162704468,0.28
gf0.70_nb1.5,0015,recorded_impulsive+stationary_-10,recorded_impulsive+stationary,-10.0,True,False,-0.5224983808467298,,ls:150-126107-0038,4.752445697784424,3.248600482940674,0.5555710778414955,1.136892557144165,0.0
gf0.70_nb1.5,0016,recorded_impulsive+stationary_-10,recorded_impulsive+stationary,-10.0,False,False,3.100200907564542,,cvhi:common_voice_hi_25154363,4.509009838104248,2.613101005554199,0.594955376894876,1.1604729890823364,0.0
gf0.70_nb1.5,0017,recorded_impulsive+stationary_-10,recorded_impulsive+stationary,-10.0,False,False,9.508903921153806,,ls:1898-145715-0023,6.539178848266602,5.486301898956299,0.7706941839789444,1.264405369758606,0.66
gf0.70_nb1.5,0018,recorded_impulsive+stationary_-10,recorded_impulsive+stationary,-10.0,True,False,-2.9355747450088563,,cvhi:common_voice_hi_25948425,4.790860652923584,3.109194278717041,0.723435416474619,1.3017526865005493,0.0
gf0.70_nb1.5,0019,recorded_impulsive+stationary_-10,recorded_impulsive+stationary,-10.0,False,False,3.062334895909304,,cvhi:common_voice_hi_25948433,1.1878811120986938,-4.419946193695068,0.42670035720889615,1.0398836135864258,0.0
gf0.70_nb1.5,0020,recorded_impulsive+stationary_-10,recorded_impulsive+stationary,-10.0,False,False,-0.8062390922914027,,cvhi:common_voice_hi_23964499,7.976228713989258,7.414135932922363,0.8034730590185866,1.548906922340393,0.0
gf0.70_nb1.5,0021,recorded_impulsive+stationary_-10,recorded_impulsive+stationary,-10.0,False,False,3.1677714386455627,,cvhi:common_voice_hi_23964500,6.470401763916016,5.690499305725098,0.701246043288461,1.3430309295654297,0.0
gf0.70_nb1.5,0022,recorded_impulsive+stationary_-10,recorded_impulsive+stationary,-10.0,False,False,-1.1762809273864194,,cvhi:common_voice_hi_25948428,3.6894991397857666,1.3955647945404053,0.6594985903854085,1.2023797035217285,0.0
gf0.70_nb1.5,0023,recorded_impulsive+stationary_-10,recorded_impulsive+stationary,-10.0,False,True,8.598557098261594,,cvhi:common_voice_hi_25473110,1.513864517211914,-3.6876168251037598,0.5403154836483253,1.0931318998336792,0.0
gf0.70_nb1.5,0024,recorded_impulsive+stationary_-10,recorded_impulsive+stationary,-10.0,False,False,-4.803334661750945,,cvhi:common_voice_hi_25948433,1.6244571208953857,-3.4096453189849854,0.5952708430850239,1.0733438730239868,0.0
gf0.70_nb1.5,0025,recorded_impulsive+stationary_-10,recorded_impulsive+stationary,-10.0,False,False,10.95234966276482,,cvhi:common_voice_hi_26007795,5.922379016876221,4.761312961578369,0.8397202023254304,1.3309416770935059,0.16
gf0.70_nb1.5,0026,recorded_impulsive+stationary_-10,recorded_impulsive+stationary,-10.0,False,False,6.175127230795919,,cvhi:common_voice_hi_24280972,4.516139030456543,2.646266460418701,0.562469665658479,1.1317455768585205,0.38
gf0.70_nb1.5,0027,recorded_impulsive+stationary_-10,recorded_impulsive+stationary,-10.0,False,False,11.511010424237508,,ls:1898-145720-0006,4.148895740509033,2.0679430961608887,0.6116846796612797,1.1159214973449707,0.0
gf0.70_nb1.5,0028,recorded_impulsive+stationary_-10,recorded_impulsive+stationary,-10.0,False,True,-4.1111279847513496,,cvhi:common_voice_hi_24759574,8.30549144744873,7.617947578430176,0.9360585652031972,2.038884401321411,0.0
gf0.70_nb1.5,0029,recorded_impulsive+stationary_-10,recorded_impulsive+stationary,-10.0,True,True,6.972908577832742,,ls:1898-145715-0020,2.8975229263305664,-0.22752690315246582,0.4757159996971386,1.0461022853851318,0.0
gf0.70_nb1.5,0030,recorded_impulsive+stationary_-10,recorded_impulsive+stationary,-10.0,False,False,4.578498147505343,,cvhi:common_voice_hi_25154368,5.335074424743652,3.8356950283050537,0.5220345317597299,1.2132071256637573,0.0
gf0.70_nb1.5,0031,recorded_impulsive+stationary_-10,recorded_impulsive+stationary,-10.0,False,False,5.191977400767048,,ls:1898-145715-0017,4.7622528076171875,2.9975485801696777,0.5229337956744912,1.0348315238952637,0.12
gf0.70_nb1.5,0032,recorded_impulsive+stationary_-10,recorded_impulsive+stationary,-10.0,False,False,-0.2995981391878395,,cvhi:common_voice_hi_26968240,3.5119035243988037,0.9557751417160034,0.5892719109177988,1.077059268951416,0.2
gf0.70_nb1.5,0033,recorded_impulsive+stationary_-10,recorded_impulsive+stationary,-10.0,False,False,7.691877880793445,,cvhi:common_voice_hi_24759287,2.56563138961792,-0.8678711652755737,0.7467115301218066,1.2920035123825073,0.38
gf0.70_nb1.5,0034,recorded_impulsive+stationary_-10,recorded_impulsive+stationary,-10.0,False,False,10.55424307364559,,ls:1898-145702-0003,5.510661602020264,4.079839706420898,0.6331862029900076,1.2809077501296997,0.0
gf0.70_nb1.5,0035,recorded_impulsive+stationary_-10,recorded_impulsive+stationary,-10.0,False,False,-5.04129326047356,,cvhi:common_voice_hi_24280963,3.032287120819092,0.08567982167005539,0.7636555747320126,1.2143772840499878,0.0
gf0.70_nb1.5,0036,recorded_impulsive+stationary_-10,recorded_impulsive+stationary,-10.0,False,False,-0.3076923117216426,,cvhi:common_voice_hi_24228362,5.622219562530518,4.288616180419922,0.8277376801067797,1.317674160003662,0.0
gf0.70_nb1.5,0037,recorded_impulsive+stationary_-10,recorded_impulsive+stationary,-10.0,False,False,10.58505172754493,,ls:226-131533-0010,3.5710322856903076,1.0992310047149658,0.6341374997566002,1.1046823263168335,0.3
gf0.70_nb1.5,0038,recorded_impulsive+stationary_-10,recorded_impulsive+stationary,-10.0,False,False,10.507515937726549,,cvhi:common_voice_hi_24225595,3.276214361190796,0.5176093578338623,0.6012029979732683,1.2255622148513794,0.0
gf0.70_nb1.5,0039,recorded_impulsive+stationary_-10,recorded_impulsive+stationary,-10.0,False,False,2.0850026090466773,,cvhi:common_voice_hi_24386149,2.4112894535064697,-0.9327636957168579,0.570729733408025,1.1096254587173462,0.0
gf0.70_nb1.5,0000,recorded_impulsive+stationary_-5,recorded_impulsive+stationary,-5.0,False,False,-1.565776430506265,,ls:226-131533-0002,7.021215438842773,6.0614752769470215,0.829047894996439,1.4022412300109863,0.0
gf0.70_nb1.5,0001,recorded_impulsive+stationary_-5,recorded_impulsive+stationary,-5.0,False,False,-5.1777686149048145,,cvhi:common_voice_hi_40337925,5.693415641784668,4.351099967956543,0.8625330890683496,1.3504339456558228,0.0
gf0.70_nb1.5,0002,recorded_impulsive+stationary_-5,recorded_impulsive+stationary,-5.0,False,False,-4.756176244998059,,cvhi:common_voice_hi_25323049,7.19343376159668,6.408298015594482,0.8295191891552617,1.3934602737426758,0.0
gf0.70_nb1.5,0003,recorded_impulsive+stationary_-5,recorded_impulsive+stationary,-5.0,False,False,3.739566836072205,,cvhi:common_voice_hi_24427429,7.121021270751953,6.398176670074463,0.6038520995077802,1.4599974155426025,0.0
gf0.70_nb1.5,0004,recorded_impulsive+stationary_-5,recorded_impulsive+stationary,-5.0,False,False,4.924555920359309,,cvhi:common_voice_hi_24228426,7.803226470947266,7.039323329925537,0.7972697617597266,1.332355260848999,0.18
gf0.70_nb1.5,0005,recorded_impulsive+stationary_-5,recorded_impulsive+stationary,-5.0,False,False,0.5467488666301437,,cvhi:common_voice_hi_27005387,3.1583542823791504,0.3231775462627411,0.7336446663143812,1.1581281423568726,0.0
gf0.70_nb1.5,0006,recorded_impulsive+stationary_-5,recorded_impulsive+stationary,-5.0,False,True,3.59962556285514,,cvhi:common_voice_hi_24427373,7.496664047241211,6.690346717834473,0.7781138386940786,1.8872661590576172,0.0
gf0.70_nb1.5,0007,recorded_impulsive+stationary_-5,recorded_impulsive+stationary,-5.0,False,False,10.37349014872795,,cvhi:common_voice_hi_24261967,8.164562225341797,7.5056023597717285,0.6970024789245787,1.3678227663040161,0.0
gf0.70_nb1.5,0008,recorded_impulsive+stationary_-5,recorded_impulsive+stationary,-5.0,False,False,3.873410118313437,,cvhi:common_voice_hi_27005558,3.507578134536743,1.0182167291641235,0.7908901105046077,1.2580190896987915,0.0
gf0.70_nb1.5,0009,recorded_impulsive+stationary_-5,recorded_impulsive+stationary,-5.0,False,False,-1.3495214807900338,,ls:150-126112-0006,6.178544998168945,5.082604885101318,0.7892885335445964,1.3927254676818848,0.0
gf0.70_nb1.5,0010,recorded_impulsive+stationary_-5,recorded_impulsive+stationary,-5.0,False,False,11.417791422488776,,cvhi:common_voice_hi_25170238,7.847973823547363,7.194009780883789,0.7741852733621613,1.2828264236450195,0.0
gf0.70_nb1.5,0011,recorded_impulsive+stationary_-5,recorded_impulsive+stationary,-5.0,False,False,1.0884682486747828,,ls:226-131532-0025,6.566648006439209,5.486921310424805,0.6735417193051814,1.274334192276001,0.66
gf0.70_nb1.5,0012,recorded_impulsive+stationary_-5,recorded_impulsive+stationary,-5.0,False,False,2.161681486099898,,cvhi:common_voice_hi_26008938,7.601047515869141,6.825814247131348,0.49454522962609143,1.2619779109954834,0.0
gf0.70_nb1.5,0013,recorded_impulsive+stationary_-5,recorded_impulsive+stationary,-5.0,False,False,11.876821356296094,,cvhi:common_voice_hi_24258353,5.402238368988037,3.925499439239502,0.8438507345528888,1.2828463315963745,0.0
gf0.70_nb1.5,0014,recorded_impulsive+stationary_-5,recorded_impulsive+stationary,-5.0,False,False,1.4151097349163173,,cvhi:common_voice_hi_27005195,6.717044830322266,5.695671558380127,0.7856237251144632,1.4062095880508423,0.0
gf0.70_nb1.5,0015,recorded_impulsive+stationary_-5,recorded_impulsive+stationary,-5.0,False,False,-3.4659473808576786,,cvhi:common_voice_hi_26008602,4.1800947189331055,2.4823994636535645,0.7698533878701482,1.2900524139404297,0.18
gf0.70_nb1.5,0016,recorded_impulsive+stationary_-5,recorded_impulsive+stationary,-5.0,False,False,10.19580689215417,,cvhi:common_voice_hi_24386849,8.204575538635254,7.586152076721191,0.6897711651900011,1.3954498767852783,0.0
gf0.70_nb1.5,0017,recorded_impulsive+stationary_-5,recorded_impulsive+stationary,-5.0,False,False,6.349431176778349,,cvhi:common_voice_hi_25154387,5.573177337646484,4.204460144042969,0.6655108635479862,1.2671253681182861,0.0
gf0.70_nb1.5,0018,recorded_impulsive+stationary_-5,recorded_impulsive+stationary,-5.0,False,False,1.8408372923835952,,ls:150-126107-0008,5.6893510818481445,4.446129322052002,0.7375413666312961,1.224809169769287,0.0
gf0.70_nb1.5,0019,recorded_impulsive+stationary_-5,recorded_impulsive+stationary,-5.0,False,False,-2.994356853489917,,cvhi:common_voice_hi_24225387,4.057680606842041,2.0487735271453857,0.7663351708722769,1.2977856397628784,0.0
gf0.70_nb1.5,0020,recorded_impulsive+stationary_-5,recorded_impulsive+stationary,-5.0,False,False,-2.4092790249889076,,ls:150-126112-0014,6.8877973556518555,6.10938024520874,0.6539349626619603,1.4098570346832275,0.0
gf0.70_nb1.5,0021,recorded_impulsive+stationary_-5,recorded_impulsive+stationary,-5.0,False,False,9.497385738843784,,cvhi:common_voice_hi_24258337,6.4395246505737305,5.6336140632629395,0.8601036185945748,1.2730646133422852,0.0
gf0.70_nb1.5,0022,recorded_impulsive+stationary_-5,recorded_impulsive+stationary,-5.0,False,False,5.029547142435597,,cvhi:common_voice_hi_24386433,8.39780044555664,7.8262810707092285,0.7813111800302958,1.463721752166748,0.08
gf0.70_nb1.5,0023,recorded_impulsive+stationary_-5,recorded_impulsive+stationary,-5.0,False,False,9.354105640590236,,cvhi:common_voice_hi_24386606,8.027121543884277,7.283016204833984,0.8021330878427373,1.41250741481781,0.0
gf0.70_nb1.5,0024,recorded_impulsive+stationary_-5,recorded_impulsive+stationary,-5.0,False,False,10.791991354618812,,ls:150-126107-0025,8.249853134155273,7.843164920806885,0.7573565326427057,1.9100028276443481,0.0
gf0.70_nb1.5,0025,recorded_impulsive+stationary_-5,recorded_impulsive+stationary,-5.0,True,False,5.449573914130049,,ls:226-131533-0008,6.017712593078613,4.923903942108154,0.732078337590495,1.223479151725769,0.0
gf0.70_nb1.5,0026,recorded_impulsive+stationary_-5,recorded_impulsive+stationary,-5.0,False,False,-4.86218642894271,,cvhi:common_voice_hi_24258399,8.827603340148926,8.286977767944336,0.833812548082405,1.4364031553268433,0.0
gf0.70_nb1.5,0027,recorded_impulsive+stationary_-5,recorded_impulsive+stationary,-5.0,False,False,5.3678495222302995,,ls:1898-145715-0018,7.659346580505371,6.853135108947754,0.8260173458647951,1.2405577898025513,0.0
gf0.70_nb1.5,0028,recorded_impulsive+stationary_-5,recorded_impulsive+stationary,-5.0,False,False,8.092294685456725,,cvhi:common_voice_hi_27005396,4.193940162658691,2.2348172664642334,0.774255365555713,1.1372991800308228,0.0
gf0.70_nb1.5,0029,recorded_impulsive+stationary_-5,recorded_impulsive+stationary,-5.0,False,False,11.145362952607162,,cvhi:common_voice_hi_25170231,7.589612007141113,6.7647576332092285,0.7884187251770969,1.3280150890350342,0.0
gf0.70_nb1.5,0030,recorded_impulsive+stationary_-5,recorded_impulsive+stationary,-5.0,False,False,10.238777826427345,,cvhi:common_voice_hi_24510971,3.7703263759613037,1.8918859958648682,0.734894843811067,1.2636864185333252,0.48
gf0.70_nb1.5,0031,recorded_impulsive+stationary_-5,recorded_impulsive+stationary,-5.0,False,False,0.0381815799760572,,cvhi:common_voice_hi_24228359,6.875310897827148,6.179171085357666,0.8832017068703643,1.5841426849365234,0.06
gf0.70_nb1.5,0032,recorded_impulsive+stationary_-5,recorded_impulsive+stationary,-5.0,False,False,9.238253615815394,,cvhi:common_voice_hi_25323046,8.598291397094727,7.953027725219727,0.8843161641813909,1.4189355373382568,0.0
gf0.70_nb1.5,0033,recorded_impulsive+stationary_-5,recorded_impulsive+stationary,-5.0,False,False,-3.2031250398091204,,cvhi:common_voice_hi_24759342,6.613969802856445,5.548211097717285,0.8985796446964301,1.5071556568145752,0.38
gf0.70_nb1.5,0034,recorded_impulsive+stationary_-5,recorded_impulsive+stationary,-5.0,False,False,9.112888893473972,,cvhi:common_voice_hi_25128213,4.5309953689575195,2.6684517860412598,0.6984495521491263,1.0828418731689453,0.0
gf0.70_nb1.5,0035,recorded_impulsive+stationary_-5,recorded_impulsive+stationary,-5.0,False,False,1.4469044700788922,,cvhi:common_voice_hi_26008950,6.866015434265137,6.009018421173096,0.6810925001649172,1.2554235458374023,0.0
gf0.70_nb1.5,0036,recorded_impulsive+stationary_-5,recorded_impulsive+stationary,-5.0,False,False,4.948112907681891,,cvhi:common_voice_hi_24759072,8.327746391296387,7.723630905151367,0.8858131123662358,1.5453367233276367,0.0
gf0.70_nb1.5,0037,recorded_impulsive+stationary_-5,recorded_impulsive+stationary,-5.0,False,False,5.289241849156966,,cvhi:common_voice_hi_26080952,4.873452663421631,3.162789821624756,0.6798757317578039,1.400953769683838,0.0
gf0.70_nb1.5,0038,recorded_impulsive+stationary_-5,recorded_impulsive+stationary,-5.0,False,False,-3.2280232006803304,,cvhi:common_voice_hi_24228566,5.755386829376221,4.419004917144775,0.7108866425482615,1.2297874689102173,0.0
gf0.70_nb1.5,0039,recorded_impulsive+stationary_-5,recorded_impulsive+stationary,-5.0,False,False,10.34564782655378,,cvhi:common_voice_hi_24228566,4.285158634185791,2.2591991424560547,0.7632950786108146,1.421722650527954,0.08
gf0.70_nb1.5,0000,recorded_impulsive+stationary_0,recorded_impulsive+stationary,0.0,False,False,0.7352800176216059,,cvhi:common_voice_hi_24225728,9.63995361328125,9.14669418334961,0.8399403168025494,1.6552062034606934,0.18
gf0.70_nb1.5,0001,recorded_impulsive+stationary_0,recorded_impulsive+stationary,0.0,False,False,9.284042477609852,,cvhi:common_voice_hi_27005578,7.015776634216309,6.121440887451172,0.9058849678493781,1.6133028268814087,0.2
gf0.70_nb1.5,0002,recorded_impulsive+stationary_0,recorded_impulsive+stationary,0.0,False,False,-2.0877228271162145,,cvhi:common_voice_hi_26007782,7.84971284866333,7.345461368560791,0.8687391629505616,1.519894003868103,1.32
gf0.70_nb1.5,0003,recorded_impulsive+stationary_0,recorded_impulsive+stationary,0.0,False,False,-0.2696792283007392,,cvhi:common_voice_hi_24510992,8.697626113891602,8.193339347839355,0.8170818497328896,1.9084362983703613,0.0
gf0.70_nb1.5,0004,recorded_impulsive+stationary_0,recorded_impulsive+stationary,0.0,False,False,4.034011938254546,,cvhi:common_voice_hi_26687105,9.115947723388672,8.572175979614258,0.8837608251903994,1.74918794631958,0.0
gf0.70_nb1.5,0005,recorded_impulsive+stationary_0,recorded_impulsive+stationary,0.0,False,False,5.692721789025063,,cvhi:common_voice_hi_24759398,9.369500160217285,8.840867042541504,0.8626069046313679,1.540709376335144,0.0
gf0.70_nb1.5,0006,recorded_impulsive+stationary_0,recorded_impulsive+stationary,0.0,False,False,8.543461162396985,,ls:1263-141777-0007,8.032476425170898,7.500550270080566,0.7941195141685599,1.5027787685394287,1.88
gf0.70_nb1.5,0007,recorded_impulsive+stationary_0,recorded_impulsive+stationary,0.0,False,False,-1.5827811653145698,,ls:150-126112-0034,9.033233642578125,8.543940544128418,0.820501156909261,2.657677412033081,0.0
gf0.70_nb1.5,0008,recorded_impulsive+stationary_0,recorded_impulsive+stationary,0.0,False,False,3.538374458488798,,cvhi:common_voice_hi_24225444,10.130640029907227,9.70650863647461,0.9422928051676625,1.9043705463409424,0.0
gf0.70_nb1.5,0009,recorded_impulsive+stationary_0,recorded_impulsive+stationary,0.0,True,False,6.096555302985637,,cvhi:common_voice_hi_27005479,6.920404434204102,5.990024566650391,0.8193312595784904,1.2284445762634277,0.0
gf0.70_nb1.5,0010,recorded_impulsive+stationary_0,recorded_impulsive+stationary,0.0,False,False,-5.782004943196515,,ls:226-122538-0016,9.460683822631836,8.946252822875977,0.8654682195405009,1.5966931581497192,0.0
gf0.70_nb1.5,0011,recorded_impulsive+stationary_0,recorded_impulsive+stationary,0.0,False,False,9.191031229803942,,cvhi:common_voice_hi_24427880,8.065289497375488,7.6533989906311035,0.7157914005358431,1.463916540145874,0.0
gf0.70_nb1.5,0012,recorded_impulsive+stationary_0,recorded_impulsive+stationary,0.0,False,False,5.165202892457028,,ls:1263-139804-0004,8.697854995727539,8.20761775970459,0.8524920234286653,1.5314353704452515,0.0
gf0.70_nb1.5,0013,recorded_impulsive+stationary_0,recorded_impulsive+stationary,0.0,False,False,11.887660072824424,,ls:1263-141777-0012,9.98632526397705,9.579208374023438,0.9116446672482874,1.8802903890609741,0.0
gf0.70_nb1.5,0014,recorded_impulsive+stationary_0,recorded_impulsive+stationary,0.0,False,False,-4.565249258711942,,cvhi:common_voice_hi_26007759,7.960469722747803,7.277030944824219,0.8266421616761515,1.4304990768432617,0.0
gf0.70_nb1.5,0015,recorded_impulsive+stationary_0,recorded_impulsive+stationary,0.0,False,False,10.534462062223003,,cvhi:common_voice_hi_26254102,8.136381149291992,7.419061183929443,0.8605471365279178,1.4965128898620605,0.0
gf0.70_nb1.5,0016,recorded_impulsive+stationary_0,recorded_impulsive+stationary,0.0,False,False,7.729295545807636,,cvhi:common_voice_hi_24427445,9.230121612548828,8.874066352844238,0.6805312018380684,1.4847410917282104,0.24
gf0.70_nb1.5,0017,recorded_impulsive+stationary_0,recorded_impulsive+stationary,0.0,True,False,-3.6132993816227943,,cvhi:common_voice_hi_25154361,8.6888427734375,8.184464454650879,0.7686277524720034,1.3118995428085327,0.0
gf0.70_nb1.5,0018,recorded_impulsive+stationary_0,recorded_impulsive+stationary,0.0,False,False,0.5960709363081182,,cvhi:common_voice_hi_27005364,3.885591983795166,1.7020256519317627,0.8502192962210756,1.6066834926605225,0.0
gf0.70_nb1.5,0019,recorded_impulsive+stationary_0,recorded_impulsive+stationary,0.0,False,False,-1.1620665080264097,,cvhi:common_voice_hi_26080950,8.446751594543457,7.83964204788208,0.8076157079077814,1.545978307723999,0.0
gf0.70_nb1.5,0020,recorded_impulsive+stationary_0,recorded_impulsive+stationary,0.0,False,False,8.97506620413964,,ls:1263-141777-0035,8.234719276428223,7.679026126861572,0.8992370568555571,1.5760809183120728,0.1
gf0.70_nb1.5,0021,recorded_impulsive+stationary_0,recorded_impulsive+stationary,0.0,False,False,4.072299928790324,,ls:1898-145720-0016,11.629668235778809,11.817281723022461,0.8994610010356889,2.3960187435150146,0.0
gf0.70_nb1.5,0022,recorded_impulsive+stationary_0,recorded_impulsive+stationary,0.0,False,False,11.736184496072294,,cvhi:common_voice_hi_24759344,6.2017669677734375,5.0113372802734375,0.8046998365333482,1.3590800762176514,0.52
gf0.70_nb1.5,0023,recorded_impulsive+stationary_0,recorded_impulsive+stationary,0.0,False,False,3.0165972478408047,,cvhi:common_voice_hi_40355229,9.862509727478027,9.59112548828125,0.8495947227279621,1.5995962619781494,0.0
gf0.70_nb1.5,0024,recorded_impulsive+stationary_0,recorded_impulsive+stationary,0.0,False,False,7.385410036460145,,cvhi:common_voice_hi_24228568,9.578899383544922,9.13198184967041,0.8485863889287967,1.6308469772338867,0.0
gf0.70_nb1.5,0025,recorded_impulsive+stationary_0,recorded_impulsive+stationary,0.0,False,False,-0.6607748354006375,,ls:1898-145702-0006,9.40264892578125,8.89322280883789,0.8775378715096033,1.576202630996704,0.0
gf0.70_nb1.5,0026,recorded_impulsive+stationary_0,recorded_impulsive+stationary,0.0,False,False,3.0816863447955125,,cvhi:common_voice_hi_25154424,11.613017082214355,11.606246948242188,0.7759419057641221,1.734839916229248,0.0
gf0.70_nb1.5,0027,recorded_impulsive+stationary_0,recorded_impulsive+stationary,0.0,False,True,11.092097529772822,,cvhi:common_voice_hi_24228246,8.191353797912598,7.500792026519775,0.8678405279645541,1.4083702564239502,0.0
gf0.70_nb1.5,0028,recorded_impulsive+stationary_0,recorded_impulsive+stationary,0.0,False,False,6.818538395879948,,ls:1898-145720-0010,6.453773498535156,5.340128421783447,0.7314224163576274,1.3072433471679688,0.0
gf0.70_nb1.5,0029,recorded_impulsive+stationary_0,recorded_impulsive+stationary,0.0,False,False,-3.167169159557719,,cvhi:common_voice_hi_26769503,10.164224624633789,9.727145195007324,0.6367346410237374,1.720984935760498,0.0
gf0.70_nb1.5,0030,recorded_impulsive+stationary_0,recorded_impulsive+stationary,0.0,False,False,7.1809292136730445,,cvhi:common_voice_hi_27005393,5.736526966094971,4.639228343963623,0.8273972459373897,1.2273420095443726,0.0
gf0.70_nb1.5,0031,recorded_impulsive+stationary_0,recorded_impulsive+stationary,0.0,False,False,-1.188143820435,,cvhi:common_voice_hi_24280932,10.978045463562012,10.617505073547363,0.9053736695077012,1.8588848114013672,0.16
gf0.70_nb1.5,0032,recorded_impulsive+stationary_0,recorded_impulsive+stationary,0.0,False,False,6.3313968801738305,,cvhi:common_voice_hi_26007665,10.458574295043945,10.091896057128906,0.9188538619078153,1.9174768924713135,0.0
gf0.70_nb1.5,0033,recorded_impulsive+stationary_0,recorded_impulsive+stationary,0.0,False,False,-0.19211525988416334,,cvhi:common_voice_hi_25323014,8.951213836669922,8.359801292419434,0.9081473447589352,1.8043065071105957,0.0
gf0.70_nb1.5,0034,recorded_impulsive+stationary_0,recorded_impulsive+stationary,0.0,False,False,10.054673540882185,,cvhi:common_voice_hi_25170231,11.28935432434082,11.028377532958984,0.8803123383568017,1.4594075679779053,0.18
gf0.70_nb1.5,0035,recorded_impulsive+stationary_0,recorded_impulsive+stationary,0.0,False,False,-3.8763336758924627,,cvhi:common_voice_hi_26007591,13.13348388671875,12.963739395141602,0.8874919071721841,1.9730925559997559,0.12
gf0.70_nb1.5,0036,recorded_impulsive+stationary_0,recorded_impulsive+stationary,0.0,False,False,4.8319295488847995,,cvhi:common_voice_hi_26007861,14.585563659667969,14.870792388916016,0.8718531117676915,1.8713562488555908,0.0
gf0.70_nb1.5,0037,recorded_impulsive+stationary_0,recorded_impulsive+stationary,0.0,False,False,7.432109612980167,,cvhi:common_voice_hi_26769497,11.197469711303711,10.947575569152832,0.7063566737149793,1.5663079023361206,0.04
gf0.70_nb1.5,0038,recorded_impulsive+stationary_0,recorded_impulsive+stationary,0.0,False,False,5.793056600908823,,cvhi:common_voice_hi_24386473,8.768898963928223,8.407925605773926,0.7244455290618586,1.4374785423278809,0.48
gf0.70_nb1.5,0039,recorded_impulsive+stationary_0,recorded_impulsive+stationary,0.0,True,False,-1.740793726552985,,cvhi:common_voice_hi_24759306,7.734387397766113,7.077087879180908,0.820484144530696,1.4116870164871216,0.0
gf0.70_nb1.5,0000,recorded_impulsive+stationary_10,recorded_impulsive+stationary,10.0,False,False,-0.6282548980019946,,cvhi:common_voice_hi_23844514,14.13740348815918,15.78437328338623,0.9249745066942687,2.8175947666168213,0.0
gf0.70_nb1.5,0001,recorded_impulsive+stationary_10,recorded_impulsive+stationary,10.0,False,False,1.3984227100023618,,ls:1263-138246-0006,16.722591400146484,16.803510665893555,0.9675523046968281,2.626363754272461,0.0
gf0.70_nb1.5,0002,recorded_impulsive+stationary_10,recorded_impulsive+stationary,10.0,False,False,-0.3177815872429681,,cvhi:common_voice_hi_26008620,14.685868263244629,14.535832405090332,0.8982168418018149,2.488976001739502,0.02
gf0.70_nb1.5,0003,recorded_impulsive+stationary_10,recorded_impulsive+stationary,10.0,False,False,9.187828124510299,,cvhi:common_voice_hi_24386827,15.769906044006348,15.707980155944824,0.9282243922340898,2.4612579345703125,0.0
gf0.70_nb1.5,0004,recorded_impulsive+stationary_10,recorded_impulsive+stationary,10.0,False,False,-4.051257550075904,,cvhi:common_voice_hi_23844541,12.778364181518555,12.562161445617676,0.8725652163941016,2.320831537246704,0.0
gf0.70_nb1.5,0005,recorded_impulsive+stationary_10,recorded_impulsive+stationary,10.0,False,False,-5.972106053640216,,ls:1263-141777-0012,13.767538070678711,13.597578048706055,0.9748340629576728,2.391932725906372,0.12
gf0.70_nb1.5,0006,recorded_impulsive+stationary_10,recorded_impulsive+stationary,10.0,False,False,3.2820846736677485,,cvhi:common_voice_hi_24427467,13.248377799987793,13.31871223449707,0.8861279715547984,2.524871587753296,0.64
gf0.70_nb1.5,0007,recorded_impulsive+stationary_10,recorded_impulsive+stationary,10.0,True,False,1.7378053891727925,,cvhi:common_voice_hi_26007736,13.226778030395508,13.432716369628906,0.9416551085745365,2.269765853881836,0.0
gf0.70_nb1.5,0008,recorded_impulsive+stationary_10,recorded_impulsive+stationary,10.0,False,False,3.545650875734111,,cvhi:common_voice_hi_26253997,16.467613220214844,17.602455139160156,0.8957818954567413,2.3666269779205322,0.02
gf0.70_nb1.5,0009,recorded_impulsive+stationary_10,recorded_impulsive+stationary,10.0,False,False,5.578325487030067,,cvhi:common_voice_hi_37209035,12.356324195861816,12.37613296508789,0.9423594186408186,2.5131144523620605,0.0
gf0.70_nb1.5,0010,recorded_impulsive+stationary_10,recorded_impulsive+stationary,10.0,False,False,-1.3850826734538249,,cvhi:common_voice_hi_26007746,16.689298629760742,17.71316909790039,0.9790079793368036,3.243551254272461,0.0
gf0.70_nb1.5,0011,recorded_impulsive+stationary_10,recorded_impulsive+stationary,10.0,False,False,10.292575854059667,,cvhi:common_voice_hi_25323041,12.583139419555664,13.273881912231445,0.9667858121303725,2.6115882396698,0.24
gf0.70_nb1.5,0012,recorded_impulsive+stationary_10,recorded_impulsive+stationary,10.0,False,False,-5.8857956343874775,,cvhi:common_voice_hi_24280926,14.63103199005127,14.484655380249023,0.9702681325082536,2.495769739151001,0.0
gf0.70_nb1.5,0013,recorded_impulsive+stationary_10,recorded_impulsive+stationary,10.0,False,False,-1.414707446853365,,cvhi:common_voice_hi_24258333,13.821743965148926,14.570027351379395,0.967273349780886,2.88594651222229,0.0
gf0.70_nb1.5,0014,recorded_impulsive+stationary_10,recorded_impulsive+stationary,10.0,False,False,0.7413170713436177,,cvhi:common_voice_hi_26007570,15.018806457519531,15.027658462524414,0.9110845054367245,2.271953582763672,0.0
gf0.70_nb1.5,0015,recorded_impulsive+stationary_10,recorded_impulsive+stationary,10.0,False,False,2.2963053734123573,,cvhi:common_voice_hi_24759560,13.44468879699707,13.286520004272461,0.9481955564040384,2.5066299438476562,0.0
gf0.70_nb1.5,0016,recorded_impulsive+stationary_10,recorded_impulsive+stationary,10.0,False,False,2.891085464079323,,cvhi:common_voice_hi_26687147,15.288437843322754,15.169267654418945,0.9487467570998167,2.822953939437866,0.0
gf0.70_nb1.5,0017,recorded_impulsive+stationary_10,recorded_impulsive+stationary,10.0,False,True,-0.5955374678305354,,cvhi:common_voice_hi_27149956,14.397489547729492,14.837905883789062,0.8031994665943294,2.059971332550049,0.04
gf0.70_nb1.5,0018,recorded_impulsive+stationary_10,recorded_impulsive+stationary,10.0,False,False,3.1912606005071478,,cvhi:common_voice_hi_24427380,17.46822738647461,17.455888748168945,0.8915452567499988,2.3647944927215576,0.0
gf0.70_nb1.5,0019,recorded_impulsive+stationary_10,recorded_impulsive+stationary,10.0,False,False,1.9547440837172712,,cvhi:common_voice_hi_24228427,11.524981498718262,12.410816192626953,0.9468877710681612,2.3590805530548096,0.24
gf0.70_nb1.5,0020,recorded_impulsive+stationary_10,recorded_impulsive+stationary,10.0,False,False,-1.7600340238048364,,ls:226-131533-0016,17.24932861328125,17.64063262939453,0.8710234544734224,3.581451416015625,0.2
gf0.70_nb1.5,0021,recorded_impulsive+stationary_10,recorded_impulsive+stationary,10.0,False,True,9.759702265814452,,cvhi:common_voice_hi_24386503,11.949334144592285,11.668624877929688,0.9783779445184321,2.0009870529174805,0.0
gf0.70_nb1.5,0022,recorded_impulsive+stationary_10,recorded_impulsive+stationary,10.0,False,False,1.0654399577400726,,ls:226-131532-0004,15.323993682861328,15.200048446655273,0.779565237546466,2.6059117317199707,0.0
gf0.70_nb1.5,0023,recorded_impulsive+stationary_10,recorded_impulsive+stationary,10.0,False,False,1.4775032602220879,,cvhi:common_voice_hi_24258257,13.755291938781738,13.673715591430664,0.8391227499180068,2.0366108417510986,0.1
gf0.70_nb1.5,0024,recorded_impulsive+stationary_10,recorded_impulsive+stationary,10.0,True,False,-3.3937075230253266,,ls:226-131533-0007,12.495060920715332,13.459634780883789,0.8520575537585797,2.9772000312805176,0.0
gf0.70_nb1.5,0025,recorded_impulsive+stationary_10,recorded_impulsive+stationary,10.0,True,False,5.812952560510169,,cvhi:common_voice_hi_24386655,14.28557014465332,14.259637832641602,0.9308771658383157,2.309833288192749,0.0
gf0.70_nb1.5,0026,recorded_impulsive+stationary_10,recorded_impulsive+stationary,10.0,False,False,-0.805545840226813,,cvhi:common_voice_hi_24228162,21.634185791015625,21.765743255615234,0.9963158923165245,4.094052791595459,0.0
gf0.70_nb1.5,0027,recorded_impulsive+stationary_10,recorded_impulsive+stationary,10.0,False,False,10.626132107369735,,cvhi:common_voice_hi_24759046,13.173918724060059,13.048965454101562,0.9251822129345822,2.175119161605835,0.14
gf0.70_nb1.5,0028,recorded_impulsive+stationary_10,recorded_impulsive+stationary,10.0,False,False,-3.979979419065995,,ls:150-126107-0017,13.535504341125488,14.010753631591797,0.9627897938247614,2.7513551712036133,0.0
gf0.70_nb1.5,0029,recorded_impulsive+stationary_10,recorded_impulsive+stationary,10.0,False,False,-1.4670266275256605,,cvhi:common_voice_hi_25948397,12.745079040527344,13.007264137268066,0.9208436620979555,2.018850088119507,0.0
gf0.70_nb1.5,0030,recorded_impulsive+stationary_10,recorded_impulsive+stationary,10.0,False,False,10.208083802296098,,cvhi:common_voice_hi_25170240,18.50031089782715,19.62416648864746,0.9542563173524308,2.7391483783721924,0.76
gf0.70_nb1.5,0031,recorded_impulsive+stationary_10,recorded_impulsive+stationary,10.0,False,False,7.901771379854775,,cvhi:common_voice_hi_24228579,13.318863868713379,13.116093635559082,0.8796441512528907,2.0566954612731934,0.26
gf0.70_nb1.5,0032,recorded_impulsive+stationary_10,recorded_impulsive+stationary,10.0,False,False,0.27562937557302014,,ls:1263-138246-0036,12.91573715209961,12.689741134643555,0.903334710267433,1.4966989755630493,0.14
gf0.70_nb1.5,0033,recorded_impulsive+stationary_10,recorded_impulsive+stationary,10.0,False,False,9.49302667869328,,ls:226-122538-0031,16.2698974609375,16.189363479614258,0.9699600606571824,3.33293080329895,0.92
gf0.70_nb1.5,0034,recorded_impulsive+stationary_10,recorded_impulsive+stationary,10.0,False,False,-0.8370944584688136,,cvhi:common_voice_hi_40339895,14.751814842224121,14.670151710510254,0.9497177143249724,1.978147268295288,0.0
gf0.70_nb1.5,0035,recorded_impulsive+stationary_10,recorded_impulsive+stationary,10.0,False,False,3.089137189015725,,cvhi:common_voice_hi_24759346,18.459070205688477,18.754487991333008,0.9859216589109501,2.8155508041381836,0.02
gf0.70_nb1.5,0036,recorded_impulsive+stationary_10,recorded_impulsive+stationary,10.0,False,False,1.7134439592409576,,cvhi:common_voice_hi_27005643,12.464460372924805,13.138751029968262,0.9541127525014346,2.466932535171509,0.46
gf0.70_nb1.5,0037,recorded_impulsive+stationary_10,recorded_impulsive+stationary,10.0,False,False,-4.931714637450921,,cvhi:common_voice_hi_24758675,14.886017799377441,15.081518173217773,0.9527653917409371,2.068455696105957,0.0
gf0.70_nb1.5,0038,recorded_impulsive+stationary_10,recorded_impulsive+stationary,10.0,True,False,-1.8628814337047537,,cvhi:common_voice_hi_26080949,14.5164155960083,15.016340255737305,0.928799134359969,2.196526527404785,0.0
gf0.70_nb1.5,0039,recorded_impulsive+stationary_10,recorded_impulsive+stationary,10.0,False,False,0.6686728940894611,,ls:150-132655-0019,12.843151092529297,13.427363395690918,0.8376179392947205,2.3967537879943848,0.16
gf0.70_nb1.5,0000,recorded_impulsive+stationary_15,recorded_impulsive+stationary,15.0,False,False,8.221163610296436,,cvhi:common_voice_hi_24427374,17.382495880126953,17.550457000732422,0.8988177635980437,2.772991895675659,0.0
gf0.70_nb1.5,0001,recorded_impulsive+stationary_15,recorded_impulsive+stationary,15.0,True,False,10.052913290190187,,cvhi:common_voice_hi_24258367,9.24526309967041,10.216446876525879,0.9440274856214877,2.1198318004608154,0.0
gf0.70_nb1.5,0002,recorded_impulsive+stationary_15,recorded_impulsive+stationary,15.0,False,False,-4.672988023165847,,cvhi:common_voice_hi_27005460,14.679821968078613,14.587306022644043,0.9733325818942368,2.6088924407958984,0.0
gf0.70_nb1.5,0003,recorded_impulsive+stationary_15,recorded_impulsive+stationary,15.0,False,False,-2.8152209379642934,,ls:1898-145720-0000,17.785099029541016,18.22992706298828,0.9820160883074702,3.1526970863342285,0.0
gf0.70_nb1.5,0004,recorded_impulsive+stationary_15,recorded_impulsive+stationary,15.0,False,False,9.763278149741852,,cvhi:common_voice_hi_24258345,13.272680282592773,13.205062866210938,0.9671910327293222,2.473379135131836,0.22
gf0.70_nb1.5,0005,recorded_impulsive+stationary_15,recorded_impulsive+stationary,15.0,False,False,7.450819760817142,,ls:1898-145702-0002,18.166906356811523,18.14453887939453,0.9814604334263646,2.616715431213379,0.0
gf0.70_nb1.5,0006,recorded_impulsive+stationary_15,recorded_impulsive+stationary,15.0,False,False,3.872037836664898,,cvhi:common_voice_hi_24562189,19.704797744750977,20.903072357177734,0.9763178828838178,3.2084197998046875,0.56
gf0.70_nb1.5,0007,recorded_impulsive+stationary_15,recorded_impulsive+stationary,15.0,False,False,-3.1961665919152207,,ls:150-132655-0020,16.939071655273438,17.699176788330078,0.9667978894977779,3.358625650405884,0.0
gf0.70_nb1.5,0008,recorded_impulsive+stationary_15,recorded_impulsive+stationary,15.0,False,True,3.5601639549788633,,cvhi:common_voice_hi_23964484,18.386547088623047,18.36638069152832,0.9043982619019778,2.371077537536621,0.0
gf0.70_nb1.5,0009,recorded_impulsive+stationary_15,recorded_impulsive+stationary,15.0,False,False,5.17107466584493,,cvhi:common_voice_hi_24225720,17.5255126953125,18.503787994384766,0.9647180557008299,3.154521942138672,0.0
gf0.70_nb1.5,0010,recorded_impulsive+stationary_15,recorded_impulsive+stationary,15.0,False,False,8.460690471260401,,cvhi:common_voice_hi_27035762,15.854520797729492,16.788522720336914,0.9451510327771494,2.5777883529663086,1.86
gf0.70_nb1.5,0011,recorded_impulsive+stationary_15,recorded_impulsive+stationary,15.0,True,False,8.429379566554072,,cvhi:common_voice_hi_24258379,12.088123321533203,12.352801322937012,0.9544849616307977,2.228137969970703,0.0
gf0.70_nb1.5,0012,recorded_impulsive+stationary_15,recorded_impulsive+stationary,15.0,False,False,10.935807967426886,,cvhi:common_voice_hi_24782684,13.480511665344238,14.160804748535156,0.8714717305760163,2.040097713470459,0.5
gf0.70_nb1.5,0013,recorded_impulsive+stationary_15,recorded_impulsive+stationary,15.0,True,False,2.93804094349529,,ls:1898-145715-0030,17.54250717163086,17.4657039642334,0.9849992528741699,3.0931179523468018,0.34
gf0.70_nb1.5,0014,recorded_impulsive+stationary_15,recorded_impulsive+stationary,15.0,False,False,0.23508492373111078,,cvhi:common_voice_hi_27035711,18.414628982543945,18.454221725463867,0.9569453389513265,2.745001792907715,0.0
gf0.70_nb1.5,0015,recorded_impulsive+stationary_15,recorded_impulsive+stationary,15.0,False,False,10.146402267198312,,ls:150-126112-0005,13.777778625488281,13.888045310974121,0.8305735132369031,2.4539339542388916,0.02
gf0.70_nb1.5,0016,recorded_impulsive+stationary_15,recorded_impulsive+stationary,15.0,False,False,0.40640303510884745,,cvhi:common_voice_hi_24261961,16.928255081176758,17.506752014160156,0.9488159428795299,2.4341697692871094,0.52
gf0.70_nb1.5,0017,recorded_impulsive+stationary_15,recorded_impulsive+stationary,15.0,True,False,0.7168124496407327,,cvhi:common_voice_hi_24427413,15.971977233886719,16.677444458007812,0.9415947089336077,2.739530324935913,0.0
gf0.70_nb1.5,0018,recorded_impulsive+stationary_15,recorded_impulsive+stationary,15.0,True,False,10.383757518165805,,ls:226-131532-0012,14.486764907836914,15.620789527893066,0.9330840019010425,2.873904228210449,0.0
gf0.70_nb1.5,0019,recorded_impulsive+stationary_15,recorded_impulsive+stationary,15.0,True,False,11.212629084837431,,cvhi:common_voice_hi_25170221,13.599466323852539,15.331741333007812,0.943264903157341,2.5175676345825195,0.0
gf0.70_nb1.5,0020,recorded_impulsive+stationary_15,recorded_impulsive+stationary,15.0,False,False,7.687567472484227,,cvhi:common_voice_hi_23844537,14.210420608520508,14.107436180114746,0.9528144957972876,2.7851502895355225,0.28
gf0.70_nb1.5,0021,recorded_impulsive+stationary_15,recorded_impulsive+stationary,15.0,False,False,5.867591616779993,,cvhi:common_voice_hi_24226286,16.578033447265625,16.488359451293945,0.9664950853738173,2.050485849380493,0.88
gf0.70_nb1.5,0022,recorded_impulsive+stationary_15,recorded_impulsive+stationary,15.0,False,False,-3.006512637194832,,cvhi:common_voice_hi_24228510,20.134872436523438,21.058408737182617,0.9842993702546409,3.6417272090911865,0.0
gf0.70_nb1.5,0023,recorded_impulsive+stationary_15,recorded_impulsive+stationary,15.0,False,False,11.84401191697027,,cvhi:common_voice_hi_25154333,14.462484359741211,14.54766845703125,0.8793176414036443,2.384490966796875,0.04
gf0.70_nb1.5,0024,recorded_impulsive+stationary_15,recorded_impulsive+stationary,15.0,False,False,9.290925213848407,,cvhi:common_voice_hi_27005355,12.645524978637695,12.436351776123047,0.9607375104432017,1.9602898359298706,0.52
gf0.70_nb1.5,0025,recorded_impulsive+stationary_15,recorded_impulsive+stationary,15.0,False,False,11.280834378084077,,ls:150-132655-0021,16.189584732055664,16.367565155029297,0.9296720178265798,2.8888397216796875,0.0
gf0.70_nb1.5,0026,recorded_impulsive+stationary_15,recorded_impulsive+stationary,15.0,False,True,0.7258973762086498,,cvhi:common_voice_hi_23844514,14.604736328125,15.750656127929688,0.9564175070399433,2.4999442100524902,0.0
gf0.70_nb1.5,0027,recorded_impulsive+stationary_15,recorded_impulsive+stationary,15.0,False,False,8.811208233724718,,cvhi:common_voice_hi_25154374,16.36001205444336,16.259580612182617,0.8622647911984683,1.8066807985305786,2.0
gf0.70_nb1.5,0028,recorded_impulsive+stationary_15,recorded_impulsive+stationary,15.0,False,False,8.236258114951013,,ls:1898-145702-0002,16.3959903717041,16.456159591674805,0.9451577533966806,2.7338290214538574,0.0
gf0.70_nb1.5,0029,recorded_impulsive+stationary_15,recorded_impulsive+stationary,15.0,False,False,6.762834952722869,,cvhi:common_voice_hi_27005518,12.985498428344727,14.07642936706543,0.9669354807558744,2.799048900604248,0.46
gf0.70_nb1.5,0030,recorded_impulsive+stationary_15,recorded_impulsive+stationary,15.0,False,False,5.6926653350111565,,cvhi:common_voice_hi_25154306,19.050037384033203,19.001615524291992,0.8660685125668904,1.9886658191680908,0.08
gf0.70_nb1.5,0031,recorded_impulsive+stationary_15,recorded_impulsive+stationary,15.0,False,False,5.404293721479107,,cvhi:common_voice_hi_24258308,18.7144775390625,18.8719539642334,0.9706283914481422,2.5706562995910645,0.0
gf0.70_nb1.5,0032,recorded_impulsive+stationary_15,recorded_impulsive+stationary,15.0,False,False,4.197999303175708,,cvhi:common_voice_hi_27005545,14.59932804107666,15.69159984588623,0.9754646396056825,3.0095484256744385,0.0
gf0.70_nb1.5,0033,recorded_impulsive+stationary_15,recorded_impulsive+stationary,15.0,False,False,9.823564766037752,,cvhi:common_voice_hi_26769811,15.447345733642578,15.40442943572998,0.8126469537100723,1.9960459470748901,0.38
gf0.70_nb1.5,0034,recorded_impulsive+stationary_15,recorded_impulsive+stationary,15.0,False,True,6.656254921658039,,cvhi:common_voice_hi_24427482,16.001283645629883,16.66439437866211,0.924444087740721,3.1016628742218018,0.0
gf0.70_nb1.5,0035,recorded_impulsive+stationary_15,recorded_impulsive+stationary,15.0,False,False,0.9955915706923664,,cvhi:common_voice_hi_27005359,15.28552532196045,15.157862663269043,0.9772077125549499,2.881460189819336,0.0
gf0.70_nb1.5,0036,recorded_impulsive+stationary_15,recorded_impulsive+stationary,15.0,False,False,11.507430684017315,,cvhi:common_voice_hi_23964483,13.555608749389648,14.37569808959961,0.8250417238319011,2.0544331073760986,0.38
gf0.70_nb1.5,0037,recorded_impulsive+stationary_15,recorded_impulsive+stationary,15.0,False,False,-3.631872241895948,,ls:150-126107-0035,13.400492668151855,14.153891563415527,0.9214065298773984,3.087689161300659,0.0
gf0.70_nb1.5,0038,recorded_impulsive+stationary_15,recorded_impulsive+stationary,15.0,True,False,7.513687029972401,,cvhi:common_voice_hi_24562191,14.51534652709961,14.425602912902832,0.960141907312416,2.5918524265289307,0.08
gf0.70_nb1.5,0039,recorded_impulsive+stationary_15,recorded_impulsive+stationary,15.0,False,True,3.7308180458649822,,ls:150-126112-0010,15.320262908935547,15.361976623535156,0.7646902499235774,2.51947283744812,0.0
gf0.70_nb1.5,0000,recorded_impulsive+stationary_5,recorded_impulsive+stationary,5.0,True,False,10.57807447264571,,cvhi:common_voice_hi_27005285,5.868137359619141,5.250125885009766,0.8188705679866559,1.3958797454833984,0.0
gf0.70_nb1.5,0001,recorded_impulsive+stationary_5,recorded_impulsive+stationary,5.0,False,True,-3.0455670661165275,,ls:1263-138246-0018,9.341300010681152,9.153396606445312,0.903112100044608,1.8660907745361328,0.16
gf0.70_nb1.5,0002,recorded_impulsive+stationary_5,recorded_impulsive+stationary,5.0,False,False,11.804773407375801,,cvhi:common_voice_hi_25154336,13.628259658813477,13.594802856445312,0.9104537104749646,1.4365720748901367,1.18
gf0.70_nb1.5,0003,recorded_impulsive+stationary_5,recorded_impulsive+stationary,5.0,False,False,3.8490944345051066,,cvhi:common_voice_hi_26008605,10.441089630126953,10.031532287597656,0.8672591702986971,1.7284345626831055,0.16
gf0.70_nb1.5,0004,recorded_impulsive+stationary_5,recorded_impulsive+stationary,5.0,False,False,-3.609058526399968,,ls:1263-138246-0010,9.661909103393555,9.314908027648926,0.9432435248044357,1.8239829540252686,0.18
gf0.70_nb1.5,0005,recorded_impulsive+stationary_5,recorded_impulsive+stationary,5.0,False,False,6.07953525874273,,cvhi:common_voice_hi_24228142,10.40697956085205,10.170246124267578,0.9461562088183324,2.2504806518554688,0.0
gf0.70_nb1.5,0006,recorded_impulsive+stationary_5,recorded_impulsive+stationary,5.0,False,False,7.459787670138281,,cvhi:common_voice_hi_26008618,12.672290802001953,12.432175636291504,0.7027013584497963,1.7808704376220703,0.0
gf0.70_nb1.5,0007,recorded_impulsive+stationary_5,recorded_impulsive+stationary,5.0,False,False,-4.341849242454137,,cvhi:common_voice_hi_27005577,10.339838027954102,10.284018516540527,0.9358159708611792,1.9674261808395386,0.0
gf0.70_nb1.5,0008,recorded_impulsive+stationary_5,recorded_impulsive+stationary,5.0,False,True,7.130336591507458,,ls:150-126107-0010,11.243943214416504,11.131974220275879,0.8574184612791826,1.6078457832336426,0.0
gf0.70_nb1.5,0009,recorded_impulsive+stationary_5,recorded_impulsive+stationary,5.0,False,False,-3.5031731472456618,,cvhi:common_voice_hi_24280937,12.814749717712402,13.070298194885254,0.9231413693114129,2.1063780784606934,0.36
gf0.70_nb1.5,0010,recorded_impulsive+stationary_5,recorded_impulsive+stationary,5.0,False,False,-2.632491366112652,,cvhi:common_voice_hi_25948430,16.41373634338379,16.975709915161133,0.9722914490404372,2.7375316619873047,0.08
gf0.70_nb1.5,0011,recorded_impulsive+stationary_5,recorded_impulsive+stationary,5.0,False,False,6.00981551860861,,cvhi:common_voice_hi_27005244,10.759803771972656,10.379812240600586,0.9177711722988754,2.049689769744873,0.1
gf0.70_nb1.5,0012,recorded_impulsive+stationary_5,recorded_impulsive+stationary,5.0,False,False,0.7788148059853466,,cvhi:common_voice_hi_24427879,12.5118408203125,12.675448417663574,0.8523413439178402,2.2568094730377197,0.0
gf0.70_nb1.5,0013,recorded_impulsive+stationary_5,recorded_impulsive+stationary,5.0,False,False,-2.07457458781393,,ls:226-131533-0029,11.51253604888916,11.366310119628906,0.8352372754858911,1.943084716796875,0.04
gf0.70_nb1.5,0014,recorded_impulsive+stationary_5,recorded_impulsive+stationary,5.0,False,True,-5.513656947795528,,ls:1898-145720-0017,12.12380313873291,12.278517723083496,0.8787625811901671,2.4397435188293457,0.0
gf0.70_nb1.5,0015,recorded_impulsive+stationary_5,recorded_impulsive+stationary,5.0,False,False,4.778490246643948,,cvhi:common_voice_hi_24386851,10.800531387329102,10.818881034851074,0.7226674385494786,1.5687713623046875,0.02
gf0.70_nb1.5,0016,recorded_impulsive+stationary_5,recorded_impulsive+stationary,5.0,False,False,3.852446061849431,,cvhi:common_voice_hi_27005228,20.729248046875,20.70682144165039,0.9945120529151251,3.8388431072235107,0.42
gf0.70_nb1.5,0017,recorded_impulsive+stationary_5,recorded_impulsive+stationary,5.0,False,False,4.082017135147506,,cvhi:common_voice_hi_24225485,10.833344459533691,10.521617889404297,0.8337350018475933,1.5865819454193115,0.44
gf0.70_nb1.5,0018,recorded_impulsive+stationary_5,recorded_impulsive+stationary,5.0,False,False,2.418320069622961,,ls:1263-139804-0020,11.135519027709961,10.790811538696289,0.9160345339929674,2.0195326805114746,0.0
gf0.70_nb1.5,0019,recorded_impulsive+stationary_5,recorded_impulsive+stationary,5.0,False,False,-5.176846138778696,,ls:226-131532-0030,15.538897514343262,15.561752319335938,0.9322195830729262,3.237499713897705,0.0
gf0.70_nb1.5,0020,recorded_impulsive+stationary_5,recorded_impulsive+stationary,5.0,False,False,-1.2505858161355334,,cvhi:common_voice_hi_27005273,10.57171630859375,10.184486389160156,0.9373168217134398,1.8456752300262451,0.0
gf0.70_nb1.5,0021,recorded_impulsive+stationary_5,recorded_impulsive+stationary,5.0,False,False,-5.798116043705258,,cvhi:common_voice_hi_27005182,12.53791618347168,12.494649887084961,0.9447861238946546,1.778573751449585,0.0
gf0.70_nb1.5,0022,recorded_impulsive+stationary_5,recorded_impulsive+stationary,5.0,False,False,-0.44915908705748286,,cvhi:common_voice_hi_24228462,10.68691635131836,10.499096870422363,0.9165674846932744,1.7509026527404785,0.0
gf0.70_nb1.5,0023,recorded_impulsive+stationary_5,recorded_impulsive+stationary,5.0,True,False,-4.311098216203664,,ls:150-126107-0006,9.51338005065918,10.43215274810791,0.8511432667055744,1.702684998512268,0.0
gf0.70_nb1.5,0024,recorded_impulsive+stationary_5,recorded_impulsive+stationary,5.0,False,False,2.866780966049925,,cvhi:common_voice_hi_24228444,12.474106788635254,12.331323623657227,0.9315484619284835,2.234584331512451,0.28
gf0.70_nb1.5,0025,recorded_impulsive+stationary_5,recorded_impulsive+stationary,5.0,False,False,-4.836377046374713,,ls:1263-141777-0038,12.820131301879883,12.590752601623535,0.9424211040517744,2.1575326919555664,0.22
gf0.70_nb1.5,0026,recorded_impulsive+stationary_5,recorded_impulsive+stationary,5.0,False,False,2.353729151488851,,cvhi:common_voice_hi_27005655,9.295662879943848,8.752328872680664,0.8741806994634098,1.8052713871002197,0.28
gf0.70_nb1.5,0027,recorded_impulsive+stationary_5,recorded_impulsive+stationary,5.0,False,False,3.7497998855520702,,cvhi:common_voice_hi_24228394,9.909823417663574,9.65182876586914,0.9366798461563959,1.5457720756530762,0.08
gf0.70_nb1.5,0028,recorded_impulsive+stationary_5,recorded_impulsive+stationary,5.0,False,False,-3.4629987981004304,,cvhi:common_voice_hi_26687140,17.17055320739746,20.3392333984375,0.9924311453001614,3.945474147796631,0.0
gf0.70_nb1.5,0029,recorded_impulsive+stationary_5,recorded_impulsive+stationary,5.0,False,False,3.489209750210728,,cvhi:common_voice_hi_24228176,11.445201873779297,11.134705543518066,0.9003018478869383,1.850425124168396,0.0
gf0.70_nb1.5,0030,recorded_impulsive+stationary_5,recorded_impulsive+stationary,5.0,False,False,10.70295882407499,,cvhi:common_voice_hi_24258395,9.926227569580078,9.897660255432129,0.9018342802027931,1.7565193176269531,0.0
gf0.70_nb1.5,0031,recorded_impulsive+stationary_5,recorded_impulsive+stationary,5.0,False,False,3.66494180123013,,cvhi:common_voice_hi_26008936,10.898722648620605,10.65481185913086,0.9239874168541921,2.21087646484375,0.18
gf0.70_nb1.5,0032,recorded_impulsive+stationary_5,recorded_impulsive+stationary,5.0,False,False,-3.4795561671228414,,ls:1263-138246-0033,12.633459091186523,12.788118362426758,0.858760570666589,1.9533597230911255,0.38
gf0.70_nb1.5,0033,recorded_impulsive+stationary_5,recorded_impulsive+stationary,5.0,False,False,-2.6272155345617634,,cvhi:common_voice_hi_24280968,10.365177154541016,9.955751419067383,0.9363316301398784,1.9085392951965332,0.0
gf0.70_nb1.5,0034,recorded_impulsive+stationary_5,recorded_impulsive+stationary,5.0,False,False,4.468439512713083,,cvhi:common_voice_hi_25154445,16.39679718017578,17.43870735168457,0.9083580550884237,2.360813856124878,0.0
gf0.70_nb1.5,0035,recorded_impulsive+stationary_5,recorded_impulsive+stationary,5.0,False,False,11.937180057972114,,cvhi:common_voice_hi_24510974,11.505805969238281,11.190996170043945,0.7544264092347492,1.459301233291626,0.0
gf0.70_nb1.5,0036,recorded_impulsive+stationary_5,recorded_impulsive+stationary,5.0,False,False,1.089132897413223,,ls:1263-141777-0010,12.962125778198242,13.678037643432617,0.9403600628624167,2.308821678161621,0.0
gf0.70_nb1.5,0037,recorded_impulsive+stationary_5,recorded_impulsive+stationary,5.0,False,False,7.01915923327579,,cvhi:common_voice_hi_26007747,9.624242782592773,9.632230758666992,0.9467422151977832,2.000136137008667,0.0
gf0.70_nb1.5,0038,recorded_impulsive+stationary_5,recorded_impulsive+stationary,5.0,False,False,-3.71305104722095,,cvhi:common_voice_hi_24782713,13.077081680297852,13.209166526794434,0.8517078928941159,1.5723204612731934,0.3
gf0.70_nb1.5,0039,recorded_impulsive+stationary_5,recorded_impulsive+stationary,5.0,False,False,2.6070184108507615,,cvhi:common_voice_hi_27005433,11.654153823852539,11.441925048828125,0.9584241997340482,1.8482389450073242,0.0
gf0.70_nb1.5,0000,recorded_impulsive_-10,recorded_impulsive,-10.0,False,False,5.59403824567063,,cvhi:common_voice_hi_25170238,19.8894100189209,19.891193389892578,0.9407486460032419,3.1704206466674805,1.84
gf0.70_nb1.5,0001,recorded_impulsive_-10,recorded_impulsive,-10.0,False,False,-1.0988526044587683,,ls:226-131533-0035,7.911219596862793,7.241911888122559,0.8751278823175556,2.03255558013916,0.0
gf0.70_nb1.5,0002,recorded_impulsive_-10,recorded_impulsive,-10.0,False,False,7.494184765231138,,cvhi:common_voice_hi_25154367,10.984128952026367,10.655267715454102,0.8354393393585583,1.2939833402633667,0.42
gf0.70_nb1.5,0003,recorded_impulsive_-10,recorded_impulsive,-10.0,False,False,3.6970310399340622,,cvhi:common_voice_hi_27248542,9.075586318969727,8.587701797485352,0.8536118424364939,1.7792913913726807,0.0
gf0.70_nb1.5,0004,recorded_impulsive_-10,recorded_impulsive,-10.0,False,False,4.472364652848256,,ls:1898-145702-0007,10.383346557617188,10.026287078857422,0.9027574366607287,2.178601026535034,0.0
gf0.70_nb1.5,0005,recorded_impulsive_-10,recorded_impulsive,-10.0,False,False,5.501434014360628,,ls:226-131532-0001,13.04338550567627,13.755406379699707,0.8946293907902706,2.8575260639190674,0.0
gf0.70_nb1.5,0006,recorded_impulsive_-10,recorded_impulsive,-10.0,True,False,3.3086809654044007,,cvhi:common_voice_hi_25473108,12.372142791748047,12.17253303527832,0.913836817722528,2.648824453353882,0.0
gf0.70_nb1.5,0007,recorded_impulsive_-10,recorded_impulsive,-10.0,False,False,-0.8944548242405528,,ls:226-131532-0025,8.881866455078125,8.316329956054688,0.7306133290010383,1.7469501495361328,0.0
gf0.70_nb1.5,0008,recorded_impulsive_-10,recorded_impulsive,-10.0,False,False,7.51962620467725,,cvhi:common_voice_hi_24228423,11.126579284667969,10.822745323181152,0.9400493093668356,1.5452927350997925,0.0
gf0.70_nb1.5,0009,recorded_impulsive_-10,recorded_impulsive,-10.0,False,False,11.901904546304507,,ls:1263-141777-0003,7.019811630249023,6.798456192016602,0.8705055331873685,1.5653191804885864,0.0
gf0.70_nb1.5,0010,recorded_impulsive_-10,recorded_impulsive,-10.0,False,False,2.6452608222021787,,ls:150-132655-0002,9.272603034973145,9.038268089294434,0.861782329221276,1.5986450910568237,0.0
gf0.70_nb1.5,0011,recorded_impulsive_-10,recorded_impulsive,-10.0,False,False,2.4918288056390363,,cvhi:common_voice_hi_25286454,5.868309020996094,4.62161922454834,0.7982725535385464,1.3319531679153442,0.0
gf0.70_nb1.5,0012,recorded_impulsive_-10,recorded_impulsive,-10.0,False,False,6.8786944274966295,,cvhi:common_voice_hi_24228173,12.092942237854004,12.618047714233398,0.9617670841570464,2.942526340484619,0.08
gf0.70_nb1.5,0013,recorded_impulsive_-10,recorded_impulsive,-10.0,False,True,-1.95816376298459,,cvhi:common_voice_hi_27005613,4.124793529510498,2.0657591819763184,0.7619606630063382,1.1855888366699219,0.0
gf0.70_nb1.5,0014,recorded_impulsive_-10,recorded_impulsive,-10.0,False,False,2.480313801215072,,cvhi:common_voice_hi_24427414,12.393829345703125,12.137269020080566,0.7624479054333405,2.1249451637268066,0.0
gf0.70_nb1.5,0015,recorded_impulsive_-10,recorded_impulsive,-10.0,False,False,5.749727367600727,,cvhi:common_voice_hi_26007796,7.110889434814453,6.237144470214844,0.8180937175335766,1.2428698539733887,0.0
gf0.70_nb1.5,0016,recorded_impulsive_-10,recorded_impulsive,-10.0,False,False,-2.4687307472544058,,cvhi:common_voice_hi_24510972,2.3932278156280518,-1.2807321548461914,0.6672934408488818,1.3168457746505737,0.0
gf0.70_nb1.5,0017,recorded_impulsive_-10,recorded_impulsive,-10.0,False,False,4.190906101980817,,cvhi:common_voice_hi_24759462,10.026220321655273,9.5715913772583,0.8432202490854421,1.4908546209335327,0.0
gf0.70_nb1.5,0018,recorded_impulsive_-10,recorded_impulsive,-10.0,False,False,11.15687512119414,,cvhi:common_voice_hi_24228511,8.55249309539795,8.55820369720459,0.8833444231059048,1.6024489402770996,0.16
gf0.70_nb1.5,0019,recorded_impulsive_-10,recorded_impulsive,-10.0,False,False,3.905005845117538,,cvhi:common_voice_hi_27005420,9.253621101379395,8.710140228271484,0.8793072930778065,1.6225950717926025,0.0
gf0.70_nb1.5,0020,recorded_impulsive_-10,recorded_impulsive,-10.0,False,False,8.158583690841448,,cvhi:common_voice_hi_26008618,6.473563194274902,5.427200794219971,0.6719913612812864,1.2576205730438232,0.0
gf0.70_nb1.5,0021,recorded_impulsive_-10,recorded_impulsive,-10.0,False,False,-2.980719633087154,,cvhi:common_voice_hi_24226415,-1.588374137878418,-3.2113986015319824,0.8857272511801436,1.2801769971847534,0.0
gf0.70_nb1.5,0022,recorded_impulsive_-10,recorded_impulsive,-10.0,True,False,-1.8319183624278645,,cvhi:common_voice_hi_24280948,6.2809906005859375,5.132819175720215,0.8479600906841586,1.318657398223877,0.58
gf0.70_nb1.5,0023,recorded_impulsive_-10,recorded_impulsive,-10.0,False,False,3.794419239955813,,ls:1898-145724-0018,2.4981956481933594,0.5744525194168091,0.5746574235883953,1.247106671333313,0.22
gf0.70_nb1.5,0024,recorded_impulsive_-10,recorded_impulsive,-10.0,False,False,1.6454505404983166,,cvhi:common_voice_hi_24280966,5.125903606414795,3.5392568111419678,0.7602011898548476,1.282571792602539,0.0
gf0.70_nb1.5,0025,recorded_impulsive_-10,recorded_impulsive,-10.0,False,False,-5.716536190196405,,cvhi:common_voice_hi_26007760,11.623247146606445,11.885643005371094,0.9298280617203486,1.9784982204437256,0.0
gf0.70_nb1.5,0026,recorded_impulsive_-10,recorded_impulsive,-10.0,False,False,11.539909496463327,,cvhi:common_voice_hi_27005230,7.017061710357666,6.054774284362793,0.8835725632656002,1.9305799007415771,0.34
gf0.70_nb1.5,0027,recorded_impulsive_-10,recorded_impulsive,-10.0,False,False,5.869961358690597,,cvhi:common_voice_hi_24759305,10.686092376708984,10.320511817932129,0.926204615624454,2.0143301486968994,0.0
gf0.70_nb1.5,0028,recorded_impulsive_-10,recorded_impulsive,-10.0,False,False,-0.5996815356037315,,ls:150-126107-0011,7.800073623657227,7.054819107055664,0.8964430710504578,2.4415805339813232,0.18
gf0.70_nb1.5,0029,recorded_impulsive_-10,recorded_impulsive,-10.0,False,False,-0.9467302899572303,,ls:1263-141777-0033,12.715893745422363,12.616251945495605,0.9834466515451697,2.484501600265503,0.0
gf0.70_nb1.5,0030,recorded_impulsive_-10,recorded_impulsive,-10.0,False,False,10.770650311523774,,cvhi:common_voice_hi_24228398,10.393004417419434,10.033087730407715,0.8510866753333263,1.498294472694397,1.68
gf0.70_nb1.5,0031,recorded_impulsive_-10,recorded_impulsive,-10.0,True,False,8.183329641750369,,cvhi:common_voice_hi_27005229,3.7518060207366943,1.3811718225479126,0.6001203542803847,1.1250176429748535,1.38
gf0.70_nb1.5,0032,recorded_impulsive_-10,recorded_impulsive,-10.0,False,True,11.552977245680292,,cvhi:common_voice_hi_24258311,7.2672224044799805,6.375171661376953,0.8801357302723305,1.3910224437713623,0.28
gf0.70_nb1.5,0033,recorded_impulsive_-10,recorded_impulsive,-10.0,False,False,2.9900164492208443,,ls:1898-145715-0019,8.631366729736328,8.14140796661377,0.8324287173154759,1.129198670387268,0.0
gf0.70_nb1.5,0034,recorded_impulsive_-10,recorded_impulsive,-10.0,False,False,-1.06803677081035,,cvhi:common_voice_hi_24386433,11.429891586303711,11.123915672302246,0.8540926372777976,1.944185733795166,0.34
gf0.70_nb1.5,0035,recorded_impulsive_-10,recorded_impulsive,-10.0,False,False,0.937260242776734,,cvhi:common_voice_hi_25154370,9.534502983093262,9.46954345703125,0.7356431434656208,1.5221154689788818,0.0
gf0.70_nb1.5,0036,recorded_impulsive_-10,recorded_impulsive,-10.0,False,False,0.15698281303924944,,cvhi:common_voice_hi_27005248,9.082164764404297,9.967758178710938,0.8943564710885731,1.7606744766235352,0.0
gf0.70_nb1.5,0037,recorded_impulsive_-10,recorded_impulsive,-10.0,False,False,9.332792673763397,,cvhi:common_voice_hi_24386306,17.941070556640625,18.368934631347656,0.9871676946590096,2.24629282951355,0.0
gf0.70_nb1.5,0038,recorded_impulsive_-10,recorded_impulsive,-10.0,False,False,6.458814260211355,,cvhi:common_voice_hi_24386285,15.024808883666992,14.917472839355469,0.9455463516955784,2.5892252922058105,0.0
gf0.70_nb1.5,0039,recorded_impulsive_-10,recorded_impulsive,-10.0,False,False,1.613934688253404,,cvhi:common_voice_hi_27005428,5.0952839851379395,3.901526689529419,0.7713210513482399,1.1254699230194092,0.72
gf0.70_nb1.5,0000,recorded_impulsive_-5,recorded_impulsive,-5.0,False,False,-2.8502372473741913,,cvhi:common_voice_hi_25982647,14.13918399810791,14.008455276489258,0.9541317290013225,2.117788553237915,0.52
gf0.70_nb1.5,0001,recorded_impulsive_-5,recorded_impulsive,-5.0,False,False,6.203289531492768,,cvhi:common_voice_hi_25154361,9.175956726074219,8.6556396484375,0.7378438861850678,1.3526662588119507,0.0
gf0.70_nb1.5,0002,recorded_impulsive_-5,recorded_impulsive,-5.0,False,False,2.006790961166633,,cvhi:common_voice_hi_26007862,13.163167953491211,13.44072437286377,0.9381015487556111,1.8283296823501587,0.0
gf0.70_nb1.5,0003,recorded_impulsive_-5,recorded_impulsive,-5.0,False,False,-5.815581975195347,,cvhi:common_voice_hi_27005391,7.21877384185791,6.306944847106934,0.8384543694419332,1.2057710886001587,0.0
gf0.70_nb1.5,0004,recorded_impulsive_-5,recorded_impulsive,-5.0,False,False,-3.45106452578833,,cvhi:common_voice_hi_24280948,6.79229736328125,5.877537727355957,0.8980893486427729,1.5221219062805176,0.0
gf0.70_nb1.5,0005,recorded_impulsive_-5,recorded_impulsive,-5.0,False,False,-2.709463837687795,,cvhi:common_voice_hi_24427331,7.680960655212402,6.882505416870117,0.7290684856970389,1.4421570301055908,0.0
gf0.70_nb1.5,0006,recorded_impulsive_-5,recorded_impulsive,-5.0,False,False,0.2320071371486998,,cvhi:common_voice_hi_27005460,15.25516414642334,15.489036560058594,0.9881830673952723,2.121110200881958,0.04
gf0.70_nb1.5,0007,recorded_impulsive_-5,recorded_impulsive,-5.0,False,False,0.9899494624314276,,cvhi:common_voice_hi_26687131,10.650520324707031,10.391958236694336,0.9080766598721415,1.8225531578063965,0.18
gf0.70_nb1.5,0008,recorded_impulsive_-5,recorded_impulsive,-5.0,False,False,7.12127961986835,,cvhi:common_voice_hi_24386376,14.229560852050781,14.469541549682617,0.9130654671219475,2.099038600921631,0.2
gf0.70_nb1.5,0009,recorded_impulsive_-5,recorded_impulsive,-5.0,False,False,-2.7409158609322777,,cvhi:common_voice_hi_27005572,16.935440063476562,17.1159725189209,0.9661426513763387,2.2375376224517822,0.32
gf0.70_nb1.5,0010,recorded_impulsive_-5,recorded_impulsive,-5.0,False,False,-3.9101284100323586,,cvhi:common_voice_hi_24758743,11.095945358276367,10.768610000610352,0.920444452428854,1.8579695224761963,0.12
gf0.70_nb1.5,0011,recorded_impulsive_-5,recorded_impulsive,-5.0,False,False,9.100910309892628,,ls:1263-141777-0024,11.002654075622559,10.65347671508789,0.9330103290609918,2.196643590927124,0.1
gf0.70_nb1.5,0012,recorded_impulsive_-5,recorded_impulsive,-5.0,False,False,-0.8092189735838611,,cvhi:common_voice_hi_24226282,7.6917595863342285,6.882750511169434,0.9214417155066023,1.3862097263336182,0.3
gf0.70_nb1.5,0013,recorded_impulsive_-5,recorded_impulsive,-5.0,False,False,2.408210026122198,,cvhi:common_voice_hi_24427322,5.979946136474609,4.773303031921387,0.7998447846037192,1.495085597038269,0.0
gf0.70_nb1.5,0014,recorded_impulsive_-5,recorded_impulsive,-5.0,False,False,-2.365855740559089,,ls:226-122538-0000,10.458562850952148,10.084203720092773,0.9293593762131152,1.9257556200027466,0.0
gf0.70_nb1.5,0015,recorded_impulsive_-5,recorded_impulsive,-5.0,True,False,1.763849829960277,,cvhi:common_voice_hi_24759286,8.150959968566895,8.371480941772461,0.9083755682738428,1.7539465427398682,0.2
gf0.70_nb1.5,0016,recorded_impulsive_-5,recorded_impulsive,-5.0,True,False,6.450235079181391,,cvhi:common_voice_hi_26007626,10.092752456665039,9.737604141235352,0.8725019813846112,1.9709436893463135,0.04
gf0.70_nb1.5,0017,recorded_impulsive_-5,recorded_impulsive,-5.0,False,False,-0.903214034979424,,cvhi:common_voice_hi_27005350,9.339770317077637,9.419769287109375,0.947848830546974,2.309616804122925,0.0
gf0.70_nb1.5,0018,recorded_impulsive_-5,recorded_impulsive,-5.0,False,False,1.2747650742796592,,cvhi:common_voice_hi_24782711,4.10237979888916,2.8412866592407227,0.5029308826748925,1.2624685764312744,0.0
gf0.70_nb1.5,0019,recorded_impulsive_-5,recorded_impulsive,-5.0,False,False,6.978272125691882,,cvhi:common_voice_hi_27005506,8.811717987060547,8.478015899658203,0.9291291685271963,1.6544709205627441,0.0
gf0.70_nb1.5,0020,recorded_impulsive_-5,recorded_impulsive,-5.0,True,False,-4.0135060045899085,,cvhi:common_voice_hi_24510963,14.762635231018066,14.634883880615234,0.8165567017389239,1.8981260061264038,0.0
gf0.70_nb1.5,0021,recorded_impulsive_-5,recorded_impulsive,-5.0,False,False,3.0665256837681643,,ls:226-131532-0007,10.50582504272461,10.101119995117188,0.9241071903166578,2.5049054622650146,0.4
gf0.70_nb1.5,0022,recorded_impulsive_-5,recorded_impulsive,-5.0,False,True,-5.8866910120749445,,cvhi:common_voice_hi_26959697,9.558860778808594,9.904263496398926,0.9850691190300593,1.799342155456543,0.2
gf0.70_nb1.5,0023,recorded_impulsive_-5,recorded_impulsive,-5.0,False,False,2.0951611727581714,,cvhi:common_voice_hi_25322997,9.84493350982666,9.486237525939941,0.8551095953280039,1.6059596538543701,0.64
gf0.70_nb1.5,0024,recorded_impulsive_-5,recorded_impulsive,-5.0,False,False,9.363682689805838,,ls:226-131533-0006,8.099872589111328,7.398499965667725,0.7140242214323426,1.4620813131332397,0.0
gf0.70_nb1.5,0025,recorded_impulsive_-5,recorded_impulsive,-5.0,False,False,3.393081700309617,,cvhi:common_voice_hi_27005604,13.711771965026855,13.693193435668945,0.9710460700704122,2.472491979598999,0.0
gf0.70_nb1.5,0026,recorded_impulsive_-5,recorded_impulsive,-5.0,False,False,7.6705400569632385,,cvhi:common_voice_hi_27005350,11.182808876037598,11.28751277923584,0.9366279737296873,1.6422630548477173,0.12
gf0.70_nb1.5,0027,recorded_impulsive_-5,recorded_impulsive,-5.0,False,False,10.008759201191229,,ls:226-122538-0024,7.879718780517578,7.139796733856201,0.8611687489788146,1.3545624017715454,0.06
gf0.70_nb1.5,0028,recorded_impulsive_-5,recorded_impulsive,-5.0,False,False,-3.7672862944784598,,cvhi:common_voice_hi_24759342,10.309310913085938,9.939920425415039,0.9074509845566968,1.840399980545044,0.56
gf0.70_nb1.5,0029,recorded_impulsive_-5,recorded_impulsive,-5.0,False,False,3.299880223457798,,cvhi:common_voice_hi_24228203,18.018404006958008,17.954761505126953,0.9373610638059848,2.5411617755889893,0.06
gf0.70_nb1.5,0030,recorded_impulsive_-5,recorded_impulsive,-5.0,False,False,3.9686939616730523,,cvhi:common_voice_hi_25473136,8.814245223999023,8.236297607421875,0.8657234987429338,1.7238788604736328,0.0
gf0.70_nb1.5,0031,recorded_impulsive_-5,recorded_impulsive,-5.0,False,False,5.904183502725189,,cvhi:common_voice_hi_24280949,14.452058792114258,14.329129219055176,0.9767586960671962,2.8239450454711914,0.0
gf0.70_nb1.5,0032,recorded_impulsive_-5,recorded_impulsive,-5.0,False,False,11.457279061684712,,cvhi:common_voice_hi_24386851,8.697065353393555,8.943092346191406,0.8095020212898866,1.634467601776123,0.12
gf0.70_nb1.5,0033,recorded_impulsive_-5,recorded_impulsive,-5.0,False,False,8.336141092652499,,cvhi:common_voice_hi_27005244,6.241612434387207,5.077322006225586,0.8340796069334877,1.556718111038208,0.0
gf0.70_nb1.5,0034,recorded_impulsive_-5,recorded_impulsive,-5.0,False,False,-2.991457079837151,,cvhi:common_voice_hi_25170238,12.185321807861328,12.77550220489502,0.7866458655418729,1.5711514949798584,0.04
gf0.70_nb1.5,0035,recorded_impulsive_-5,recorded_impulsive,-5.0,False,False,-3.0458486536193465,,cvhi:common_voice_hi_24427336,14.06158447265625,14.039337158203125,0.891767034919793,2.5849897861480713,0.0
gf0.70_nb1.5,0036,recorded_impulsive_-5,recorded_impulsive,-5.0,False,False,5.519030815821562,,cvhi:common_voice_hi_24226282,7.279840469360352,6.565687656402588,0.8680018244052454,1.418675184249878,0.0
gf0.70_nb1.5,0037,recorded_impulsive_-5,recorded_impulsive,-5.0,True,False,11.369279052781689,,cvhi:common_voice_hi_24759396,6.035762310028076,5.110917568206787,0.7457001476121007,1.1990028619766235,0.0
gf0.70_nb1.5,0038,recorded_impulsive_-5,recorded_impulsive,-5.0,False,False,-5.197262040461191,,cvhi:common_voice_hi_25170248,14.38083267211914,15.501485824584961,0.85348936446341,2.359701156616211,0.0
gf0.70_nb1.5,0039,recorded_impulsive_-5,recorded_impulsive,-5.0,False,False,5.439618391576001,,cvhi:common_voice_hi_24782711,13.020257949829102,12.985330581665039,0.7191995846788533,1.4504554271697998,0.0
gf0.70_nb1.5,0000,recorded_impulsive_0,recorded_impulsive,0.0,False,False,0.6395732765201174,,cvhi:common_voice_hi_24258391,11.471050262451172,11.497708320617676,0.8236877483818376,1.655738353729248,0.0
gf0.70_nb1.5,0001,recorded_impulsive_0,recorded_impulsive,0.0,False,False,-5.031612779190061,,cvhi:common_voice_hi_24225448,13.041389465332031,13.179398536682129,0.9177201003875739,1.7861499786376953,0.0
gf0.70_nb1.5,0002,recorded_impulsive_0,recorded_impulsive,0.0,True,False,3.2893634127776323,,cvhi:common_voice_hi_27248546,11.289277076721191,11.07398509979248,0.8566290471468999,1.9784953594207764,0.0
gf0.70_nb1.5,0003,recorded_impulsive_0,recorded_impulsive,0.0,False,False,-1.9616061860950387,,cvhi:common_voice_hi_24782645,11.797643661499023,11.893745422363281,0.8604610418506662,1.6273447275161743,0.36
gf0.70_nb1.5,0004,recorded_impulsive_0,recorded_impulsive,0.0,False,False,9.126660598877923,,ls:150-132655-0035,11.288084983825684,10.954521179199219,0.9391879169138252,2.143794059753418,0.0
gf0.70_nb1.5,0005,recorded_impulsive_0,recorded_impulsive,0.0,False,False,3.004696961089282,,ls:150-132655-0009,10.12962818145752,10.09173583984375,0.9190266450677277,1.8616126775741577,0.0
gf0.70_nb1.5,0006,recorded_impulsive_0,recorded_impulsive,0.0,False,True,6.690369820181859,,cvhi:common_voice_hi_27005462,7.637377738952637,6.954324245452881,0.8568109578312814,1.2386225461959839,0.0
gf0.70_nb1.5,0007,recorded_impulsive_0,recorded_impulsive,0.0,False,False,11.227153637244491,,cvhi:common_voice_hi_24510935,8.428230285644531,8.03020191192627,0.7941872610732262,1.904085397720337,0.08
gf0.70_nb1.5,0008,recorded_impulsive_0,recorded_impulsive,0.0,False,False,9.777456350270086,,cvhi:common_voice_hi_24759578,11.123185157775879,11.161632537841797,0.9213043938100787,1.9100611209869385,1.98
gf0.70_nb1.5,0009,recorded_impulsive_0,recorded_impulsive,0.0,False,False,9.881606787841024,,cvhi:common_voice_hi_24759375,11.447831153869629,11.3841552734375,0.8936007956329213,2.015105962753296,inf
gf0.70_nb1.5,0010,recorded_impulsive_0,recorded_impulsive,0.0,True,False,1.3702753779345906,,cvhi:common_voice_hi_26687130,7.756941318511963,6.9887375831604,0.8596254127038264,1.6776182651519775,0.0
gf0.70_nb1.5,0011,recorded_impulsive_0,recorded_impulsive,0.0,False,False,-3.392233592393631,,cvhi:common_voice_hi_24386504,11.145956039428711,11.121908187866211,0.9194369160976369,2.1776840686798096,0.04
gf0.70_nb1.5,0012,recorded_impulsive_0,recorded_impulsive,0.0,False,False,3.2236178706499263,,cvhi:common_voice_hi_24759486,13.267001152038574,13.116010665893555,0.9532310816619353,2.4634034633636475,0.0
gf0.70_nb1.5,0013,recorded_impulsive_0,recorded_impulsive,0.0,False,False,-4.37554822555365,,cvhi:common_voice_hi_24510953,13.805937767028809,14.049093246459961,0.9268424964210056,2.393254041671753,0.16
gf0.70_nb1.5,0014,recorded_impulsive_0,recorded_impulsive,0.0,False,False,-3.221482714220839,,cvhi:common_voice_hi_26007643,17.615060806274414,17.80470085144043,0.9838251837812122,3.084725856781006,0.0
gf0.70_nb1.5,0015,recorded_impulsive_0,recorded_impulsive,0.0,False,False,-2.8493840640318044,,ls:150-126112-0017,8.709415435791016,9.685661315917969,0.8385520126222556,1.7527294158935547,0.0
gf0.70_nb1.5,0016,recorded_impulsive_0,recorded_impulsive,0.0,True,False,2.953222728601558,,cvhi:common_voice_hi_26008574,10.992121696472168,10.656097412109375,0.8873512609655687,2.2184605598449707,0.28
gf0.70_nb1.5,0017,recorded_impulsive_0,recorded_impulsive,0.0,False,False,9.043465306142059,,ls:1898-145715-0027,11.85950756072998,11.598217010498047,0.8857840641450331,2.298715829849243,0.14
gf0.70_nb1.5,0018,recorded_impulsive_0,recorded_impulsive,0.0,False,False,-5.647976860770622,,ls:1898-145724-0025,11.788531303405762,13.229265213012695,0.9154196209753589,2.1156578063964844,0.0
gf0.70_nb1.5,0019,recorded_impulsive_0,recorded_impulsive,0.0,False,False,-2.3536076375911,,cvhi:common_voice_hi_24758732,8.645211219787598,8.313945770263672,0.9218171050105552,1.5235874652862549,0.0
gf0.70_nb1.5,0020,recorded_impulsive_0,recorded_impulsive,0.0,False,False,-2.6339431124245865,,cvhi:common_voice_hi_27005570,9.499618530273438,9.220870018005371,0.9208129562875365,1.6922990083694458,0.0
gf0.70_nb1.5,0021,recorded_impulsive_0,recorded_impulsive,0.0,False,False,3.3607554641203397,,cvhi:common_voice_hi_25154393,12.640069961547852,13.919838905334473,0.8540523929746708,1.7795482873916626,0.0
gf0.70_nb1.5,0022,recorded_impulsive_0,recorded_impulsive,0.0,False,False,-0.5221488633020073,,cvhi:common_voice_hi_27005479,8.78863525390625,8.295503616333008,0.8890390172561647,1.2191742658615112,0.0
gf0.70_nb1.5,0023,recorded_impulsive_0,recorded_impulsive,0.0,False,False,2.4352508980311125,,cvhi:common_voice_hi_27005230,10.376843452453613,10.05426025390625,0.9300233623838837,2.1113274097442627,0.1
gf0.70_nb1.5,0024,recorded_impulsive_0,recorded_impulsive,0.0,False,False,0.8838808686609152,,cvhi:common_voice_hi_26967359,17.432912826538086,17.424945831298828,0.9669537679246849,2.4634063243865967,0.16
gf0.70_nb1.5,0025,recorded_impulsive_0,recorded_impulsive,0.0,False,False,4.278156528056105,,cvhi:common_voice_hi_24280931,8.77724838256836,8.266304016113281,0.9547500506871196,2.036285400390625,0.0
gf0.70_nb1.5,0026,recorded_impulsive_0,recorded_impulsive,0.0,False,False,1.5147441655693132,,cvhi:common_voice_hi_23964484,13.616525650024414,13.437000274658203,0.9010846358778669,1.9446685314178467,0.0
gf0.70_nb1.5,0027,recorded_impulsive_0,recorded_impulsive,0.0,False,False,2.392645666027052,,cvhi:common_voice_hi_26967688,11.528691291809082,12.19218635559082,0.9115043827385789,2.026334047317505,0.0
gf0.70_nb1.5,0028,recorded_impulsive_0,recorded_impulsive,0.0,False,False,4.771127163013938,,cvhi:common_voice_hi_26968244,17.629228591918945,17.706478118896484,0.964938566747742,2.5576674938201904,0.0
gf0.70_nb1.5,0029,recorded_impulsive_0,recorded_impulsive,0.0,False,False,0.7750504638370028,,cvhi:common_voice_hi_24386653,11.580642700195312,12.326898574829102,0.9020446167666135,1.9116642475128174,0.0
gf0.70_nb1.5,0030,recorded_impulsive_0,recorded_impulsive,0.0,False,False,5.028789228961006,,cvhi:common_voice_hi_26008914,15.913437843322754,15.81564998626709,0.9572372237943099,2.098568916320801,0.5
gf0.70_nb1.5,0031,recorded_impulsive_0,recorded_impulsive,0.0,False,False,9.591597119681897,,cvhi:common_voice_hi_27005482,14.68505859375,14.56235122680664,0.9697204774696075,2.4515180587768555,0.0
gf0.70_nb1.5,0032,recorded_impulsive_0,recorded_impulsive,0.0,True,False,11.109649132571075,,ls:1898-145724-0029,12.018123626708984,11.757207870483398,0.8799872040386131,1.9275556802749634,0.1
gf0.70_nb1.5,0033,recorded_impulsive_0,recorded_impulsive,0.0,False,False,6.05000704877051,,cvhi:common_voice_hi_24386246,10.938080787658691,10.760366439819336,0.9270331376698854,2.1753146648406982,0.0
gf0.70_nb1.5,0034,recorded_impulsive_0,recorded_impulsive,0.0,True,False,5.187672412716545,,cvhi:common_voice_hi_24427818,14.51602840423584,14.370452880859375,0.8612475917641501,2.11275577545166,0.12
gf0.70_nb1.5,0035,recorded_impulsive_0,recorded_impulsive,0.0,False,False,7.633033030194092,,ls:226-131533-0034,10.237049102783203,9.812017440795898,0.9079056376639076,1.978015422821045,0.0
gf0.70_nb1.5,0036,recorded_impulsive_0,recorded_impulsive,0.0,False,False,-3.0270393360507386,,ls:1263-141777-0013,12.518003463745117,12.281070709228516,0.9334812283584881,2.336825370788574,0.0
gf0.70_nb1.5,0037,recorded_impulsive_0,recorded_impulsive,0.0,False,False,4.535027558245385,,cvhi:common_voice_hi_23964472,11.359890937805176,11.217117309570312,0.8127338165340122,1.7075998783111572,0.18
gf0.70_nb1.5,0038,recorded_impulsive_0,recorded_impulsive,0.0,False,False,10.26859951230827,,cvhi:common_voice_hi_24759432,9.43535041809082,8.930746078491211,0.8509989510329676,1.4553006887435913,inf
gf0.70_nb1.5,0039,recorded_impulsive_0,recorded_impulsive,0.0,False,False,7.939613263608766,,cvhi:common_voice_hi_25154423,8.824962615966797,8.37378215789795,0.8825003438731853,1.6767120361328125,0.2
gf0.70_nb1.5,0000,recorded_impulsive_10,recorded_impulsive,10.0,True,False,-4.492078973071773,,cvhi:common_voice_hi_26007863,13.759690284729004,14.47320556640625,0.970214261265325,2.7397208213806152,0.16
gf0.70_nb1.5,0001,recorded_impulsive_10,recorded_impulsive,10.0,False,False,-1.9982029592347512,,cvhi:common_voice_hi_24759375,22.5825138092041,25.267236709594727,0.9974801062856263,3.5178117752075195,0.08
gf0.70_nb1.5,0002,recorded_impulsive_10,recorded_impulsive,10.0,False,False,6.150071959526043,,cvhi:common_voice_hi_25948426,15.1046142578125,15.264636993408203,0.963402779395553,2.4262590408325195,0.0
gf0.70_nb1.5,0003,recorded_impulsive_10,recorded_impulsive,10.0,False,False,4.024298477222995,,cvhi:common_voice_hi_24386151,14.688735961914062,14.63138198852539,0.9644253696019283,2.462036609649658,0.0
gf0.70_nb1.5,0004,recorded_impulsive_10,recorded_impulsive,10.0,False,False,3.103558445007792,,cvhi:common_voice_hi_25004048,21.388395309448242,23.155672073364258,0.9875792759036881,3.2487003803253174,0.5
gf0.70_nb1.5,0005,recorded_impulsive_10,recorded_impulsive,10.0,False,False,11.855404016303808,,cvhi:common_voice_hi_24258323,17.470640182495117,18.277891159057617,0.9860136773722321,2.6374521255493164,0.08
gf0.70_nb1.5,0006,recorded_impulsive_10,recorded_impulsive,10.0,False,False,2.232062195678619,,cvhi:common_voice_hi_26687133,20.73408317565918,21.85196304321289,0.9911069745135667,3.232671022415161,0.14
gf0.70_nb1.5,0007,recorded_impulsive_10,recorded_impulsive,10.0,False,False,7.889515053789356,,cvhi:common_voice_hi_24938892,20.978496551513672,23.60929298400879,0.9995560530828704,2.963024139404297,2.28
gf0.70_nb1.5,0008,recorded_impulsive_10,recorded_impulsive,10.0,False,False,10.568552522964037,,cvhi:common_voice_hi_27005427,10.864018440246582,11.25322151184082,0.9523563704399886,2.376058340072632,0.0
gf0.70_nb1.5,0009,recorded_impulsive_10,recorded_impulsive,10.0,False,False,-3.0609919827580403,,cvhi:common_voice_hi_27005228,15.096339225769043,15.000141143798828,0.9410239835827224,2.2462048530578613,0.0
gf0.70_nb1.5,0010,recorded_impulsive_10,recorded_impulsive,10.0,False,False,-1.3683510738554912,,cvhi:common_voice_hi_24228288,16.58600616455078,16.50568199157715,0.9072686860218652,2.056851625442505,0.0
gf0.70_nb1.5,0011,recorded_impulsive_10,recorded_impulsive,10.0,False,False,8.942107009045543,,cvhi:common_voice_hi_24759434,14.899884223937988,14.764250755310059,0.9719621323803282,2.336195707321167,0.0
gf0.70_nb1.5,0012,recorded_impulsive_10,recorded_impulsive,10.0,False,False,7.916045071980257,,cvhi:common_voice_hi_26254104,14.25096607208252,14.687575340270996,0.9602191337370184,2.7552297115325928,0.0
gf0.70_nb1.5,0013,recorded_impulsive_10,recorded_impulsive,10.0,True,False,7.096054549930308,,ls:1898-145715-0001,15.275959968566895,15.470577239990234,0.9284915817845347,2.6232986450195312,0.0
gf0.70_nb1.5,0014,recorded_impulsive_10,recorded_impulsive,10.0,False,False,-1.4611504393419423,,ls:1263-141777-0024,15.483120918273926,15.421171188354492,0.9630208476097188,2.6373021602630615,0.0
gf0.70_nb1.5,0015,recorded_impulsive_10,recorded_impulsive,10.0,False,False,-0.2223817900219638,,ls:150-132655-0005,14.798690795898438,15.32508373260498,0.9485913479414584,2.3162732124328613,0.14
gf0.70_nb1.5,0016,recorded_impulsive_10,recorded_impulsive,10.0,False,False,1.3815195761783565,,cvhi:common_voice_hi_24228162,16.06529998779297,16.097309112548828,0.9565783647363689,2.521785020828247,0.0
gf0.70_nb1.5,0017,recorded_impulsive_10,recorded_impulsive,10.0,False,False,-3.403143679208336,,cvhi:common_voice_hi_25154372,18.874401092529297,21.87637710571289,0.9701579990931022,2.7547543048858643,0.1
gf0.70_nb1.5,0018,recorded_impulsive_10,recorded_impulsive,10.0,True,False,0.39968590606981635,,ls:1263-138246-0002,14.218929290771484,14.143357276916504,0.9818815272579418,2.8950178623199463,0.4
gf0.70_nb1.5,0019,recorded_impulsive_10,recorded_impulsive,10.0,False,False,8.249237390855885,,cvhi:common_voice_hi_24386243,17.877155303955078,19.321298599243164,0.9875889653269457,2.6833345890045166,0.0
gf0.70_nb1.5,0020,recorded_impulsive_10,recorded_impulsive,10.0,False,False,8.409440342057021,,ls:1898-145702-0013,17.36113929748535,17.280658721923828,0.9647241142324685,3.0258588790893555,0.14
gf0.70_nb1.5,0021,recorded_impulsive_10,recorded_impulsive,10.0,False,False,6.532033521037258,,cvhi:common_voice_hi_24228360,19.049394607543945,20.04808235168457,0.9857027557882129,3.0169270038604736,0.0
gf0.70_nb1.5,0022,recorded_impulsive_10,recorded_impulsive,10.0,False,False,5.537664922323046,,cvhi:common_voice_hi_26769815,14.579383850097656,16.05767822265625,0.8334752457111869,2.749478816986084,0.0
gf0.70_nb1.5,0023,recorded_impulsive_10,recorded_impulsive,10.0,False,False,7.343209126805865,,cvhi:common_voice_hi_24758650,17.91571617126465,17.94573211669922,0.9761386040618668,2.4724695682525635,0.7
gf0.70_nb1.5,0024,recorded_impulsive_10,recorded_impulsive,10.0,False,False,9.259936497084233,,cvhi:common_voice_hi_31389170,11.463427543640137,11.145057678222656,0.8776143517186505,2.0262343883514404,0.16
gf0.70_nb1.5,0025,recorded_impulsive_10,recorded_impulsive,10.0,False,False,4.982046030563954,,cvhi:common_voice_hi_24386915,13.466740608215332,13.86285400390625,0.9164986227497919,2.3007144927978516,0.0
gf0.70_nb1.5,0026,recorded_impulsive_10,recorded_impulsive,10.0,False,False,0.6518964085744079,,cvhi:common_voice_hi_24759434,15.296810150146484,15.906777381896973,0.9690143106403993,2.504408836364746,0.0
gf0.70_nb1.5,0027,recorded_impulsive_10,recorded_impulsive,10.0,False,False,11.93881555617843,,cvhi:common_voice_hi_27005639,14.24032974243164,16.823637008666992,0.9654848230756228,2.116473436355591,0.0
gf0.70_nb1.5,0028,recorded_impulsive_10,recorded_impulsive,10.0,False,False,-4.2059544268121405,,cvhi:common_voice_hi_24280971,15.594783782958984,15.566420555114746,0.9879264858394665,2.422337770462036,inf
gf0.70_nb1.5,0029,recorded_impulsive_10,recorded_impulsive,10.0,False,False,7.655514068345333,,cvhi:common_voice_hi_26769814,14.722152709960938,14.670650482177734,0.8618093074506916,2.3846633434295654,0.04
gf0.70_nb1.5,0030,recorded_impulsive_10,recorded_impulsive,10.0,False,False,-5.019676419493685,,cvhi:common_voice_hi_24386189,20.799041748046875,21.29924964904785,0.99683544318642,3.112734079360962,1.32
gf0.70_nb1.5,0031,recorded_impulsive_10,recorded_impulsive,10.0,False,False,9.471001184379652,,cvhi:common_voice_hi_24759307,15.068950653076172,15.384925842285156,0.9542206309785859,2.294985055923462,0.6
gf0.70_nb1.5,0032,recorded_impulsive_10,recorded_impulsive,10.0,False,False,4.789127012578579,,ls:226-131532-0033,14.838138580322266,15.228171348571777,0.9254140318116242,2.100001573562622,0.0
gf0.70_nb1.5,0033,recorded_impulsive_10,recorded_impulsive,10.0,False,False,2.8183658612474893,,cvhi:common_voice_hi_25154369,17.469404220581055,18.054363250732422,0.95858337446495,2.622164726257324,1.86
gf0.70_nb1.5,0034,recorded_impulsive_10,recorded_impulsive,10.0,False,False,-5.895321957428251,,cvhi:common_voice_hi_27005203,18.211029052734375,18.19514274597168,0.9194720869642865,2.758168935775757,0.0
gf0.70_nb1.5,0035,recorded_impulsive_10,recorded_impulsive,10.0,False,False,-3.5647662213600966,,ls:1263-138246-0028,16.994548797607422,17.164194107055664,0.9784363538569495,1.8803484439849854,0.22
gf0.70_nb1.5,0036,recorded_impulsive_10,recorded_impulsive,10.0,False,False,3.585216087105806,,cvhi:common_voice_hi_24228580,17.391918182373047,18.642667770385742,0.9323254089233947,3.2439048290252686,0.0
gf0.70_nb1.5,0037,recorded_impulsive_10,recorded_impulsive,10.0,True,False,1.978445008406462,,cvhi:common_voice_hi_26007753,13.73719310760498,14.212979316711426,0.9890961081423174,3.2673287391662598,0.0
gf0.70_nb1.5,0038,recorded_impulsive_10,recorded_impulsive,10.0,False,False,-3.0065218466497488,,cvhi:common_voice_hi_24386848,14.0193452835083,14.206155776977539,0.8534693517683463,2.176274061203003,0.22
gf0.70_nb1.5,0039,recorded_impulsive_10,recorded_impulsive,10.0,False,True,-5.103822557424924,,cvhi:common_voice_hi_24427673,16.391408920288086,16.302997589111328,0.9487280211812809,2.821007251739502,inf
gf0.70_nb1.5,0000,recorded_impulsive_15,recorded_impulsive,15.0,False,False,10.552497682596321,,ls:1263-139804-0005,11.199291229248047,11.086377143859863,0.9637141850382503,2.5844616889953613,0.22
gf0.70_nb1.5,0001,recorded_impulsive_15,recorded_impulsive,15.0,False,False,0.2858620570480763,,cvhi:common_voice_hi_26254103,16.414276123046875,16.54991912841797,0.8731325462029489,2.7618508338928223,0.18
gf0.70_nb1.5,0002,recorded_impulsive_15,recorded_impulsive,15.0,False,False,9.153610978007745,,cvhi:common_voice_hi_27035759,17.064056396484375,16.982135772705078,0.9697447219764201,3.058241367340088,0.24
gf0.70_nb1.5,0003,recorded_impulsive_15,recorded_impulsive,15.0,False,False,9.9109742151015,,cvhi:common_voice_hi_27149957,13.117351531982422,13.581682205200195,0.9268858860555561,2.406794309616089,0.04
gf0.70_nb1.5,0004,recorded_impulsive_15,recorded_impulsive,15.0,False,False,-0.1771662851515341,,ls:150-126107-0027,13.458043098449707,13.272022247314453,0.8845883001346416,3.0744597911834717,0.0
gf0.70_nb1.5,0005,recorded_impulsive_15,recorded_impulsive,15.0,True,False,6.34350337048342,,cvhi:common_voice_hi_23844516,9.311748504638672,10.342120170593262,0.9181641737208283,2.5491280555725098,0.8
gf0.70_nb1.5,0006,recorded_impulsive_15,recorded_impulsive,15.0,False,False,4.165551246011622,,cvhi:common_voice_hi_24758653,17.50031280517578,17.871328353881836,0.9892719079933592,3.2017760276794434,inf
gf0.70_nb1.5,0007,recorded_impulsive_15,recorded_impulsive,15.0,False,False,5.78905850908129,,cvhi:common_voice_hi_25170230,17.29729461669922,17.396167755126953,0.9618842048972687,2.995023012161255,0.0
gf0.70_nb1.5,0008,recorded_impulsive_15,recorded_impulsive,15.0,True,False,-0.2648367365666662,,cvhi:common_voice_hi_24427429,18.277311325073242,19.025217056274414,0.9413689093708465,3.085350275039673,0.48
gf0.70_nb1.5,0009,recorded_impulsive_15,recorded_impulsive,15.0,False,True,10.948198687256909,,ls:1898-145715-0022,16.169422149658203,16.443153381347656,0.9043928554271179,2.598224639892578,0.02
gf0.70_nb1.5,0010,recorded_impulsive_15,recorded_impulsive,15.0,False,False,-2.724471892187541,,cvhi:common_voice_hi_24759092,20.40928840637207,21.110628128051758,0.9830990818853041,2.9399280548095703,0.0
gf0.70_nb1.5,0011,recorded_impulsive_15,recorded_impulsive,15.0,True,False,10.067570757979702,,cvhi:common_voice_hi_24427336,18.62743377685547,18.92596435546875,0.9214301844135508,2.6331374645233154,0.16
gf0.70_nb1.5,0012,recorded_impulsive_15,recorded_impulsive,15.0,False,False,0.893756747550511,,cvhi:common_voice_hi_24510981,18.863481521606445,19.14224624633789,0.9742684280848456,2.848310708999634,0.0
gf0.70_nb1.5,0013,recorded_impulsive_15,recorded_impulsive,15.0,False,False,11.79731470162395,,ls:1898-145702-0006,15.306340217590332,15.176456451416016,0.9421283630792056,2.3109068870544434,0.32
gf0.70_nb1.5,0014,recorded_impulsive_15,recorded_impulsive,15.0,False,False,-5.9938145752950724,,ls:1263-139804-0026,20.541372299194336,21.64251708984375,0.993787539516169,3.6818668842315674,0.0
gf0.70_nb1.5,0015,recorded_impulsive_15,recorded_impulsive,15.0,False,False,4.2731071320723615,,ls:1263-139804-0006,13.754979133605957,14.816690444946289,0.9859304727749102,2.9301862716674805,0.04
gf0.70_nb1.5,0016,recorded_impulsive_15,recorded_impulsive,15.0,True,False,7.944047672326596,,ls:1263-141777-0023,14.889490127563477,15.8829984664917,0.9740013212566412,2.979539394378662,0.2
gf0.70_nb1.5,0017,recorded_impulsive_15,recorded_impulsive,15.0,False,False,1.069182093528573,,cvhi:common_voice_hi_25180521,16.31468391418457,17.53103256225586,0.9283875041727225,3.0245859622955322,0.1
gf0.70_nb1.5,0018,recorded_impulsive_15,recorded_impulsive,15.0,False,False,5.315715201884629,,ls:226-131533-0003,17.35434341430664,18.4974422454834,0.9729645111796824,3.4239418506622314,0.0
gf0.70_nb1.5,0019,recorded_impulsive_15,recorded_impulsive,15.0,False,False,3.1446126270824877,,cvhi:common_voice_hi_24258318,13.922197341918945,13.756032943725586,0.9717005856723163,2.5211524963378906,inf
gf0.70_nb1.5,0020,recorded_impulsive_15,recorded_impulsive,15.0,False,False,7.656500556724016,,cvhi:common_voice_hi_24759094,16.425138473510742,18.17937469482422,0.9840645915781085,3.1654880046844482,0.02
gf0.70_nb1.5,0021,recorded_impulsive_15,recorded_impulsive,15.0,False,False,7.069022774115778,,cvhi:common_voice_hi_24759076,17.44658660888672,19.14234161376953,0.982977629051731,3.3314852714538574,0.12
gf0.70_nb1.5,0022,recorded_impulsive_15,recorded_impulsive,15.0,False,False,-0.8973276631797713,,cvhi:common_voice_hi_24225595,18.21405029296875,19.544822692871094,0.9721944504657135,2.876771926879883,0.2
gf0.70_nb1.5,0023,recorded_impulsive_15,recorded_impulsive,15.0,True,False,-0.43189228601978424,,cvhi:common_voice_hi_24225553,16.118871688842773,17.220365524291992,0.9848306401005427,3.3337836265563965,0.0
gf0.70_nb1.5,0024,recorded_impulsive_15,recorded_impulsive,15.0,False,False,-2.692146212887341,,cvhi:common_voice_hi_24782736,19.626983642578125,20.987396240234375,0.9826782782790101,2.627650260925293,inf
gf0.70_nb1.5,0025,recorded_impulsive_15,recorded_impulsive,15.0,True,False,-4.881511027970769,,cvhi:common_voice_hi_24258380,18.138568878173828,18.98683738708496,0.9826368853808499,3.511812686920166,0.0
gf0.70_nb1.5,0026,recorded_impulsive_15,recorded_impulsive,15.0,False,False,9.759318476879615,,ls:150-126112-0005,13.226293563842773,14.26097297668457,0.8496646831957082,3.2893011569976807,0.0
gf0.70_nb1.5,0027,recorded_impulsive_15,recorded_impulsive,15.0,False,False,2.883919309748684,,cvhi:common_voice_hi_24427465,24.293420791625977,33.51166534423828,0.9992861419733329,4.229896068572998,2.04
gf0.70_nb1.5,0028,recorded_impulsive_15,recorded_impulsive,15.0,False,False,4.060288135520798,,cvhi:common_voice_hi_27005182,17.634628295898438,19.997385025024414,0.9470653413312364,2.1013033390045166,0.06
gf0.70_nb1.5,0029,recorded_impulsive_15,recorded_impulsive,15.0,False,False,11.06039025382318,,cvhi:common_voice_hi_25323046,14.594045639038086,15.392831802368164,0.9286687135575142,2.0612905025482178,0.28
gf0.70_nb1.5,0030,recorded_impulsive_15,recorded_impulsive,15.0,False,False,4.21995009948586,,cvhi:common_voice_hi_24280931,14.547561645507812,15.232795715332031,0.9708007015547261,2.8380961418151855,1.76
gf0.70_nb1.5,0031,recorded_impulsive_15,recorded_impulsive,15.0,False,False,8.903283856246349,,cvhi:common_voice_hi_25982640,15.91767692565918,18.521846771240234,0.9942702341945242,3.6268863677978516,inf
gf0.70_nb1.5,0032,recorded_impulsive_15,recorded_impulsive,15.0,False,False,-3.064273258504408,,ls:1898-145724-0002,20.067047119140625,20.244600296020508,0.9680564635766418,2.9368484020233154,0.0
gf0.70_nb1.5,0033,recorded_impulsive_15,recorded_impulsive,15.0,False,False,-4.777185135973132,,ls:226-131532-0025,17.269285202026367,18.16559410095215,0.8961562350771725,3.072701930999756,0.0
gf0.70_nb1.5,0034,recorded_impulsive_15,recorded_impulsive,15.0,False,False,6.750491259514366,,cvhi:common_voice_hi_26007589,18.05865478515625,17.990421295166016,0.9345886510817267,3.1238486766815186,0.36
gf0.70_nb1.5,0035,recorded_impulsive_15,recorded_impulsive,15.0,False,False,6.68753940294328,,cvhi:common_voice_hi_26967383,22.041763305664062,24.094552993774414,0.9640685134773788,3.6524009704589844,0.0
gf0.70_nb1.5,0036,recorded_impulsive_15,recorded_impulsive,15.0,False,False,6.277231790057321,,cvhi:common_voice_hi_24258310,20.1865177154541,20.445898056030273,0.9818853236194681,3.4620048999786377,0.96
gf0.70_nb1.5,0037,recorded_impulsive_15,recorded_impulsive,15.0,False,False,2.2410112556563355,,ls:150-126107-0035,13.695755004882812,14.096442222595215,0.9084818049286372,2.9874846935272217,0.0
gf0.70_nb1.5,0038,recorded_impulsive_15,recorded_impulsive,15.0,False,False,7.008691240607437,,cvhi:common_voice_hi_27639379,17.513469696044922,17.449949264526367,0.945182404793908,2.822826862335205,0.32
gf0.70_nb1.5,0039,recorded_impulsive_15,recorded_impulsive,15.0,False,False,3.5601305750228107,,cvhi:common_voice_hi_26968422,20.923545837402344,22.278995513916016,0.9836117060286774,3.2785191535949707,0.0
gf0.70_nb1.5,0000,recorded_impulsive_5,recorded_impulsive,5.0,True,False,1.798416198605179,,ls:226-122538-0005,16.781570434570312,17.542621612548828,0.9656933629225968,3.3119499683380127,0.0
gf0.70_nb1.5,0001,recorded_impulsive_5,recorded_impulsive,5.0,False,False,-4.820322634738789,,ls:150-126107-0036,11.553564071655273,11.91448974609375,0.9871968104257818,3.7566158771514893,0.0
gf0.70_nb1.5,0002,recorded_impulsive_5,recorded_impulsive,5.0,False,False,10.028680301014411,,cvhi:common_voice_hi_24510980,13.418282508850098,13.877857208251953,0.9052920337010639,2.009345531463623,0.44
gf0.70_nb1.5,0003,recorded_impulsive_5,recorded_impulsive,5.0,False,False,9.034087450720332,,cvhi:common_voice_hi_24258323,11.570455551147461,12.88255500793457,0.9471639988584949,2.2465059757232666,0.22
gf0.70_nb1.5,0004,recorded_impulsive_5,recorded_impulsive,5.0,False,False,-0.030201084074227502,,cvhi:common_voice_hi_27005666,9.85246753692627,9.652618408203125,0.9498468267755019,2.1842477321624756,0.0
gf0.70_nb1.5,0005,recorded_impulsive_5,recorded_impulsive,5.0,False,False,-0.486121921571109,,ls:150-132655-0031,11.88011646270752,11.594837188720703,0.9541152160736909,2.9775993824005127,0.0
gf0.70_nb1.5,0006,recorded_impulsive_5,recorded_impulsive,5.0,False,False,5.61581907494287,,cvhi:common_voice_hi_23844536,13.17255973815918,13.277697563171387,0.8877246351126605,2.160123825073242,0.92
gf0.70_nb1.5,0007,recorded_impulsive_5,recorded_impulsive,5.0,False,False,4.350048075976826,,ls:1263-141777-0016,14.400405883789062,14.271696090698242,0.950100517343269,2.35836124420166,0.24
gf0.70_nb1.5,0008,recorded_impulsive_5,recorded_impulsive,5.0,False,False,-0.28214278641409507,,cvhi:common_voice_hi_40337919,9.856893539428711,9.767326354980469,0.9312508927839173,1.9133388996124268,0.0
gf0.70_nb1.5,0009,recorded_impulsive_5,recorded_impulsive,5.0,False,False,6.07836390350276,,cvhi:common_voice_hi_27005450,10.252103805541992,9.82770824432373,0.945102123069822,2.007957696914673,0.0
gf0.70_nb1.5,0010,recorded_impulsive_5,recorded_impulsive,5.0,False,False,6.812341093609859,,cvhi:common_voice_hi_24258349,20.28886604309082,20.321060180664062,0.9828559725621343,3.551715612411499,0.18
gf0.70_nb1.5,0011,recorded_impulsive_5,recorded_impulsive,5.0,False,False,-5.731525261618403,,cvhi:common_voice_hi_24228204,16.013572692871094,16.746257781982422,0.9659214045615855,2.0824177265167236,inf
gf0.70_nb1.5,0012,recorded_impulsive_5,recorded_impulsive,5.0,False,False,9.524111505526516,,cvhi:common_voice_hi_24228603,16.31499671936035,16.237974166870117,0.9680418984168787,2.6703765392303467,0.0
gf0.70_nb1.5,0013,recorded_impulsive_5,recorded_impulsive,5.0,False,False,0.46360803284295304,,cvhi:common_voice_hi_27005271,14.63212776184082,14.496513366699219,0.9679408324421995,2.3789002895355225,0.0
gf0.70_nb1.5,0014,recorded_impulsive_5,recorded_impulsive,5.0,False,False,7.04835005944221,,ls:150-126112-0029,11.560826301574707,13.33230209350586,0.9114411625158798,2.5508370399475098,0.0
gf0.70_nb1.5,0015,recorded_impulsive_5,recorded_impulsive,5.0,False,False,5.097260982476948,,cvhi:common_voice_hi_26966925,20.20050048828125,22.131834030151367,0.9873081787211971,3.162355899810791,0.86
gf0.70_nb1.5,0016,recorded_impulsive_5,recorded_impulsive,5.0,False,False,-0.13622370166232134,,cvhi:common_voice_hi_24228152,16.111989974975586,16.19576644897461,0.9601983550757224,2.7544474601745605,0.0
gf0.70_nb1.5,0017,recorded_impulsive_5,recorded_impulsive,5.0,False,False,-1.5140936886203216,,cvhi:common_voice_hi_27005441,14.186836242675781,14.021587371826172,0.9404048128328671,2.341460943222046,0.0
gf0.70_nb1.5,0018,recorded_impulsive_5,recorded_impulsive,5.0,True,False,8.665278692926243,,cvhi:common_voice_hi_24782740,16.769187927246094,16.74539566040039,0.9094794054611341,2.0698180198669434,0.0
gf0.70_nb1.5,0019,recorded_impulsive_5,recorded_impulsive,5.0,False,False,7.039470028902549,,cvhi:common_voice_hi_27005203,12.399971008300781,13.171178817749023,0.9260873082356237,2.7961273193359375,0.0
gf0.70_nb1.5,0020,recorded_impulsive_5,recorded_impulsive,5.0,False,False,-3.857200289997631,,cvhi:common_voice_hi_24386916,15.149871826171875,15.475641250610352,0.9200321791503092,2.158644914627075,0.0
gf0.70_nb1.5,0021,recorded_impulsive_5,recorded_impulsive,5.0,True,False,8.52862313637004,,cvhi:common_voice_hi_24225492,9.452583312988281,9.181727409362793,0.9486977437969729,2.3019418716430664,0.98
gf0.70_nb1.5,0022,recorded_impulsive_5,recorded_impulsive,5.0,False,False,7.848206944694379,,cvhi:common_voice_hi_24228548,14.104463577270508,13.965526580810547,0.9097443032957386,2.006135940551758,0.0
gf0.70_nb1.5,0023,recorded_impulsive_5,recorded_impulsive,5.0,True,False,-2.0747953953470857,,cvhi:common_voice_hi_27005233,13.522204399108887,14.291561126708984,0.9677238929128605,2.8456530570983887,0.06
gf0.70_nb1.5,0024,recorded_impulsive_5,recorded_impulsive,5.0,False,False,4.223856992295071,,cvhi:common_voice_hi_27005642,11.526775360107422,12.034882545471191,0.9418586991825343,1.7828903198242188,0.0
gf0.70_nb1.5,0025,recorded_impulsive_5,recorded_impulsive,5.0,False,False,-1.0871625872363602,,cvhi:common_voice_hi_24427696,17.629871368408203,18.678083419799805,0.8896782343007799,2.5794665813446045,0.04
gf0.70_nb1.5,0026,recorded_impulsive_5,recorded_impulsive,5.0,False,False,5.570273032326961,,cvhi:common_voice_hi_24427849,12.572216033935547,12.841680526733398,0.8204076997816536,2.13870906829834,0.02
gf0.70_nb1.5,0027,recorded_impulsive_5,recorded_impulsive,5.0,False,False,-1.32895260016969,,cvhi:common_voice_hi_27005181,16.680496215820312,18.93558692932129,0.9450502589550238,3.3161234855651855,0.0
gf0.70_nb1.5,0028,recorded_impulsive_5,recorded_impulsive,5.0,False,False,-4.095967728859255,,cvhi:common_voice_hi_24258386,8.795040130615234,8.281973838806152,0.9351203682378584,1.6880871057510376,0.16
gf0.70_nb1.5,0029,recorded_impulsive_5,recorded_impulsive,5.0,False,False,11.309009481064322,,ls:1263-141777-0007,13.962162017822266,14.748024940490723,0.9642562125500637,3.1261119842529297,0.0
gf0.70_nb1.5,0030,recorded_impulsive_5,recorded_impulsive,5.0,False,False,2.6344664717466095,,cvhi:common_voice_hi_24386309,14.007478713989258,14.744073867797852,0.9434125568656053,2.6068003177642822,0.0
gf0.70_nb1.5,0031,recorded_impulsive_5,recorded_impulsive,5.0,True,False,9.473221144807663,,cvhi:common_voice_hi_26008603,17.190105438232422,17.490243911743164,0.91544996908884,2.170086622238159,0.0
gf0.70_nb1.5,0032,recorded_impulsive_5,recorded_impulsive,5.0,False,False,8.225726794173614,,cvhi:common_voice_hi_24759434,13.137834548950195,13.150482177734375,0.9882556653239459,2.6469385623931885,0.0
gf0.70_nb1.5,0033,recorded_impulsive_5,recorded_impulsive,5.0,False,False,8.67337396742759,,cvhi:common_voice_hi_24427333,9.177364349365234,8.876246452331543,0.7283361452969243,1.6816885471343994,0.26
gf0.70_nb1.5,0034,recorded_impulsive_5,recorded_impulsive,5.0,False,False,8.71896348454575,,cvhi:common_voice_hi_25154411,14.185604095458984,14.024287223815918,0.8256253233417297,2.2768189907073975,0.08
gf0.70_nb1.5,0035,recorded_impulsive_5,recorded_impulsive,5.0,False,False,-4.060316463013525,,ls:1263-141777-0001,13.880766868591309,13.703510284423828,0.9477024723084367,2.4789507389068604,0.0
gf0.70_nb1.5,0036,recorded_impulsive_5,recorded_impulsive,5.0,False,False,9.5844301985829,,cvhi:common_voice_hi_27005505,15.92175006866455,17.5614013671875,0.9874431658355811,2.8036246299743652,1.98
gf0.70_nb1.5,0037,recorded_impulsive_5,recorded_impulsive,5.0,False,False,1.124645020617332,,cvhi:common_voice_hi_25154354,21.734027862548828,21.773311614990234,0.8200402434643403,2.2683112621307373,0.0
gf0.70_nb1.5,0038,recorded_impulsive_5,recorded_impulsive,5.0,False,False,-4.436890819136119,,ls:1263-138246-0034,11.494688987731934,11.351094245910645,0.9463181478706766,1.9116339683532715,0.0
gf0.70_nb1.5,0039,recorded_impulsive_5,recorded_impulsive,5.0,False,False,10.391862816313854,,ls:1898-145715-0037,12.058148384094238,11.779375076293945,0.8786394536595604,1.7586987018585205,0.74
gf0.70_nb1.5,0000,stationary_-10,stationary,-10.0,False,False,,,cvhi:common_voice_hi_26080943,3.1037209033966064,0.4197201132774353,0.7690631025856824,1.3090131282806396,nan
gf0.70_nb1.5,0001,stationary_-10,stationary,-10.0,False,True,,,cvhi:common_voice_hi_24228152,1.1083544492721558,-4.958483695983887,0.4435677208552769,1.0551542043685913,nan
gf0.70_nb1.5,0002,stationary_-10,stationary,-10.0,False,False,,,ls:1263-141777-0034,5.137497901916504,3.567242383956909,0.8087904144223026,1.238226294517517,nan
gf0.70_nb1.5,0003,stationary_-10,stationary,-10.0,False,False,,,cvhi:common_voice_hi_24228568,3.4839060306549072,0.9025449752807617,0.7421662371137561,1.5595653057098389,nan
gf0.70_nb1.5,0004,stationary_-10,stationary,-10.0,False,False,,,cvhi:common_voice_hi_24258333,5.793980598449707,4.474379062652588,0.6932285994188122,1.1519320011138916,nan
gf0.70_nb1.5,0005,stationary_-10,stationary,-10.0,False,False,,,ls:1898-145720-0011,5.522036552429199,4.202581882476807,0.48418098646001073,1.1238607168197632,nan
gf0.70_nb1.5,0006,stationary_-10,stationary,-10.0,False,False,,,cvhi:common_voice_hi_27005248,1.6678802967071533,-3.2758255004882812,0.5495635460400838,1.0928025245666504,nan
gf0.70_nb1.5,0007,stationary_-10,stationary,-10.0,False,False,,,cvhi:common_voice_hi_27005268,3.0154714584350586,0.34850332140922546,0.6317915761470688,1.1173175573349,nan
gf0.70_nb1.5,0008,stationary_-10,stationary,-10.0,False,False,,,ls:150-126112-0009,5.6028032302856445,4.485372543334961,0.6778723884411152,1.204034447669983,nan
gf0.70_nb1.5,0009,stationary_-10,stationary,-10.0,False,False,,,cvhi:common_voice_hi_24228163,11.379708290100098,11.079790115356445,0.8481311922216396,1.4484776258468628,nan
gf0.70_nb1.5,0010,stationary_-10,stationary,-10.0,False,False,,,cvhi:common_voice_hi_26967397,8.166266441345215,7.543398857116699,0.7737712109391762,1.6002217531204224,nan
gf0.70_nb1.5,0011,stationary_-10,stationary,-10.0,False,False,,,ls:226-122538-0003,6.765889644622803,5.816004753112793,0.7721584431164756,1.613142967224121,nan
gf0.70_nb1.5,0012,stationary_-10,stationary,-10.0,False,False,,,cvhi:common_voice_hi_24427849,6.196130752563477,5.014443874359131,0.6308749008125064,1.4187538623809814,nan
gf0.70_nb1.5,0013,stationary_-10,stationary,-10.0,False,False,,,cvhi:common_voice_hi_24510992,3.333941698074341,1.0045620203018188,0.5745974511691451,1.2512233257293701,nan
gf0.70_nb1.5,0014,stationary_-10,stationary,-10.0,False,False,,,cvhi:common_voice_hi_26007591,6.708899021148682,5.922698020935059,0.7329221028093665,1.354577660560608,nan
gf0.70_nb1.5,0015,stationary_-10,stationary,-10.0,False,False,,,cvhi:common_voice_hi_24386806,4.574542999267578,2.823915719985962,0.7928188748172084,1.3154807090759277,nan
gf0.70_nb1.5,0016,stationary_-10,stationary,-10.0,False,False,,,cvhi:common_voice_hi_27248545,7.092625617980957,6.264535903930664,0.7054245806938441,1.4047167301177979,nan
gf0.70_nb1.5,0017,stationary_-10,stationary,-10.0,False,False,,,cvhi:common_voice_hi_24258400,3.391434907913208,0.7403086423873901,0.6615497051623627,1.1739836931228638,nan
gf0.70_nb1.5,0018,stationary_-10,stationary,-10.0,True,False,,,ls:226-131533-0033,5.742685317993164,4.624388217926025,0.6065250096974623,1.1943788528442383,nan
gf0.70_nb1.5,0019,stationary_-10,stationary,-10.0,True,True,,,cvhi:common_voice_hi_24427451,6.950924396514893,5.978299140930176,0.6985325086454525,1.3903762102127075,nan
gf0.70_nb1.5,0020,stationary_-10,stationary,-10.0,False,False,,,cvhi:common_voice_hi_24228290,4.365574359893799,2.3925511837005615,0.7354782179153945,1.1865094900131226,nan
gf0.70_nb1.5,0021,stationary_-10,stationary,-10.0,False,False,,,cvhi:common_voice_hi_25154411,3.0845837593078613,0.31050747632980347,0.5944263181417226,1.1779937744140625,nan
gf0.70_nb1.5,0022,stationary_-10,stationary,-10.0,False,False,,,cvhi:common_voice_hi_25128206,7.6340532302856445,6.864757537841797,0.7646493099819762,1.182837963104248,nan
gf0.70_nb1.5,0023,stationary_-10,stationary,-10.0,False,False,,,cvhi:common_voice_hi_24782658,3.111196994781494,0.3429482579231262,0.6002090843110687,1.0982180833816528,nan
gf0.70_nb1.5,0024,stationary_-10,stationary,-10.0,False,False,,,cvhi:common_voice_hi_24510992,2.994166374206543,0.18305495381355286,0.6091482484559968,1.268337368965149,nan
gf0.70_nb1.5,0025,stationary_-10,stationary,-10.0,False,False,,,cvhi:common_voice_hi_24225720,2.664210557937622,-0.396314799785614,0.5200466588250976,1.0744733810424805,nan
gf0.70_nb1.5,0026,stationary_-10,stationary,-10.0,False,False,,,cvhi:common_voice_hi_26007792,1.9122408628463745,-2.318638801574707,0.38976680264451075,1.1228607892990112,nan
gf0.70_nb1.5,0027,stationary_-10,stationary,-10.0,False,False,,,cvhi:common_voice_hi_23964474,3.790736675262451,1.5661273002624512,0.6854634649895911,1.126906394958496,nan
gf0.70_nb1.5,0028,stationary_-10,stationary,-10.0,False,False,,,cvhi:common_voice_hi_24280936,3.9714136123657227,1.7485408782958984,0.7573139839558828,1.2036839723587036,nan
gf0.70_nb1.5,0029,stationary_-10,stationary,-10.0,False,False,,,cvhi:common_voice_hi_25154267,5.372531414031982,3.9375641345977783,0.5829647200265353,1.0988343954086304,nan
gf0.70_nb1.5,0030,stationary_-10,stationary,-10.0,False,False,,,cvhi:common_voice_hi_24386565,9.676194190979004,9.207525253295898,0.6577938792105917,1.424339771270752,nan
gf0.70_nb1.5,0031,stationary_-10,stationary,-10.0,False,False,,,cvhi:common_voice_hi_24386308,6.0402750968933105,4.98647928237915,0.553402385966596,1.1777143478393555,nan
gf0.70_nb1.5,0032,stationary_-10,stationary,-10.0,False,False,,,ls:1898-145715-0022,3.3558547496795654,0.7295089960098267,0.5453016528864846,1.076817274093628,nan
gf0.70_nb1.5,0033,stationary_-10,stationary,-10.0,False,False,,,cvhi:common_voice_hi_37329985,3.099029302597046,0.21075710654258728,0.5645474226123361,1.1630361080169678,nan
gf0.70_nb1.5,0034,stationary_-10,stationary,-10.0,False,False,,,cvhi:common_voice_hi_25948428,4.56091833114624,2.9530749320983887,0.6890187659705076,1.2854976654052734,nan
gf0.70_nb1.5,0035,stationary_-10,stationary,-10.0,False,False,,,cvhi:common_voice_hi_24228142,4.2543439865112305,2.3755366802215576,0.7265058459940623,1.2772266864776611,nan
gf0.70_nb1.5,0036,stationary_-10,stationary,-10.0,False,False,,,ls:226-122538-0022,5.636956214904785,4.3773298263549805,0.5608078927009709,1.1983505487442017,nan
gf0.70_nb1.5,0037,stationary_-10,stationary,-10.0,False,False,,,cvhi:common_voice_hi_27035687,4.906310558319092,3.2232930660247803,0.6969154565464525,1.3266764879226685,nan
gf0.70_nb1.5,0038,stationary_-10,stationary,-10.0,False,False,,,cvhi:common_voice_hi_25323041,3.257755994796753,0.48157626390457153,0.7528187610925324,1.1468595266342163,nan
gf0.70_nb1.5,0039,stationary_-10,stationary,-10.0,False,False,,,ls:226-122538-0021,3.918282985687256,1.6657657623291016,0.6822214967761511,1.130724549293518,nan
gf0.70_nb1.5,0000,stationary_-5,stationary,-5.0,False,False,,,cvhi:common_voice_hi_27005421,4.04354190826416,2.031165599822998,0.7665808151671314,1.1297526359558105,nan
gf0.70_nb1.5,0001,stationary_-5,stationary,-5.0,False,False,,,cvhi:common_voice_hi_26967980,8.213296890258789,7.511338233947754,0.819119355162065,1.4428837299346924,nan
gf0.70_nb1.5,0002,stationary_-5,stationary,-5.0,False,False,,,ls:226-131532-0001,6.445672512054443,5.335742950439453,0.5444867834866153,1.2305856943130493,nan
gf0.70_nb1.5,0003,stationary_-5,stationary,-5.0,False,False,,,ls:1263-138246-0034,4.748832702636719,3.0740761756896973,0.6846517964377439,1.200029969215393,nan
gf0.70_nb1.5,0004,stationary_-5,stationary,-5.0,False,False,,,ls:150-126107-0002,5.2309699058532715,4.064712047576904,0.5420819536389775,1.1190998554229736,nan
gf0.70_nb1.5,0005,stationary_-5,stationary,-5.0,False,False,,,ls:150-126107-0031,10.826200485229492,11.010171890258789,0.7724057047064038,1.9770679473876953,nan
gf0.70_nb1.5,0006,stationary_-5,stationary,-5.0,False,False,,,cvhi:common_voice_hi_26008912,7.347978591918945,6.484870910644531,0.6816434390163997,1.1539843082427979,nan
gf0.70_nb1.5,0007,stationary_-5,stationary,-5.0,False,False,,,cvhi:common_voice_hi_25154306,4.107542991638184,1.990742802619934,0.7081043116401523,1.17149817943573,nan
gf0.70_nb1.5,0008,stationary_-5,stationary,-5.0,False,False,,,cvhi:common_voice_hi_26253997,6.648001194000244,5.625988960266113,0.7658882562266842,1.4105576276779175,nan
gf0.70_nb1.5,0009,stationary_-5,stationary,-5.0,False,False,,,cvhi:common_voice_hi_26253996,5.0462751388549805,3.7398791313171387,0.7809050831028957,1.3469491004943848,nan
gf0.70_nb1.5,0010,stationary_-5,stationary,-5.0,False,False,,,cvhi:common_voice_hi_25154301,6.462957859039307,5.358098983764648,0.4545066556600304,1.143386721611023,nan
gf0.70_nb1.5,0011,stationary_-5,stationary,-5.0,False,False,,,cvhi:common_voice_hi_24759098,4.692242622375488,2.8984415531158447,0.7657440169133073,1.1394058465957642,nan
gf0.70_nb1.5,0012,stationary_-5,stationary,-5.0,False,False,,,ls:1263-138246-0015,8.05711555480957,7.510951042175293,0.8598790807782708,1.4877455234527588,nan
gf0.70_nb1.5,0013,stationary_-5,stationary,-5.0,False,False,,,cvhi:common_voice_hi_24280949,3.7137856483459473,1.6454660892486572,0.7676176211012774,1.2560468912124634,nan
gf0.70_nb1.5,0014,stationary_-5,stationary,-5.0,False,False,,,cvhi:common_voice_hi_25005860,4.433014869689941,2.597780466079712,0.6803923526593646,1.309552550315857,nan
gf0.70_nb1.5,0015,stationary_-5,stationary,-5.0,False,False,,,cvhi:common_voice_hi_27005206,3.1014955043792725,0.9423612356185913,0.6851370601364883,1.1531676054000854,nan
gf0.70_nb1.5,0016,stationary_-5,stationary,-5.0,False,False,,,cvhi:common_voice_hi_27005198,3.9760091304779053,2.012807846069336,0.7014086628271848,1.2426269054412842,nan
gf0.70_nb1.5,0017,stationary_-5,stationary,-5.0,False,False,,,cvhi:common_voice_hi_27149956,5.7360358238220215,4.414844036102295,0.66129850125236,1.3333805799484253,nan
gf0.70_nb1.5,0018,stationary_-5,stationary,-5.0,False,False,,,cvhi:common_voice_hi_26967409,6.468150615692139,5.359627723693848,0.8038175991867615,1.6802399158477783,nan
gf0.70_nb1.5,0019,stationary_-5,stationary,-5.0,False,False,,,ls:1263-138246-0031,5.654546737670898,4.445178031921387,0.7969020771120456,1.3614563941955566,nan
gf0.70_nb1.5,0020,stationary_-5,stationary,-5.0,False,False,,,cvhi:common_voice_hi_26008606,7.332001209259033,6.551337242126465,0.634521602732652,1.1456212997436523,nan
gf0.70_nb1.5,0021,stationary_-5,stationary,-5.0,False,False,,,ls:1263-139804-0006,4.022998332977295,2.2174935340881348,0.7215525769593515,1.1617603302001953,nan
gf0.70_nb1.5,0022,stationary_-5,stationary,-5.0,False,False,,,cvhi:common_voice_hi_24386473,7.9489288330078125,7.5893683433532715,0.8541187971715031,1.5321847200393677,nan
gf0.70_nb1.5,0023,stationary_-5,stationary,-5.0,False,False,,,cvhi:common_voice_hi_25154371,8.370206832885742,7.722508430480957,0.687874687303853,1.4765989780426025,nan
gf0.70_nb1.5,0024,stationary_-5,stationary,-5.0,False,False,,,ls:1898-145724-0008,10.884828567504883,10.660924911499023,0.878496842621412,2.0138957500457764,nan
gf0.70_nb1.5,0025,stationary_-5,stationary,-5.0,False,False,,,cvhi:common_voice_hi_26253997,10.943544387817383,10.588357925415039,0.7331218520382407,1.3982176780700684,nan
gf0.70_nb1.5,0026,stationary_-5,stationary,-5.0,False,False,,,cvhi:common_voice_hi_24427350,5.425467491149902,4.083920478820801,0.5044185427113896,1.4432015419006348,nan
gf0.70_nb1.5,0027,stationary_-5,stationary,-5.0,False,False,,,ls:150-132655-0024,8.077681541442871,7.472899436950684,0.8393921870322226,1.9669463634490967,nan
gf0.70_nb1.5,0028,stationary_-5,stationary,-5.0,False,False,,,cvhi:common_voice_hi_24225726,6.444275379180908,5.5441765785217285,0.89225905944202,1.5640474557876587,nan
gf0.70_nb1.5,0029,stationary_-5,stationary,-5.0,False,False,,,cvhi:common_voice_hi_24386505,9.025522232055664,8.44926643371582,0.757943083437263,1.5824098587036133,nan
gf0.70_nb1.5,0030,stationary_-5,stationary,-5.0,False,False,,,cvhi:common_voice_hi_24427729,6.8574676513671875,5.863356113433838,0.723733742853921,1.3080267906188965,nan
gf0.70_nb1.5,0031,stationary_-5,stationary,-5.0,False,False,,,ls:1263-141777-0006,8.373322486877441,7.709359645843506,0.8987227972136299,1.6230149269104004,nan
gf0.70_nb1.5,0032,stationary_-5,stationary,-5.0,False,False,,,cvhi:common_voice_hi_24258347,5.054266929626465,3.7545039653778076,0.7611515367726821,1.2872127294540405,nan
gf0.70_nb1.5,0033,stationary_-5,stationary,-5.0,False,False,,,ls:1898-145702-0004,7.481884002685547,6.662387847900391,0.80513749223232,1.3685047626495361,nan
gf0.70_nb1.5,0034,stationary_-5,stationary,-5.0,False,False,,,cvhi:common_voice_hi_24386830,7.106508255004883,6.213214874267578,0.8696434692860204,1.4718928337097168,nan
gf0.70_nb1.5,0035,stationary_-5,stationary,-5.0,True,False,,,cvhi:common_voice_hi_24427695,6.88162088394165,5.914576530456543,0.6897611995807307,1.4219416379928589,nan
gf0.70_nb1.5,0036,stationary_-5,stationary,-5.0,False,False,,,ls:1263-139804-0014,5.63154935836792,4.443533420562744,0.8051054770698514,1.3931012153625488,nan
gf0.70_nb1.5,0037,stationary_-5,stationary,-5.0,False,False,,,ls:150-132655-0034,7.2287492752075195,6.319208145141602,0.8490265014212159,1.3114763498306274,nan
gf0.70_nb1.5,0038,stationary_-5,stationary,-5.0,False,False,,,ls:1263-138246-0034,4.732313632965088,2.9652719497680664,0.739303969735283,1.3267021179199219,nan
gf0.70_nb1.5,0039,stationary_-5,stationary,-5.0,False,True,,,ls:226-122538-0024,4.4403767585754395,2.504798173904419,0.6311325398856403,1.1408722400665283,nan
gf0.70_nb1.5,0000,stationary_0,stationary,0.0,False,False,,,cvhi:common_voice_hi_40339895,8.11965274810791,7.550837993621826,0.8259553769688832,1.279889702796936,nan
gf0.70_nb1.5,0001,stationary_0,stationary,0.0,False,False,,,cvhi:common_voice_hi_27944991,10.124805450439453,10.314388275146484,0.9406226004201831,2.1495845317840576,nan
gf0.70_nb1.5,0002,stationary_0,stationary,0.0,False,False,,,cvhi:common_voice_hi_26769503,9.411025047302246,9.123897552490234,0.5899593922375722,1.6380077600479126,nan
gf0.70_nb1.5,0003,stationary_0,stationary,0.0,False,False,,,ls:150-126107-0032,7.860989093780518,7.193693161010742,0.8005767839244818,1.5698926448822021,nan
gf0.70_nb1.5,0004,stationary_0,stationary,0.0,False,True,,,cvhi:common_voice_hi_24225726,6.807504653930664,6.225818634033203,0.8037153786460229,1.3738267421722412,nan
gf0.70_nb1.5,0005,stationary_0,stationary,0.0,False,False,,,ls:1263-138246-0016,7.265657424926758,6.499004364013672,0.9129051674387231,1.8308472633361816,nan
gf0.70_nb1.5,0006,stationary_0,stationary,0.0,True,False,,,ls:1898-145724-0011,10.363082885742188,10.009246826171875,0.8531397855392693,2.100144863128662,nan
gf0.70_nb1.5,0007,stationary_0,stationary,0.0,False,False,,,ls:150-132655-0016,9.056695938110352,8.508138656616211,0.8311494269451003,1.7314057350158691,nan
gf0.70_nb1.5,0008,stationary_0,stationary,0.0,False,False,,,cvhi:common_voice_hi_24280969,8.844388961791992,8.248367309570312,0.8575059379671794,1.5111736059188843,nan
gf0.70_nb1.5,0009,stationary_0,stationary,0.0,False,False,,,ls:1898-145724-0004,13.287891387939453,13.09689712524414,0.8518520696787101,1.7104904651641846,nan
gf0.70_nb1.5,0010,stationary_0,stationary,0.0,False,False,,,cvhi:common_voice_hi_24759523,8.509248733520508,7.867181301116943,0.9138613141021935,1.8527014255523682,nan
gf0.70_nb1.5,0011,stationary_0,stationary,0.0,False,False,,,ls:150-126112-0005,9.027189254760742,8.63818073272705,0.7859691101324872,1.924047589302063,nan
gf0.70_nb1.5,0012,stationary_0,stationary,0.0,False,False,,,ls:1263-138246-0023,7.182258605957031,6.471428394317627,0.8118187601279853,1.4785192012786865,nan
gf0.70_nb1.5,0013,stationary_0,stationary,0.0,True,True,,,cvhi:common_voice_hi_27005359,5.351790428161621,4.5231122970581055,0.8394889990797219,1.275334358215332,nan
gf0.70_nb1.5,0014,stationary_0,stationary,0.0,False,False,,,cvhi:common_voice_hi_24258342,7.540707588195801,6.712703704833984,0.801517773165627,1.2411973476409912,nan
gf0.70_nb1.5,0015,stationary_0,stationary,0.0,False,False,,,cvhi:common_voice_hi_26968413,13.370929718017578,13.337407112121582,0.9325259829929554,2.1610841751098633,nan
gf0.70_nb1.5,0016,stationary_0,stationary,0.0,False,False,,,cvhi:common_voice_hi_25154332,9.184208869934082,8.922760963439941,0.7946828587070153,1.4734647274017334,nan
gf0.70_nb1.5,0017,stationary_0,stationary,0.0,False,False,,,ls:1898-145702-0016,10.681733131408691,10.295442581176758,0.8390930012226138,1.5544252395629883,nan
gf0.70_nb1.5,0018,stationary_0,stationary,0.0,False,True,,,cvhi:common_voice_hi_24228285,8.629779815673828,8.115680694580078,0.8044745525411386,1.350324034690857,nan
gf0.70_nb1.5,0019,stationary_0,stationary,0.0,False,False,,,cvhi:common_voice_hi_26007581,7.11571741104126,6.230363368988037,0.8474665785994361,1.7704026699066162,nan
gf0.70_nb1.5,0020,stationary_0,stationary,0.0,False,False,,,cvhi:common_voice_hi_27005391,8.895368576049805,8.518335342407227,0.9293466480541533,1.6165775060653687,nan
gf0.70_nb1.5,0021,stationary_0,stationary,0.0,False,False,,,ls:226-131532-0027,11.541179656982422,11.228137969970703,0.891792370407662,2.4640920162200928,nan
gf0.70_nb1.5,0022,stationary_0,stationary,0.0,True,False,,,ls:226-122538-0030,7.21619176864624,6.307456016540527,0.8079287725448013,1.2900723218917847,nan
gf0.70_nb1.5,0023,stationary_0,stationary,0.0,False,False,,,cvhi:common_voice_hi_25154420,11.721381187438965,11.657604217529297,0.7606245810842377,1.527411937713623,nan
gf0.70_nb1.5,0024,stationary_0,stationary,0.0,False,False,,,ls:150-132655-0004,8.424783706665039,7.857974052429199,0.8017465165406071,1.64146888256073,nan
gf0.70_nb1.5,0025,stationary_0,stationary,0.0,False,False,,,cvhi:common_voice_hi_24427727,15.861836433410645,16.33913803100586,0.9283760434491137,2.8663108348846436,nan
gf0.70_nb1.5,0026,stationary_0,stationary,0.0,False,False,,,ls:150-132655-0014,8.632779121398926,8.037059783935547,0.803674832488371,1.6006771326065063,nan
gf0.70_nb1.5,0027,stationary_0,stationary,0.0,False,False,,,cvhi:common_voice_hi_24228606,6.196310997009277,5.33003568649292,0.7679424339920905,1.442662000656128,nan
gf0.70_nb1.5,0028,stationary_0,stationary,0.0,False,False,,,cvhi:common_voice_hi_25323049,14.685133934020996,14.542937278747559,0.9709160380382696,2.401308298110962,nan
gf0.70_nb1.5,0029,stationary_0,stationary,0.0,False,False,,,cvhi:common_voice_hi_24969841,8.536561965942383,7.9016594886779785,0.8415597656312352,1.3333063125610352,nan
gf0.70_nb1.5,0030,stationary_0,stationary,0.0,False,False,,,cvhi:common_voice_hi_26966925,7.7794189453125,7.117537498474121,0.7727631383141386,1.2849953174591064,nan
gf0.70_nb1.5,0031,stationary_0,stationary,0.0,False,False,,,cvhi:common_voice_hi_24228329,12.271939277648926,12.15340518951416,0.8389254251215199,1.5099623203277588,nan
gf0.70_nb1.5,0032,stationary_0,stationary,0.0,False,False,,,cvhi:common_voice_hi_26687134,7.900557518005371,7.176424980163574,0.8266000534698933,1.3710570335388184,nan
gf0.70_nb1.5,0033,stationary_0,stationary,0.0,False,False,,,cvhi:common_voice_hi_24759543,8.47186279296875,7.851396083831787,0.8190247333546844,1.3758996725082397,nan
gf0.70_nb1.5,0034,stationary_0,stationary,0.0,False,False,,,cvhi:common_voice_hi_24758709,8.017595291137695,7.3299689292907715,0.8028697976874907,1.4061111211776733,nan
gf0.70_nb1.5,0035,stationary_0,stationary,0.0,False,False,,,cvhi:common_voice_hi_27005281,9.847654342651367,10.107759475708008,0.9180895778055079,1.6616551876068115,nan
gf0.70_nb1.5,0036,stationary_0,stationary,0.0,False,False,,,cvhi:common_voice_hi_24226280,8.493855476379395,7.932316780090332,0.9021965882764815,1.7215039730072021,nan
gf0.70_nb1.5,0037,stationary_0,stationary,0.0,False,False,,,cvhi:common_voice_hi_24386877,11.227500915527344,11.298870086669922,0.8279320486128934,1.8822557926177979,nan
gf0.70_nb1.5,0038,stationary_0,stationary,0.0,False,False,,,cvhi:common_voice_hi_26007643,10.90091609954834,10.535632133483887,0.9234846878327464,1.954036831855774,nan
gf0.70_nb1.5,0039,stationary_0,stationary,0.0,False,False,,,cvhi:common_voice_hi_24386714,8.375419616699219,7.96377420425415,0.7309030419277951,1.4417283535003662,nan
gf0.70_nb1.5,0000,stationary_10,stationary,10.0,False,False,,,ls:226-131533-0031,13.363515853881836,13.73441219329834,0.9156459060746289,2.446727752685547,nan
gf0.70_nb1.5,0001,stationary_10,stationary,10.0,False,False,,,ls:1263-138246-0034,14.076743125915527,14.186505317687988,0.9426531680032777,2.330428123474121,nan
gf0.70_nb1.5,0002,stationary_10,stationary,10.0,False,False,,,cvhi:common_voice_hi_27639377,15.17124080657959,15.82822322845459,0.8965864641318994,2.712233066558838,nan
gf0.70_nb1.5,0003,stationary_10,stationary,10.0,True,False,,,cvhi:common_voice_hi_24759397,9.535106658935547,9.568535804748535,0.9394819510595228,1.9408817291259766,nan
gf0.70_nb1.5,0004,stationary_10,stationary,10.0,False,False,,,ls:1898-145702-0015,16.962339401245117,16.96427345275879,0.9539971225301496,2.5427515506744385,nan
gf0.70_nb1.5,0005,stationary_10,stationary,10.0,False,False,,,cvhi:common_voice_hi_24386806,23.393402099609375,23.559911727905273,0.974511981992505,3.488693952560425,nan
gf0.70_nb1.5,0006,stationary_10,stationary,10.0,False,False,,,cvhi:common_voice_hi_24228206,14.139039993286133,13.991137504577637,0.9568904832709414,2.652132749557495,nan
gf0.70_nb1.5,0007,stationary_10,stationary,10.0,False,False,,,cvhi:common_voice_hi_24782681,12.901359558105469,12.6824369430542,0.9468989082353435,2.2007644176483154,nan
gf0.70_nb1.5,0008,stationary_10,stationary,10.0,False,False,,,ls:1898-145724-0005,15.286788940429688,15.288324356079102,0.8976854770063721,1.964914321899414,nan
gf0.70_nb1.5,0009,stationary_10,stationary,10.0,False,False,,,cvhi:common_voice_hi_24758671,15.63086986541748,15.512784957885742,0.9642273449642874,2.3746283054351807,nan
gf0.70_nb1.5,0010,stationary_10,stationary,10.0,True,False,,,cvhi:common_voice_hi_27005257,12.755993843078613,12.596874237060547,0.956388298700548,2.1950278282165527,nan
gf0.70_nb1.5,0011,stationary_10,stationary,10.0,False,False,,,cvhi:common_voice_hi_27149958,15.089462280273438,14.985723495483398,0.9699106755058259,2.4034857749938965,nan
gf0.70_nb1.5,0012,stationary_10,stationary,10.0,False,False,,,cvhi:common_voice_hi_27005260,13.367958068847656,13.196273803710938,0.9379734465454029,2.52547025680542,nan
gf0.70_nb1.5,0013,stationary_10,stationary,10.0,False,False,,,cvhi:common_voice_hi_26008605,14.478846549987793,14.336014747619629,0.9798650830937934,2.693796396255493,nan
gf0.70_nb1.5,0014,stationary_10,stationary,10.0,False,False,,,cvhi:common_voice_hi_24386326,12.9793119430542,13.13393783569336,0.9177066142640994,2.0914041996002197,nan
gf0.70_nb1.5,0015,stationary_10,stationary,10.0,False,False,,,ls:1263-141777-0014,14.62228775024414,14.476659774780273,0.9735213053899793,2.6024444103240967,nan
gf0.70_nb1.5,0016,stationary_10,stationary,10.0,False,False,,,cvhi:common_voice_hi_25473136,13.038610458374023,13.080767631530762,0.8443088922302735,2.0513267517089844,nan
gf0.70_nb1.5,0017,stationary_10,stationary,10.0,False,True,,,cvhi:common_voice_hi_24510993,16.63878059387207,17.295833587646484,0.9778794010021098,2.5601041316986084,nan
gf0.70_nb1.5,0018,stationary_10,stationary,10.0,True,False,,,cvhi:common_voice_hi_27005604,14.10683822631836,14.415090560913086,0.9661681629441877,2.3881382942199707,nan
gf0.70_nb1.5,0019,stationary_10,stationary,10.0,True,False,,,ls:1898-145702-0018,12.591440200805664,12.576997756958008,0.74481069169323,1.3321006298065186,nan
gf0.70_nb1.5,0020,stationary_10,stationary,10.0,False,False,,,cvhi:common_voice_hi_24228514,14.076937675476074,13.90632438659668,0.806758271351327,2.1632184982299805,nan
gf0.70_nb1.5,0021,stationary_10,stationary,10.0,False,False,,,cvhi:common_voice_hi_23964503,16.792343139648438,16.83858871459961,0.9533083712474967,2.509533643722534,nan
gf0.70_nb1.5,0022,stationary_10,stationary,10.0,False,True,,,cvhi:common_voice_hi_24759373,18.650737762451172,18.745662689208984,0.9754676106860569,3.0301105976104736,nan
gf0.70_nb1.5,0023,stationary_10,stationary,10.0,False,False,,,ls:226-131532-0021,13.636265754699707,14.124217987060547,0.944646859082564,2.157838821411133,nan
gf0.70_nb1.5,0024,stationary_10,stationary,10.0,False,False,,,cvhi:common_voice_hi_24228142,16.65342140197754,16.86858367919922,0.9870300964345946,2.7906980514526367,nan
gf0.70_nb1.5,0025,stationary_10,stationary,10.0,False,False,,,cvhi:common_voice_hi_25154446,15.524572372436523,15.417386054992676,0.8978111576111607,2.396846055984497,nan
gf0.70_nb1.5,0026,stationary_10,stationary,10.0,False,False,,,ls:1898-145720-0008,15.621986389160156,15.740625381469727,0.9411954239740162,2.688732147216797,nan
gf0.70_nb1.5,0027,stationary_10,stationary,10.0,False,False,,,cvhi:common_voice_hi_24386436,19.614442825317383,19.62803077697754,0.9562267942840523,3.0903244018554688,nan
gf0.70_nb1.5,0028,stationary_10,stationary,10.0,False,False,,,cvhi:common_voice_hi_26967972,17.124019622802734,17.49098777770996,0.9509624926067526,2.97482967376709,nan
gf0.70_nb1.5,0029,stationary_10,stationary,10.0,False,False,,,cvhi:common_voice_hi_26080953,18.65713882446289,18.625835418701172,0.9948332747182326,3.3320884704589844,nan
gf0.70_nb1.5,0030,stationary_10,stationary,10.0,False,False,,,cvhi:common_voice_hi_24782713,17.352664947509766,18.41312026977539,0.9720893115887451,2.4133143424987793,nan
gf0.70_nb1.5,0031,stationary_10,stationary,10.0,False,True,,,ls:150-132655-0006,14.328203201293945,14.779781341552734,0.8920294904569678,2.5670177936553955,nan
gf0.70_nb1.5,0032,stationary_10,stationary,10.0,False,False,,,ls:1898-145715-0046,13.251766204833984,13.848076820373535,0.954897153854182,2.3817625045776367,nan
gf0.70_nb1.5,0033,stationary_10,stationary,10.0,False,False,,,cvhi:common_voice_hi_23936423,19.38363265991211,20.350967407226562,0.9933074906659923,3.589036464691162,nan
gf0.70_nb1.5,0034,stationary_10,stationary,10.0,False,False,,,cvhi:common_voice_hi_24258260,13.973123550415039,14.415090560913086,0.9570427367467749,2.766812562942505,nan
gf0.70_nb1.5,0035,stationary_10,stationary,10.0,False,False,,,cvhi:common_voice_hi_24225553,13.41004467010498,14.021583557128906,0.9099356111344316,2.025639533996582,nan
gf0.70_nb1.5,0036,stationary_10,stationary,10.0,False,False,,,cvhi:common_voice_hi_24228398,13.647198677062988,13.463300704956055,0.9639701933432286,2.1141154766082764,nan
gf0.70_nb1.5,0037,stationary_10,stationary,10.0,False,False,,,ls:1898-145720-0017,14.181600570678711,14.830360412597656,0.8658880172456263,1.9642647504806519,nan
gf0.70_nb1.5,0038,stationary_10,stationary,10.0,False,False,,,cvhi:common_voice_hi_24758706,14.567304611206055,14.447233200073242,0.9515692249544756,2.517226219177246,nan
gf0.70_nb1.5,0039,stationary_10,stationary,10.0,False,False,,,cvhi:common_voice_hi_26007735,13.359453201293945,13.342185020446777,0.937443264962696,2.170022487640381,nan
gf0.70_nb1.5,0000,stationary_15,stationary,15.0,False,False,,,cvhi:common_voice_hi_24258309,15.47815227508545,16.37946891784668,0.9768382745831629,2.7858808040618896,nan
gf0.70_nb1.5,0001,stationary_15,stationary,15.0,False,False,,,cvhi:common_voice_hi_24758650,18.496978759765625,20.037723541259766,0.9888563738006261,2.4714150428771973,nan
gf0.70_nb1.5,0002,stationary_15,stationary,15.0,False,False,,,cvhi:common_voice_hi_25154331,19.8021297454834,21.052249908447266,0.9059709151489268,2.777221918106079,nan
gf0.70_nb1.5,0003,stationary_15,stationary,15.0,True,False,,,ls:226-122538-0000,17.32827377319336,17.251068115234375,0.7260998681573129,3.1333062648773193,nan
gf0.70_nb1.5,0004,stationary_15,stationary,15.0,False,True,,,cvhi:common_voice_hi_24386606,15.78667163848877,17.027799606323242,0.9722008924664429,2.670745372772217,nan
gf0.70_nb1.5,0005,stationary_15,stationary,15.0,False,False,,,ls:226-131533-0019,17.13089942932129,17.05600929260254,0.9639192811927273,3.255841016769409,nan
gf0.70_nb1.5,0006,stationary_15,stationary,15.0,False,False,,,cvhi:common_voice_hi_24782740,14.322381973266602,15.270899772644043,0.953219521605576,2.328493595123291,nan
gf0.70_nb1.5,0007,stationary_15,stationary,15.0,False,True,,,cvhi:common_voice_hi_27005343,12.981378555297852,14.233787536621094,0.9825644090956689,2.867546796798706,nan
gf0.70_nb1.5,0008,stationary_15,stationary,15.0,False,False,,,cvhi:common_voice_hi_24427750,16.434310913085938,16.607988357543945,0.9774609391062641,2.5796334743499756,nan
gf0.70_nb1.5,0009,stationary_15,stationary,15.0,False,False,,,ls:1898-145715-0039,17.871814727783203,17.96875,0.9455288413543862,3.1242575645446777,nan
gf0.70_nb1.5,0010,stationary_15,stationary,15.0,False,False,,,cvhi:common_voice_hi_26007767,17.648130416870117,18.9882755279541,0.982750151971409,2.763897180557251,nan
gf0.70_nb1.5,0011,stationary_15,stationary,15.0,False,False,,,cvhi:common_voice_hi_24280938,18.822830200195312,19.643556594848633,0.9921370838514028,3.1500136852264404,nan
gf0.70_nb1.5,0012,stationary_15,stationary,15.0,False,False,,,ls:1898-145715-0050,17.357463836669922,17.425037384033203,0.9448696347287526,3.1352553367614746,nan
gf0.70_nb1.5,0013,stationary_15,stationary,15.0,False,False,,,cvhi:common_voice_hi_24758753,17.587833404541016,17.836599349975586,0.9579209611949718,2.421412944793701,nan
gf0.70_nb1.5,0014,stationary_15,stationary,15.0,False,False,,,cvhi:common_voice_hi_27005260,17.762256622314453,20.196002960205078,0.989057572735187,3.5408778190612793,nan
gf0.70_nb1.5,0015,stationary_15,stationary,15.0,True,False,,,cvhi:common_voice_hi_24258344,14.522066116333008,14.664253234863281,0.965594075355509,2.3410229682922363,nan
gf0.70_nb1.5,0016,stationary_15,stationary,15.0,False,False,,,cvhi:common_voice_hi_26007650,17.902151107788086,17.955963134765625,0.9864374488853165,2.514326572418213,nan
gf0.70_nb1.5,0017,stationary_15,stationary,15.0,False,False,,,ls:1898-145724-0024,18.29281234741211,19.3470458984375,0.9902092836472625,3.094251871109009,nan
gf0.70_nb1.5,0018,stationary_15,stationary,15.0,False,False,,,cvhi:common_voice_hi_26967980,17.42067527770996,17.55868148803711,0.9334322176538142,2.5573160648345947,nan
gf0.70_nb1.5,0019,stationary_15,stationary,15.0,False,False,,,cvhi:common_voice_hi_24386147,18.05284881591797,19.737483978271484,0.9424649558495252,2.6648805141448975,nan
gf0.70_nb1.5,0020,stationary_15,stationary,15.0,True,False,,,cvhi:common_voice_hi_26007580,14.680004119873047,14.58177661895752,0.9406639698613024,2.5494914054870605,nan
gf0.70_nb1.5,0021,stationary_15,stationary,15.0,False,False,,,ls:150-126112-0035,14.100547790527344,14.49822998046875,0.8268249671430398,3.092710494995117,nan
gf0.70_nb1.5,0022,stationary_15,stationary,15.0,False,False,,,ls:150-132655-0008,17.92259979248047,19.668079376220703,0.9507176670087774,3.6582300662994385,nan
gf0.70_nb1.5,0023,stationary_15,stationary,15.0,False,False,,,cvhi:common_voice_hi_24386150,15.979676246643066,16.60076141357422,0.9886051104491891,2.6448633670806885,nan
gf0.70_nb1.5,0024,stationary_15,stationary,15.0,False,False,,,cvhi:common_voice_hi_26769497,15.263397216796875,16.09743309020996,0.7686825629516384,1.7345235347747803,nan
gf0.70_nb1.5,0025,stationary_15,stationary,15.0,False,True,,,cvhi:common_voice_hi_27005346,17.687339782714844,17.614866256713867,0.9963322575095289,3.3227415084838867,nan
gf0.70_nb1.5,0026,stationary_15,stationary,15.0,False,True,,,cvhi:common_voice_hi_25154332,18.07296371459961,18.478580474853516,0.9571215438450537,2.746011257171631,nan
gf0.70_nb1.5,0027,stationary_15,stationary,15.0,False,False,,,cvhi:common_voice_hi_24280966,15.530365943908691,15.983478546142578,0.9807050972711076,2.737696647644043,nan
gf0.70_nb1.5,0028,stationary_15,stationary,15.0,False,False,,,cvhi:common_voice_hi_24226287,17.346078872680664,17.30005645751953,0.9738190141474987,2.677032470703125,nan
gf0.70_nb1.5,0029,stationary_15,stationary,15.0,False,True,,,cvhi:common_voice_hi_24228424,17.28756332397461,17.206600189208984,0.9832641333864037,2.451197385787964,nan
gf0.70_nb1.5,0030,stationary_15,stationary,15.0,True,False,,,cvhi:common_voice_hi_26769512,13.42492961883545,14.041584014892578,0.7514644477690686,1.5898313522338867,nan
gf0.70_nb1.5,0031,stationary_15,stationary,15.0,True,False,,,ls:150-126112-0021,14.725422859191895,15.025794982910156,0.8430982905649637,3.1561388969421387,nan
gf0.70_nb1.5,0032,stationary_15,stationary,15.0,False,False,,,cvhi:common_voice_hi_27945022,16.229219436645508,16.172374725341797,0.9775244055666983,2.6400458812713623,nan
gf0.70_nb1.5,0033,stationary_15,stationary,15.0,False,False,,,cvhi:common_voice_hi_24427693,15.398045539855957,15.650940895080566,0.9619370243426266,1.9419505596160889,nan
gf0.70_nb1.5,0034,stationary_15,stationary,15.0,False,False,,,ls:150-126112-0009,14.990930557250977,15.706506729125977,0.7192734485366175,3.138998508453369,nan
gf0.70_nb1.5,0035,stationary_15,stationary,15.0,False,False,,,ls:226-122538-0034,18.289207458496094,18.247467041015625,0.9088087640257845,3.132741928100586,nan
gf0.70_nb1.5,0036,stationary_15,stationary,15.0,False,False,,,cvhi:common_voice_hi_26008914,17.004127502441406,16.948749542236328,0.9645546972949938,3.0188558101654053,nan
gf0.70_nb1.5,0037,stationary_15,stationary,15.0,False,False,,,ls:1263-139804-0020,17.79995346069336,18.2818546295166,0.9900924746368531,3.085574150085449,nan
gf0.70_nb1.5,0038,stationary_15,stationary,15.0,False,False,,,cvhi:common_voice_hi_30527197,18.60261344909668,18.55803871154785,0.9898731131000988,3.0342857837677,nan
gf0.70_nb1.5,0039,stationary_15,stationary,15.0,False,False,,,cvhi:common_voice_hi_24261968,17.400911331176758,17.542638778686523,0.9101960657097996,2.6100358963012695,nan
gf0.70_nb1.5,0000,stationary_5,stationary,5.0,False,False,,,ls:1898-145702-0009,11.543628692626953,11.311806678771973,0.8790463395350016,1.8480859994888306,nan
gf0.70_nb1.5,0001,stationary_5,stationary,5.0,False,False,,,ls:226-122538-0024,10.645883560180664,10.447441101074219,0.8380844415405685,1.7190537452697754,nan
gf0.70_nb1.5,0002,stationary_5,stationary,5.0,False,False,,,ls:1263-139804-0020,11.286620140075684,11.042913436889648,0.9350179065389528,2.391763687133789,nan
gf0.70_nb1.5,0003,stationary_5,stationary,5.0,False,False,,,ls:1263-139804-0017,10.438567161560059,10.033391952514648,0.9123992879680818,1.8783154487609863,nan
gf0.70_nb1.5,0004,stationary_5,stationary,5.0,False,False,,,cvhi:common_voice_hi_25948424,10.122923851013184,9.67885684967041,0.9141334543816649,1.7781323194503784,nan
gf0.70_nb1.5,0005,stationary_5,stationary,5.0,False,False,,,ls:1898-145715-0008,17.508216857910156,17.580738067626953,0.9870056339326505,4.148232936859131,nan
gf0.70_nb1.5,0006,stationary_5,stationary,5.0,False,False,,,cvhi:common_voice_hi_27005392,9.412453651428223,9.213275909423828,0.9311075280946406,1.9335706233978271,nan
gf0.70_nb1.5,0007,stationary_5,stationary,5.0,False,False,,,cvhi:common_voice_hi_25323047,9.521711349487305,9.020648956298828,0.9111820724765791,1.8067301511764526,nan
gf0.70_nb1.5,0008,stationary_5,stationary,5.0,True,False,,,cvhi:common_voice_hi_24782654,11.057239532470703,11.110342025756836,0.8752423118307353,1.5265899896621704,nan
gf0.70_nb1.5,0009,stationary_5,stationary,5.0,False,False,,,cvhi:common_voice_hi_25154396,14.276002883911133,15.285999298095703,0.8889726474626721,2.046799421310425,nan
gf0.70_nb1.5,0010,stationary_5,stationary,5.0,False,False,,,cvhi:common_voice_hi_24225553,15.848055839538574,15.733586311340332,0.969597254829964,2.4477901458740234,nan
gf0.70_nb1.5,0011,stationary_5,stationary,5.0,False,False,,,cvhi:common_voice_hi_25154420,14.676046371459961,15.064996719360352,0.8948300686560965,2.2693800926208496,nan
gf0.70_nb1.5,0012,stationary_5,stationary,5.0,False,False,,,ls:150-126107-0002,11.74306869506836,12.21652889251709,0.7545907943983579,2.6074161529541016,nan
gf0.70_nb1.5,0013,stationary_5,stationary,5.0,True,False,,,ls:226-131532-0002,14.050816535949707,13.956127166748047,0.9420364463051739,2.644279956817627,nan
gf0.70_nb1.5,0014,stationary_5,stationary,5.0,False,False,,,cvhi:common_voice_hi_27005208,10.895734786987305,10.75334644317627,0.9190846058204442,2.048562526702881,nan
gf0.70_nb1.5,0015,stationary_5,stationary,5.0,False,False,,,cvhi:common_voice_hi_30527199,12.397287368774414,12.331334114074707,0.9300188024044186,1.808730125427246,nan
gf0.70_nb1.5,0016,stationary_5,stationary,5.0,False,False,,,ls:1898-145724-0003,14.229362487792969,14.077646255493164,0.8824565450051935,2.396263360977173,nan
gf0.70_nb1.5,0017,stationary_5,stationary,5.0,False,False,,,cvhi:common_voice_hi_25948398,14.047516822814941,14.663726806640625,0.9455659273115676,1.748165488243103,nan
gf0.70_nb1.5,0018,stationary_5,stationary,5.0,False,False,,,cvhi:common_voice_hi_26007795,19.223400115966797,19.70419692993164,0.9837530135643665,3.1603286266326904,nan
gf0.70_nb1.5,0019,stationary_5,stationary,5.0,False,False,,,ls:1263-138246-0027,15.734070777893066,15.616573333740234,0.9742530460264653,2.787367582321167,nan
gf0.70_nb1.5,0020,stationary_5,stationary,5.0,False,False,,,cvhi:common_voice_hi_24386306,13.012194633483887,13.455592155456543,0.9401407215649699,2.4448585510253906,nan
gf0.70_nb1.5,0021,stationary_5,stationary,5.0,True,False,,,cvhi:common_voice_hi_27005637,10.267619132995605,10.120807647705078,0.9106404233658745,1.534347653388977,nan
gf0.70_nb1.5,0022,stationary_5,stationary,5.0,True,False,,,cvhi:common_voice_hi_24427374,10.176580429077148,10.3192138671875,0.7803265950807039,1.754780888557434,nan
gf0.70_nb1.5,0023,stationary_5,stationary,5.0,False,False,,,cvhi:common_voice_hi_24280938,10.523006439208984,10.132628440856934,0.9493062758575499,2.093825101852417,nan
gf0.70_nb1.5,0024,stationary_5,stationary,5.0,False,False,,,cvhi:common_voice_hi_24759076,19.844833374023438,19.801532745361328,0.9882078478680988,3.3231842517852783,nan
gf0.70_nb1.5,0025,stationary_5,stationary,5.0,False,False,,,cvhi:common_voice_hi_25323108,10.057873725891113,9.606732368469238,0.8184152112828001,1.7002449035644531,nan
gf0.70_nb1.5,0026,stationary_5,stationary,5.0,True,False,,,ls:1898-145715-0021,17.316755294799805,18.54606819152832,0.9927419902909463,4.2712812423706055,nan
gf0.70_nb1.5,0027,stationary_5,stationary,5.0,False,True,,,cvhi:common_voice_hi_25473145,11.423141479492188,11.098450660705566,0.8804343457499672,2.1294400691986084,nan
gf0.70_nb1.5,0028,stationary_5,stationary,5.0,False,False,,,cvhi:common_voice_hi_27005430,8.941754341125488,9.454049110412598,0.9340653215815983,1.5896837711334229,nan
gf0.70_nb1.5,0029,stationary_5,stationary,5.0,False,False,,,cvhi:common_voice_hi_40339887,12.142752647399902,12.62210464477539,0.9340219265354378,1.8636003732681274,nan
gf0.70_nb1.5,0030,stationary_5,stationary,5.0,False,False,,,ls:1898-145724-0033,13.509103775024414,13.406271934509277,0.9190876895751182,2.224602699279785,nan
gf0.70_nb1.5,0031,stationary_5,stationary,5.0,False,False,,,cvhi:common_voice_hi_27005245,11.961287498474121,11.68387222290039,0.9516296043968202,2.491332769393921,nan
gf0.70_nb1.5,0032,stationary_5,stationary,5.0,False,False,,,ls:1898-145720-0003,10.849845886230469,10.960587501525879,0.8709899771383336,1.9298644065856934,nan
gf0.70_nb1.5,0033,stationary_5,stationary,5.0,False,False,,,cvhi:common_voice_hi_24782656,11.704024314880371,11.448254585266113,0.7813869067363705,1.4632892608642578,nan
gf0.70_nb1.5,0034,stationary_5,stationary,5.0,False,False,,,ls:1898-145715-0040,11.477182388305664,11.39426326751709,0.7399722167584496,1.487619400024414,nan
gf0.70_nb1.5,0035,stationary_5,stationary,5.0,False,False,,,cvhi:common_voice_hi_24759286,12.930537223815918,12.717939376831055,0.9067015336784644,2.4387102127075195,nan
gf0.70_nb1.5,0036,stationary_5,stationary,5.0,False,False,,,cvhi:common_voice_hi_24782654,8.752812385559082,8.230850219726562,0.9141610645159581,1.8536036014556885,nan
gf0.70_nb1.5,0037,stationary_5,stationary,5.0,False,False,,,cvhi:common_voice_hi_24759434,11.029796600341797,10.676547050476074,0.9561791867645202,1.6994088888168335,nan
gf0.70_nb1.5,0038,stationary_5,stationary,5.0,False,False,,,cvhi:common_voice_hi_24759522,11.621407508850098,11.44491958618164,0.9183752388028728,1.7127554416656494,nan
gf0.70_nb1.5,0039,stationary_5,stationary,5.0,False,False,,,cvhi:common_voice_hi_24782741,10.944908142089844,10.645094871520996,0.8130168205090491,1.3554633855819702,nan
