system,id,bucket,noise_class,snr_in,clipped,ref_dropout,impulse_peak_db,fault,speech_source,snr_out,si_sdr,stoi,pesq_wb,dnsmos_sig,dnsmos_bak,dnsmos_ovrl,recovery_s,asr_text
cascade:runs/prune/p10/best.pt,0000,changing_-10,changing,-10.0,False,False,,,cvhi:common_voice_hi_24360601,15.48636531829834,15.754637718200684,0.9980809062451094,2.9361743927001953,3.220014062980645,4.018224814377349,2.8203912769593424,nan,
cascade:runs/prune/p10/best.pt,0001,changing_-10,changing,-10.0,False,False,,,cvhi:common_voice_hi_24359451,13.849507331848145,13.666801452636719,0.9466626949093631,2.302436351776123,2.941377290226398,3.9477597320899402,2.602377077249427,nan,
cascade:runs/prune/p10/best.pt,0002,changing_-10,changing,-10.0,False,False,,,ls:2007-149877-0004,7.228115081787109,6.411139965057373,0.8333202971441264,1.2359838485717773,2.997392554180865,3.6421550906504834,2.610396976769242,nan,
cascade:runs/prune/p10/best.pt,0003,changing_-10,changing,-10.0,True,False,,,ls:2007-132570-0019,11.481498718261719,11.186579704284668,0.9235123519733593,1.6771855354309082,3.3298065593751525,3.512764759045465,2.8425999997369655,nan,
cascade:runs/prune/p10/best.pt,0004,changing_-10,changing,-10.0,False,False,,,ls:1081-125237-0075,11.770984649658203,11.476515769958496,0.9239632262853332,1.7379999160766602,3.5135153721118733,4.130678424657509,3.22590000896025,nan,
cascade:runs/prune/p10/best.pt,0005,changing_-10,changing,-10.0,True,False,,,ls:1081-128618-0002,8.532074928283691,8.165111541748047,0.7496800902848063,2.3911492824554443,3.4307394047764572,4.128516577059059,3.1457008217763494,nan,
cascade:runs/prune/p10/best.pt,0006,changing_-10,changing,-10.0,False,False,,,cvhi:common_voice_hi_30625449,7.1822333335876465,6.317882061004639,0.8224265765859988,1.469794511795044,3.034519754666712,3.9888660822451385,2.6819295281077844,nan,
cascade:runs/prune/p10/best.pt,0007,changing_-10,changing,-10.0,False,False,,,cvhi:common_voice_hi_35081300,13.568613052368164,13.690556526184082,0.882108935311617,1.7540700435638428,2.6234822739961223,3.7475856209851948,2.2050438561892216,nan,
cascade:runs/prune/p10/best.pt,0008,changing_-10,changing,-10.0,False,False,,,ls:1081-125237-0034,5.599238872528076,4.226153373718262,0.8002407938509367,1.2371509075164795,3.4756761369328624,3.783805537125094,3.0769340316297344,nan,
cascade:runs/prune/p10/best.pt,0009,changing_-10,changing,-10.0,False,True,,,cvhi:common_voice_hi_27761653,5.385298252105713,3.97166109085083,0.7450560158367628,1.5368738174438477,2.6279762807865943,3.4963799413924233,2.082054058771207,nan,
cascade:runs/prune/p10/best.pt,0010,changing_-10,changing,-10.0,False,True,,,cvhi:common_voice_hi_26131771,-3.539384603500366,-3.0646157264709473,0.8866879143184081,2.6801609992980957,2.7984056665908765,3.775741488662021,2.493283072657601,nan,
cascade:runs/prune/p10/best.pt,0011,changing_-10,changing,-10.0,False,False,,,cvhi:common_voice_hi_26131962,13.473876953125,13.383030891418457,0.8463497682072544,2.1638882160186768,2.7502692276580945,3.7775388674807395,2.4567792860745605,nan,
cascade:runs/prune/p10/best.pt,0012,changing_-10,changing,-10.0,False,False,,,cvhi:common_voice_hi_27761476,11.553409576416016,11.240005493164062,0.8071884112899208,1.7143967151641846,2.677670458942031,4.042739713674863,2.259920425040221,nan,
cascade:runs/prune/p10/best.pt,0013,changing_-10,changing,-10.0,False,False,,,cvhi:common_voice_hi_38227751,7.658601760864258,6.853527069091797,0.7562771502704191,1.739367961883545,3.2282340155844107,4.044324580054502,2.9638792850302687,nan,
cascade:runs/prune/p10/best.pt,0014,changing_-10,changing,-10.0,False,False,,,ls:1081-125237-0032,4.804769039154053,3.278224229812622,0.8371210565680587,1.6049561500549316,2.872446028527968,3.6486547401773075,2.514398938468614,nan,
cascade:runs/prune/p10/best.pt,0015,changing_-10,changing,-10.0,False,False,,,cvhi:common_voice_hi_26127944,13.380254745483398,13.348959922790527,0.8276940376614564,1.3811794519424438,3.0537230136843223,4.089009879951003,2.7353522737493243,nan,
cascade:runs/prune/p10/best.pt,0016,changing_-10,changing,-10.0,False,False,,,cvhi:common_voice_hi_27749300,4.776486873626709,3.5963096618652344,0.6846791046649958,1.6479926109313965,2.686638428663099,3.325344475167843,2.076448982083621,nan,
cascade:runs/prune/p10/best.pt,0017,changing_-10,changing,-10.0,False,False,,,ls:2007-132570-0023,7.372156143188477,6.501163482666016,0.7095389977233963,1.3599947690963745,1.893655937826952,3.5262985407501914,1.6467585222605023,nan,
cascade:runs/prune/p10/best.pt,0018,changing_-10,changing,-10.0,False,False,,,ls:1926-147987-0028,9.06279182434082,8.577174186706543,0.8767795039342108,1.569804072380066,2.6511111182227927,3.5852687664064913,2.2033523450985846,nan,
cascade:runs/prune/p10/best.pt,0019,changing_-10,changing,-10.0,False,False,,,cvhi:common_voice_hi_27749267,6.505608081817627,5.437595844268799,0.7898522044477851,1.6179509162902832,2.4232627135430933,3.864537537298294,2.1554647139488456,nan,
cascade:runs/prune/p10/best.pt,0020,changing_-10,changing,-10.0,False,False,,,cvhi:common_voice_hi_35077906,9.379352569580078,9.512805938720703,0.6327349799300956,1.2777615785598755,2.912847558215803,4.009074625519446,2.5715623763019098,nan,
cascade:runs/prune/p10/best.pt,0021,changing_-10,changing,-10.0,True,False,,,cvhi:common_voice_hi_26088250,8.654984474182129,8.175180435180664,0.719589043864026,1.387842059135437,2.1011045359281986,3.098504404227874,1.796206833171195,nan,
cascade:runs/prune/p10/best.pt,0022,changing_-10,changing,-10.0,False,False,,,cvhi:common_voice_hi_24758420,6.427066326141357,5.780370235443115,0.8069059331444327,1.5299206972122192,2.8264561991770396,4.0175656608083665,2.508338589127471,nan,
cascade:runs/prune/p10/best.pt,0023,changing_-10,changing,-10.0,False,False,,,cvhi:common_voice_hi_26018198,12.745636940002441,13.04259204864502,0.6572332690334547,1.2960801124572754,2.5989631751800415,3.88468032414177,2.2656526305318567,nan,
cascade:runs/prune/p10/best.pt,0024,changing_-10,changing,-10.0,False,False,,,cvhi:common_voice_hi_25188823,9.984651565551758,9.964111328125,0.9033336830434321,1.5084500312805176,2.135901641066123,3.5516416685916004,1.842350263102219,nan,
cascade:runs/prune/p10/best.pt,0025,changing_-10,changing,-10.0,False,False,,,ls:2007-149877-0001,11.58824348449707,11.284774780273438,0.9200825395544833,2.197270393371582,3.0130476534367405,3.8981944901522425,2.6982170701117734,nan,
cascade:runs/prune/p10/best.pt,0026,changing_-10,changing,-10.0,False,False,,,ls:1081-125237-0008,5.143376350402832,3.6181631088256836,0.752535433948225,1.4481092691421509,2.5990284650278745,3.7712258852545286,2.328031715047259,nan,
cascade:runs/prune/p10/best.pt,0027,changing_-10,changing,-10.0,False,False,,,ls:1926-143879-0032,19.742229461669922,20.20998191833496,0.9759825858483013,2.975459575653076,3.464780385575009,4.054315636833092,3.1192418890890927,nan,
cascade:runs/prune/p10/best.pt,0028,changing_-10,changing,-10.0,True,False,,,cvhi:common_voice_hi_27860360,11.942502975463867,11.731060028076172,0.9280110126123511,1.823760747909546,3.3460262584893514,4.037420890674259,2.994115710538078,nan,
cascade:runs/prune/p10/best.pt,0029,changing_-10,changing,-10.0,False,False,,,cvhi:common_voice_hi_23795361,8.94762897491455,8.370407104492188,0.893208157222147,1.7101640701293945,3.1297823120162165,3.8555924690438133,2.7259335432086784,nan,
cascade:runs/prune/p10/best.pt,0030,changing_-10,changing,-10.0,False,False,,,ls:1081-125237-0011,7.30692195892334,6.747195720672607,0.9524407031244235,2.5578792095184326,3.6331596039541005,4.072170875843877,3.3512112979404174,nan,
cascade:runs/prune/p10/best.pt,0031,changing_-10,changing,-10.0,False,False,,,cvhi:common_voice_hi_26132190,5.479455947875977,4.083840847015381,0.7034318408757672,1.399918794631958,2.2081201665679497,3.5501192404150177,1.9098770311833828,nan,
cascade:runs/prune/p10/best.pt,0032,changing_-10,changing,-10.0,False,False,,,cvhi:common_voice_hi_27369006,15.600988388061523,15.572786331176758,0.9517994896444526,2.670651435852051,3.0427853922709014,4.004830900539383,2.6613969867672944,nan,
cascade:runs/prune/p10/best.pt,0033,changing_-10,changing,-10.0,False,False,,,cvhi:common_voice_hi_24996691,7.150851249694824,6.341039657592773,0.8899446874452783,1.5582520961761475,2.536854126496635,3.706381909013543,2.180916177192262,nan,
cascade:runs/prune/p10/best.pt,0034,changing_-10,changing,-10.0,False,False,,,cvhi:common_voice_hi_26131261,17.284223556518555,19.396318435668945,0.9952692121249582,2.833571195602417,3.2955308192603474,4.074461864067181,3.0071634674579935,nan,
cascade:runs/prune/p10/best.pt,0035,changing_-10,changing,-10.0,False,False,,,cvhi:common_voice_hi_24359451,10.906723976135254,10.717839241027832,0.8914235174815837,2.032144546508789,3.077513337916983,3.9034146861036154,2.7688677805356257,nan,
cascade:runs/prune/p10/best.pt,0036,changing_-10,changing,-10.0,False,False,,,ls:1081-125237-0052,9.056527137756348,8.480559349060059,0.8894628182259997,1.6406776905059814,3.504972417141762,4.135068609801424,3.248137187913624,nan,
cascade:runs/prune/p10/best.pt,0037,changing_-10,changing,-10.0,False,False,,,ls:1926-143879-0017,6.867135047912598,5.866975784301758,0.7711338306594286,1.3424091339111328,2.0160872197033934,3.33703121124395,1.7563488725463583,nan,
cascade:runs/prune/p10/best.pt,0038,changing_-10,changing,-10.0,False,False,,,ls:1926-147979-0012,9.37097454071045,8.99445915222168,0.8855530985132088,1.9047152996063232,3.212991367154997,3.664687814382817,2.784390920927635,nan,
cascade:runs/prune/p10/best.pt,0039,changing_-10,changing,-10.0,False,False,,,cvhi:common_voice_hi_25907699,8.46668529510498,7.802042007446289,0.7706430597551034,1.876110553741455,2.952566137156709,3.8543848416859126,2.563397264373422,nan,
cascade:runs/prune/p10/best.pt,0000,changing_-5,changing,-5.0,False,False,,,cvhi:common_voice_hi_35077465,9.033883094787598,8.53170108795166,0.7555296612699013,1.3077255487442017,2.7260438410463474,3.6371234476009775,2.294796956905826,nan,
cascade:runs/prune/p10/best.pt,0001,changing_-5,changing,-5.0,False,True,,,ls:2007-132570-0044,9.31730842590332,9.163667678833008,0.9062160149691711,1.926523208618164,3.0923266722756653,4.0390925934664,2.7814859573085715,nan,
cascade:runs/prune/p10/best.pt,0002,changing_-5,changing,-5.0,False,False,,,cvhi:common_voice_hi_26131736,10.863004684448242,11.28915786743164,0.9360717807740412,2.2101900577545166,2.7450882206334937,3.8633679320508794,2.4451058390107296,nan,
cascade:runs/prune/p10/best.pt,0003,changing_-5,changing,-5.0,False,False,,,cvhi:common_voice_hi_26053767,15.168204307556152,15.351948738098145,0.9225455428465328,2.3448657989501953,2.957422301260281,3.9457428549452933,2.6652726447628368,nan,
cascade:runs/prune/p10/best.pt,0004,changing_-5,changing,-5.0,False,False,,,cvhi:common_voice_hi_25149602,10.818938255310059,10.584148406982422,0.9147464021904063,1.7930586338043213,3.431779069794289,4.107183443332495,3.1534073036241845,nan,
cascade:runs/prune/p10/best.pt,0005,changing_-5,changing,-5.0,False,True,,,ls:1926-147987-0031,11.70992660522461,11.640279769897461,0.8483075431959861,2.0187880992889404,2.980199331829409,3.768912492400677,2.6275044806832955,nan,
cascade:runs/prune/p10/best.pt,0006,changing_-5,changing,-5.0,False,False,,,ls:1081-125237-0002,9.676691055297852,9.576623916625977,0.9433245033244462,2.573249578475952,3.509761913508536,4.033975149729524,3.2465315919796285,nan,
cascade:runs/prune/p10/best.pt,0007,changing_-5,changing,-5.0,False,True,,,cvhi:common_voice_hi_27761524,15.098123550415039,15.994505882263184,0.781866123743107,1.8827219009399414,2.8373444949912274,3.830977449479696,2.4349976403060376,nan,
cascade:runs/prune/p10/best.pt,0008,changing_-5,changing,-5.0,False,False,,,ls:1081-125237-0061,8.994311332702637,8.41995620727539,0.8307633569551771,1.7241981029510498,3.2993103935528296,3.917989939582994,2.9716265596967433,nan,
cascade:runs/prune/p10/best.pt,0009,changing_-5,changing,-5.0,False,False,,,ls:1081-125237-0064,7.278879165649414,6.392142295837402,0.8060332665580513,1.2549207210540771,3.14677707564714,3.9552640642759327,2.828925091697965,nan,
cascade:runs/prune/p10/best.pt,0010,changing_-5,changing,-5.0,False,False,,,cvhi:common_voice_hi_24758376,10.275121688842773,9.849595069885254,0.9629490651278896,3.4531607627868652,3.4826886532061803,4.152516498888583,3.1889299369689974,nan,
cascade:runs/prune/p10/best.pt,0011,changing_-5,changing,-5.0,False,False,,,ls:1926-147987-0011,18.539934158325195,18.547672271728516,0.9642441749477902,3.2756693363189697,3.3631881587452774,3.9721101350802988,3.053172766148911,nan,
cascade:runs/prune/p10/best.pt,0012,changing_-5,changing,-5.0,False,False,,,cvhi:common_voice_hi_27749289,14.084808349609375,14.509390830993652,0.893662449371725,2.201990842819214,2.53765881715174,3.5521458711198544,2.1467691619788383,nan,
cascade:runs/prune/p10/best.pt,0013,changing_-5,changing,-5.0,False,False,,,ls:1926-147979-0042,13.987449645996094,14.16848373413086,0.965926425557622,3.0534892082214355,3.192882867812595,3.524866828667613,2.7420277229591403,nan,
cascade:runs/prune/p10/best.pt,0014,changing_-5,changing,-5.0,False,False,,,ls:1926-147979-0010,10.80710506439209,10.5540189743042,0.9016851721128988,2.0739502906799316,3.0435055942299596,3.9429495609517256,2.6742598459787974,nan,
cascade:runs/prune/p10/best.pt,0015,changing_-5,changing,-5.0,True,False,,,ls:1926-147979-0007,8.357564926147461,7.932382583618164,0.8415647105475024,1.7323248386383057,2.8861982346306747,3.5191069969862534,2.491722868588841,nan,
cascade:runs/prune/p10/best.pt,0016,changing_-5,changing,-5.0,False,False,,,cvhi:common_voice_hi_26132189,14.625221252441406,14.478504180908203,0.7471993606409604,1.6607609987258911,2.406122772686141,3.8629701158983467,2.158233027485954,nan,
cascade:runs/prune/p10/best.pt,0017,changing_-5,changing,-5.0,False,False,,,cvhi:common_voice_hi_24758356,18.271207809448242,18.812061309814453,0.9899243369580988,3.0281693935394287,3.4855198480508993,4.106245269842364,3.2331451765992036,nan,
cascade:runs/prune/p10/best.pt,0018,changing_-5,changing,-5.0,False,False,,,cvhi:common_voice_hi_24758419,20.265079498291016,20.45635986328125,0.9851485010797365,3.1582741737365723,3.4441929317349986,4.024931428632214,3.15202076787707,nan,
cascade:runs/prune/p10/best.pt,0019,changing_-5,changing,-5.0,False,False,,,cvhi:common_voice_hi_27860087,6.946445465087891,6.071086883544922,0.8784769880964894,2.037245750427246,2.957135685115324,3.751347546539554,2.615870680675683,nan,
cascade:runs/prune/p10/best.pt,0020,changing_-5,changing,-5.0,False,False,,,ls:1926-147979-0033,15.787495613098145,15.725849151611328,0.9599780414798695,2.786898612976074,3.3938586558768242,2.849975969179277,2.586691759446352,nan,
cascade:runs/prune/p10/best.pt,0021,changing_-5,changing,-5.0,False,False,,,cvhi:common_voice_hi_27860089,8.335569381713867,7.64873743057251,0.8482549149398803,1.836522102355957,3.15340435219289,3.3843068650461974,2.6215246624487625,nan,
cascade:runs/prune/p10/best.pt,0022,changing_-5,changing,-5.0,True,False,,,cvhi:common_voice_hi_27860089,10.83262825012207,10.463642120361328,0.9083806874016195,2.0624682903289795,3.1445155104370404,3.6367066128175374,2.6984125414115665,nan,
cascade:runs/prune/p10/best.pt,0023,changing_-5,changing,-5.0,False,False,,,ls:1081-125237-0017,10.51566219329834,10.29603385925293,0.906344247055194,2.216362237930298,3.495975539481582,4.114200503935658,3.2500159509693654,nan,
cascade:runs/prune/p10/best.pt,0024,changing_-5,changing,-5.0,False,False,,,ls:1081-125237-0022,12.60814094543457,12.363652229309082,0.9564649723951812,2.247389078140259,3.5748379419169938,4.077337788680509,3.298447818086515,nan,
cascade:runs/prune/p10/best.pt,0025,changing_-5,changing,-5.0,False,False,,,ls:1081-125237-0102,9.999959945678711,9.54239273071289,0.8406085881751487,1.6728756427764893,3.444502171284973,3.827638310135413,3.055511163582695,nan,
cascade:runs/prune/p10/best.pt,0026,changing_-5,changing,-5.0,False,False,,,cvhi:common_voice_hi_24359446,10.291680335998535,9.86708927154541,0.9819923401226909,2.864731550216675,3.495076757208255,3.921714778690421,3.133765529098938,nan,
cascade:runs/prune/p10/best.pt,0027,changing_-5,changing,-5.0,False,False,,,cvhi:common_voice_hi_24758378,5.400895595550537,5.086678981781006,0.9749721560832344,2.0299582481384277,3.4774630837836265,3.5664543043057,2.9464291671209417,nan,
cascade:runs/prune/p10/best.pt,0028,changing_-5,changing,-5.0,False,False,,,cvhi:common_voice_hi_24225936,12.526856422424316,12.302473068237305,0.9598453378300281,2.2929511070251465,3.280803100245008,3.958613725850313,2.9746439961602524,nan,
cascade:runs/prune/p10/best.pt,0029,changing_-5,changing,-5.0,False,False,,,ls:1081-125237-0063,8.028132438659668,7.286903381347656,0.8609251835247573,1.4665584564208984,3.049816986035717,4.033020362490707,2.7960326008933722,nan,
cascade:runs/prune/p10/best.pt,0030,changing_-5,changing,-5.0,False,True,,,ls:2007-149877-0038,12.40025520324707,12.335824012756348,0.9862349064334425,2.8556597232818604,3.430548977860577,3.8903092303170963,3.10214460065123,nan,
cascade:runs/prune/p10/best.pt,0031,changing_-5,changing,-5.0,False,False,,,cvhi:common_voice_hi_24359463,9.562064170837402,9.171707153320312,0.9258688645369121,2.0261125564575195,3.0754643843151555,3.6770154843393765,2.6915600030923734,nan,
cascade:runs/prune/p10/best.pt,0032,changing_-5,changing,-5.0,False,False,,,ls:1926-147987-0015,9.19331169128418,8.656323432922363,0.9024854172902997,2.0377044677734375,2.55328355820343,3.43183738819467,2.2099595042188067,nan,
cascade:runs/prune/p10/best.pt,0033,changing_-5,changing,-5.0,False,False,,,cvhi:common_voice_hi_27444070,12.699909210205078,12.552342414855957,0.923657434117336,1.934593915939331,2.5345489751588572,3.678586132153649,2.237584049200935,nan,
cascade:runs/prune/p10/best.pt,0034,changing_-5,changing,-5.0,False,False,,,ls:1081-125237-0087,7.238693714141846,6.611894607543945,0.9192690774581217,2.03509259223938,3.181410356782993,3.8025181203213405,2.8304164257156863,nan,
cascade:runs/prune/p10/best.pt,0035,changing_-5,changing,-5.0,False,False,,,cvhi:common_voice_hi_24996672,15.61618709564209,15.587221145629883,0.9187723500981715,1.9046434164047241,2.9724024972664154,4.010594851427388,2.691873807021565,nan,
cascade:runs/prune/p10/best.pt,0036,changing_-5,changing,-5.0,False,False,,,ls:2007-132570-0000,7.590102672576904,6.759466648101807,0.8172132564417127,1.4368828535079956,3.1212242694797907,3.625654695135628,2.6471646533015036,nan,
cascade:runs/prune/p10/best.pt,0037,changing_-5,changing,-5.0,False,False,,,cvhi:common_voice_hi_26131738,14.246834754943848,14.085809707641602,0.878131683942927,2.263753652572632,2.868181418658554,3.9594978578017903,2.6118267331439875,nan,
cascade:runs/prune/p10/best.pt,0038,changing_-5,changing,-5.0,False,False,,,cvhi:common_voice_hi_24758411,8.391572952270508,7.840766429901123,0.8452662716693676,1.5622789859771729,2.1917935703777003,3.5860777582746377,1.9903668650248185,nan,
cascade:runs/prune/p10/best.pt,0039,changing_-5,changing,-5.0,False,False,,,cvhi:common_voice_hi_25150845,14.011378288269043,14.089828491210938,0.927438675903247,1.5142390727996826,3.2025936397563,3.9465023192617936,2.8925563835964767,nan,
cascade:runs/prune/p10/best.pt,0000,changing_0,changing,0.0,False,False,,,cvhi:common_voice_hi_26131468,13.497696876525879,13.69996452331543,0.9027433942182131,2.12408185005188,3.073437499551645,4.005740930796271,2.785024023964887,nan,
cascade:runs/prune/p10/best.pt,0001,changing_0,changing,0.0,False,False,,,cvhi:common_voice_hi_26897397,12.867374420166016,13.019075393676758,0.9265155715669101,2.4593093395233154,3.0886201428878386,3.8630691603704994,2.7664141404560993,nan,
cascade:runs/prune/p10/best.pt,0002,changing_0,changing,0.0,False,False,,,ls:1926-143879-0017,14.60024642944336,14.447103500366211,0.9605341323373557,2.7165513038635254,3.510697986385947,4.057116005542807,3.2027436441106008,nan,
cascade:runs/prune/p10/best.pt,0003,changing_0,changing,0.0,False,False,,,cvhi:common_voice_hi_24758376,15.306549072265625,15.421245574951172,0.9710640843110954,2.423966884613037,3.371058572276708,4.030086171883434,3.028764734909253,nan,
cascade:runs/prune/p10/best.pt,0004,changing_0,changing,0.0,False,False,,,cvhi:common_voice_hi_26131827,27.489797592163086,27.57968521118164,0.9468301884948416,3.378429412841797,2.669914671209169,3.7279548872436434,2.350969983502781,nan,
cascade:runs/prune/p10/best.pt,0005,changing_0,changing,0.0,False,True,,,cvhi:common_voice_hi_26949022,10.641458511352539,11.296089172363281,0.8433812765130703,1.5932095050811768,2.2374485982269836,3.4879524186887143,1.9331820133704942,nan,
cascade:runs/prune/p10/best.pt,0006,changing_0,changing,0.0,False,True,,,ls:2007-149877-0025,14.279743194580078,15.004598617553711,0.9730064098106336,2.6103515625,3.308910432137551,3.7781305047577067,2.9217666006987972,nan,
cascade:runs/prune/p10/best.pt,0007,changing_0,changing,0.0,False,False,,,cvhi:common_voice_hi_27749231,19.514400482177734,19.798660278320312,0.9692008050195452,2.176539421081543,2.9305358758581423,3.7977670883791417,2.506973130004975,nan,
cascade:runs/prune/p10/best.pt,0008,changing_0,changing,0.0,False,False,,,cvhi:common_voice_hi_27592118,14.809749603271484,14.72035026550293,0.9607297604963841,3.138899326324463,2.8352249630210467,3.844738989894412,2.5469908498537293,nan,
cascade:runs/prune/p10/best.pt,0009,changing_0,changing,0.0,False,False,,,cvhi:common_voice_hi_26053767,14.378880500793457,14.237671852111816,0.9707679043684252,2.642327308654785,2.6657824967126116,3.8197004731472903,2.378212779442925,nan,
cascade:runs/prune/p10/best.pt,0010,changing_0,changing,0.0,False,False,,,cvhi:common_voice_hi_27761570,15.770711898803711,15.973004341125488,0.8803394412200867,1.8016563653945923,3.1074518216927087,4.057010004415066,2.8033056442237125,nan,
cascade:runs/prune/p10/best.pt,0011,changing_0,changing,0.0,False,False,,,ls:1081-125237-0064,14.438446044921875,14.288042068481445,0.9268721239493047,2.7775022983551025,3.5945700832952694,4.097925928814285,3.3082225781836354,nan,
cascade:runs/prune/p10/best.pt,0012,changing_0,changing,0.0,False,False,,,ls:1926-147987-0010,12.632600784301758,12.445830345153809,0.9431053312917821,2.571807384490967,3.481019282622765,4.062119288442471,3.195976794909544,nan,
cascade:runs/prune/p10/best.pt,0013,changing_0,changing,0.0,True,False,,,cvhi:common_voice_hi_27749223,16.215518951416016,16.751651763916016,0.9010390687658107,2.9387428760528564,3.223882158734191,3.876004896004596,2.8443537219970616,nan,
cascade:runs/prune/p10/best.pt,0014,changing_0,changing,0.0,False,False,,,ls:1926-147979-0044,21.90424156188965,23.228580474853516,0.9944269643932533,3.9452266693115234,3.1530317168341506,3.7530356149029105,2.7876736338507304,nan,
cascade:runs/prune/p10/best.pt,0015,changing_0,changing,0.0,False,False,,,cvhi:common_voice_hi_26151857,20.06389808654785,20.053014755249023,0.9174423434694785,2.9042160511016846,3.122774509343166,3.8981766105097115,2.7006350335787737,nan,
cascade:runs/prune/p10/best.pt,0016,changing_0,changing,0.0,True,False,,,cvhi:common_voice_hi_24359434,11.353053092956543,11.69777774810791,0.9119939234422481,1.741178274154663,2.9201896435496892,3.7573733517893277,2.6009923918295623,nan,
cascade:runs/prune/p10/best.pt,0017,changing_0,changing,0.0,False,False,,,cvhi:common_voice_hi_27860348,23.154619216918945,23.427412033081055,0.9893174205965178,3.4790327548980713,3.5604225927618858,4.173562163199935,3.2855124088971435,nan,
cascade:runs/prune/p10/best.pt,0018,changing_0,changing,0.0,False,False,,,cvhi:common_voice_hi_35081252,18.249481201171875,19.144746780395508,0.9801357501185791,2.589862108230591,3.0719653261744324,3.8728124283399197,2.7404352849590032,nan,
cascade:runs/prune/p10/best.pt,0019,changing_0,changing,0.0,False,False,,,ls:2007-132570-0053,12.515229225158691,12.409958839416504,0.8965019712777574,1.7708576917648315,2.6707200024491544,3.669460977865419,2.334842210164845,nan,
cascade:runs/prune/p10/best.pt,0020,changing_0,changing,0.0,False,False,,,ls:1081-125237-0081,10.59068775177002,10.34709358215332,0.9120640669424432,2.4888241291046143,3.536265967825091,4.071307662010032,3.264120950461106,nan,
cascade:runs/prune/p10/best.pt,0021,changing_0,changing,0.0,False,False,,,cvhi:common_voice_hi_23796156,23.41291046142578,23.42306900024414,0.9813884303880108,3.588430881500244,3.4225548234948264,4.1100767081716985,3.149883065342376,nan,
cascade:runs/prune/p10/best.pt,0022,changing_0,changing,0.0,False,False,,,cvhi:common_voice_hi_35078365,14.443727493286133,14.369736671447754,0.8901408867467948,1.836889386177063,3.2009855320629907,3.2616336125483536,2.539192424630226,nan,
cascade:runs/prune/p10/best.pt,0023,changing_0,changing,0.0,False,False,,,cvhi:common_voice_hi_26897390,10.99669075012207,10.63721752166748,0.8815604210727217,2.035972833633423,2.970161633297954,4.089345980113462,2.744316079994879,nan,
cascade:runs/prune/p10/best.pt,0024,changing_0,changing,0.0,False,False,,,ls:2007-149877-0040,13.109542846679688,13.057975769042969,0.9069180533812526,1.9619498252868652,3.359282205061708,3.695106584799154,2.9344180792755266,nan,
cascade:runs/prune/p10/best.pt,0025,changing_0,changing,0.0,True,False,,,cvhi:common_voice_hi_24038973,14.74327278137207,14.965147972106934,0.9508300555390584,2.5738446712493896,3.264604821150937,4.043150043234387,2.955171301445052,nan,
cascade:runs/prune/p10/best.pt,0026,changing_0,changing,0.0,False,False,,,ls:2007-132570-0019,14.297127723693848,14.429252624511719,0.9910247858969461,3.5111489295959473,3.5741267809764223,4.0128465395116155,3.2809814714588494,nan,
cascade:runs/prune/p10/best.pt,0027,changing_0,changing,0.0,False,False,,,cvhi:common_voice_hi_26152013,9.265569686889648,8.828449249267578,0.9648799707313104,1.6493828296661377,2.872300066403029,3.666972568256883,2.4545785459387663,nan,
cascade:runs/prune/p10/best.pt,0028,changing_0,changing,0.0,False,False,,,cvhi:common_voice_hi_24359457,10.228337287902832,10.081530570983887,0.9254435395467537,1.894146203994751,2.888554667260065,3.580952591059148,2.5040228436222387,nan,
cascade:runs/prune/p10/best.pt,0029,changing_0,changing,0.0,False,False,,,cvhi:common_voice_hi_24360570,13.051816940307617,12.969359397888184,0.9871093682748286,2.6253416538238525,3.3111286699427738,3.7741915696065584,2.8959180509422326,nan,
cascade:runs/prune/p10/best.pt,0030,changing_0,changing,0.0,False,False,,,cvhi:common_voice_hi_25149721,8.303680419921875,7.7644195556640625,0.9143557244828335,1.5515472888946533,2.448356330579693,3.3596012779197753,2.07062490953316,nan,
cascade:runs/prune/p10/best.pt,0031,changing_0,changing,0.0,True,False,,,cvhi:common_voice_hi_23796155,10.417879104614258,10.103026390075684,0.7898708842088478,1.2983832359313965,2.8012079494909443,3.5485273873924092,2.4227252981181833,nan,
cascade:runs/prune/p10/best.pt,0032,changing_0,changing,0.0,False,False,,,cvhi:common_voice_hi_27749242,16.063215255737305,16.3251953125,0.9531773918010127,2.895399570465088,2.3875248409830223,3.7150334118901984,2.0647996148779675,nan,
cascade:runs/prune/p10/best.pt,0033,changing_0,changing,0.0,False,False,,,cvhi:common_voice_hi_24359438,18.69785499572754,18.64491081237793,0.9808821777835937,2.664201021194458,3.3333130862948503,4.0899144840936135,3.0589736926323132,nan,
cascade:runs/prune/p10/best.pt,0034,changing_0,changing,0.0,False,False,,,ls:1081-125237-0103,10.68393611907959,10.364447593688965,0.8632582326826693,2.0104470252990723,3.2590290024568795,3.8591489792579,2.917605987318549,nan,
cascade:runs/prune/p10/best.pt,0035,changing_0,changing,0.0,False,False,,,cvhi:common_voice_hi_24359413,19.550935745239258,19.987403869628906,0.9766106563444629,2.8821537494659424,3.330452906670913,3.953684108659446,3.02046437810611,nan,
cascade:runs/prune/p10/best.pt,0036,changing_0,changing,0.0,False,False,,,ls:2007-149877-0019,13.179679870605469,13.057379722595215,0.9371539437713157,2.0954067707061768,3.4615229398484404,4.087284599211141,3.1951344697456343,nan,
cascade:runs/prune/p10/best.pt,0037,changing_0,changing,0.0,False,False,,,cvhi:common_voice_hi_26053764,13.978614807128906,13.93725299835205,0.9908019943607057,3.5451836585998535,3.4299839855968957,4.062189098031983,3.1250671778979644,nan,
cascade:runs/prune/p10/best.pt,0038,changing_0,changing,0.0,False,False,,,cvhi:common_voice_hi_25149632,9.55181884765625,9.17774486541748,0.8230221267686834,1.7162660360336304,2.741773561529568,3.8830013591198496,2.4408001290037733,nan,
cascade:runs/prune/p10/best.pt,0039,changing_0,changing,0.0,False,False,,,cvhi:common_voice_hi_24359450,9.870558738708496,9.555036544799805,0.9225416684119008,1.3218108415603638,2.920394735211008,3.8922424142170255,2.585695700206623,nan,
cascade:runs/prune/p10/best.pt,0000,changing_10,changing,10.0,False,False,,,ls:1081-125237-0097,10.055770874023438,9.637619018554688,0.9431602367628138,2.1091225147247314,3.391141055626905,2.9466667473618475,2.6377921815380034,nan,
cascade:runs/prune/p10/best.pt,0001,changing_10,changing,10.0,False,False,,,cvhi:common_voice_hi_24758329,17.357873916625977,17.978137969970703,0.9832052725297399,3.6828527450561523,3.5717362604991876,4.116882882938195,3.3021478939354045,nan,
cascade:runs/prune/p10/best.pt,0002,changing_10,changing,10.0,False,False,,,ls:1926-143879-0039,19.09922981262207,19.78879165649414,0.9792308879791755,4.021422863006592,3.6311902850518862,4.184966156900092,3.4125708135668185,nan,
cascade:runs/prune/p10/best.pt,0003,changing_10,changing,10.0,False,True,,,ls:1926-147979-0017,19.00084686279297,19.056196212768555,0.9854821744040888,3.528233289718628,3.190158134145085,2.5375634055843297,2.222349764864754,nan,
cascade:runs/prune/p10/best.pt,0004,changing_10,changing,10.0,False,False,,,cvhi:common_voice_hi_27749216,22.708999633789062,22.738441467285156,0.98055187763675,4.009942531585693,3.0585530507223875,2.971601140629892,2.2390228643181835,nan,
cascade:runs/prune/p10/best.pt,0005,changing_10,changing,10.0,True,False,,,ls:2007-132570-0052,15.616666793823242,15.580068588256836,0.9669771243954643,2.974404811859131,3.3899501402315315,4.029474612367057,3.1370524035951126,nan,
cascade:runs/prune/p10/best.pt,0006,changing_10,changing,10.0,False,False,,,cvhi:common_voice_hi_27860161,20.456684112548828,20.529775619506836,0.9821430816139374,3.883976459503174,3.2827056964513877,3.986870553321208,2.966713396827017,nan,
cascade:runs/prune/p10/best.pt,0007,changing_10,changing,10.0,False,False,,,cvhi:common_voice_hi_24359405,19.17479133605957,20.098478317260742,0.9850472278759305,3.0684332847595215,3.510422923647448,4.148908167177223,3.2623419448609448,nan,
cascade:runs/prune/p10/best.pt,0008,changing_10,changing,10.0,False,True,,,cvhi:common_voice_hi_27761629,19.363874435424805,21.62242889404297,0.9443327722525487,2.877950429916382,3.320686025467772,4.047881614115585,3.0309547034934354,nan,
cascade:runs/prune/p10/best.pt,0009,changing_10,changing,10.0,False,False,,,cvhi:common_voice_hi_25149605,17.872222900390625,17.914426803588867,0.9820757955998832,2.9209420680999756,3.153664929596131,3.8337904645538776,2.8280421629726247,nan,
cascade:runs/prune/p10/best.pt,0010,changing_10,changing,10.0,False,False,,,cvhi:common_voice_hi_25150841,16.379425048828125,16.383512496948242,0.9899278880706965,2.786461353302002,3.2717950100262154,3.7889236296971722,2.8954325287984672,nan,
cascade:runs/prune/p10/best.pt,0011,changing_10,changing,10.0,False,False,,,cvhi:common_voice_hi_27761568,19.371707916259766,24.35997772216797,0.9775155692994821,3.3870468139648438,3.137163961365971,3.799238242753817,2.717277168332897,nan,
cascade:runs/prune/p10/best.pt,0012,changing_10,changing,10.0,False,False,,,cvhi:common_voice_hi_25150841,15.535390853881836,16.334871292114258,0.9830955246542856,2.4889402389526367,3.230717730589535,3.6189947834504146,2.792087193533639,nan,
cascade:runs/prune/p10/best.pt,0013,changing_10,changing,10.0,False,False,,,cvhi:common_voice_hi_26897394,18.76120376586914,18.87359619140625,0.9397969973461596,2.986143112182617,3.1350901093600814,3.997182846870821,2.8578355109527407,nan,
cascade:runs/prune/p10/best.pt,0014,changing_10,changing,10.0,False,False,,,cvhi:common_voice_hi_27761475,18.163312911987305,18.127714157104492,0.9734103028941511,2.467491865158081,3.2407839482269343,4.064341677379282,2.9510701057358166,nan,
cascade:runs/prune/p10/best.pt,0015,changing_10,changing,10.0,True,False,,,ls:1926-147979-0032,14.829802513122559,14.944364547729492,0.9824368924687574,2.9455182552337646,2.9528528565414978,3.1068089251817756,2.3597884301385745,nan,
cascade:runs/prune/p10/best.pt,0016,changing_10,changing,10.0,False,False,,,ls:2007-149877-0020,19.94245719909668,20.64068603515625,0.9849928555337683,3.582763671875,3.3233979552344723,3.9928579886366826,3.0337410599139276,nan,
cascade:runs/prune/p10/best.pt,0017,changing_10,changing,10.0,False,False,,,cvhi:common_voice_hi_27749310,21.98971176147461,22.18463706970215,0.9370579533365757,3.2618722915649414,3.186568339729913,3.8161069349655756,2.7655266706628687,nan,
cascade:runs/prune/p10/best.pt,0018,changing_10,changing,10.0,False,False,,,ls:1081-125237-0036,19.711868286132812,20.07861328125,0.9528025820921645,3.8943285942077637,3.5531155221157604,3.934401896709314,3.2201106030191653,nan,
cascade:runs/prune/p10/best.pt,0019,changing_10,changing,10.0,False,False,,,ls:1081-125237-0113,14.883668899536133,15.326961517333984,0.9852650259006495,3.9517662525177,3.474380457472815,3.9355722075521786,3.1436210258079247,nan,
cascade:runs/prune/p10/best.pt,0020,changing_10,changing,10.0,False,False,,,cvhi:common_voice_hi_23833333,19.80690574645996,20.3386287689209,0.9803107908135399,3.5397982597351074,2.824004293027829,2.2408856798022008,1.8937988304014008,nan,
cascade:runs/prune/p10/best.pt,0021,changing_10,changing,10.0,True,False,,,ls:1926-147987-0017,15.683063507080078,15.71216106414795,0.9748000670301183,2.3353710174560547,3.3769506486161007,4.1309600860301785,3.1572177078485035,nan,
cascade:runs/prune/p10/best.pt,0022,changing_10,changing,10.0,False,False,,,ls:1081-125237-0024,13.429173469543457,13.5911283493042,0.9611503580263938,3.054983377456665,3.479313473560923,3.875757079628121,3.1194821335262577,nan,
cascade:runs/prune/p10/best.pt,0023,changing_10,changing,10.0,False,False,,,ls:1081-125237-0036,16.916044235229492,17.49737548828125,0.9512500488393626,3.1097991466522217,3.408800689791779,3.86532537799922,3.0612794255730083,nan,
cascade:runs/prune/p10/best.pt,0024,changing_10,changing,10.0,False,False,,,cvhi:common_voice_hi_27860278,20.257341384887695,20.227384567260742,0.9733650301662813,3.664989709854126,3.2432514595787016,4.067542413931926,2.9823646147888865,nan,
cascade:runs/prune/p10/best.pt,0025,changing_10,changing,10.0,False,False,,,cvhi:common_voice_hi_27749152,20.574810028076172,20.565330505371094,0.9377060744150476,3.0965099334716797,3.130425481832121,3.263109325466766,2.3726107173130306,nan,
cascade:runs/prune/p10/best.pt,0026,changing_10,changing,10.0,False,False,,,cvhi:common_voice_hi_25161553,17.92045783996582,17.850353240966797,0.9923422376851639,3.39920711517334,3.0667517899313816,3.8891563626729493,2.758621318929852,nan,
cascade:runs/prune/p10/best.pt,0027,changing_10,changing,10.0,False,False,,,ls:2007-149877-0018,18.087966918945312,19.382593154907227,0.9758853816255806,3.814347267150879,3.412416684655882,4.060697813221805,3.113404218912772,nan,
cascade:runs/prune/p10/best.pt,0028,changing_10,changing,10.0,True,False,,,ls:2007-149877-0040,16.166841506958008,16.200349807739258,0.9603232313247846,3.029871702194214,3.672785352133784,4.116188149738558,3.4066267660196465,nan,
cascade:runs/prune/p10/best.pt,0029,changing_10,changing,10.0,False,False,,,ls:1081-125237-0113,13.153313636779785,12.940730094909668,0.9231025602017053,2.256784200668335,3.4313528189746427,3.8842503710739456,3.096473317293944,nan,
cascade:runs/prune/p10/best.pt,0030,changing_10,changing,10.0,False,False,,,cvhi:common_voice_hi_27860162,19.04047203063965,18.989543914794922,0.9696680224693132,3.2554492950439453,3.3026600743566736,4.020364139058365,3.011620881317968,nan,
cascade:runs/prune/p10/best.pt,0031,changing_10,changing,10.0,False,False,,,ls:2007-149877-0017,17.897869110107422,17.826927185058594,0.9844738590207894,3.449317455291748,3.6094273600359905,4.0130395630023505,3.2745835716568923,nan,
cascade:runs/prune/p10/best.pt,0032,changing_10,changing,10.0,False,False,,,cvhi:common_voice_hi_27749200,18.771699905395508,18.896989822387695,0.9385302563593482,3.162114143371582,3.136947508655443,3.8152153601813295,2.717363924984331,nan,
cascade:runs/prune/p10/best.pt,0033,changing_10,changing,10.0,False,False,,,cvhi:common_voice_hi_27860339,17.712318420410156,17.657833099365234,0.9643475572201713,2.8235325813293457,2.8615507564509115,3.9097985491292784,2.5572398717562725,nan,
cascade:runs/prune/p10/best.pt,0034,changing_10,changing,10.0,False,False,,,cvhi:common_voice_hi_26053767,26.384063720703125,26.878355026245117,0.9881847488738982,3.624450445175171,2.727065447075721,3.8647671862732027,2.4516896340649947,nan,
cascade:runs/prune/p10/best.pt,0035,changing_10,changing,10.0,False,False,,,cvhi:common_voice_hi_27749190,19.99807357788086,20.968883514404297,0.9340046678563553,3.053291082382202,2.8582263738781024,3.8014247781057584,2.4386650319186454,nan,
cascade:runs/prune/p10/best.pt,0036,changing_10,changing,10.0,False,True,,,cvhi:common_voice_hi_23795358,16.587278366088867,16.80954360961914,0.9351005758326605,2.9241111278533936,2.5918926602560037,3.283091283067121,2.11893281680582,nan,
cascade:runs/prune/p10/best.pt,0037,changing_10,changing,10.0,False,True,,,cvhi:common_voice_hi_26131929,29.05963134765625,31.50518035888672,0.9993704204564641,4.055700778961182,3.350768345864313,4.100853496501958,3.083368475289389,nan,
cascade:runs/prune/p10/best.pt,0038,changing_10,changing,10.0,False,False,,,ls:1926-147979-0039,18.533294677734375,19.136579513549805,0.9835454537289302,3.5095200538635254,3.432315229031535,3.9870793219357346,3.1361821418606235,nan,
cascade:runs/prune/p10/best.pt,0039,changing_10,changing,10.0,False,False,,,ls:1926-147979-0017,19.570493698120117,20.58698272705078,0.9908285462713446,3.796443462371826,3.3319224106180503,3.6859007869183786,2.93121292394058,nan,
cascade:runs/prune/p10/best.pt,0000,changing_15,changing,15.0,False,False,,,cvhi:common_voice_hi_24758564,22.532447814941406,22.714860916137695,0.9952481617169322,3.5211923122406006,3.6585182834133456,4.210163829060482,3.4449816594145664,nan,
cascade:runs/prune/p10/best.pt,0001,changing_15,changing,15.0,False,True,,,ls:1081-125237-0030,23.776729583740234,24.378955841064453,0.9945340436519965,3.961961507797241,3.6705365613460392,4.059008789052278,3.3729021294074344,nan,
cascade:runs/prune/p10/best.pt,0002,changing_15,changing,15.0,False,False,,,cvhi:common_voice_hi_24359407,20.82889747619629,21.74814224243164,0.9974827602978747,3.4549498558044434,3.190291580704718,3.9731044223802465,2.909219225380855,nan,
cascade:runs/prune/p10/best.pt,0003,changing_15,changing,15.0,False,False,,,cvhi:common_voice_hi_35077896,20.767303466796875,25.92363739013672,0.9847383130925771,3.5816125869750977,3.445390692205089,3.768861343166165,3.0095123187312116,nan,
cascade:runs/prune/p10/best.pt,0004,changing_15,changing,15.0,False,False,,,ls:1926-147979-0039,22.17058563232422,22.957386016845703,0.9923812698203133,4.058623313903809,3.3203183512322285,3.968581636689854,3.0164927458819926,nan,
cascade:runs/prune/p10/best.pt,0005,changing_15,changing,15.0,False,False,,,cvhi:common_voice_hi_24360527,24.851905822753906,25.352066040039062,0.9970004336080363,4.033213138580322,3.5876403853623264,4.127756034930332,3.345232699442888,nan,
cascade:runs/prune/p10/best.pt,0006,changing_15,changing,15.0,False,False,,,ls:1081-125237-0010,18.54745864868164,18.86077117919922,0.9672242010044929,3.3938181400299072,3.603018664620974,4.058845876052718,3.3301888038746172,nan,
cascade:runs/prune/p10/best.pt,0007,changing_15,changing,15.0,False,True,,,cvhi:common_voice_hi_40904721,20.52906036376953,20.516225814819336,0.88082636601738,2.8370590209960938,3.3477822699585427,3.987789738844751,3.028029265501304,nan,
cascade:runs/prune/p10/best.pt,0008,changing_15,changing,15.0,False,False,,,cvhi:common_voice_hi_27749223,28.342578887939453,32.71232604980469,0.9994811001271469,4.508811950683594,3.410721980251113,4.041246838532761,3.0860955282192384,nan,
cascade:runs/prune/p10/best.pt,0009,changing_15,changing,15.0,False,False,,,ls:2007-132570-0029,16.521991729736328,16.93341064453125,0.9784881508110648,3.2762017250061035,3.326092733028295,4.048209594276566,3.0255950018020266,nan,
cascade:runs/prune/p10/best.pt,0010,changing_15,changing,15.0,False,True,,,cvhi:common_voice_hi_27860190,16.22852897644043,16.968931198120117,0.9641382921276502,3.004485607147217,3.0100009209736407,3.7976541208212904,2.6718890958618937,nan,
cascade:runs/prune/p10/best.pt,0011,changing_15,changing,15.0,False,False,,,cvhi:common_voice_hi_24360573,23.286930084228516,23.924407958984375,0.9961102492292985,3.7384722232818604,3.182009878788776,3.798209165551949,2.852678002601412,nan,
cascade:runs/prune/p10/best.pt,0012,changing_15,changing,15.0,False,False,,,cvhi:common_voice_hi_24977127,22.69080924987793,24.765766143798828,0.9723369332205701,2.704542875289917,3.073647514502076,4.003190123574156,2.813462293799916,nan,
cascade:runs/prune/p10/best.pt,0013,changing_15,changing,15.0,False,False,,,cvhi:common_voice_hi_24225983,20.857603073120117,21.366872787475586,0.9945860394206243,3.4425461292266846,3.2742878115751872,4.026215039121828,3.015275146094544,nan,
cascade:runs/prune/p10/best.pt,0014,changing_15,changing,15.0,False,False,,,cvhi:common_voice_hi_24359436,21.784326553344727,21.971263885498047,0.9938112738363842,3.347513437271118,3.586253107617275,4.059879755990556,3.306387049657892,nan,
cascade:runs/prune/p10/best.pt,0015,changing_15,changing,15.0,False,False,,,cvhi:common_voice_hi_26941296,17.038145065307617,17.557174682617188,0.9290830303321328,3.542645215988159,2.373924618597146,2.085445800558773,1.580593322921468,nan,
cascade:runs/prune/p10/best.pt,0016,changing_15,changing,15.0,False,False,,,cvhi:common_voice_hi_27860310,21.35464096069336,22.401084899902344,0.9805703329178278,3.3902971744537354,3.5195600727371215,3.765285592758479,3.039828981844224,nan,
cascade:runs/prune/p10/best.pt,0017,changing_15,changing,15.0,False,False,,,cvhi:common_voice_hi_26152440,21.777854919433594,25.236112594604492,0.9908355264051263,3.697721004486084,3.1572903531031216,3.7503790016079765,2.769550043399278,nan,
cascade:runs/prune/p10/best.pt,0018,changing_15,changing,15.0,False,False,,,cvhi:common_voice_hi_24359416,16.86893081665039,17.992385864257812,0.9916998865665348,3.164637565612793,3.3926242566158535,4.138713767664061,3.176363606412345,nan,
cascade:runs/prune/p10/best.pt,0019,changing_15,changing,15.0,False,True,,,ls:1926-143879-0030,18.79544448852539,18.769126892089844,0.9891891544217605,3.1332061290740967,3.6809749605959223,3.5978666891456457,3.1356326940074744,nan,
cascade:runs/prune/p10/best.pt,0020,changing_15,changing,15.0,True,False,,,cvhi:common_voice_hi_26131262,9.968746185302734,11.014261245727539,0.8004834562868063,2.092006206512451,2.982964952503125,3.84582857652041,2.598104185947101,nan,
cascade:runs/prune/p10/best.pt,0021,changing_15,changing,15.0,False,True,,,ls:2007-132570-0052,21.134864807128906,21.189783096313477,0.9878784394191775,3.7043139934539795,3.306081145786638,3.6452583753483587,2.882200822859269,nan,
cascade:runs/prune/p10/best.pt,0022,changing_15,changing,15.0,False,False,,,cvhi:common_voice_hi_27749189,22.93155288696289,23.186141967773438,0.9841107309450416,3.9386284351348877,2.9312249479236927,3.6744211686588057,2.5086075329266393,nan,
cascade:runs/prune/p10/best.pt,0023,changing_15,changing,15.0,False,False,,,cvhi:common_voice_hi_24359401,22.127368927001953,26.698402404785156,0.9994593270291332,3.970870018005371,3.4395766822865466,4.104427558601574,3.186840998885048,nan,
cascade:runs/prune/p10/best.pt,0024,changing_15,changing,15.0,False,False,,,cvhi:common_voice_hi_25204284,20.22211265563965,21.566574096679688,0.9541892167636022,3.092254161834717,2.9248256326898927,3.4329024162565127,2.4166379161424674,nan,
cascade:runs/prune/p10/best.pt,0025,changing_15,changing,15.0,False,False,,,cvhi:common_voice_hi_26151974,21.98421859741211,21.969270706176758,0.9526153009737393,2.8491458892822266,3.1372121121547742,3.469711144892641,2.6526656000671798,nan,
cascade:runs/prune/p10/best.pt,0026,changing_15,changing,15.0,False,False,,,cvhi:common_voice_hi_27749232,18.194366455078125,18.18061637878418,0.9307938536045274,2.768014430999756,2.761161891754887,3.865828877210819,2.4013230194624153,nan,
cascade:runs/prune/p10/best.pt,0027,changing_15,changing,15.0,False,False,,,ls:1081-125237-0000,19.147138595581055,21.351192474365234,0.9915022723078426,3.505478620529175,3.4879732098425644,3.8580216167161723,3.096594258731682,nan,
cascade:runs/prune/p10/best.pt,0028,changing_15,changing,15.0,False,False,,,cvhi:common_voice_hi_25150843,21.827869415283203,21.984909057617188,0.9977776728553461,3.2725977897644043,3.200554237997103,4.10715897308259,2.942492078938137,nan,
cascade:runs/prune/p10/best.pt,0029,changing_15,changing,15.0,False,False,,,cvhi:common_voice_hi_24359427,21.19167137145996,25.558368682861328,0.9984250960744867,3.6954588890075684,3.322566339553612,4.049983086862876,3.056367696935258,nan,
cascade:runs/prune/p10/best.pt,0030,changing_15,changing,15.0,False,False,,,cvhi:common_voice_hi_26088251,24.026811599731445,24.566640853881836,0.919982346884533,3.2743022441864014,3.100183196644942,3.809660509362242,2.7527430844688996,nan,
cascade:runs/prune/p10/best.pt,0031,changing_15,changing,15.0,False,False,,,cvhi:common_voice_hi_24225939,25.45795249938965,25.558380126953125,0.9887186019906072,3.464891195297241,3.3969529928450375,3.960745863869314,3.041505831897679,nan,
cascade:runs/prune/p10/best.pt,0032,changing_15,changing,15.0,False,False,,,cvhi:common_voice_hi_27749161,19.67430305480957,20.167068481445312,0.9931078179236612,3.758855104446411,3.01822766969016,3.844365023890627,2.6529559172108588,nan,
cascade:runs/prune/p10/best.pt,0033,changing_15,changing,15.0,False,False,,,cvhi:common_voice_hi_24758532,18.733325958251953,19.94859504699707,0.9894403567446355,3.482053279876709,3.4582022250453757,4.060680684903076,3.193298385099497,nan,
cascade:runs/prune/p10/best.pt,0034,changing_15,changing,15.0,False,False,,,ls:1926-147979-0023,26.881444931030273,26.950559616088867,0.9986435015349466,4.204327583312988,3.4400090822051337,3.4604604231539944,2.8599275059559175,nan,
cascade:runs/prune/p10/best.pt,0035,changing_15,changing,15.0,False,False,,,ls:1081-125237-0059,19.494340896606445,20.250347137451172,0.9796368765025153,3.9854204654693604,3.5580509837692875,3.9530263810787325,3.2246733420505085,nan,
cascade:runs/prune/p10/best.pt,0036,changing_15,changing,15.0,False,False,,,ls:1081-125237-0034,18.120445251464844,19.122089385986328,0.9395335215366978,3.045011281967163,3.591573948157487,4.020466666765507,3.2930954828234382,nan,
cascade:runs/prune/p10/best.pt,0037,changing_15,changing,15.0,False,False,,,cvhi:common_voice_hi_23796043,18.285797119140625,19.101329803466797,0.8953090187777745,3.1903598308563232,2.945779548400627,2.405541807153441,1.9443094824308353,nan,
cascade:runs/prune/p10/best.pt,0038,changing_15,changing,15.0,False,False,,,cvhi:common_voice_hi_27749265,20.487863540649414,22.783775329589844,0.9847878894048129,3.2475085258483887,3.3839489148768105,4.055767475078902,3.074505350198468,nan,
cascade:runs/prune/p10/best.pt,0039,changing_15,changing,15.0,False,True,,,cvhi:common_voice_hi_35081192,19.58275604248047,21.776443481445312,0.9759621701953584,2.9877755641937256,3.374466590872648,4.054228690799508,3.088910971375888,nan,
cascade:runs/prune/p10/best.pt,0000,changing_5,changing,5.0,False,False,,,cvhi:common_voice_hi_24758377,13.91566276550293,14.064638137817383,0.9945345925276015,3.559671401977539,3.5237326051820617,4.068557197638206,3.2391807851973393,nan,
cascade:runs/prune/p10/best.pt,0001,changing_5,changing,5.0,False,False,,,cvhi:common_voice_hi_24359400,20.624610900878906,21.851293563842773,0.992863357416069,3.1317567825317383,3.356132084216084,4.070842100106989,3.0990256587220975,nan,
cascade:runs/prune/p10/best.pt,0002,changing_5,changing,5.0,True,False,,,cvhi:common_voice_hi_26131771,13.2176513671875,13.350841522216797,0.8855022082723352,2.1765923500061035,2.4331651929007005,3.489469648199081,2.0814926554817896,nan,
cascade:runs/prune/p10/best.pt,0003,changing_5,changing,5.0,True,False,,,cvhi:common_voice_hi_25149633,13.920747756958008,14.414064407348633,0.9249948752835903,1.7854175567626953,3.1547673463821937,3.9857598045601748,2.8979005961789497,nan,
cascade:runs/prune/p10/best.pt,0004,changing_5,changing,5.0,False,False,,,cvhi:common_voice_hi_24758410,20.7286434173584,20.70549201965332,0.9901310775841894,3.27292799949646,3.497491233858005,4.122573789193188,3.257755169295743,nan,
cascade:runs/prune/p10/best.pt,0005,changing_5,changing,5.0,False,False,,,cvhi:common_voice_hi_26131644,15.80767822265625,16.023780822753906,0.8821944359611262,1.783759593963623,3.0926543580499803,3.6140795162241144,2.6850064714873043,nan,
cascade:runs/prune/p10/best.pt,0006,changing_5,changing,5.0,False,False,,,cvhi:common_voice_hi_23796156,13.35167407989502,13.32264518737793,0.9282196227595776,2.6185922622680664,3.2273306038101772,3.963735355956894,2.924900268797155,nan,
cascade:runs/prune/p10/best.pt,0007,changing_5,changing,5.0,False,False,,,ls:2007-132570-0030,15.616508483886719,15.6029052734375,0.9635811049188873,1.9569411277770996,3.4415267938146976,3.1532897781065756,2.71549133765754,nan,
cascade:runs/prune/p10/best.pt,0008,changing_5,changing,5.0,False,True,,,cvhi:common_voice_hi_35077467,18.91301727294922,19.41522216796875,0.9138760544918646,2.1416573524475098,3.0417176617508184,3.4050048199756207,2.438874242013108,nan,
cascade:runs/prune/p10/best.pt,0009,changing_5,changing,5.0,False,False,,,ls:1926-147979-0034,17.223756790161133,17.232446670532227,0.9632889024179339,2.9989659786224365,3.2931785467094543,3.930802504976943,3.0071228512782135,nan,
cascade:runs/prune/p10/best.pt,0010,changing_5,changing,5.0,False,False,,,cvhi:common_voice_hi_27761539,16.79421043395996,18.263669967651367,0.9018667122890908,3.3006792068481445,2.916682537490255,3.8865383765972616,2.5537701426894492,nan,
cascade:runs/prune/p10/best.pt,0011,changing_5,changing,5.0,False,False,,,cvhi:common_voice_hi_24225936,23.069631576538086,26.732481002807617,0.999305829523183,3.968029499053955,3.3724179427956043,4.06932427868044,3.107924736449479,nan,
cascade:runs/prune/p10/best.pt,0012,changing_5,changing,5.0,False,False,,,cvhi:common_voice_hi_24225935,14.750384330749512,14.616089820861816,0.9806261297597975,2.6855885982513428,3.130363593682192,3.9638375958142467,2.7871334196761284,nan,
cascade:runs/prune/p10/best.pt,0013,changing_5,changing,5.0,False,False,,,cvhi:common_voice_hi_37398692,10.722933769226074,10.479273796081543,0.8048424988596524,1.8899743556976318,2.152441577556216,3.303829035077622,1.8020432175148524,nan,
cascade:runs/prune/p10/best.pt,0014,changing_5,changing,5.0,False,False,,,cvhi:common_voice_hi_27761570,5.8729987144470215,5.6630778312683105,0.9445747470579774,1.5025084018707275,3.12670850000556,3.732276100478046,2.72670514229994,nan,
cascade:runs/prune/p10/best.pt,0015,changing_5,changing,5.0,False,False,,,cvhi:common_voice_hi_23795361,4.508945941925049,2.7253146171569824,0.874563530715817,1.7198162078857422,2.7627253493352075,3.6591239565352867,2.387992241899548,nan,
cascade:runs/prune/p10/best.pt,0016,changing_5,changing,5.0,False,False,,,cvhi:common_voice_hi_24758569,21.323028564453125,21.79375648498535,0.9890652897871823,3.2329909801483154,3.3590366980658786,3.9981303663158183,3.0661016062146875,nan,
cascade:runs/prune/p10/best.pt,0017,changing_5,changing,5.0,False,False,,,cvhi:common_voice_hi_27761655,21.212766647338867,23.342430114746094,0.9997272858327957,3.8968844413757324,2.837438504454603,3.9048993003760364,2.4461791262401604,nan,
cascade:runs/prune/p10/best.pt,0018,changing_5,changing,5.0,False,False,,,cvhi:common_voice_hi_25150865,14.264002799987793,14.2350492477417,0.938103796791882,2.0738165378570557,2.9214700894472507,3.7765033828301346,2.598468870647405,nan,
cascade:runs/prune/p10/best.pt,0019,changing_5,changing,5.0,False,False,,,ls:2007-149877-0004,15.21528148651123,15.207931518554688,0.9697268410854842,2.604104995727539,3.331350922832072,3.631974688852183,2.9055664233589225,nan,
cascade:runs/prune/p10/best.pt,0020,changing_5,changing,5.0,False,False,,,ls:2007-132570-0032,15.387969970703125,15.286735534667969,0.9852288430383944,3.384554862976074,3.645724491298561,4.172186543238949,3.4116162130859284,nan,
cascade:runs/prune/p10/best.pt,0021,changing_5,changing,5.0,False,False,,,cvhi:common_voice_hi_27860056,16.586692810058594,16.815340042114258,0.9641479411276794,3.5776736736297607,3.22329435540193,3.6765685933402272,2.753558547081713,nan,
cascade:runs/prune/p10/best.pt,0022,changing_5,changing,5.0,False,False,,,cvhi:common_voice_hi_27749242,3.6905884742736816,3.784877061843872,0.9017293372884451,1.3319627046585083,3.101438836463168,3.324036516332777,2.479189844643432,nan,
cascade:runs/prune/p10/best.pt,0023,changing_5,changing,5.0,False,False,,,ls:1081-125237-0057,14.737985610961914,14.591262817382812,0.930556495578883,2.855346918106079,3.6030882967263067,3.934369312506586,3.278336062347865,nan,
cascade:runs/prune/p10/best.pt,0024,changing_5,changing,5.0,False,False,,,ls:2007-149877-0017,15.479887008666992,15.521086692810059,0.9630936326875956,2.5685245990753174,3.373145531178854,3.7707720311468664,2.9905769984946695,nan,
cascade:runs/prune/p10/best.pt,0025,changing_5,changing,5.0,True,False,,,ls:1926-147987-0009,16.55016326904297,16.500995635986328,0.9753712003333086,3.1245875358581543,3.5092440431292093,3.8720029079806224,3.1348986716274885,nan,
cascade:runs/prune/p10/best.pt,0026,changing_5,changing,5.0,False,False,,,ls:1081-125237-0046,15.987123489379883,15.886762619018555,0.968590448819829,2.706047773361206,3.5907467445361867,4.071217908753239,3.3148656740328,nan,
cascade:runs/prune/p10/best.pt,0027,changing_5,changing,5.0,False,False,,,cvhi:common_voice_hi_26131736,15.118106842041016,15.073409080505371,0.9082543860468542,2.1877119541168213,2.9331717125967067,3.85065102725616,2.6254606263664986,nan,
cascade:runs/prune/p10/best.pt,0028,changing_5,changing,5.0,False,False,,,cvhi:common_voice_hi_24359401,16.05056381225586,16.072248458862305,0.9704532592582564,2.3467066287994385,2.7504079936315433,3.8274317767119985,2.474166334418122,nan,
cascade:runs/prune/p10/best.pt,0029,changing_5,changing,5.0,True,True,,,cvhi:common_voice_hi_24758463,12.358804702758789,12.68470573425293,0.9763366044615006,2.150747060775757,3.1613206416547053,3.7065888988677838,2.7730758603729018,nan,
cascade:runs/prune/p10/best.pt,0030,changing_5,changing,5.0,False,False,,,cvhi:common_voice_hi_24758476,22.080703735351562,22.707015991210938,0.9956580091567002,3.738448143005371,3.5643580128885684,4.1248684355575405,3.3097020679058655,nan,
cascade:runs/prune/p10/best.pt,0031,changing_5,changing,5.0,False,False,,,ls:2007-149877-0060,15.796876907348633,15.73575496673584,0.9445023971628793,2.731703519821167,3.2842908944723375,3.751490173647067,2.893019987964728,nan,
cascade:runs/prune/p10/best.pt,0032,changing_5,changing,5.0,False,False,,,ls:1081-125237-0008,19.167438507080078,20.271408081054688,0.9626751654493342,3.7000932693481445,3.5843842460226734,4.03588914230822,3.301970057385853,nan,
cascade:runs/prune/p10/best.pt,0033,changing_5,changing,5.0,False,False,,,cvhi:common_voice_hi_24996676,12.26451301574707,12.001538276672363,0.9557826894915517,1.7326622009277344,2.3557315271320776,3.8189813125067174,2.010382363011843,nan,
cascade:runs/prune/p10/best.pt,0034,changing_5,changing,5.0,False,False,,,cvhi:common_voice_hi_25149664,20.404590606689453,21.625274658203125,0.9882793696373979,3.3507959842681885,3.2759077078765015,3.7322049784224856,2.854985835594671,nan,
cascade:runs/prune/p10/best.pt,0035,changing_5,changing,5.0,False,True,,,cvhi:common_voice_hi_23796066,13.57827091217041,13.406249046325684,0.9061294458851652,2.2900452613830566,3.0239286030256003,2.1743424393719732,1.9175174676450202,nan,
cascade:runs/prune/p10/best.pt,0036,changing_5,changing,5.0,True,False,,,ls:1081-125237-0047,20.246313095092773,21.086341857910156,0.9929839953137762,3.765936851501465,3.5476571384330535,3.9422777416975965,3.2199112783682535,nan,
cascade:runs/prune/p10/best.pt,0037,changing_5,changing,5.0,False,False,,,cvhi:common_voice_hi_27749312,17.499126434326172,17.53382110595703,0.9538638395489165,2.890259027481079,3.284949141028865,3.897167974095419,2.8916601813442777,nan,
cascade:runs/prune/p10/best.pt,0038,changing_5,changing,5.0,False,False,,,ls:1081-125237-0068,13.95520305633545,13.776906967163086,0.9541301600465059,2.7222001552581787,3.642184288250654,4.0963837433027495,3.3779687064597583,nan,
cascade:runs/prune/p10/best.pt,0039,changing_5,changing,5.0,False,False,,,ls:1081-125237-0082,12.81721305847168,12.978243827819824,0.9417003706966056,2.758349657058716,3.603178181173906,3.9482294339604147,3.2739441330177117,nan,
cascade:runs/prune/p10/best.pt,0000,clean_inf,clean,inf,False,False,,,ls:2007-132570-0017,34.09702682495117,34.116455078125,0.999822486400529,4.610158443450928,3.624187827501469,4.176652274390792,3.3806763956147354,nan,
cascade:runs/prune/p10/best.pt,0001,clean_inf,clean,inf,False,False,,,cvhi:common_voice_hi_24360601,34.273048400878906,34.296905517578125,0.9999269656250144,4.627806186676025,3.5451642520115447,4.044316700477738,3.2497948651411925,nan,
cascade:runs/prune/p10/best.pt,0002,clean_inf,clean,inf,False,False,,,cvhi:common_voice_hi_24359460,33.33131408691406,33.341796875,0.9998847823034571,4.567385673522949,3.640236616575532,4.078891725463748,3.3576372984617118,nan,
cascade:runs/prune/p10/best.pt,0003,clean_inf,clean,inf,False,False,,,ls:1081-125237-0099,33.007686614990234,33.037113189697266,0.9998113244461228,4.633206367492676,3.530781799578258,3.9535567102472067,3.2072512208796895,nan,
cascade:runs/prune/p10/best.pt,0004,clean_inf,clean,inf,False,False,,,cvhi:common_voice_hi_27761521,35.55887222290039,35.65919876098633,0.9998924507828569,4.615729808807373,3.0129405967562453,3.8580734381632427,2.664535888137999,nan,
cascade:runs/prune/p10/best.pt,0005,clean_inf,clean,inf,False,False,,,cvhi:common_voice_hi_25149634,34.13922882080078,34.14411926269531,0.9999029585807561,4.608408451080322,3.411231000895637,4.113857686510513,3.152297036134179,nan,
cascade:runs/prune/p10/best.pt,0006,clean_inf,clean,inf,False,False,,,ls:2007-132570-0037,34.944313049316406,34.98747253417969,0.9998979581629962,4.613831996917725,3.5728693067290846,4.090490100756691,3.299498087507847,nan,
cascade:runs/prune/p10/best.pt,0007,clean_inf,clean,inf,False,False,,,cvhi:common_voice_hi_24758419,33.26387405395508,33.26228713989258,0.9999136802349327,4.627603530883789,3.616554106265754,4.0210740317027085,3.316507786065175,nan,
cascade:runs/prune/p10/best.pt,0008,clean_inf,clean,inf,False,False,,,cvhi:common_voice_hi_25204283,35.668792724609375,35.807525634765625,0.9999331449928472,4.6063618659973145,3.0922523313602963,3.9350631866570707,2.7939105551816734,nan,
cascade:runs/prune/p10/best.pt,0009,clean_inf,clean,inf,False,False,,,ls:1081-125237-0015,23.337543487548828,23.415332794189453,0.9905276019936804,4.436542510986328,3.6029373813106425,3.808121456690791,3.2261821928081353,nan,
cascade:runs/prune/p10/best.pt,0010,clean_inf,clean,inf,False,False,,,cvhi:common_voice_hi_25188957,34.73748779296875,34.73699951171875,0.9999030734313252,4.612027168273926,2.9556853406252954,3.5068056368973215,2.518353263720045,nan,
cascade:runs/prune/p10/best.pt,0011,clean_inf,clean,inf,False,False,,,cvhi:common_voice_hi_27592143,30.839710235595703,30.98140525817871,0.9998160928175029,4.619636535644531,3.2839702530689685,3.5330806340756795,2.7766071692425323,nan,
cascade:runs/prune/p10/best.pt,0012,clean_inf,clean,inf,False,False,,,cvhi:common_voice_hi_35078939,34.415611267089844,34.54180145263672,0.9998405174205297,4.617067337036133,3.434264481972136,4.018710745881962,3.1458173946070263,nan,
cascade:runs/prune/p10/best.pt,0013,clean_inf,clean,inf,False,False,,,ls:1081-125237-0113,32.128456115722656,32.193782806396484,0.999813498120003,4.607379913330078,3.5716640505359116,3.997619808310949,3.2658910941242834,nan,
cascade:runs/prune/p10/best.pt,0014,clean_inf,clean,inf,False,False,,,ls:2007-132570-0012,36.218448638916016,36.24769592285156,0.9998818565386532,4.591366767883301,3.6227604553221147,4.180572940544499,3.3695569574024398,nan,
cascade:runs/prune/p10/best.pt,0015,clean_inf,clean,inf,False,False,,,cvhi:common_voice_hi_26132189,30.308752059936523,30.700672149658203,0.9997443365366271,4.5910844802856445,3.0324998342257055,3.923344866358497,2.7407651517521785,nan,
cascade:runs/prune/p10/best.pt,0016,clean_inf,clean,inf,False,False,,,ls:2007-132570-0001,34.704708099365234,34.757530212402344,0.9998335573958244,4.5668792724609375,3.601116465834949,4.108571720086083,3.342238437526213,nan,
cascade:runs/prune/p10/best.pt,0017,clean_inf,clean,inf,False,False,,,ls:2007-132570-0017,33.74984359741211,33.7708625793457,0.9998945010457996,4.605605602264404,3.660099960122994,4.168519351870829,3.422886954308247,nan,
cascade:runs/prune/p10/best.pt,0018,clean_inf,clean,inf,False,False,,,cvhi:common_voice_hi_25150843,35.8864860534668,35.90349578857422,0.999923175116893,4.5959882736206055,2.8255001188735105,4.039188861725792,2.591149986210283,nan,
cascade:runs/prune/p10/best.pt,0019,clean_inf,clean,inf,False,False,,,cvhi:common_voice_hi_27592076,33.12162399291992,33.12022018432617,0.9998603621043568,4.618402481079102,3.2016955181850046,3.774918999742166,2.8362505798063786,nan,
cascade:runs/prune/p10/best.pt,0020,clean_inf,clean,inf,False,False,,,ls:1081-125237-0040,34.575069427490234,34.62424087524414,0.9998956676823377,4.631067276000977,3.5093322781105734,3.679918976963658,3.08949051439063,nan,
cascade:runs/prune/p10/best.pt,0021,clean_inf,clean,inf,False,False,,,ls:1926-147987-0018,35.66258239746094,35.67363357543945,0.9999086111934478,4.628937244415283,3.372701089977433,3.8474192930005326,3.033404287432901,nan,
cascade:runs/prune/p10/best.pt,0022,clean_inf,clean,inf,False,False,,,ls:1926-147979-0039,35.89927673339844,35.93121337890625,0.9999102388646826,4.632351875305176,3.3428043360921267,3.6723586542564286,2.916082974508544,nan,
cascade:runs/prune/p10/best.pt,0023,clean_inf,clean,inf,False,False,,,cvhi:common_voice_hi_23796063,33.610618591308594,33.63279724121094,0.9996154860637635,4.5776872634887695,3.105541611490399,2.484649908373924,2.178903031073043,nan,
cascade:runs/prune/p10/best.pt,0024,clean_inf,clean,inf,False,False,,,cvhi:common_voice_hi_27860189,34.47819519042969,34.560081481933594,0.9988143902633672,4.602935791015625,3.427893089727278,3.6097993961402226,2.8803490434208974,nan,
cascade:runs/prune/p10/best.pt,0025,clean_inf,clean,inf,False,False,,,ls:2007-132570-0028,35.77071762084961,35.84242630004883,0.9999065609764793,4.630380153656006,3.462444752480183,3.981744738998321,3.145830448052982,nan,
cascade:runs/prune/p10/best.pt,0026,clean_inf,clean,inf,False,False,,,cvhi:common_voice_hi_24225936,35.95637130737305,35.97085189819336,0.9999252713353445,4.601712226867676,3.3400489787974212,3.9540399146617826,3.03551765945562,nan,
cascade:runs/prune/p10/best.pt,0027,clean_inf,clean,inf,False,False,,,cvhi:common_voice_hi_24359449,34.91801452636719,34.94304275512695,0.9998958366812966,4.571206092834473,3.56054743537351,4.08166666693841,3.2727162129472784,nan,
cascade:runs/prune/p10/best.pt,0028,clean_inf,clean,inf,False,False,,,ls:1081-125237-0100,33.33400344848633,33.48934555053711,0.9996167429329333,4.6159210205078125,3.6306746729342363,4.085895143591984,3.3482253469305836,nan,
cascade:runs/prune/p10/best.pt,0029,clean_inf,clean,inf,False,False,,,cvhi:common_voice_hi_27444070,34.59584045410156,34.69530487060547,0.9999230715774526,4.623983860015869,3.053610325821289,3.904717928361701,2.7523337521188407,nan,
cascade:runs/prune/p10/best.pt,0030,clean_inf,clean,inf,False,False,,,ls:1081-125237-0098,34.34645080566406,34.38324737548828,0.9999097580464622,4.628529071807861,3.527519944792477,3.8455659278294325,3.164561142908533,nan,
cascade:runs/prune/p10/best.pt,0031,clean_inf,clean,inf,False,False,,,cvhi:common_voice_hi_26151970,31.7360897064209,31.9102783203125,0.9998331389022022,4.5777740478515625,3.1931405051887825,3.801928801495375,2.8184173130500425,nan,
cascade:runs/prune/p10/best.pt,0032,clean_inf,clean,inf,False,False,,,cvhi:common_voice_hi_38227751,36.391319274902344,36.45341873168945,0.9994243431276079,4.6325836181640625,3.576535875808844,3.7220274592893983,3.1401418102969267,nan,
cascade:runs/prune/p10/best.pt,0033,clean_inf,clean,inf,False,False,,,cvhi:common_voice_hi_24359483,34.30707550048828,34.30643081665039,0.9998047812289983,4.606540203094482,3.511152511279474,4.13460167150832,3.2714713263297903,nan,
cascade:runs/prune/p10/best.pt,0034,clean_inf,clean,inf,False,False,,,ls:2007-149877-0015,35.2131233215332,35.21694564819336,0.9999069590531356,4.619829177856445,3.6182641451263944,4.117029714215281,3.366349796815346,nan,
cascade:runs/prune/p10/best.pt,0035,clean_inf,clean,inf,False,False,,,cvhi:common_voice_hi_27761497,36.46309280395508,36.49599838256836,0.9995952954490267,4.607761859893799,3.24156362756804,3.9694835729661495,2.894958255643288,nan,
cascade:runs/prune/p10/best.pt,0036,clean_inf,clean,inf,False,False,,,cvhi:common_voice_hi_26127926,29.374635696411133,29.744300842285156,0.9997242503292062,4.589500904083252,2.5229883431812348,3.7141848988680826,2.278801376231555,nan,
cascade:runs/prune/p10/best.pt,0037,clean_inf,clean,inf,False,False,,,cvhi:common_voice_hi_26131736,35.175537109375,35.18637466430664,0.9998893672928304,4.573760032653809,3.210807027076607,3.9925814685784946,2.9233515225254987,nan,
cascade:runs/prune/p10/best.pt,0038,clean_inf,clean,inf,False,False,,,ls:2007-132570-0015,33.70490646362305,33.70307922363281,0.9998986936252928,4.619782447814941,3.5878087657663777,4.115683494613259,3.32947277770131,nan,
cascade:runs/prune/p10/best.pt,0039,clean_inf,clean,inf,False,False,,,cvhi:common_voice_hi_26088252,30.481895446777344,30.73686981201172,0.9997575624026683,4.5937089920043945,3.3646364397643675,4.022369470365975,3.072035140515424,nan,
cascade:runs/prune/p10/best.pt,0000,fault_burst_overload_0,impulsive+stationary,0.0,True,False,36.0,fault_burst_overload,cvhi:common_voice_hi_23796046,9.830005645751953,9.39993953704834,0.8098759925501202,1.5307385921478271,3.0606708455714355,3.999704993560882,2.723750311805924,0.42,
cascade:runs/prune/p10/best.pt,0001,fault_burst_overload_0,impulsive+stationary,0.0,True,False,36.0,fault_burst_overload,cvhi:common_voice_hi_26131366,9.292604446411133,8.758155822753906,0.8432083005218687,1.5156649351119995,3.024477252594843,3.6924495391154446,2.580005771960095,0.84,
cascade:runs/prune/p10/best.pt,0002,fault_burst_overload_0,impulsive+stationary,0.0,True,False,36.0,fault_burst_overload,cvhi:common_voice_hi_26151969,9.804516792297363,9.57673454284668,0.8509651604629107,1.5141770839691162,2.8570525153520046,3.9019427073950252,2.4518952874089073,1.94,
cascade:runs/prune/p10/best.pt,0003,fault_burst_overload_0,impulsive+stationary,0.0,True,False,36.0,fault_burst_overload,ls:2007-149877-0051,10.052045822143555,9.67745304107666,0.8820903595746673,1.4951207637786865,2.6488742666943206,3.557032932752053,2.193713198922694,0.98,
cascade:runs/prune/p10/best.pt,0004,fault_burst_overload_0,impulsive+stationary,0.0,True,False,36.0,fault_burst_overload,cvhi:common_voice_hi_27761498,7.523763179779053,6.703503131866455,0.7703413197394753,1.3269100189208984,2.4545647938552477,3.8183436981002137,2.047598356786539,0.6,
cascade:runs/prune/p10/best.pt,0005,fault_burst_overload_0,impulsive+stationary,0.0,True,False,36.0,fault_burst_overload,ls:2007-149877-0016,6.934459209442139,5.96716833114624,0.7734019900388965,1.3180195093154907,2.408320984617482,3.8212430178236874,2.1733612244693683,0.56,
cascade:runs/prune/p10/best.pt,0006,fault_burst_overload_0,impulsive+stationary,0.0,True,False,36.0,fault_burst_overload,cvhi:common_voice_hi_27761570,11.44968032836914,11.159463882446289,0.7866005960281256,1.899604082107544,2.7807119801738773,3.88860717801031,2.396551902603615,0.08,
cascade:runs/prune/p10/best.pt,0007,fault_burst_overload_0,impulsive+stationary,0.0,True,False,36.0,fault_burst_overload,ls:1081-125237-0098,5.581511974334717,4.185816764831543,0.8150761992864174,1.5285813808441162,3.2859158754454296,3.95220107665423,2.952366810348363,0.62,
cascade:runs/prune/p10/best.pt,0008,fault_burst_overload_0,impulsive+stationary,0.0,True,False,36.0,fault_burst_overload,cvhi:common_voice_hi_26131960,10.191007614135742,10.144524574279785,0.8213633404056138,2.054609775543213,2.698052619362539,3.570461384588082,2.1783338435526365,0.52,
cascade:runs/prune/p10/best.pt,0009,fault_burst_overload_0,impulsive+stationary,0.0,True,False,36.0,fault_burst_overload,ls:1081-125237-0101,8.52370834350586,7.92877197265625,0.8023585177617995,1.5201084613800049,3.320200805718983,3.8053216547715234,2.9011448192915035,0.7,
cascade:runs/prune/p10/best.pt,0010,fault_burst_overload_0,impulsive+stationary,0.0,True,False,36.0,fault_burst_overload,cvhi:common_voice_hi_24758412,7.306220531463623,6.456984996795654,0.8220313220849732,1.4691475629806519,2.3606495955950195,3.918500022903964,2.109631586021006,0.62,
cascade:runs/prune/p10/best.pt,0011,fault_burst_overload_0,impulsive+stationary,0.0,True,False,36.0,fault_burst_overload,ls:1081-125237-0052,8.782513618469238,8.34428882598877,0.8197301339132802,1.5058939456939697,3.2869315220258515,4.0504809172149905,2.9880256413049304,0.72,
cascade:runs/prune/p10/best.pt,0012,fault_burst_overload_0,impulsive+stationary,0.0,True,False,36.0,fault_burst_overload,cvhi:common_voice_hi_27761557,8.50938892364502,7.919239044189453,0.6266258372809772,1.4001474380493164,2.552576396461424,3.8923240075364074,2.1292910519541426,0.96,
cascade:runs/prune/p10/best.pt,0013,fault_burst_overload_0,impulsive+stationary,0.0,True,False,36.0,fault_burst_overload,cvhi:common_voice_hi_26018233,18.342262268066406,18.39808464050293,0.8339239162787246,1.5871672630310059,3.0554004146779667,3.4772624035274653,2.528971000814562,0.28,
cascade:runs/prune/p10/best.pt,0014,fault_burst_overload_0,impulsive+stationary,0.0,True,False,36.0,fault_burst_overload,cvhi:common_voice_hi_26127927,8.328927993774414,7.724003314971924,0.7440254082810732,1.3948242664337158,2.395610343942801,3.3839623314198213,1.9233541064651398,1.02,
cascade:runs/prune/p10/best.pt,0015,fault_burst_overload_0,impulsive+stationary,0.0,True,False,36.0,fault_burst_overload,ls:1926-147979-0029,11.99877643585205,12.215847969055176,0.9386374214383008,2.4450180530548096,2.4425733938377188,3.830086564719287,2.175472695972632,1.36,
cascade:runs/prune/p10/best.pt,0016,fault_burst_overload_0,impulsive+stationary,0.0,True,False,36.0,fault_burst_overload,ls:2007-132570-0015,7.750455856323242,7.0170488357543945,0.781538719745979,1.2708038091659546,2.369902009707186,3.7074540374471576,2.0614293097232284,3.12,
cascade:runs/prune/p10/best.pt,0017,fault_burst_overload_0,impulsive+stationary,0.0,True,False,36.0,fault_burst_overload,cvhi:common_voice_hi_27749189,4.948246955871582,4.425158977508545,0.7474428561605002,1.3876363039016724,2.480239196844464,3.6947810157070258,2.018283661173544,0.34,
cascade:runs/prune/p10/best.pt,0018,fault_burst_overload_0,impulsive+stationary,0.0,True,False,36.0,fault_burst_overload,ls:1926-147987-0018,9.278803825378418,8.734039306640625,0.8820751640730152,1.749424695968628,2.5032739136681865,3.6087035460735573,2.112801377207782,0.4,
cascade:runs/prune/p10/best.pt,0019,fault_burst_overload_0,impulsive+stationary,0.0,True,False,36.0,fault_burst_overload,ls:2007-132570-0032,12.861875534057617,12.631601333618164,0.8930223187585343,1.927823543548584,2.9312833827083304,3.9257910348736393,2.5767575817885606,0.3,
cascade:runs/prune/p10/best.pt,0020,fault_burst_overload_0,impulsive+stationary,0.0,True,False,36.0,fault_burst_overload,ls:1081-125237-0052,7.0359206199646,6.655404567718506,0.7310591940641457,1.6518951654434204,3.1580373137369198,4.08345023589095,2.8378945642591082,1.34,
cascade:runs/prune/p10/best.pt,0021,fault_burst_overload_0,impulsive+stationary,0.0,True,False,36.0,fault_burst_overload,cvhi:common_voice_hi_27369005,11.336799621582031,11.097315788269043,0.8011416569419079,1.460513710975647,2.5106194502100636,3.4783786223300526,2.09495470092388,1.72,
cascade:runs/prune/p10/best.pt,0022,fault_burst_overload_0,impulsive+stationary,0.0,True,False,36.0,fault_burst_overload,cvhi:common_voice_hi_25150965,10.475835800170898,10.244579315185547,0.9348496462225064,1.9338315725326538,2.5017432669019457,3.3736629946501338,2.050788754973734,1.16,
cascade:runs/prune/p10/best.pt,0023,fault_burst_overload_0,impulsive+stationary,0.0,True,False,36.0,fault_burst_overload,cvhi:common_voice_hi_27860132,8.033100128173828,7.307229995727539,0.8078867352970606,1.542485237121582,2.353290589342697,3.7779268578419076,1.9730752775072282,0.28,
cascade:runs/prune/p10/best.pt,0024,fault_burst_overload_0,impulsive+stationary,0.0,True,False,36.0,fault_burst_overload,ls:2007-132570-0056,9.051573753356934,8.483940124511719,0.7987351730788913,1.407862901687622,2.2419604336277406,3.227781285587675,1.8527175797933517,1.12,
cascade:runs/prune/p10/best.pt,0025,fault_burst_overload_0,impulsive+stationary,0.0,True,False,36.0,fault_burst_overload,cvhi:common_voice_hi_27444072,11.353226661682129,11.069321632385254,0.8247440338060239,1.7190349102020264,2.9482154160964376,4.123480845404075,2.5745099456230753,0.48,
cascade:runs/prune/p10/best.pt,0026,fault_burst_overload_0,impulsive+stationary,0.0,True,False,36.0,fault_burst_overload,cvhi:common_voice_hi_27761677,11.572406768798828,12.190330505371094,0.7499438576467439,1.6611299514770508,2.830802601823159,3.6304935448776687,2.2297854285794085,0.12,
cascade:runs/prune/p10/best.pt,0027,fault_burst_overload_0,impulsive+stationary,0.0,True,False,36.0,fault_burst_overload,cvhi:common_voice_hi_24359424,10.986881256103516,10.626649856567383,0.9266235558242354,1.9519587755203247,3.116761883325976,3.951228717357605,2.7651260339161623,0.48,
cascade:runs/prune/p10/best.pt,0028,fault_burst_overload_0,impulsive+stationary,0.0,True,False,36.0,fault_burst_overload,ls:1926-147979-0037,10.846868515014648,10.546446800231934,0.8466339685221894,1.8302172422409058,2.5910790124656624,3.6720837707142753,2.2053483123768087,0.46,
cascade:runs/prune/p10/best.pt,0029,fault_burst_overload_0,impulsive+stationary,0.0,True,False,36.0,fault_burst_overload,cvhi:common_voice_hi_26151924,1.2116076946258545,0.6695103645324707,0.812768366873574,1.1330785751342773,2.999914331874969,3.2708965808514296,2.4104817808339334,0.42,
cascade:runs/prune/p10/best.pt,0030,fault_burst_overload_0,impulsive+stationary,0.0,True,False,36.0,fault_burst_overload,ls:2007-149877-0053,8.338764190673828,7.916359901428223,0.8160084536389027,1.5423216819763184,2.3487409518138596,3.8048415094968417,2.1268433399957907,0.64,
cascade:runs/prune/p10/best.pt,0031,fault_burst_overload_0,impulsive+stationary,0.0,True,False,36.0,fault_burst_overload,cvhi:common_voice_hi_26088142,10.6494140625,10.74516773223877,0.8390845893697192,1.6345312595367432,2.7533380053883,3.4609643145708646,2.1486094789402626,0.32,
cascade:runs/prune/p10/best.pt,0032,fault_burst_overload_0,impulsive+stationary,0.0,True,False,36.0,fault_burst_overload,cvhi:common_voice_hi_27749300,8.166231155395508,7.839251518249512,0.7767073928554293,1.5302332639694214,2.472262310268908,3.5161078849771576,2.009981028577215,0.4,
cascade:runs/prune/p10/best.pt,0033,fault_burst_overload_0,impulsive+stationary,0.0,True,False,36.0,fault_burst_overload,cvhi:common_voice_hi_27860343,13.200387954711914,13.249298095703125,0.9228750299060045,2.7159676551818848,3.252974227842145,3.889360217968644,2.8351639593780655,0.44,
cascade:runs/prune/p10/best.pt,0034,fault_burst_overload_0,impulsive+stationary,0.0,True,False,36.0,fault_burst_overload,ls:1081-125237-0057,9.151495933532715,8.730628967285156,0.8584761345417762,1.9527487754821777,3.2654199097003804,4.099981994277678,2.9654241317363126,0.26,
cascade:runs/prune/p10/best.pt,0035,fault_burst_overload_0,impulsive+stationary,0.0,True,False,36.0,fault_burst_overload,cvhi:common_voice_hi_27749306,9.05997085571289,8.484935760498047,0.762323173052488,1.8666104078292847,2.3673244623158958,3.6619011652397706,1.9416518317484048,0.5,
cascade:runs/prune/p10/best.pt,0036,fault_burst_overload_0,impulsive+stationary,0.0,True,False,36.0,fault_burst_overload,cvhi:common_voice_hi_26131881,11.211825370788574,10.992612838745117,0.7108685153508478,1.3114757537841797,2.7194099558972242,3.900980568593792,2.4152090086731963,0.78,
cascade:runs/prune/p10/best.pt,0037,fault_burst_overload_0,impulsive+stationary,0.0,True,False,36.0,fault_burst_overload,cvhi:common_voice_hi_38227750,10.338640213012695,9.970481872558594,0.7467941054312873,1.5868163108825684,2.8099881889249327,3.687864663724178,2.350697484379623,0.52,
cascade:runs/prune/p10/best.pt,0038,fault_burst_overload_0,impulsive+stationary,0.0,True,False,36.0,fault_burst_overload,ls:1926-143879-0015,8.482922554016113,7.876768589019775,0.6156464767194972,1.5655664205551147,2.3319535787237227,3.5429635890419253,1.9523500751776424,1.08,
cascade:runs/prune/p10/best.pt,0039,fault_burst_overload_0,impulsive+stationary,0.0,True,False,36.0,fault_burst_overload,cvhi:common_voice_hi_24225980,10.243420600891113,9.836087226867676,0.8755791854395346,1.667435884475708,3.0971730337645327,3.7110037051845604,2.624599301086959,0.52,
cascade:runs/prune/p10/best.pt,0000,fault_burst_overload_5,impulsive+stationary,5.0,True,False,36.0,fault_burst_overload,cvhi:common_voice_hi_24758569,9.780500411987305,9.546834945678711,0.9475194076116868,1.7652723789215088,2.98312537467083,3.955955072597254,2.5742762298063426,1.04,
cascade:runs/prune/p10/best.pt,0001,fault_burst_overload_5,impulsive+stationary,5.0,True,False,36.0,fault_burst_overload,cvhi:common_voice_hi_25188959,6.567233085632324,5.6987762451171875,0.8257946130111822,1.3289074897766113,2.4774470254119993,3.525934670139219,2.086060904704899,0.6,
cascade:runs/prune/p10/best.pt,0002,fault_burst_overload_5,impulsive+stationary,5.0,True,False,36.0,fault_burst_overload,ls:1926-143879-0016,10.486017227172852,10.0940523147583,0.8444257065388846,1.4811352491378784,2.9935126136847385,3.8390667928900077,2.592211517088932,0.5,
cascade:runs/prune/p10/best.pt,0003,fault_burst_overload_5,impulsive+stationary,5.0,True,False,36.0,fault_burst_overload,ls:1081-125237-0094,7.0270586013793945,6.351962566375732,0.8203024806861227,1.461963176727295,3.3448695688912324,3.958199422317736,2.997993031056594,0.48,
cascade:runs/prune/p10/best.pt,0004,fault_burst_overload_5,impulsive+stationary,5.0,True,False,36.0,fault_burst_overload,cvhi:common_voice_hi_27761571,7.632863521575928,7.021980285644531,0.8664402855347216,1.4220185279846191,2.926510946914128,3.553712300942931,2.4262165246307283,0.8,
cascade:runs/prune/p10/best.pt,0005,fault_burst_overload_5,impulsive+stationary,5.0,True,False,36.0,fault_burst_overload,cvhi:common_voice_hi_27761474,12.470675468444824,12.33532428741455,0.8214861863026589,1.6218178272247314,2.3429091459844993,3.7758159935545814,1.9841431134681216,0.72,
cascade:runs/prune/p10/best.pt,0006,fault_burst_overload_5,impulsive+stationary,5.0,True,False,36.0,fault_burst_overload,ls:1926-147987-0016,13.808422088623047,13.630502700805664,0.930097769727847,2.5099573135375977,2.7503157831979084,3.603140503588537,2.361585753592455,0.56,
cascade:runs/prune/p10/best.pt,0007,fault_burst_overload_5,impulsive+stationary,5.0,True,False,36.0,fault_burst_overload,ls:2007-132570-0046,9.327685356140137,8.827568054199219,0.872263087689927,1.7043224573135376,2.885306891571295,3.9935602750451595,2.5435661721013263,0.62,
cascade:runs/prune/p10/best.pt,0008,fault_burst_overload_5,impulsive+stationary,5.0,True,False,36.0,fault_burst_overload,ls:1081-125237-0113,13.866004943847656,13.694292068481445,0.9333031863279746,2.576932907104492,3.4979928828875306,4.106973198016773,3.2339087841805076,1.16,
cascade:runs/prune/p10/best.pt,0009,fault_burst_overload_5,impulsive+stationary,5.0,True,False,36.0,fault_burst_overload,cvhi:common_voice_hi_25204281,8.214487075805664,7.849697589874268,0.9257686221288343,1.5944335460662842,2.6759865593072427,3.971989181333057,2.3118781370969086,1.0,
cascade:runs/prune/p10/best.pt,0010,fault_burst_overload_5,impulsive+stationary,5.0,True,False,36.0,fault_burst_overload,cvhi:common_voice_hi_27761615,15.006036758422852,15.256288528442383,0.8014245911312815,1.9417657852172852,3.006793162375949,3.9382726849246907,2.596899927935055,0.28,
cascade:runs/prune/p10/best.pt,0011,fault_burst_overload_5,impulsive+stationary,5.0,True,False,36.0,fault_burst_overload,cvhi:common_voice_hi_27761516,4.43281364440918,2.494232654571533,0.7054631591814818,1.3697314262390137,2.5856398306136956,3.9443261735223833,2.232403832591378,0.56,
cascade:runs/prune/p10/best.pt,0012,fault_burst_overload_5,impulsive+stationary,5.0,True,False,36.0,fault_burst_overload,ls:1081-125237-0084,6.812211990356445,5.9385271072387695,0.835406069230745,1.5685484409332275,3.4142279812087324,3.995284479555756,3.0887253958125993,0.54,
cascade:runs/prune/p10/best.pt,0013,fault_burst_overload_5,impulsive+stationary,5.0,True,False,36.0,fault_burst_overload,ls:1081-125237-0072,10.162657737731934,9.993390083312988,0.9224496029701189,1.8691918849945068,3.4934545358877127,3.98400838798739,3.136461852753533,0.66,
cascade:runs/prune/p10/best.pt,0014,fault_burst_overload_5,impulsive+stationary,5.0,True,False,36.0,fault_burst_overload,cvhi:common_voice_hi_24359434,9.956698417663574,9.810750961303711,0.8668281444528869,1.6806926727294922,2.61958722587211,3.766086781447904,2.259921190994317,0.6,
cascade:runs/prune/p10/best.pt,0015,fault_burst_overload_5,impulsive+stationary,5.0,True,False,36.0,fault_burst_overload,ls:2007-149877-0025,10.916847229003906,10.73492431640625,0.8907102245711573,1.7494781017303467,2.843939473946489,3.7995320880782044,2.484016887147955,0.42,
cascade:runs/prune/p10/best.pt,0016,fault_burst_overload_5,impulsive+stationary,5.0,True,False,36.0,fault_burst_overload,cvhi:common_voice_hi_28885861,11.468809127807617,12.055591583251953,0.9042569044948672,1.7448852062225342,2.879238991656149,4.032533191074895,2.514934778452558,0.1,
cascade:runs/prune/p10/best.pt,0017,fault_burst_overload_5,impulsive+stationary,5.0,True,False,36.0,fault_burst_overload,cvhi:common_voice_hi_24225939,11.297708511352539,11.05359935760498,0.8660999728511171,1.6694655418395996,2.905664940505058,3.887823138275441,2.494189430059349,0.34,
cascade:runs/prune/p10/best.pt,0018,fault_burst_overload_5,impulsive+stationary,5.0,True,False,36.0,fault_burst_overload,ls:1926-147987-0010,8.122827529907227,7.424888610839844,0.8749625588265253,1.798152208328247,3.335362353737074,3.9736534290219465,3.003254708499453,0.5,
cascade:runs/prune/p10/best.pt,0019,fault_burst_overload_5,impulsive+stationary,5.0,True,False,36.0,fault_burst_overload,ls:1926-143879-0046,11.06318473815918,11.203718185424805,0.9195630212146687,2.659555196762085,3.2580240290964313,3.856616314482177,2.7997193350606477,0.08,
cascade:runs/prune/p10/best.pt,0020,fault_burst_overload_5,impulsive+stationary,5.0,True,False,36.0,fault_burst_overload,cvhi:common_voice_hi_27749176,6.074652671813965,5.150137424468994,0.7030747728843006,1.3907837867736816,2.327010795825994,3.5855592140224104,1.7944918684327809,0.92,
cascade:runs/prune/p10/best.pt,0021,fault_burst_overload_5,impulsive+stationary,5.0,True,False,36.0,fault_burst_overload,ls:1926-143879-0025,12.9190673828125,12.901603698730469,0.7793344328608725,2.194728136062622,3.2472300374726135,3.8838678998302125,2.9017081190084504,0.86,
cascade:runs/prune/p10/best.pt,0022,fault_burst_overload_5,impulsive+stationary,5.0,True,False,36.0,fault_burst_overload,ls:1926-147979-0025,10.190300941467285,10.133169174194336,0.8529695142194581,1.796954870223999,2.6595975401772214,3.6362620216687507,2.199797331997975,0.96,
cascade:runs/prune/p10/best.pt,0023,fault_burst_overload_5,impulsive+stationary,5.0,True,False,36.0,fault_burst_overload,ls:2007-132570-0055,11.490863800048828,11.30489444732666,0.8399622576183252,1.7434357404708862,2.791430783693527,3.8149087420158008,2.46844214208027,0.46,
cascade:runs/prune/p10/best.pt,0024,fault_burst_overload_5,impulsive+stationary,5.0,True,False,36.0,fault_burst_overload,cvhi:common_voice_hi_24360601,0.9614738821983337,0.625411331653595,0.9915555597484408,1.469902515411377,3.2795763055024874,3.257042588983998,2.6252534175980506,0.4,
cascade:runs/prune/p10/best.pt,0025,fault_burst_overload_5,impulsive+stationary,5.0,True,False,36.0,fault_burst_overload,cvhi:common_voice_hi_26151976,13.75721549987793,13.574714660644531,0.9039803284636369,1.9600632190704346,3.2514632099762353,4.06036340137621,2.9374021825875736,2.02,
cascade:runs/prune/p10/best.pt,0026,fault_burst_overload_5,impulsive+stationary,5.0,True,False,36.0,fault_burst_overload,ls:1926-147987-0006,10.660548210144043,10.298943519592285,0.8508345900649418,1.6104645729064941,2.9042532705490594,3.974586235892561,2.5537658395831166,0.66,
cascade:runs/prune/p10/best.pt,0027,fault_burst_overload_5,impulsive+stationary,5.0,True,False,36.0,fault_burst_overload,cvhi:common_voice_hi_25149636,15.045267105102539,14.92820930480957,0.9837072607691801,2.624514102935791,3.4555531996114826,4.1757567204395025,3.1887628471707754,0.46,
cascade:runs/prune/p10/best.pt,0028,fault_burst_overload_5,impulsive+stationary,5.0,True,False,36.0,fault_burst_overload,ls:1081-125237-0003,11.259134292602539,11.158893585205078,0.8534435759943159,2.106229305267334,3.509749101954768,4.069674236046079,3.208922174955535,0.38,
cascade:runs/prune/p10/best.pt,0029,fault_burst_overload_5,impulsive+stationary,5.0,True,False,36.0,fault_burst_overload,cvhi:common_voice_hi_24758474,8.024767875671387,7.377847671508789,0.7453159279769038,1.631270408630371,2.3759045622373187,3.694569856672656,1.980638549126025,0.7,
cascade:runs/prune/p10/best.pt,0030,fault_burst_overload_5,impulsive+stationary,5.0,True,False,36.0,fault_burst_overload,cvhi:common_voice_hi_26132090,9.105354309082031,8.816414833068848,0.5848808466328015,1.1506919860839844,2.562432978809695,3.8049888921619974,2.1453602497773105,0.52,
cascade:runs/prune/p10/best.pt,0031,fault_burst_overload_5,impulsive+stationary,5.0,True,False,36.0,fault_burst_overload,cvhi:common_voice_hi_27761516,17.422529220581055,17.34319305419922,0.9269384226191114,2.398681402206421,3.03241565996468,4.075714663379455,2.615828117057316,0.16,
cascade:runs/prune/p10/best.pt,0032,fault_burst_overload_5,impulsive+stationary,5.0,True,False,36.0,fault_burst_overload,ls:1926-147987-0005,11.581782341003418,11.297771453857422,0.9284594617594749,1.9343502521514893,3.1927260790722256,3.7036470511601483,2.7197601489621035,0.04,
cascade:runs/prune/p10/best.pt,0033,fault_burst_overload_5,impulsive+stationary,5.0,True,False,36.0,fault_burst_overload,cvhi:common_voice_hi_37398692,10.518180847167969,10.131887435913086,0.7724772754591802,1.7501602172851562,2.1661934333898363,3.469155761841441,1.84051147335465,0.66,
cascade:runs/prune/p10/best.pt,0034,fault_burst_overload_5,impulsive+stationary,5.0,True,False,36.0,fault_burst_overload,ls:2007-132570-0009,10.323177337646484,10.02871036529541,0.8150248340634023,1.342613935470581,2.8934095690286648,3.9301514421406214,2.5492332867662433,1.28,
cascade:runs/prune/p10/best.pt,0035,fault_burst_overload_5,impulsive+stationary,5.0,True,False,36.0,fault_burst_overload,ls:1081-125237-0096,8.750102996826172,8.136066436767578,0.8893049096018538,1.625196933746338,3.121005228529402,3.697521899719442,2.70200849714221,inf,
cascade:runs/prune/p10/best.pt,0036,fault_burst_overload_5,impulsive+stationary,5.0,True,False,36.0,fault_burst_overload,cvhi:common_voice_hi_27749168,9.306534767150879,8.883585929870605,0.7919901062849493,1.7549943923950195,2.575686735768037,3.5717316698193313,2.0601759417986854,0.96,
cascade:runs/prune/p10/best.pt,0037,fault_burst_overload_5,impulsive+stationary,5.0,True,False,36.0,fault_burst_overload,cvhi:common_voice_hi_26131988,10.189632415771484,10.026983261108398,0.8019791517902478,1.680091142654419,2.600558317863316,4.0163418807841165,2.353914044010821,1.12,
cascade:runs/prune/p10/best.pt,0038,fault_burst_overload_5,impulsive+stationary,5.0,True,False,36.0,fault_burst_overload,cvhi:common_voice_hi_26897390,12.032151222229004,11.791248321533203,0.9503123610262946,2.3850221633911133,3.2178240395509032,4.08118311132411,2.875705855633368,0.2,
cascade:runs/prune/p10/best.pt,0039,fault_burst_overload_5,impulsive+stationary,5.0,True,False,36.0,fault_burst_overload,cvhi:common_voice_hi_24225980,11.235342979431152,10.93797779083252,0.8657720723380471,1.6159369945526123,2.7625700750708093,3.8037493513649503,2.3772753818270567,0.32,
cascade:runs/prune/p10/best.pt,0000,fault_burst_p24dB_0,impulsive+stationary,0.0,False,False,24.0,fault_burst_p24dB,cvhi:common_voice_hi_23796046,12.078169822692871,11.835269927978516,0.8363707772072125,1.7615389823913574,2.8934262512642004,2.84302105399523,2.19172742952356,0.2,
cascade:runs/prune/p10/best.pt,0001,fault_burst_p24dB_0,impulsive+stationary,0.0,False,False,24.0,fault_burst_p24dB,cvhi:common_voice_hi_26131366,12.829633712768555,12.608956336975098,0.8954799652658657,1.8611712455749512,2.8439841985587457,3.542509702520295,2.4314426803843157,0.82,
cascade:runs/prune/p10/best.pt,0002,fault_burst_p24dB_0,impulsive+stationary,0.0,False,False,24.0,fault_burst_p24dB,cvhi:common_voice_hi_26151969,9.737991333007812,9.565132141113281,0.843159977802873,1.4791512489318848,2.723419288227262,3.712733019994735,2.363718348530315,1.92,
cascade:runs/prune/p10/best.pt,0003,fault_burst_p24dB_0,impulsive+stationary,0.0,False,False,24.0,fault_burst_p24dB,ls:2007-149877-0051,10.496264457702637,10.264147758483887,0.8837968427305963,1.5602073669433594,2.179784984521429,3.4272258314676547,1.8719559370524275,0.68,
cascade:runs/prune/p10/best.pt,0004,fault_burst_p24dB_0,impulsive+stationary,0.0,False,False,24.0,fault_burst_p24dB,cvhi:common_voice_hi_27761498,10.692302703857422,10.366369247436523,0.8091503493651633,1.6088794469833374,2.7050876310075975,3.8569148579192936,2.3879443695688174,0.1,
cascade:runs/prune/p10/best.pt,0005,fault_burst_p24dB_0,impulsive+stationary,0.0,False,False,24.0,fault_burst_p24dB,ls:2007-149877-0016,8.632425308227539,8.034433364868164,0.8252129475125383,1.5427125692367554,2.7262782725728796,3.895928556902624,2.471771295541083,0.16,
cascade:runs/prune/p10/best.pt,0006,fault_burst_p24dB_0,impulsive+stationary,0.0,False,False,24.0,fault_burst_p24dB,cvhi:common_voice_hi_27761570,11.974752426147461,11.720868110656738,0.794843993437458,1.9637041091918945,2.6371787759119427,3.776583818716798,2.284114374641847,0.0,
cascade:runs/prune/p10/best.pt,0007,fault_burst_p24dB_0,impulsive+stationary,0.0,False,False,24.0,fault_burst_p24dB,ls:1081-125237-0098,7.609493732452393,6.783282279968262,0.8899242201734985,1.909735918045044,3.2867641107105325,3.9769572452952717,3.006699841881478,0.56,
cascade:runs/prune/p10/best.pt,0008,fault_burst_p24dB_0,impulsive+stationary,0.0,False,False,24.0,fault_burst_p24dB,cvhi:common_voice_hi_26131960,11.522645950317383,11.502360343933105,0.844738765660253,2.29490065574646,2.44850072355059,3.4897612614241242,2.1361647444510266,0.4,
cascade:runs/prune/p10/best.pt,0009,fault_burst_p24dB_0,impulsive+stationary,0.0,False,False,24.0,fault_burst_p24dB,ls:1081-125237-0101,8.775165557861328,8.239897727966309,0.8251065943973718,1.5702881813049316,3.316987075080396,3.626881952361181,2.858892100160252,0.42,
cascade:runs/prune/p10/best.pt,0010,fault_burst_p24dB_0,impulsive+stationary,0.0,False,False,24.0,fault_burst_p24dB,cvhi:common_voice_hi_24758412,8.956255912780762,8.372641563415527,0.8663765938539725,1.6230738162994385,2.094563615514716,3.694793750422126,1.9096506306027623,0.32,
cascade:runs/prune/p10/best.pt,0011,fault_burst_p24dB_0,impulsive+stationary,0.0,False,False,24.0,fault_burst_p24dB,ls:1081-125237-0052,9.564672470092773,9.250032424926758,0.831820308180077,1.6132537126541138,3.0518370073293517,3.8205935496618126,2.723120434872041,0.06,
cascade:runs/prune/p10/best.pt,0012,fault_burst_p24dB_0,impulsive+stationary,0.0,False,False,24.0,fault_burst_p24dB,cvhi:common_voice_hi_27761557,9.705921173095703,9.356623649597168,0.6584974199547655,1.5421700477600098,2.520062171017467,3.551731075774932,2.129402560404434,0.0,
cascade:runs/prune/p10/best.pt,0013,fault_burst_p24dB_0,impulsive+stationary,0.0,False,False,24.0,fault_burst_p24dB,cvhi:common_voice_hi_26018233,19.39112663269043,19.64202308654785,0.8784908760409688,1.9765257835388184,3.0681804324693496,2.974954219130861,2.369282183688975,0.76,
cascade:runs/prune/p10/best.pt,0014,fault_burst_p24dB_0,impulsive+stationary,0.0,False,False,24.0,fault_burst_p24dB,cvhi:common_voice_hi_26127927,8.512238502502441,7.932801246643066,0.75806362509433,1.4199471473693848,2.531391515445078,3.501451351531126,2.14194844118681,0.8,
cascade:runs/prune/p10/best.pt,0015,fault_burst_p24dB_0,impulsive+stationary,0.0,False,False,24.0,fault_burst_p24dB,ls:1926-147979-0029,13.262678146362305,13.614089965820312,0.9522658396523511,2.57649827003479,2.9560708206097934,3.7855630421887394,2.654989993005556,1.2,
cascade:runs/prune/p10/best.pt,0016,fault_burst_p24dB_0,impulsive+stationary,0.0,False,False,24.0,fault_burst_p24dB,ls:2007-132570-0015,9.365074157714844,8.865286827087402,0.8100572350146988,1.3437464237213135,2.1847323199585436,3.615285387823141,1.9545422136344892,0.3,
cascade:runs/prune/p10/best.pt,0017,fault_burst_p24dB_0,impulsive+stationary,0.0,False,False,24.0,fault_burst_p24dB,cvhi:common_voice_hi_27749189,6.007912635803223,5.549776077270508,0.7970333185046564,1.5182894468307495,2.4420314799591525,3.8585163724664486,2.134474659301729,0.34,
cascade:runs/prune/p10/best.pt,0018,fault_burst_p24dB_0,impulsive+stationary,0.0,False,False,24.0,fault_burst_p24dB,ls:1926-147987-0018,9.661258697509766,9.177233695983887,0.8978382924741106,1.8569021224975586,2.841569223214948,2.9037415503767203,2.1741728660297945,0.48,
cascade:runs/prune/p10/best.pt,0019,fault_burst_p24dB_0,impulsive+stationary,0.0,False,False,24.0,fault_burst_p24dB,ls:2007-132570-0032,13.122299194335938,12.905440330505371,0.8972346919982104,2.1202619075775146,2.870285512094738,3.672659461246993,2.5221919142218945,0.02,
cascade:runs/prune/p10/best.pt,0020,fault_burst_p24dB_0,impulsive+stationary,0.0,False,False,24.0,fault_burst_p24dB,ls:1081-125237-0052,7.281527519226074,6.997651100158691,0.7408391846918541,1.7482938766479492,3.1239092609125416,4.07343614567406,2.8236723177448906,1.04,
cascade:runs/prune/p10/best.pt,0021,fault_burst_p24dB_0,impulsive+stationary,0.0,False,False,24.0,fault_burst_p24dB,cvhi:common_voice_hi_27369005,13.067351341247559,12.911720275878906,0.8533744294845662,1.676516056060791,2.214209604931797,3.4836301309260316,1.9146571426394425,0.0,
cascade:runs/prune/p10/best.pt,0022,fault_burst_p24dB_0,impulsive+stationary,0.0,False,False,24.0,fault_burst_p24dB,cvhi:common_voice_hi_25150965,12.423492431640625,12.273828506469727,0.9532423403877047,2.234307289123535,2.857289827085006,3.7614366808345165,2.544842084323829,0.54,
cascade:runs/prune/p10/best.pt,0023,fault_burst_p24dB_0,impulsive+stationary,0.0,False,False,24.0,fault_burst_p24dB,cvhi:common_voice_hi_27860132,10.036174774169922,9.696844100952148,0.8607352584839856,1.8822996616363525,2.1223626613206164,3.7105982973861193,1.8687222446521266,0.0,
cascade:runs/prune/p10/best.pt,0024,fault_burst_p24dB_0,impulsive+stationary,0.0,False,False,24.0,fault_burst_p24dB,ls:2007-132570-0056,10.055734634399414,9.60744571685791,0.8234093233361345,1.4798460006713867,2.4139838230738304,3.2002372563321493,2.0165352091383237,0.9,
cascade:runs/prune/p10/best.pt,0025,fault_burst_p24dB_0,impulsive+stationary,0.0,False,False,24.0,fault_burst_p24dB,cvhi:common_voice_hi_27444072,14.502715110778809,14.388237953186035,0.9047575151979896,2.265958070755005,3.009437237555783,4.046147781393071,2.7439331873803146,0.26,
cascade:runs/prune/p10/best.pt,0026,fault_burst_p24dB_0,impulsive+stationary,0.0,False,False,24.0,fault_burst_p24dB,cvhi:common_voice_hi_27761677,12.483235359191895,13.153973579406738,0.8051090349946693,1.9365545511245728,2.9205328190702837,3.643977386954985,2.463968725190736,0.1,
cascade:runs/prune/p10/best.pt,0027,fault_burst_p24dB_0,impulsive+stationary,0.0,False,False,24.0,fault_burst_p24dB,cvhi:common_voice_hi_24359424,12.231921195983887,11.965099334716797,0.9411180862694535,2.1599817276000977,3.2146893663923577,3.9510822434333335,2.9235031265150573,0.02,
cascade:runs/prune/p10/best.pt,0028,fault_burst_p24dB_0,impulsive+stationary,0.0,False,False,24.0,fault_burst_p24dB,ls:1926-147979-0037,10.979403495788574,10.702906608581543,0.855245494751317,1.9280816316604614,2.9681449066940715,3.447030574548413,2.5064992047903045,0.0,
cascade:runs/prune/p10/best.pt,0029,fault_burst_p24dB_0,impulsive+stationary,0.0,False,False,24.0,fault_burst_p24dB,cvhi:common_voice_hi_26151924,3.7230615615844727,2.9242115020751953,0.8193006200971887,1.1957381963729858,2.688107686490051,3.2952687029758554,2.183574581546285,0.42,
cascade:runs/prune/p10/best.pt,0030,fault_burst_p24dB_0,impulsive+stationary,0.0,False,False,24.0,fault_burst_p24dB,ls:2007-149877-0053,9.171408653259277,8.93285846710205,0.8536246680802348,1.72162926197052,2.3033626872366058,3.565357710115423,2.056184986366964,0.34,
cascade:runs/prune/p10/best.pt,0031,fault_burst_p24dB_0,impulsive+stationary,0.0,False,False,24.0,fault_burst_p24dB,cvhi:common_voice_hi_26088142,10.600944519042969,10.827845573425293,0.8382389591845745,1.6957669258117676,2.3991137410075156,3.2549703205432245,1.9269145795604605,0.0,
cascade:runs/prune/p10/best.pt,0032,fault_burst_p24dB_0,impulsive+stationary,0.0,False,False,24.0,fault_burst_p24dB,cvhi:common_voice_hi_27749300,8.692511558532715,8.369972229003906,0.7975913600315879,1.6908680200576782,2.727138743397804,3.776141442159595,2.3463653733311425,0.36,
cascade:runs/prune/p10/best.pt,0033,fault_burst_p24dB_0,impulsive+stationary,0.0,False,False,24.0,fault_burst_p24dB,cvhi:common_voice_hi_27860343,13.518573760986328,13.639540672302246,0.9330186669679468,2.8572797775268555,3.287675442112826,3.7701119750156886,2.861185492224079,0.48,
cascade:runs/prune/p10/best.pt,0034,fault_burst_p24dB_0,impulsive+stationary,0.0,False,False,24.0,fault_burst_p24dB,ls:1081-125237-0057,9.377108573913574,8.977514266967773,0.8434659628666346,1.975278377532959,3.4410774364444694,4.045261784125315,3.175948044838779,0.44,
cascade:runs/prune/p10/best.pt,0035,fault_burst_p24dB_0,impulsive+stationary,0.0,False,False,24.0,fault_burst_p24dB,cvhi:common_voice_hi_27749306,9.240795135498047,8.709161758422852,0.7743128218833675,1.9100607633590698,2.315069549441973,3.7132722063651693,2.0043154107938044,0.54,
cascade:runs/prune/p10/best.pt,0036,fault_burst_p24dB_0,impulsive+stationary,0.0,False,False,24.0,fault_burst_p24dB,cvhi:common_voice_hi_26131881,11.457715034484863,11.259088516235352,0.7213930775179311,1.4706830978393555,2.397025185140311,3.8272396182616655,2.172005072330463,0.78,
cascade:runs/prune/p10/best.pt,0037,fault_burst_p24dB_0,impulsive+stationary,0.0,False,False,24.0,fault_burst_p24dB,cvhi:common_voice_hi_38227750,11.656944274902344,11.40153694152832,0.7668861449292746,1.7180616855621338,3.0702895507490267,3.848990551331453,2.7406926108852154,0.38,
cascade:runs/prune/p10/best.pt,0038,fault_burst_p24dB_0,impulsive+stationary,0.0,False,False,24.0,fault_burst_p24dB,ls:1926-143879-0015,8.578330993652344,7.995419979095459,0.6404147872706379,1.5970606803894043,2.5560306024050905,3.29620408191927,2.1479936988375625,1.08,
cascade:runs/prune/p10/best.pt,0039,fault_burst_p24dB_0,impulsive+stationary,0.0,False,False,24.0,fault_burst_p24dB,cvhi:common_voice_hi_24225980,10.507129669189453,10.145654678344727,0.8914542302911438,1.7902824878692627,2.8582114163530616,3.6180537258543666,2.4808632970913402,0.52,
cascade:runs/prune/p10/best.pt,0000,fault_burst_p24dB_5,impulsive+stationary,5.0,False,False,24.0,fault_burst_p24dB,cvhi:common_voice_hi_24758569,15.970504760742188,15.874343872070312,0.9766636490129074,2.415900945663452,3.3040480213326906,4.019369883125453,3.001703375635175,0.36,
cascade:runs/prune/p10/best.pt,0001,fault_burst_p24dB_5,impulsive+stationary,5.0,False,False,24.0,fault_burst_p24dB,cvhi:common_voice_hi_25188959,11.193059921264648,11.191388130187988,0.8829168339212403,1.4826130867004395,2.0263949147060156,3.3325600661741994,1.7392454572470546,0.32,
cascade:runs/prune/p10/best.pt,0002,fault_burst_p24dB_5,impulsive+stationary,5.0,False,False,24.0,fault_burst_p24dB,ls:1926-143879-0016,11.43813705444336,11.133859634399414,0.8600735330493335,1.6779084205627441,3.204236840022955,3.6268536568902814,2.7493775698378773,0.2,
cascade:runs/prune/p10/best.pt,0003,fault_burst_p24dB_5,impulsive+stationary,5.0,False,False,24.0,fault_burst_p24dB,ls:1081-125237-0094,10.485997200012207,10.19434928894043,0.9237559770538286,1.779679775238037,3.248183103136,3.7942179343303115,2.882278020944272,0.44,
cascade:runs/prune/p10/best.pt,0004,fault_burst_p24dB_5,impulsive+stationary,5.0,False,False,24.0,fault_burst_p24dB,cvhi:common_voice_hi_27761571,10.35300064086914,9.93297004699707,0.913615914166626,2.116325616836548,2.7847044607410347,3.6409020160533725,2.37796038633773,0.1,
cascade:runs/prune/p10/best.pt,0005,fault_burst_p24dB_5,impulsive+stationary,5.0,False,False,24.0,fault_burst_p24dB,cvhi:common_voice_hi_27761474,14.052934646606445,14.057049751281738,0.841157866521049,1.9163458347320557,2.4171538775243717,3.4843488203011588,2.036445952404079,0.72,
cascade:runs/prune/p10/best.pt,0006,fault_burst_p24dB_5,impulsive+stationary,5.0,False,False,24.0,fault_burst_p24dB,ls:1926-147987-0016,15.498516082763672,15.377361297607422,0.9459162714695656,2.9154131412506104,3.0451185922660673,3.8851262675175837,2.795441336305107,0.06,
cascade:runs/prune/p10/best.pt,0007,fault_burst_p24dB_5,impulsive+stationary,5.0,False,False,24.0,fault_burst_p24dB,ls:2007-132570-0046,12.946161270141602,12.827595710754395,0.9038338892714852,1.971282720565796,3.1211626412290494,3.885800885159391,2.790915462431281,0.48,
cascade:runs/prune/p10/best.pt,0008,fault_burst_p24dB_5,impulsive+stationary,5.0,False,False,24.0,fault_burst_p24dB,ls:1081-125237-0113,15.334470748901367,15.209356307983398,0.9521986229142942,3.226377248764038,3.508536677710366,4.09078139389662,3.2427112982228214,0.02,
cascade:runs/prune/p10/best.pt,0009,fault_burst_p24dB_5,impulsive+stationary,5.0,False,False,24.0,fault_burst_p24dB,cvhi:common_voice_hi_25204281,11.651135444641113,11.714666366577148,0.962768707386047,2.190826416015625,2.452498330852643,3.9183212028067533,2.263882207095486,0.96,
cascade:runs/prune/p10/best.pt,0010,fault_burst_p24dB_5,impulsive+stationary,5.0,False,False,24.0,fault_burst_p24dB,cvhi:common_voice_hi_27761615,15.863824844360352,16.14518928527832,0.8080912131578754,2.062451124191284,2.967196447552831,3.890130804017743,2.6034808736313906,0.2,
cascade:runs/prune/p10/best.pt,0011,fault_burst_p24dB_5,impulsive+stationary,5.0,False,False,24.0,fault_burst_p24dB,cvhi:common_voice_hi_27761516,11.936307907104492,11.692391395568848,0.801956207456331,1.8365941047668457,3.0190687423826827,4.003833017861243,2.69994604473381,0.12,
cascade:runs/prune/p10/best.pt,0012,fault_burst_p24dB_5,impulsive+stationary,5.0,False,False,24.0,fault_burst_p24dB,ls:1081-125237-0084,8.306164741516113,7.700049877166748,0.9164120734617004,2.0518715381622314,3.4347883296788293,4.0255231722481035,3.146273776079939,0.44,
cascade:runs/prune/p10/best.pt,0013,fault_burst_p24dB_5,impulsive+stationary,5.0,False,False,24.0,fault_burst_p24dB,ls:1081-125237-0072,11.028870582580566,10.99951171875,0.9324794703033733,1.918690800666809,3.5156304678316386,3.954664258489859,3.1870671733427356,0.0,
cascade:runs/prune/p10/best.pt,0014,fault_burst_p24dB_5,impulsive+stationary,5.0,False,False,24.0,fault_burst_p24dB,cvhi:common_voice_hi_24359434,13.304251670837402,13.79727554321289,0.9321782936216504,1.9762451648712158,2.9973978696961807,3.8302602166826443,2.6746121071396916,0.44,
cascade:runs/prune/p10/best.pt,0015,fault_burst_p24dB_5,impulsive+stationary,5.0,False,False,24.0,fault_burst_p24dB,ls:2007-149877-0025,11.962453842163086,11.874687194824219,0.9045625293575521,1.8473670482635498,3.0090784270768447,3.3767030316860653,2.4906452935614243,0.34,
cascade:runs/prune/p10/best.pt,0016,fault_burst_p24dB_5,impulsive+stationary,5.0,False,False,24.0,fault_burst_p24dB,cvhi:common_voice_hi_28885861,12.635106086730957,13.874927520751953,0.927539634263829,2.023388624191284,2.7860869208755314,3.5604741519890077,2.305200590994732,0.04,
cascade:runs/prune/p10/best.pt,0017,fault_burst_p24dB_5,impulsive+stationary,5.0,False,False,24.0,fault_burst_p24dB,cvhi:common_voice_hi_24225939,11.479153633117676,11.282167434692383,0.8673091394809805,1.732598900794983,2.7716536066795414,3.8704984106487528,2.4630151762778176,0.96,
cascade:runs/prune/p10/best.pt,0018,fault_burst_p24dB_5,impulsive+stationary,5.0,False,False,24.0,fault_burst_p24dB,ls:1926-147987-0010,11.704952239990234,11.456043243408203,0.9166437019007948,2.127713680267334,3.3057636819420146,3.768453587038697,2.930082178983355,0.16,
cascade:runs/prune/p10/best.pt,0019,fault_burst_p24dB_5,impulsive+stationary,5.0,False,False,24.0,fault_burst_p24dB,ls:1926-143879-0046,13.245944023132324,13.729944229125977,0.9350534170258927,2.9375410079956055,3.2432821777167216,3.8912840162692426,2.8876229542034375,0.0,
cascade:runs/prune/p10/best.pt,0020,fault_burst_p24dB_5,impulsive+stationary,5.0,False,False,24.0,fault_burst_p24dB,cvhi:common_voice_hi_27749176,7.944777488708496,7.6457109451293945,0.7321644753809418,1.7038912773132324,3.1269213621031096,3.0060826348227576,2.292211315943915,0.34,
cascade:runs/prune/p10/best.pt,0021,fault_burst_p24dB_5,impulsive+stationary,5.0,False,False,24.0,fault_burst_p24dB,ls:1926-143879-0025,13.260416984558105,13.199997901916504,0.7983608696069685,2.2480742931365967,3.2858180907246113,3.736155597248109,2.9144682878327934,0.86,
cascade:runs/prune/p10/best.pt,0022,fault_burst_p24dB_5,impulsive+stationary,5.0,False,False,24.0,fault_burst_p24dB,ls:1926-147979-0025,11.6676664352417,11.711553573608398,0.8991484254586856,2.2458577156066895,3.0584065829726907,3.8189881233721783,2.7387690893149053,1.08,
cascade:runs/prune/p10/best.pt,0023,fault_burst_p24dB_5,impulsive+stationary,5.0,False,False,24.0,fault_burst_p24dB,ls:2007-132570-0055,13.865824699401855,13.706345558166504,0.8524876612985359,1.9035980701446533,2.8751033260009637,3.6565452280610318,2.5128054974822565,0.4,
cascade:runs/prune/p10/best.pt,0024,fault_burst_p24dB_5,impulsive+stationary,5.0,False,False,24.0,fault_burst_p24dB,cvhi:common_voice_hi_24360601,1.6442158222198486,1.3710880279541016,0.9951818420483599,1.7285842895507812,3.6158662778348223,3.0810191435498835,2.7631633676031684,0.22,
cascade:runs/prune/p10/best.pt,0025,fault_burst_p24dB_5,impulsive+stationary,5.0,False,False,24.0,fault_burst_p24dB,cvhi:common_voice_hi_26151976,14.081530570983887,13.963727951049805,0.9092602474935214,2.0265660285949707,3.1473039452999525,3.908068173242386,2.819310787999099,2.06,
cascade:runs/prune/p10/best.pt,0026,fault_burst_p24dB_5,impulsive+stationary,5.0,False,False,24.0,fault_burst_p24dB,ls:1926-147987-0006,11.564043998718262,11.281259536743164,0.8680188075364349,1.8119481801986694,2.9892776837556925,3.779201948665545,2.6455238639405856,0.62,
cascade:runs/prune/p10/best.pt,0027,fault_burst_p24dB_5,impulsive+stationary,5.0,False,False,24.0,fault_burst_p24dB,cvhi:common_voice_hi_25149636,16.287952423095703,16.189332962036133,0.9862246723679996,2.7590174674987793,3.4244222932500246,4.154304953174492,3.175418516711893,0.94,
cascade:runs/prune/p10/best.pt,0028,fault_burst_p24dB_5,impulsive+stationary,5.0,False,False,24.0,fault_burst_p24dB,ls:1081-125237-0003,12.55240249633789,12.465877532958984,0.8788132590983088,2.391503095626831,3.6148211757204667,4.059195880188383,3.3113980438555886,0.0,
cascade:runs/prune/p10/best.pt,0029,fault_burst_p24dB_5,impulsive+stationary,5.0,False,False,24.0,fault_burst_p24dB,cvhi:common_voice_hi_24758474,9.902032852172852,9.531205177307129,0.8081244415250575,1.8688042163848877,2.852616183801964,3.7772715991979258,2.5132358196896574,0.7,
cascade:runs/prune/p10/best.pt,0030,fault_burst_p24dB_5,impulsive+stationary,5.0,False,False,24.0,fault_burst_p24dB,cvhi:common_voice_hi_26132090,12.417556762695312,12.242633819580078,0.6726030753963138,1.3452949523925781,2.439298318736695,3.702947289044043,2.108722520316354,0.0,
cascade:runs/prune/p10/best.pt,0031,fault_burst_p24dB_5,impulsive+stationary,5.0,False,False,24.0,fault_burst_p24dB,cvhi:common_voice_hi_27761516,17.89082145690918,17.81987190246582,0.9372003400101361,2.4867310523986816,3.1354672239879613,4.011830034347822,2.8005338623852425,0.12,
cascade:runs/prune/p10/best.pt,0032,fault_burst_p24dB_5,impulsive+stationary,5.0,False,False,24.0,fault_burst_p24dB,ls:1926-147987-0005,12.248769760131836,11.994155883789062,0.940894798773884,2.1157896518707275,3.357035217937257,3.705463562124617,2.926355841032234,0.3,
cascade:runs/prune/p10/best.pt,0033,fault_burst_p24dB_5,impulsive+stationary,5.0,False,False,24.0,fault_burst_p24dB,cvhi:common_voice_hi_37398692,12.317436218261719,12.074359893798828,0.8086826016061714,1.8671300411224365,2.1006338538547094,3.456927687607678,1.8205096302902395,0.64,
cascade:runs/prune/p10/best.pt,0034,fault_burst_p24dB_5,impulsive+stationary,5.0,False,False,24.0,fault_burst_p24dB,ls:2007-132570-0009,10.781575202941895,10.617525100708008,0.823174087317347,1.3459798097610474,2.4850826355959046,3.638865996856601,2.1481894322815847,1.48,
cascade:runs/prune/p10/best.pt,0035,fault_burst_p24dB_5,impulsive+stationary,5.0,False,False,24.0,fault_burst_p24dB,ls:1081-125237-0096,9.434682846069336,8.982828140258789,0.9116901279787025,1.9125149250030518,3.18625365143186,3.727659895390321,2.800389729246455,1.36,
cascade:runs/prune/p10/best.pt,0036,fault_burst_p24dB_5,impulsive+stationary,5.0,False,False,24.0,fault_burst_p24dB,cvhi:common_voice_hi_27749168,13.005315780639648,12.980764389038086,0.8159386272575643,2.002549886703491,2.7860228978880315,3.906249246980644,2.4151704982826225,0.0,
cascade:runs/prune/p10/best.pt,0037,fault_burst_p24dB_5,impulsive+stationary,5.0,False,False,24.0,fault_burst_p24dB,cvhi:common_voice_hi_26131988,10.246663093566895,10.175365447998047,0.827488861185743,1.731569766998291,2.4925366723151576,3.9857962408657963,2.2723425264624266,1.2,
cascade:runs/prune/p10/best.pt,0038,fault_burst_p24dB_5,impulsive+stationary,5.0,False,False,24.0,fault_burst_p24dB,cvhi:common_voice_hi_26897390,12.66226863861084,12.613208770751953,0.9569171391211354,2.484941005706787,3.315595300365395,4.017440011986344,3.0037067512673326,0.3,
cascade:runs/prune/p10/best.pt,0039,fault_burst_p24dB_5,impulsive+stationary,5.0,False,False,24.0,fault_burst_p24dB,cvhi:common_voice_hi_24225980,11.551864624023438,11.314044952392578,0.8822426669678513,1.7982186079025269,2.5944779250013736,3.4930269667553544,2.218092616471619,0.22,
cascade:runs/prune/p10/best.pt,0000,fault_burst_p36dB_0,impulsive+stationary,0.0,False,False,36.0,fault_burst_p36dB,cvhi:common_voice_hi_23796046,10.64529800415039,10.309879302978516,0.8162189666585468,1.4826977252960205,3.0947032176587492,3.9297929983364472,2.735184710776313,0.42,
cascade:runs/prune/p10/best.pt,0001,fault_burst_p36dB_0,impulsive+stationary,0.0,False,False,36.0,fault_burst_p36dB,cvhi:common_voice_hi_26131366,9.631326675415039,9.142295837402344,0.8503053047884133,1.542809247970581,3.03592505320258,3.753461016796315,2.6223936965742993,0.84,
cascade:runs/prune/p10/best.pt,0002,fault_burst_p36dB_0,impulsive+stationary,0.0,False,False,36.0,fault_burst_p36dB,cvhi:common_voice_hi_26151969,9.807050704956055,9.580164909362793,0.8510740846106774,1.507235050201416,2.801922527044495,3.9032809423265906,2.396989720172714,1.92,
cascade:runs/prune/p10/best.pt,0003,fault_burst_p36dB_0,impulsive+stationary,0.0,False,False,36.0,fault_burst_p36dB,ls:2007-149877-0051,10.189027786254883,9.84600830078125,0.8820725518106168,1.4895272254943848,2.570781407693553,3.7032570106234504,2.192029803039197,1.04,
cascade:runs/prune/p10/best.pt,0004,fault_burst_p36dB_0,impulsive+stationary,0.0,False,False,36.0,fault_burst_p36dB,cvhi:common_voice_hi_27761498,7.769083499908447,7.000317573547363,0.772979505308087,1.3351820707321167,2.449764134111374,3.8677214259368293,2.0648758974391086,0.6,
cascade:runs/prune/p10/best.pt,0005,fault_burst_p36dB_0,impulsive+stationary,0.0,False,False,36.0,fault_burst_p36dB,ls:2007-149877-0016,7.268928527832031,6.376708984375,0.7877727080919931,1.2812364101409912,2.4672313740239593,3.8681513400422425,2.2245416565690115,0.56,
cascade:runs/prune/p10/best.pt,0006,fault_burst_p36dB_0,impulsive+stationary,0.0,False,False,36.0,fault_burst_p36dB,cvhi:common_voice_hi_27761570,11.579185485839844,11.301054954528809,0.7861654966657401,1.9404425621032715,2.784904608073274,3.8909178049224593,2.4065981135132795,0.08,
cascade:runs/prune/p10/best.pt,0007,fault_burst_p36dB_0,impulsive+stationary,0.0,False,False,36.0,fault_burst_p36dB,ls:1081-125237-0098,6.215428829193115,5.029523849487305,0.8448990087316285,1.574270486831665,3.186746418494651,3.8273485209238,2.8283127122150686,0.62,
cascade:runs/prune/p10/best.pt,0008,fault_burst_p36dB_0,impulsive+stationary,0.0,False,False,36.0,fault_burst_p36dB,cvhi:common_voice_hi_26131960,10.293983459472656,10.268445014953613,0.828038008466941,2.1043295860290527,2.670267141111719,3.5798994301469373,2.156389612389961,0.52,
cascade:runs/prune/p10/best.pt,0009,fault_burst_p36dB_0,impulsive+stationary,0.0,False,False,36.0,fault_burst_p36dB,ls:1081-125237-0101,8.533027648925781,7.945204734802246,0.8045818972425782,1.5312222242355347,3.346684222531697,3.7615120486722127,2.905169567568691,0.7,
cascade:runs/prune/p10/best.pt,0010,fault_burst_p36dB_0,impulsive+stationary,0.0,False,False,36.0,fault_burst_p36dB,cvhi:common_voice_hi_24758412,7.353541374206543,6.489172458648682,0.8217920537208412,1.4657329320907593,2.3385739133608827,3.9617861004137556,2.116505897493607,1.64,
cascade:runs/prune/p10/best.pt,0011,fault_burst_p36dB_0,impulsive+stationary,0.0,False,False,36.0,fault_burst_p36dB,ls:1081-125237-0052,8.995759963989258,8.616312980651855,0.8216008311915821,1.534065842628479,3.275395882389903,4.039926998303744,2.9718938853073658,0.0,
cascade:runs/prune/p10/best.pt,0012,fault_burst_p36dB_0,impulsive+stationary,0.0,False,False,36.0,fault_burst_p36dB,cvhi:common_voice_hi_27761557,8.896501541137695,8.367403030395508,0.6323620601940574,1.4162161350250244,2.562384096305456,3.886667724099679,2.135718706860558,0.96,
cascade:runs/prune/p10/best.pt,0013,fault_burst_p36dB_0,impulsive+stationary,0.0,False,False,36.0,fault_burst_p36dB,cvhi:common_voice_hi_26018233,18.499053955078125,18.5638370513916,0.8415138942211495,1.5707110166549683,3.0513510451205565,3.469638781350613,2.5220436014836367,0.28,
cascade:runs/prune/p10/best.pt,0014,fault_burst_p36dB_0,impulsive+stationary,0.0,False,False,36.0,fault_burst_p36dB,cvhi:common_voice_hi_26127927,8.3816556930542,7.771294593811035,0.7459490275325021,1.3985275030136108,2.4760153166199177,3.400818387678414,2.0092716746753077,1.02,
cascade:runs/prune/p10/best.pt,0015,fault_burst_p36dB_0,impulsive+stationary,0.0,False,False,36.0,fault_burst_p36dB,ls:1926-147979-0029,12.222864151000977,12.490711212158203,0.9415954374003142,2.5671160221099854,2.5974912202777953,3.897749196962943,2.3289503740898976,1.36,
cascade:runs/prune/p10/best.pt,0016,fault_burst_p36dB_0,impulsive+stationary,0.0,False,False,36.0,fault_burst_p36dB,ls:2007-132570-0015,7.919360160827637,7.205143928527832,0.7810227221849153,1.2772045135498047,2.457617311139817,3.767711601423543,2.141041659385862,3.12,
cascade:runs/prune/p10/best.pt,0017,fault_burst_p36dB_0,impulsive+stationary,0.0,False,False,36.0,fault_burst_p36dB,cvhi:common_voice_hi_27749189,5.0510430335998535,4.524377822875977,0.749419646863557,1.3977493047714233,2.5494656322428866,3.6538234845901547,2.0391328122867987,0.34,
cascade:runs/prune/p10/best.pt,0018,fault_burst_p36dB_0,impulsive+stationary,0.0,False,False,36.0,fault_burst_p36dB,ls:1926-147987-0018,9.347484588623047,8.811147689819336,0.8838053512270194,1.7755606174468994,2.5219858166841504,3.52409998373453,2.07907422597093,0.4,
cascade:runs/prune/p10/best.pt,0019,fault_burst_p36dB_0,impulsive+stationary,0.0,False,False,36.0,fault_burst_p36dB,ls:2007-132570-0032,12.865738868713379,12.635754585266113,0.8926974501635485,1.9819526672363281,2.9414037007051363,3.9309024117816467,2.5823024159631016,0.3,
cascade:runs/prune/p10/best.pt,0020,fault_burst_p36dB_0,impulsive+stationary,0.0,False,False,36.0,fault_burst_p36dB,ls:1081-125237-0052,6.970175743103027,6.563504219055176,0.7358097797379647,1.6338777542114258,3.1490682565876704,4.075211215232831,2.8233415187613162,1.34,
cascade:runs/prune/p10/best.pt,0021,fault_burst_p36dB_0,impulsive+stationary,0.0,False,False,36.0,fault_burst_p36dB,cvhi:common_voice_hi_27369005,11.380024909973145,11.148750305175781,0.8041916774664479,1.4802790880203247,2.5517216615594,3.5839643752011177,2.1379247424362635,1.72,
cascade:runs/prune/p10/best.pt,0022,fault_burst_p36dB_0,impulsive+stationary,0.0,False,False,36.0,fault_burst_p36dB,cvhi:common_voice_hi_25150965,10.591591835021973,10.377513885498047,0.9354114776318827,1.9242846965789795,2.5444393801710627,3.3172470569936108,2.0629214732476058,0.0,
cascade:runs/prune/p10/best.pt,0023,fault_burst_p36dB_0,impulsive+stationary,0.0,False,False,36.0,fault_burst_p36dB,cvhi:common_voice_hi_27860132,8.802145957946777,8.214104652404785,0.8282966992734354,1.5782636404037476,2.253679803081066,3.726232839282754,1.8823695649821537,0.12,
cascade:runs/prune/p10/best.pt,0024,fault_burst_p36dB_0,impulsive+stationary,0.0,False,False,36.0,fault_burst_p36dB,ls:2007-132570-0056,9.203971862792969,8.661661148071289,0.8042953400269728,1.4081377983093262,2.2643379363806124,3.2540397672501378,1.8787530103385837,1.12,
cascade:runs/prune/p10/best.pt,0025,fault_burst_p36dB_0,impulsive+stationary,0.0,False,False,36.0,fault_burst_p36dB,cvhi:common_voice_hi_27444072,11.619861602783203,11.350879669189453,0.8375802432052386,1.776120662689209,2.9255609348743583,4.118826886907163,2.556498136920756,0.48,
cascade:runs/prune/p10/best.pt,0026,fault_burst_p36dB_0,impulsive+stationary,0.0,False,False,36.0,fault_burst_p36dB,cvhi:common_voice_hi_27761677,11.609331130981445,12.228631973266602,0.7494402011645831,1.683914303779602,2.859302260800693,3.6219696741271665,2.2508962357279194,0.08,
cascade:runs/prune/p10/best.pt,0027,fault_burst_p36dB_0,impulsive+stationary,0.0,False,False,36.0,fault_burst_p36dB,cvhi:common_voice_hi_24359424,10.913162231445312,10.549019813537598,0.9215429576934907,1.9436137676239014,3.114381288680192,3.9506361782786126,2.7627298207628495,0.46,
cascade:runs/prune/p10/best.pt,0028,fault_burst_p36dB_0,impulsive+stationary,0.0,False,False,36.0,fault_burst_p36dB,ls:1926-147979-0037,10.857593536376953,10.5635347366333,0.850250102724095,1.8498432636260986,2.565493500244608,3.6644686797569292,2.181715678541003,0.38,
cascade:runs/prune/p10/best.pt,0029,fault_burst_p36dB_0,impulsive+stationary,0.0,False,False,36.0,fault_burst_p36dB,cvhi:common_voice_hi_26151924,1.102049708366394,0.5446257591247559,0.8119865717864166,1.133652925491333,2.871577081619212,3.2932352965427074,2.318368548220844,0.42,
cascade:runs/prune/p10/best.pt,0030,fault_burst_p36dB_0,impulsive+stationary,0.0,False,False,36.0,fault_burst_p36dB,ls:2007-149877-0053,8.365873336791992,7.962337017059326,0.8129433297885484,1.5376052856445312,2.3457205178168583,3.8230686807480936,2.1311110639915363,0.64,
cascade:runs/prune/p10/best.pt,0031,fault_burst_p36dB_0,impulsive+stationary,0.0,False,False,36.0,fault_burst_p36dB,cvhi:common_voice_hi_26088142,10.660465240478516,10.757438659667969,0.8378456251873126,1.6269221305847168,2.7460942441484484,3.498392349163106,2.1805136527063786,0.12,
cascade:runs/prune/p10/best.pt,0032,fault_burst_p36dB_0,impulsive+stationary,0.0,False,False,36.0,fault_burst_p36dB,cvhi:common_voice_hi_27749300,8.243162155151367,7.945435047149658,0.7788486467295443,1.566713571548462,2.506385885558593,3.5063801966656514,2.017875493226433,0.38,
cascade:runs/prune/p10/best.pt,0033,fault_burst_p36dB_0,impulsive+stationary,0.0,False,False,36.0,fault_burst_p36dB,cvhi:common_voice_hi_27860343,13.192850112915039,13.241756439208984,0.9228750299060045,2.71596097946167,3.2376214451452077,3.997290978035842,2.8638824716433877,0.48,
cascade:runs/prune/p10/best.pt,0034,fault_burst_p36dB_0,impulsive+stationary,0.0,False,False,36.0,fault_burst_p36dB,ls:1081-125237-0057,9.151850700378418,8.73195743560791,0.8543405514523267,1.9542524814605713,3.28154109963677,4.116810996209969,2.9925265961187044,0.82,
cascade:runs/prune/p10/best.pt,0035,fault_burst_p36dB_0,impulsive+stationary,0.0,False,False,36.0,fault_burst_p36dB,cvhi:common_voice_hi_27749306,9.068278312683105,8.494512557983398,0.762323173052488,1.8665751218795776,2.34416074528025,3.803354247514183,1.9503059398305362,0.54,
cascade:runs/prune/p10/best.pt,0036,fault_burst_p36dB_0,impulsive+stationary,0.0,False,False,36.0,fault_burst_p36dB,cvhi:common_voice_hi_26131881,11.243271827697754,11.024471282958984,0.7108685153508478,1.3114556074142456,2.700730939082103,3.9229457111002075,2.4087872517959874,0.64,
cascade:runs/prune/p10/best.pt,0037,fault_burst_p36dB_0,impulsive+stationary,0.0,False,False,36.0,fault_burst_p36dB,cvhi:common_voice_hi_38227750,10.30667495727539,9.937532424926758,0.7421176931739423,1.5608607530593872,2.8434796127438435,3.687367436561713,2.371209821806228,0.52,
cascade:runs/prune/p10/best.pt,0038,fault_burst_p36dB_0,impulsive+stationary,0.0,False,False,36.0,fault_burst_p36dB,ls:1926-143879-0015,8.49779224395752,7.896563529968262,0.6238941377278979,1.6000895500183105,2.283682147257293,3.5386850443396023,1.9046465088304947,1.08,
cascade:runs/prune/p10/best.pt,0039,fault_burst_p36dB_0,impulsive+stationary,0.0,False,False,36.0,fault_burst_p36dB,cvhi:common_voice_hi_24225980,10.155339241027832,9.731797218322754,0.8744831636141254,1.6574549674987793,3.1004457371631506,3.5911517124900265,2.5746587318687433,0.52,
cascade:runs/prune/p10/best.pt,0000,fault_burst_p36dB_5,impulsive+stationary,5.0,False,False,36.0,fault_burst_p36dB,cvhi:common_voice_hi_24758569,9.293830871582031,9.086050033569336,0.9403401064999997,1.8003489971160889,2.960691000242077,3.868447836723507,2.519665554438448,1.06,
cascade:runs/prune/p10/best.pt,0001,fault_burst_p36dB_5,impulsive+stationary,5.0,False,False,36.0,fault_burst_p36dB,cvhi:common_voice_hi_25188959,9.227570533752441,8.937865257263184,0.8439552227302826,1.3123564720153809,2.4273363566629707,3.561223307182098,2.0577851686439903,0.56,
cascade:runs/prune/p10/best.pt,0002,fault_burst_p36dB_5,impulsive+stationary,5.0,False,False,36.0,fault_burst_p36dB,ls:1926-143879-0016,10.507999420166016,10.1160249710083,0.8393608114200506,1.456909418106079,2.9768831204738286,3.8306333219910034,2.5836375291402263,0.5,
cascade:runs/prune/p10/best.pt,0003,fault_burst_p36dB_5,impulsive+stationary,5.0,False,False,36.0,fault_burst_p36dB,ls:1081-125237-0094,7.206349849700928,6.523247241973877,0.8336501129296772,1.4735575914382935,3.3492749507900443,3.976115571246054,3.0063832630762697,0.5,
cascade:runs/prune/p10/best.pt,0004,fault_burst_p36dB_5,impulsive+stationary,5.0,False,False,36.0,fault_burst_p36dB,cvhi:common_voice_hi_27761571,7.70190954208374,7.092013359069824,0.8679881149287423,1.4430280923843384,2.869322032729476,3.7225048031731083,2.4225783536433325,0.8,
cascade:runs/prune/p10/best.pt,0005,fault_burst_p36dB_5,impulsive+stationary,5.0,False,False,36.0,fault_burst_p36dB,cvhi:common_voice_hi_27761474,12.443775177001953,12.303464889526367,0.8102405269959807,1.5905358791351318,2.424437715408614,3.807696884624222,2.0587998369739466,0.72,
cascade:runs/prune/p10/best.pt,0006,fault_burst_p36dB_5,impulsive+stationary,5.0,False,False,36.0,fault_burst_p36dB,ls:1926-147987-0016,13.966383934020996,13.796951293945312,0.9246443414486094,2.4224843978881836,2.713195956308587,3.6291454452809013,2.3307767711821596,0.58,
cascade:runs/prune/p10/best.pt,0007,fault_burst_p36dB_5,impulsive+stationary,5.0,False,False,36.0,fault_burst_p36dB,ls:2007-132570-0046,11.212272644042969,10.971553802490234,0.8831390560117938,1.7764277458190918,2.9121879844986696,4.025416051469671,2.5733301703450606,0.58,
cascade:runs/prune/p10/best.pt,0008,fault_burst_p36dB_5,impulsive+stationary,5.0,False,False,36.0,fault_burst_p36dB,ls:1081-125237-0113,14.14211654663086,13.984917640686035,0.9298227024804878,2.6042728424072266,3.4851006205552055,4.100445442822393,3.2247254917294668,1.14,
cascade:runs/prune/p10/best.pt,0009,fault_burst_p36dB_5,impulsive+stationary,5.0,False,False,36.0,fault_burst_p36dB,cvhi:common_voice_hi_25204281,8.18723201751709,7.893786907196045,0.9342824621926815,1.7089449167251587,2.804478650423344,4.018892848288321,2.416129085852264,1.0,
cascade:runs/prune/p10/best.pt,0010,fault_burst_p36dB_5,impulsive+stationary,5.0,False,False,36.0,fault_burst_p36dB,cvhi:common_voice_hi_27761615,14.897649765014648,15.179476737976074,0.7977926952893,1.855586290359497,2.9699062643099614,3.9162274917883177,2.5460462974304523,0.7,
cascade:runs/prune/p10/best.pt,0011,fault_burst_p36dB_5,impulsive+stationary,5.0,False,False,36.0,fault_burst_p36dB,cvhi:common_voice_hi_27761516,4.688237190246582,2.8983163833618164,0.7151560087566876,1.4104810953140259,2.803585613727264,3.937830082881214,2.377391890311096,0.56,
cascade:runs/prune/p10/best.pt,0012,fault_burst_p36dB_5,impulsive+stationary,5.0,False,False,36.0,fault_burst_p36dB,ls:1081-125237-0084,6.850584983825684,5.9836931228637695,0.8573038586127537,1.5880327224731445,3.3297083156380407,4.110334030633551,3.0757802581840803,0.54,
cascade:runs/prune/p10/best.pt,0013,fault_burst_p36dB_5,impulsive+stationary,5.0,False,False,36.0,fault_burst_p36dB,ls:1081-125237-0072,10.168880462646484,10.022683143615723,0.922670459949672,1.8722279071807861,3.488919480464421,3.987302199254299,3.133432834351208,0.66,
cascade:runs/prune/p10/best.pt,0014,fault_burst_p36dB_5,impulsive+stationary,5.0,False,False,36.0,fault_burst_p36dB,cvhi:common_voice_hi_24359434,9.61564826965332,9.392948150634766,0.8497743890726721,1.6516413688659668,2.7612143890091505,3.683252247593556,2.3384301249007837,0.62,
cascade:runs/prune/p10/best.pt,0015,fault_burst_p36dB_5,impulsive+stationary,5.0,False,False,36.0,fault_burst_p36dB,ls:2007-149877-0025,10.96010971069336,10.774799346923828,0.8908755212114158,1.773655652999878,2.842100331564743,3.742267454520988,2.4605373919648974,0.42,
cascade:runs/prune/p10/best.pt,0016,fault_burst_p36dB_5,impulsive+stationary,5.0,False,False,36.0,fault_burst_p36dB,cvhi:common_voice_hi_28885861,11.429438591003418,12.013068199157715,0.9029194835702952,1.734922170639038,2.869866712092096,4.0221112989367,2.502683226582417,0.1,
cascade:runs/prune/p10/best.pt,0017,fault_burst_p36dB_5,impulsive+stationary,5.0,False,False,36.0,fault_burst_p36dB,cvhi:common_voice_hi_24225939,11.293889045715332,11.049050331115723,0.8660999728511171,1.6694917678833008,2.862724337709155,3.8736508041744706,2.453828324250785,0.94,
cascade:runs/prune/p10/best.pt,0018,fault_burst_p36dB_5,impulsive+stationary,5.0,False,False,36.0,fault_burst_p36dB,ls:1926-147987-0010,9.191073417663574,8.687335968017578,0.8888153045193368,1.8747003078460693,3.2935294601716016,3.928199426914115,2.9489408713895267,0.46,
cascade:runs/prune/p10/best.pt,0019,fault_burst_p36dB_5,impulsive+stationary,5.0,False,False,36.0,fault_burst_p36dB,ls:1926-143879-0046,10.669487953186035,10.768265724182129,0.9124209173134876,2.619929790496826,3.240141143530292,3.869574104813987,2.7956328712076326,0.1,
cascade:runs/prune/p10/best.pt,0020,fault_burst_p36dB_5,impulsive+stationary,5.0,False,False,36.0,fault_burst_p36dB,cvhi:common_voice_hi_27749176,4.5941667556762695,2.8925302028656006,0.6702967259171818,1.2880349159240723,2.3083512031765445,3.3552749128058306,1.706474285191449,0.92,
cascade:runs/prune/p10/best.pt,0021,fault_burst_p36dB_5,impulsive+stationary,5.0,False,False,36.0,fault_burst_p36dB,ls:1926-143879-0025,12.959684371948242,12.935976028442383,0.7892236469939795,2.284372568130493,3.261201377156382,3.9533047370843635,2.937625091449146,0.88,
cascade:runs/prune/p10/best.pt,0022,fault_burst_p36dB_5,impulsive+stationary,5.0,False,False,36.0,fault_burst_p36dB,ls:1926-147979-0025,10.436450958251953,10.415521621704102,0.8566258642278345,1.8024239540100098,2.644172910113466,3.611516415089528,2.187478441503295,0.96,
cascade:runs/prune/p10/best.pt,0023,fault_burst_p36dB_5,impulsive+stationary,5.0,False,False,36.0,fault_burst_p36dB,ls:2007-132570-0055,11.54486083984375,11.377063751220703,0.8386856369619371,1.7414642572402954,2.7328716289359205,3.8323716153399507,2.4230062350267048,0.46,
cascade:runs/prune/p10/best.pt,0024,fault_burst_p36dB_5,impulsive+stationary,5.0,False,False,36.0,fault_burst_p36dB,cvhi:common_voice_hi_24360601,1.0102341175079346,0.5817340612411499,0.9913120575042833,1.471518635749817,3.282664623992386,3.3322764262014966,2.659236031243625,0.4,
cascade:runs/prune/p10/best.pt,0025,fault_burst_p36dB_5,impulsive+stationary,5.0,False,False,36.0,fault_burst_p36dB,cvhi:common_voice_hi_26151976,13.757601737976074,13.57512378692627,0.9039803284636369,1.9597395658493042,3.2576702925008787,4.093213140421244,2.958840463685037,0.7,
cascade:runs/prune/p10/best.pt,0026,fault_burst_p36dB_5,impulsive+stationary,5.0,False,False,36.0,fault_burst_p36dB,ls:1926-147987-0006,10.10281753540039,9.67316722869873,0.840823693594456,1.544036865234375,2.622614458019305,4.012637204360399,2.3592268440508253,0.68,
cascade:runs/prune/p10/best.pt,0027,fault_burst_p36dB_5,impulsive+stationary,5.0,False,False,36.0,fault_burst_p36dB,cvhi:common_voice_hi_25149636,14.809355735778809,14.689550399780273,0.9837072607691801,2.6244890689849854,3.4156746387019403,4.196570161209694,3.161047999173036,0.56,
cascade:runs/prune/p10/best.pt,0028,fault_burst_p36dB_5,impulsive+stationary,5.0,False,False,36.0,fault_burst_p36dB,ls:1081-125237-0003,11.705832481384277,11.61129379272461,0.8537545245847133,2.1755049228668213,3.512663195842121,4.074853711956799,3.2150785336250958,0.4,
cascade:runs/prune/p10/best.pt,0029,fault_burst_p36dB_5,impulsive+stationary,5.0,False,False,36.0,fault_burst_p36dB,cvhi:common_voice_hi_24758474,8.119450569152832,7.492412567138672,0.7761055065056769,1.660240888595581,2.5606201117952523,3.837670416287037,2.1965158276095478,0.7,
cascade:runs/prune/p10/best.pt,0030,fault_burst_p36dB_5,impulsive+stationary,5.0,False,False,36.0,fault_burst_p36dB,cvhi:common_voice_hi_26132090,8.1556396484375,7.89959716796875,0.5663958101787565,1.1304128170013428,2.563593088593984,3.8403032175019183,2.1782987905136335,1.48,
cascade:runs/prune/p10/best.pt,0031,fault_burst_p36dB_5,impulsive+stationary,5.0,False,False,36.0,fault_burst_p36dB,cvhi:common_voice_hi_27761516,17.425443649291992,17.346158981323242,0.9269384226191114,2.3912603855133057,3.0079385047899088,4.047667497492213,2.58092144798937,0.16,
cascade:runs/prune/p10/best.pt,0032,fault_burst_p36dB_5,impulsive+stationary,5.0,False,False,36.0,fault_burst_p36dB,ls:1926-147987-0005,11.626795768737793,11.334388732910156,0.9249529557572328,1.9104422330856323,3.2007958396514122,3.6822539439182806,2.7252554107581974,0.86,
cascade:runs/prune/p10/best.pt,0033,fault_burst_p36dB_5,impulsive+stationary,5.0,False,False,36.0,fault_burst_p36dB,cvhi:common_voice_hi_37398692,10.651488304138184,10.275555610656738,0.7750241968022862,1.7341599464416504,2.0348930735579898,3.5175131345883655,1.7621129308209054,0.64,
cascade:runs/prune/p10/best.pt,0034,fault_burst_p36dB_5,impulsive+stationary,5.0,False,False,36.0,fault_burst_p36dB,ls:2007-132570-0009,10.295783042907715,9.994308471679688,0.8150248340634023,1.3425768613815308,2.807486545795663,3.942349571873831,2.4681940951893577,1.56,
cascade:runs/prune/p10/best.pt,0035,fault_burst_p36dB_5,impulsive+stationary,5.0,False,False,36.0,fault_burst_p36dB,ls:1081-125237-0096,8.814779281616211,8.21322250366211,0.8893049096018538,1.6247477531433105,3.068684986993435,3.767784705653453,2.6548822534883607,1.64,
cascade:runs/prune/p10/best.pt,0036,fault_burst_p36dB_5,impulsive+stationary,5.0,False,False,36.0,fault_burst_p36dB,cvhi:common_voice_hi_27749168,8.993694305419922,8.532050132751465,0.7865064499262101,1.7696502208709717,2.5170156598086417,3.5921001968521113,2.0291056966351744,0.58,
cascade:runs/prune/p10/best.pt,0037,fault_burst_p36dB_5,impulsive+stationary,5.0,False,False,36.0,fault_burst_p36dB,cvhi:common_voice_hi_26131988,10.117975234985352,9.95500659942627,0.8019791517902478,1.6802661418914795,2.5721553215467714,4.020157583553782,2.3307607383981708,1.12,
cascade:runs/prune/p10/best.pt,0038,fault_burst_p36dB_5,impulsive+stationary,5.0,False,False,36.0,fault_burst_p36dB,cvhi:common_voice_hi_26897390,11.996326446533203,11.748231887817383,0.9494077370625381,2.3860104084014893,3.195537359176086,4.07865577291893,2.857010371815931,0.2,
cascade:runs/prune/p10/best.pt,0039,fault_burst_p36dB_5,impulsive+stationary,5.0,False,False,36.0,fault_burst_p36dB,cvhi:common_voice_hi_24225980,11.247664451599121,10.957405090332031,0.8634267846112712,1.6159132719039917,2.7180153759674184,3.789149732819804,2.3186953464975906,0.52,
cascade:runs/prune/p10/best.pt,0000,fault_clip_hard_0,stationary,0.0,True,False,,fault_clip_hard,cvhi:common_voice_hi_23796046,11.009574890136719,10.906143188476562,0.8126737798245431,1.5576605796813965,2.8327825203721186,3.086204370525961,2.268251118170745,nan,
cascade:runs/prune/p10/best.pt,0001,fault_clip_hard_0,stationary,0.0,True,False,,fault_clip_hard,cvhi:common_voice_hi_26131366,7.421350002288818,8.263717651367188,0.7983488178749208,1.2317849397659302,2.9222866206750395,3.4834150041179197,2.4697328185303618,nan,
cascade:runs/prune/p10/best.pt,0002,fault_clip_hard_0,stationary,0.0,True,False,,fault_clip_hard,cvhi:common_voice_hi_26151969,4.831435203552246,6.137160301208496,0.7618146073892995,1.3406975269317627,2.5495624011196587,3.5736067986969453,2.186979256372076,nan,
cascade:runs/prune/p10/best.pt,0003,fault_clip_hard_0,stationary,0.0,True,False,,fault_clip_hard,ls:2007-149877-0051,5.436222553253174,5.9722185134887695,0.838720553376519,1.2705212831497192,2.4516584992572965,3.3944733633766635,2.0303012179772364,nan,
cascade:runs/prune/p10/best.pt,0004,fault_clip_hard_0,stationary,0.0,True,False,,fault_clip_hard,cvhi:common_voice_hi_27761498,8.286794662475586,8.336097717285156,0.7515796145727833,1.2883703708648682,2.740079411919734,3.8376469691991764,2.406641706441706,nan,
cascade:runs/prune/p10/best.pt,0005,fault_clip_hard_0,stationary,0.0,True,False,,fault_clip_hard,ls:2007-149877-0016,5.948739528656006,6.175906658172607,0.8223390284347218,1.32267165184021,2.56470891114395,3.75483295567937,2.278103067437734,nan,
cascade:runs/prune/p10/best.pt,0006,fault_clip_hard_0,stationary,0.0,True,False,,fault_clip_hard,cvhi:common_voice_hi_27761570,5.536650657653809,6.8279194831848145,0.7281448412321063,1.2866991758346558,2.1637517182518655,3.807016604715443,1.889996717331554,nan,
cascade:runs/prune/p10/best.pt,0007,fault_clip_hard_0,stationary,0.0,True,False,,fault_clip_hard,ls:1081-125237-0098,5.967902660369873,5.104076862335205,0.8618147423930526,1.4562687873840332,2.976735571776237,3.6278604054951415,2.6273570788113494,nan,
cascade:runs/prune/p10/best.pt,0008,fault_clip_hard_0,stationary,0.0,True,False,,fault_clip_hard,cvhi:common_voice_hi_26131960,10.068882942199707,9.946496963500977,0.8237291073123364,2.075932502746582,2.1890119664362526,3.465633447282962,1.955219854412774,nan,
cascade:runs/prune/p10/best.pt,0009,fault_clip_hard_0,stationary,0.0,True,False,,fault_clip_hard,ls:1081-125237-0101,5.424866676330566,4.9026336669921875,0.8017235566306403,1.3006994724273682,3.3315264335737607,3.344622115411655,2.743766343525782,nan,
cascade:runs/prune/p10/best.pt,0010,fault_clip_hard_0,stationary,0.0,True,False,,fault_clip_hard,cvhi:common_voice_hi_24758412,5.096127986907959,4.827298164367676,0.8000224267810273,1.2559542655944824,1.927654993963152,3.265026807265285,1.6505566450843618,nan,
cascade:runs/prune/p10/best.pt,0011,fault_clip_hard_0,stationary,0.0,True,False,,fault_clip_hard,ls:1081-125237-0052,6.563997268676758,7.033313751220703,0.802817508928081,1.4425361156463623,3.1272094830665482,3.8540282438812774,2.8076835904737463,nan,
cascade:runs/prune/p10/best.pt,0012,fault_clip_hard_0,stationary,0.0,True,False,,fault_clip_hard,cvhi:common_voice_hi_27761557,6.250960350036621,7.837634563446045,0.6323225509487873,1.3900015354156494,2.0436831666337127,3.5836770292428985,1.7127880102312127,nan,
cascade:runs/prune/p10/best.pt,0013,fault_clip_hard_0,stationary,0.0,True,False,,fault_clip_hard,cvhi:common_voice_hi_26018233,13.836006164550781,14.162205696105957,0.8454674746876799,1.4854989051818848,2.7910690887957323,2.9980021035783153,2.1706637612223174,nan,
cascade:runs/prune/p10/best.pt,0014,fault_clip_hard_0,stationary,0.0,True,False,,fault_clip_hard,cvhi:common_voice_hi_26127927,4.71536922454834,5.576996326446533,0.6698931462197172,1.2706148624420166,2.4409480184493373,3.657176325690986,2.125209361361931,nan,
cascade:runs/prune/p10/best.pt,0015,fault_clip_hard_0,stationary,0.0,True,False,,fault_clip_hard,ls:1926-147979-0029,12.894824981689453,13.31866455078125,0.9500710725417695,2.6636087894439697,2.98347106198135,3.8989550241127056,2.7256298756183033,nan,
cascade:runs/prune/p10/best.pt,0016,fault_clip_hard_0,stationary,0.0,True,False,,fault_clip_hard,ls:2007-132570-0015,6.00005578994751,5.312869071960449,0.839384800935219,1.4497413635253906,2.627768549276938,3.8548081158640075,2.380032692301008,nan,
cascade:runs/prune/p10/best.pt,0017,fault_clip_hard_0,stationary,0.0,True,False,,fault_clip_hard,cvhi:common_voice_hi_27749189,6.609289169311523,5.569382190704346,0.8007832156641255,1.4793517589569092,2.659830562469815,3.760289422129196,2.3207560292265645,nan,
cascade:runs/prune/p10/best.pt,0018,fault_clip_hard_0,stationary,0.0,True,False,,fault_clip_hard,ls:1926-147987-0018,8.383647918701172,7.98099946975708,0.9011312525592611,1.830361247062683,2.80511029726942,3.3621713356867757,2.346231526881518,nan,
cascade:runs/prune/p10/best.pt,0019,fault_clip_hard_0,stationary,0.0,True,False,,fault_clip_hard,ls:2007-132570-0032,8.088983535766602,8.019282341003418,0.882265759496596,1.6630598306655884,2.882232819795804,3.6779122464084004,2.528666547527603,nan,
cascade:runs/prune/p10/best.pt,0020,fault_clip_hard_0,stationary,0.0,True,False,,fault_clip_hard,ls:1081-125237-0052,7.006237030029297,6.862305641174316,0.7342382878816976,1.7470182180404663,3.17341540757397,4.092628711161226,2.8623753346782674,nan,
cascade:runs/prune/p10/best.pt,0021,fault_clip_hard_0,stationary,0.0,True,False,,fault_clip_hard,cvhi:common_voice_hi_27369005,7.45973014831543,9.518391609191895,0.771964888921124,1.4560229778289795,2.24232876442499,3.4029489827279558,1.8883283492792067,nan,
cascade:runs/prune/p10/best.pt,0022,fault_clip_hard_0,stationary,0.0,True,False,,fault_clip_hard,cvhi:common_voice_hi_25150965,5.141014575958252,5.577086448669434,0.8538787662296246,1.2378090620040894,2.589270224232697,2.9341645462450328,2.055376329078495,nan,
cascade:runs/prune/p10/best.pt,0023,fault_clip_hard_0,stationary,0.0,True,False,,fault_clip_hard,cvhi:common_voice_hi_27860132,5.887110710144043,5.810076713562012,0.8047283421360863,1.3425229787826538,1.7554583615107429,3.019900755259733,1.470592140336483,nan,
cascade:runs/prune/p10/best.pt,0024,fault_clip_hard_0,stationary,0.0,True,False,,fault_clip_hard,ls:2007-132570-0056,7.7549943923950195,7.386242866516113,0.8201661085112469,1.3729991912841797,2.4284956612901967,3.0353610015205166,1.954719970408692,nan,
cascade:runs/prune/p10/best.pt,0025,fault_clip_hard_0,stationary,0.0,True,False,,fault_clip_hard,cvhi:common_voice_hi_27444072,9.628996849060059,9.554364204406738,0.8857484530863764,1.9341199398040771,2.8000820459598814,3.9548906867700735,2.5355577247193444,nan,
cascade:runs/prune/p10/best.pt,0026,fault_clip_hard_0,stationary,0.0,True,False,,fault_clip_hard,cvhi:common_voice_hi_27761677,7.424896240234375,8.99012279510498,0.7412126562367862,1.4817951917648315,2.3615781761531194,3.34222781425614,1.9275022801258443,nan,
cascade:runs/prune/p10/best.pt,0027,fault_clip_hard_0,stationary,0.0,True,False,,fault_clip_hard,cvhi:common_voice_hi_24359424,7.286637306213379,7.441296100616455,0.8940991152486993,1.4684875011444092,2.6907458995292877,3.5338608566678356,2.337699619204278,nan,
cascade:runs/prune/p10/best.pt,0028,fault_clip_hard_0,stationary,0.0,True,False,,fault_clip_hard,ls:1926-147979-0037,7.076690196990967,6.777987480163574,0.8447236719921659,1.7041637897491455,2.8901178013306907,3.4309175904273808,2.4341413848751317,nan,
cascade:runs/prune/p10/best.pt,0029,fault_clip_hard_0,stationary,0.0,True,False,,fault_clip_hard,cvhi:common_voice_hi_26151924,4.361771583557129,2.4511053562164307,0.7157682249473153,1.1181851625442505,2.0717755639896147,3.104328091045315,1.7304577736857722,nan,
cascade:runs/prune/p10/best.pt,0030,fault_clip_hard_0,stationary,0.0,True,False,,fault_clip_hard,ls:2007-149877-0053,6.344930648803711,6.627467155456543,0.8359520369111695,1.4177037477493286,2.418034183042297,3.667260744563384,2.1711049246337675,nan,
cascade:runs/prune/p10/best.pt,0031,fault_clip_hard_0,stationary,0.0,True,False,,fault_clip_hard,cvhi:common_voice_hi_26088142,5.988292694091797,9.206131935119629,0.7850113283716611,1.4490714073181152,2.5078180257284988,3.0674044166545587,1.8984341385253152,nan,
cascade:runs/prune/p10/best.pt,0032,fault_clip_hard_0,stationary,0.0,True,False,,fault_clip_hard,cvhi:common_voice_hi_27749300,4.843428611755371,4.564285755157471,0.67717319758367,1.2498241662979126,2.3988634708845527,3.498627429647266,1.9624727994785032,nan,
cascade:runs/prune/p10/best.pt,0033,fault_clip_hard_0,stationary,0.0,True,False,,fault_clip_hard,cvhi:common_voice_hi_27860343,7.690929412841797,7.967310905456543,0.8646390301992557,1.6507272720336914,2.7796592539072784,3.5848120902171656,2.369835051354133,nan,
cascade:runs/prune/p10/best.pt,0034,fault_clip_hard_0,stationary,0.0,True,False,,fault_clip_hard,ls:1081-125237-0057,5.315855026245117,4.8040289878845215,0.8185969708495316,1.3782639503479004,3.101125661748738,3.8028793049647884,2.779388596617885,nan,
cascade:runs/prune/p10/best.pt,0035,fault_clip_hard_0,stationary,0.0,True,False,,fault_clip_hard,cvhi:common_voice_hi_27749306,6.689167022705078,6.609587669372559,0.7286125649410686,1.7396509647369385,2.3330472875224,3.8381750029595665,2.0168815690658777,nan,
cascade:runs/prune/p10/best.pt,0036,fault_clip_hard_0,stationary,0.0,True,False,,fault_clip_hard,cvhi:common_voice_hi_26131881,4.279171943664551,4.31842041015625,0.6545508180129477,1.2096245288848877,2.1329259187404217,3.495514097357997,1.8581981702674013,nan,
cascade:runs/prune/p10/best.pt,0037,fault_clip_hard_0,stationary,0.0,True,False,,fault_clip_hard,cvhi:common_voice_hi_38227750,7.670201301574707,8.082941055297852,0.7457154200284213,1.4125515222549438,2.897717992818863,3.543526651921959,2.4871488700864135,nan,
cascade:runs/prune/p10/best.pt,0038,fault_clip_hard_0,stationary,0.0,True,False,,fault_clip_hard,ls:1926-143879-0015,6.680016040802002,6.330669403076172,0.6480258406976018,1.6940906047821045,2.5592395034256152,3.2075082656654983,2.115493942556459,nan,
cascade:runs/prune/p10/best.pt,0039,fault_clip_hard_0,stationary,0.0,True,False,,fault_clip_hard,cvhi:common_voice_hi_24225980,7.602214813232422,7.258291721343994,0.8736136222281065,1.597691535949707,2.9659790465703457,3.682224479857478,2.609255073857266,nan,
cascade:runs/prune/p10/best.pt,0000,fault_clip_hard_5,stationary,5.0,True,False,,fault_clip_hard,cvhi:common_voice_hi_24758569,9.701311111450195,10.106849670410156,0.9573376970019197,1.6994061470031738,3.203109497078967,3.9870176560395425,2.9121193445345352,nan,
cascade:runs/prune/p10/best.pt,0001,fault_clip_hard_5,stationary,5.0,True,False,,fault_clip_hard,cvhi:common_voice_hi_25188959,6.428424835205078,7.984780311584473,0.8407300723678837,1.2892082929611206,1.8698457753470266,2.975786544964647,1.5510683573231485,nan,
cascade:runs/prune/p10/best.pt,0002,fault_clip_hard_5,stationary,5.0,True,False,,fault_clip_hard,ls:1926-143879-0016,6.82844352722168,6.501746654510498,0.8607206018657505,1.6577749252319336,3.3718638321735757,3.7028158742810495,2.93559018399666,nan,
cascade:runs/prune/p10/best.pt,0003,fault_clip_hard_5,stationary,5.0,True,False,,fault_clip_hard,ls:1081-125237-0094,7.382497310638428,6.992563724517822,0.8970483994604828,1.2850922346115112,3.1582880270563516,3.7467984103967433,2.800312945740614,nan,
cascade:runs/prune/p10/best.pt,0004,fault_clip_hard_5,stationary,5.0,True,False,,fault_clip_hard,cvhi:common_voice_hi_27761571,7.2925214767456055,7.511011123657227,0.8403157532691997,1.4240832328796387,2.7360756440582485,3.4423330689122715,2.256403782206152,nan,
cascade:runs/prune/p10/best.pt,0005,fault_clip_hard_5,stationary,5.0,True,False,,fault_clip_hard,cvhi:common_voice_hi_27761474,9.557421684265137,10.871211051940918,0.7919270509663037,1.3910553455352783,2.495219374940225,3.7009025946242593,2.1188949790611225,nan,
cascade:runs/prune/p10/best.pt,0006,fault_clip_hard_5,stationary,5.0,True,False,,fault_clip_hard,ls:1926-147987-0016,9.602852821350098,9.760703086853027,0.9433432363094222,2.2803642749786377,3.2229252468381193,3.8943177603662438,2.946409131908674,nan,
cascade:runs/prune/p10/best.pt,0007,fault_clip_hard_5,stationary,5.0,True,False,,fault_clip_hard,ls:2007-132570-0046,5.932656288146973,5.841692924499512,0.8985591168430548,1.6425955295562744,3.1717017325308845,3.9515779855149873,2.880407507808275,nan,
cascade:runs/prune/p10/best.pt,0008,fault_clip_hard_5,stationary,5.0,True,False,,fault_clip_hard,ls:1081-125237-0113,15.95012092590332,15.849306106567383,0.9691875888706384,3.3808021545410156,3.530746439048036,4.122468793569747,3.2728924935160357,nan,
cascade:runs/prune/p10/best.pt,0009,fault_clip_hard_5,stationary,5.0,True,False,,fault_clip_hard,cvhi:common_voice_hi_25204281,5.667853832244873,6.349484920501709,0.866528663578322,1.4563355445861816,2.5840227960041378,3.942725226229184,2.4104815954923198,nan,
cascade:runs/prune/p10/best.pt,0010,fault_clip_hard_5,stationary,5.0,True,False,,fault_clip_hard,cvhi:common_voice_hi_27761615,7.494626998901367,9.353126525878906,0.7492334327021759,1.4620025157928467,2.748488492122376,3.5682186544928447,2.320393268627191,nan,
cascade:runs/prune/p10/best.pt,0011,fault_clip_hard_5,stationary,5.0,True,False,,fault_clip_hard,cvhi:common_voice_hi_27761516,8.177878379821777,9.696240425109863,0.8245899135276756,1.476472020149231,2.762752570842926,3.766906769996549,2.3886506677321195,nan,
cascade:runs/prune/p10/best.pt,0012,fault_clip_hard_5,stationary,5.0,True,False,,fault_clip_hard,ls:1081-125237-0084,9.017311096191406,8.580599784851074,0.9385480282312559,2.240725040435791,3.63247499219966,3.9926003245203123,3.2846792008743027,nan,
cascade:runs/prune/p10/best.pt,0013,fault_clip_hard_5,stationary,5.0,True,False,,fault_clip_hard,ls:1081-125237-0072,6.323902606964111,6.9587249755859375,0.8794586374232553,1.4692904949188232,3.3679906388509155,3.944528138141754,3.050646222095886,nan,
cascade:runs/prune/p10/best.pt,0014,fault_clip_hard_5,stationary,5.0,True,False,,fault_clip_hard,cvhi:common_voice_hi_24359434,7.72886323928833,9.314526557922363,0.8805403638952737,1.4972715377807617,2.8601584313010258,3.260887275759373,2.3984032728372604,nan,
cascade:runs/prune/p10/best.pt,0015,fault_clip_hard_5,stationary,5.0,True,False,,fault_clip_hard,ls:2007-149877-0025,10.542559623718262,10.190607070922852,0.8891045439166338,1.6551930904388428,2.941713498588501,3.4381754581738613,2.459481364294251,nan,
cascade:runs/prune/p10/best.pt,0016,fault_clip_hard_5,stationary,5.0,True,False,,fault_clip_hard,cvhi:common_voice_hi_28885861,5.985694885253906,6.827335834503174,0.8648749166169782,1.4043195247650146,2.6907795504475263,3.4923809418716565,2.180146135474,nan,
cascade:runs/prune/p10/best.pt,0017,fault_clip_hard_5,stationary,5.0,True,False,,fault_clip_hard,cvhi:common_voice_hi_24225939,7.240444183349609,7.879735946655273,0.8143024176945213,1.474637746810913,2.908480688580375,3.8296335005466817,2.52011181083766,nan,
cascade:runs/prune/p10/best.pt,0018,fault_clip_hard_5,stationary,5.0,True,False,,fault_clip_hard,ls:1926-147987-0010,8.472234725952148,8.739734649658203,0.9124251927690197,1.9918584823608398,3.3690892666124044,3.8670505554395724,3.019611329338331,nan,
cascade:runs/prune/p10/best.pt,0019,fault_clip_hard_5,stationary,5.0,True,False,,fault_clip_hard,ls:1926-143879-0046,7.660992622375488,8.629103660583496,0.907424651749375,2.257456064224243,3.1630806914112997,3.8179195727381696,2.747081161501111,nan,
cascade:runs/prune/p10/best.pt,0020,fault_clip_hard_5,stationary,5.0,True,False,,fault_clip_hard,cvhi:common_voice_hi_27749176,6.033425331115723,7.752284049987793,0.6587097144233399,1.419853925704956,2.887604210152554,3.4585968196753223,2.280310942467413,nan,
cascade:runs/prune/p10/best.pt,0021,fault_clip_hard_5,stationary,5.0,True,False,,fault_clip_hard,ls:1926-143879-0025,8.206289291381836,7.991487979888916,0.7982106406921472,1.8604393005371094,3.2645683784862563,3.8280452377819465,2.923426349364013,nan,
cascade:runs/prune/p10/best.pt,0022,fault_clip_hard_5,stationary,5.0,True,False,,fault_clip_hard,ls:1926-147979-0025,8.363973617553711,9.062883377075195,0.8896620324542082,2.037841320037842,3.120432523022592,3.8874208180225613,2.814776484352475,nan,
cascade:runs/prune/p10/best.pt,0023,fault_clip_hard_5,stationary,5.0,True,False,,fault_clip_hard,ls:2007-132570-0055,8.815754890441895,8.64258098602295,0.8572004836779663,1.7484734058380127,2.878598478498347,3.6682666624335996,2.524428621649939,nan,
cascade:runs/prune/p10/best.pt,0024,fault_clip_hard_5,stationary,5.0,True,False,,fault_clip_hard,cvhi:common_voice_hi_24360601,7.718999862670898,8.640766143798828,0.9401118860390056,1.4427857398986816,3.500583486323218,3.9911723550751574,3.1741778689207516,nan,
cascade:runs/prune/p10/best.pt,0025,fault_clip_hard_5,stationary,5.0,True,False,,fault_clip_hard,cvhi:common_voice_hi_26151976,5.019870281219482,6.245759010314941,0.8320095980821403,1.3141659498214722,2.9781481878062666,3.7765151724064747,2.613270831475454,nan,
cascade:runs/prune/p10/best.pt,0026,fault_clip_hard_5,stationary,5.0,True,False,,fault_clip_hard,ls:1926-147987-0006,9.18234920501709,8.931036949157715,0.858520999200944,1.5661739110946655,3.159783968163859,3.9197091800889883,2.8375125571363626,nan,
cascade:runs/prune/p10/best.pt,0027,fault_clip_hard_5,stationary,5.0,True,False,,fault_clip_hard,cvhi:common_voice_hi_25149636,6.764043807983398,7.446906566619873,0.9248449238151624,1.3330270051956177,3.1656637712910856,4.007059344397031,2.8868086715068078,nan,
cascade:runs/prune/p10/best.pt,0028,fault_clip_hard_5,stationary,5.0,True,False,,fault_clip_hard,ls:1081-125237-0003,5.927248477935791,6.25351619720459,0.8131750075543441,1.525612235069275,3.4095201542801754,3.60160666808304,2.9247093763144494,nan,
cascade:runs/prune/p10/best.pt,0029,fault_clip_hard_5,stationary,5.0,True,False,,fault_clip_hard,cvhi:common_voice_hi_24758474,6.845975399017334,8.245080947875977,0.83909214714161,1.6146564483642578,2.9412042619844234,3.7553450351566537,2.5545295715513188,nan,
cascade:runs/prune/p10/best.pt,0030,fault_clip_hard_5,stationary,5.0,True,False,,fault_clip_hard,cvhi:common_voice_hi_26132090,7.328666687011719,9.086836814880371,0.6265508105794486,1.2828452587127686,2.5995841323939923,3.527400443223554,2.205943999901568,nan,
cascade:runs/prune/p10/best.pt,0031,fault_clip_hard_5,stationary,5.0,True,False,,fault_clip_hard,cvhi:common_voice_hi_27761516,9.283575057983398,10.955147743225098,0.8781939553795429,1.5077717304229736,2.880407715200551,3.697692033539556,2.4198787012619527,nan,
cascade:runs/prune/p10/best.pt,0032,fault_clip_hard_5,stationary,5.0,True,False,,fault_clip_hard,ls:1926-147987-0005,9.610908508300781,9.34385871887207,0.9363241676579318,1.988830804824829,3.422673020812979,3.73973033945809,2.9893176773159906,nan,
cascade:runs/prune/p10/best.pt,0033,fault_clip_hard_5,stationary,5.0,True,False,,fault_clip_hard,cvhi:common_voice_hi_37398692,8.355987548828125,8.422298431396484,0.8017525578969074,1.613664984703064,1.9689081177406664,3.6236900854344114,1.7596962832916074,nan,
cascade:runs/prune/p10/best.pt,0034,fault_clip_hard_5,stationary,5.0,True,False,,fault_clip_hard,ls:2007-132570-0009,5.767543792724609,5.819574356079102,0.7943793914621042,1.2094054222106934,2.6280645072389492,3.5597896567518923,2.222299200721343,nan,
cascade:runs/prune/p10/best.pt,0035,fault_clip_hard_5,stationary,5.0,True,False,,fault_clip_hard,ls:1081-125237-0096,5.357119560241699,5.372178554534912,0.8561410264117694,1.3418207168579102,3.0456353651789594,3.5537679297842013,2.625869902900871,nan,
cascade:runs/prune/p10/best.pt,0036,fault_clip_hard_5,stationary,5.0,True,False,,fault_clip_hard,cvhi:common_voice_hi_27749168,8.85170841217041,9.532061576843262,0.763088281389928,1.6455392837524414,2.963532319639756,3.932094926445499,2.5784511515750674,nan,
cascade:runs/prune/p10/best.pt,0037,fault_clip_hard_5,stationary,5.0,True,False,,fault_clip_hard,cvhi:common_voice_hi_26131988,2.6579651832580566,0.6741025447845459,0.6540934617596347,1.1848559379577637,2.326990697950778,3.5170091813980644,1.9861443388818314,nan,
cascade:runs/prune/p10/best.pt,0038,fault_clip_hard_5,stationary,5.0,True,False,,fault_clip_hard,cvhi:common_voice_hi_26897390,6.034542083740234,6.737244129180908,0.827919129541613,1.4394347667694092,2.9631219259212696,3.2679642847705765,2.4192618462602087,nan,
cascade:runs/prune/p10/best.pt,0039,fault_clip_hard_5,stationary,5.0,True,False,,fault_clip_hard,cvhi:common_voice_hi_24225980,9.093815803527832,9.094486236572266,0.8932316257568136,1.6819448471069336,2.4595596977297127,3.436346781304883,2.104794723854137,nan,
cascade:runs/prune/p10/best.pt,0000,fault_clip_mild_0,stationary,0.0,True,False,,fault_clip_mild,cvhi:common_voice_hi_23796046,12.437973022460938,12.214564323425293,0.8508298079422455,1.8210631608963013,2.8698265099030498,2.967933134718968,2.2356097872351217,nan,
cascade:runs/prune/p10/best.pt,0001,fault_clip_mild_0,stationary,0.0,True,False,,fault_clip_mild,cvhi:common_voice_hi_26131366,15.167577743530273,15.073099136352539,0.9140311514550561,2.15458083152771,3.258439812618646,3.7900731666996634,2.895401863703886,nan,
cascade:runs/prune/p10/best.pt,0002,fault_clip_mild_0,stationary,0.0,True,False,,fault_clip_mild,cvhi:common_voice_hi_26151969,9.428705215454102,9.30798625946045,0.8410487517151731,1.4968796968460083,2.9116176864808616,3.633599785022593,2.5067876636197806,nan,
cascade:runs/prune/p10/best.pt,0003,fault_clip_mild_0,stationary,0.0,True,False,,fault_clip_mild,ls:2007-149877-0051,10.3690185546875,10.215192794799805,0.8811454401203992,1.55781888961792,2.392652383417352,3.4379680876698178,2.0188869118634374,nan,
cascade:runs/prune/p10/best.pt,0004,fault_clip_mild_0,stationary,0.0,True,False,,fault_clip_mild,cvhi:common_voice_hi_27761498,11.3246488571167,11.070575714111328,0.8181912421156229,1.6773043870925903,2.8301490844856194,3.911764079451795,2.526499751286873,nan,
cascade:runs/prune/p10/best.pt,0005,fault_clip_mild_0,stationary,0.0,True,False,,fault_clip_mild,ls:2007-149877-0016,9.469562530517578,9.151861190795898,0.8633942749790385,1.7616469860076904,2.7337109371880617,3.904655473730248,2.4804711254966323,nan,
cascade:runs/prune/p10/best.pt,0006,fault_clip_mild_0,stationary,0.0,True,False,,fault_clip_mild,cvhi:common_voice_hi_27761570,11.909406661987305,11.77131462097168,0.7996381077637112,1.9237226247787476,2.638050351123022,3.833451055224277,2.3054535917200685,nan,
cascade:runs/prune/p10/best.pt,0007,fault_clip_mild_0,stationary,0.0,True,False,,fault_clip_mild,ls:1081-125237-0098,8.393512725830078,7.714450836181641,0.9034951641693427,1.9446794986724854,3.2460707425934094,3.818124908905917,2.9015586676585596,nan,
cascade:runs/prune/p10/best.pt,0008,fault_clip_mild_0,stationary,0.0,True,False,,fault_clip_mild,cvhi:common_voice_hi_26131960,11.772185325622559,11.6719388961792,0.8505277470142533,2.336787700653076,2.4702852083868665,3.476724221440447,2.1321676505338125,nan,
cascade:runs/prune/p10/best.pt,0009,fault_clip_mild_0,stationary,0.0,True,False,,fault_clip_mild,ls:1081-125237-0101,8.684591293334961,8.196311950683594,0.8292471141442671,1.642138957977295,3.267171784304044,3.3014766746936393,2.6617109364663394,nan,
cascade:runs/prune/p10/best.pt,0010,fault_clip_mild_0,stationary,0.0,True,False,,fault_clip_mild,cvhi:common_voice_hi_24758412,9.299732208251953,8.77778148651123,0.8744230921584881,1.5794432163238525,2.0193430496722082,3.5344150243773527,1.802366960299506,nan,
cascade:runs/prune/p10/best.pt,0011,fault_clip_mild_0,stationary,0.0,True,False,,fault_clip_mild,ls:1081-125237-0052,9.754158020019531,9.455437660217285,0.8392010619760673,1.6600416898727417,2.956765670272298,3.834196584388348,2.6548710596049023,nan,
cascade:runs/prune/p10/best.pt,0012,fault_clip_mild_0,stationary,0.0,True,False,,fault_clip_mild,cvhi:common_voice_hi_27761557,10.026463508605957,9.661581993103027,0.6992559699178552,1.6360268592834473,2.4765438890429223,3.666883532238245,2.12529970354803,nan,
cascade:runs/prune/p10/best.pt,0013,fault_clip_mild_0,stationary,0.0,True,False,,fault_clip_mild,cvhi:common_voice_hi_26018233,18.450624465942383,18.624462127685547,0.8692852174423311,1.9950127601623535,3.0967248733930455,3.056514392599637,2.4193086451559416,nan,
cascade:runs/prune/p10/best.pt,0014,fault_clip_mild_0,stationary,0.0,True,False,,fault_clip_mild,cvhi:common_voice_hi_26127927,8.589604377746582,8.033082008361816,0.7596775447219729,1.4998080730438232,2.388169550454173,3.6551062679412265,2.09049071435658,nan,
cascade:runs/prune/p10/best.pt,0015,fault_clip_mild_0,stationary,0.0,True,False,,fault_clip_mild,ls:1926-147979-0029,13.352360725402832,13.687614440917969,0.9528546854306551,2.7892379760742188,3.0424404273852965,3.905611904109546,2.7778689701460486,nan,
cascade:runs/prune/p10/best.pt,0016,fault_clip_mild_0,stationary,0.0,True,False,,fault_clip_mild,ls:2007-132570-0015,5.785319805145264,5.158661842346191,0.8386311975213488,1.4838324785232544,2.533721101020246,3.859127029561093,2.3089375016151568,nan,
cascade:runs/prune/p10/best.pt,0017,fault_clip_mild_0,stationary,0.0,True,False,,fault_clip_mild,cvhi:common_voice_hi_27749189,6.565847396850586,6.172429084777832,0.8309204423815906,1.6600279808044434,2.6056162225940804,3.8334818880095005,2.3074192859704956,nan,
cascade:runs/prune/p10/best.pt,0018,fault_clip_mild_0,stationary,0.0,True,False,,fault_clip_mild,ls:1926-147987-0018,10.009718894958496,9.558491706848145,0.9156711675008685,2.1290745735168457,2.7913279790113164,3.461464881232053,2.3866831139138682,nan,
cascade:runs/prune/p10/best.pt,0019,fault_clip_mild_0,stationary,0.0,True,False,,fault_clip_mild,ls:2007-132570-0032,12.75069808959961,12.536526679992676,0.8952630763804008,2.0608603954315186,2.8779949940714413,3.730468175299836,2.5523120325902156,nan,
cascade:runs/prune/p10/best.pt,0020,fault_clip_mild_0,stationary,0.0,True,False,,fault_clip_mild,ls:1081-125237-0052,7.587807655334473,7.39516019821167,0.7423751952305807,1.8402748107910156,3.1164409555190278,4.071381406036365,2.8213545866733347,nan,
cascade:runs/prune/p10/best.pt,0021,fault_clip_mild_0,stationary,0.0,True,False,,fault_clip_mild,cvhi:common_voice_hi_27369005,13.278223037719727,13.2169828414917,0.8613991895056492,1.6962264776229858,2.149987688052136,3.5618620613998977,1.8786354563142817,nan,
cascade:runs/prune/p10/best.pt,0022,fault_clip_mild_0,stationary,0.0,True,False,,fault_clip_mild,cvhi:common_voice_hi_25150965,12.607826232910156,12.579973220825195,0.9511328663385591,2.256880760192871,3.149185331724801,3.6108874916474045,2.7549878252742612,nan,
cascade:runs/prune/p10/best.pt,0023,fault_clip_mild_0,stationary,0.0,True,False,,fault_clip_mild,cvhi:common_voice_hi_27860132,9.765655517578125,9.359587669372559,0.8646609921611287,1.8613605499267578,2.0271180369044544,3.7508617565094573,1.8201346127240594,nan,
cascade:runs/prune/p10/best.pt,0024,fault_clip_mild_0,stationary,0.0,True,False,,fault_clip_mild,ls:2007-132570-0056,10.109091758728027,9.675456047058105,0.8356314221420907,1.5684258937835693,2.299667946101286,3.0845494995477303,1.9036502679156615,nan,
cascade:runs/prune/p10/best.pt,0025,fault_clip_mild_0,stationary,0.0,True,False,,fault_clip_mild,cvhi:common_voice_hi_27444072,15.161457061767578,15.116941452026367,0.9237950983327378,2.4717676639556885,2.9104925066435867,4.005107918961504,2.6573364508647415,nan,
cascade:runs/prune/p10/best.pt,0026,fault_clip_mild_0,stationary,0.0,True,False,,fault_clip_mild,cvhi:common_voice_hi_27761677,12.251091003417969,13.015241622924805,0.8092740775495817,2.018698215484619,2.7898460998428165,3.6638701985056787,2.3952006271803774,nan,
cascade:runs/prune/p10/best.pt,0027,fault_clip_mild_0,stationary,0.0,True,False,,fault_clip_mild,cvhi:common_voice_hi_24359424,12.225781440734863,11.957759857177734,0.9420107913544564,2.0694050788879395,2.9952765353465063,3.620395682457838,2.6209764823644814,nan,
cascade:runs/prune/p10/best.pt,0028,fault_clip_mild_0,stationary,0.0,True,False,,fault_clip_mild,ls:1926-147979-0037,10.617094993591309,10.387755393981934,0.8609383345430154,1.945473074913025,2.953439027474017,3.4524281802219123,2.4976683284383165,nan,
cascade:runs/prune/p10/best.pt,0029,fault_clip_mild_0,stationary,0.0,True,False,,fault_clip_mild,cvhi:common_voice_hi_26151924,6.832864284515381,5.843829154968262,0.8207228553664682,1.4496963024139404,2.435285915732806,3.4601780562290014,2.0417982809364865,nan,
cascade:runs/prune/p10/best.pt,0030,fault_clip_mild_0,stationary,0.0,True,False,,fault_clip_mild,ls:2007-149877-0053,9.634027481079102,9.539576530456543,0.8664772375085888,1.7967829704284668,2.6352397645287016,3.7323380032404616,2.3726937031707873,nan,
cascade:runs/prune/p10/best.pt,0031,fault_clip_mild_0,stationary,0.0,True,False,,fault_clip_mild,cvhi:common_voice_hi_26088142,10.519800186157227,10.825690269470215,0.8332042549076587,1.6412208080291748,2.5586595804004055,3.1814615937297734,2.025713958040724,nan,
cascade:runs/prune/p10/best.pt,0032,fault_clip_mild_0,stationary,0.0,True,False,,fault_clip_mild,cvhi:common_voice_hi_27749300,8.41069507598877,8.171719551086426,0.7886537868622105,1.6475664377212524,2.7708810160551836,3.7801913404801617,2.364989563657488,nan,
cascade:runs/prune/p10/best.pt,0033,fault_clip_mild_0,stationary,0.0,True,False,,fault_clip_mild,cvhi:common_voice_hi_27860343,13.316678047180176,13.247103691101074,0.9286953405617665,2.7402446269989014,2.9642390313718248,3.646135953223326,2.5589960391161415,nan,
cascade:runs/prune/p10/best.pt,0034,fault_clip_mild_0,stationary,0.0,True,False,,fault_clip_mild,ls:1081-125237-0057,9.075826644897461,8.675457000732422,0.8634820396397546,1.7937569618225098,3.3734332968970433,4.036508247119326,3.119313091613783,nan,
cascade:runs/prune/p10/best.pt,0035,fault_clip_mild_0,stationary,0.0,True,False,,fault_clip_mild,cvhi:common_voice_hi_27749306,9.186649322509766,8.671231269836426,0.7729576723712639,1.9160505533218384,2.2690859781376576,3.82103104765988,1.9798117944539406,nan,
cascade:runs/prune/p10/best.pt,0036,fault_clip_mild_0,stationary,0.0,True,False,,fault_clip_mild,cvhi:common_voice_hi_26131881,11.507810592651367,11.315107345581055,0.7605057612925286,1.4469698667526245,2.234067028429353,3.495188085148614,1.9772005367743304,nan,
cascade:runs/prune/p10/best.pt,0037,fault_clip_mild_0,stationary,0.0,True,False,,fault_clip_mild,cvhi:common_voice_hi_38227750,12.061647415161133,11.845253944396973,0.7751437881521288,1.7975151538848877,3.0298390085195073,3.5221726767891406,2.5816431567325417,nan,
cascade:runs/prune/p10/best.pt,0038,fault_clip_mild_0,stationary,0.0,True,False,,fault_clip_mild,ls:1926-143879-0015,8.71524715423584,8.20077896118164,0.6553912056294398,1.7344684600830078,2.692918646229506,3.3141623107921654,2.261847941788035,nan,
cascade:runs/prune/p10/best.pt,0039,fault_clip_mild_0,stationary,0.0,True,False,,fault_clip_mild,cvhi:common_voice_hi_24225980,10.267129898071289,9.899194717407227,0.8906682060664285,1.771235466003418,2.9345227058006986,3.6232335462382492,2.562479495961198,nan,
cascade:runs/prune/p10/best.pt,0000,fault_clip_mild_5,stationary,5.0,True,False,,fault_clip_mild,cvhi:common_voice_hi_24758569,18.80927085876465,18.751766204833984,0.9867527996409947,2.643371820449829,3.28018330345379,3.9707612077761203,2.9876340059757807,nan,
cascade:runs/prune/p10/best.pt,0001,fault_clip_mild_5,stationary,5.0,True,False,,fault_clip_mild,cvhi:common_voice_hi_25188959,12.7131986618042,13.069303512573242,0.9143323971412478,1.7943942546844482,1.900321334618519,2.995184437125029,1.5846772072367883,nan,
cascade:runs/prune/p10/best.pt,0002,fault_clip_mild_5,stationary,5.0,True,False,,fault_clip_mild,ls:1926-143879-0016,11.323708534240723,11.137495040893555,0.8731965994921218,1.7716355323791504,3.349589746298191,3.6796648356504082,2.9062746664423718,nan,
cascade:runs/prune/p10/best.pt,0003,fault_clip_mild_5,stationary,5.0,True,False,,fault_clip_mild,ls:1081-125237-0094,11.507569313049316,11.256559371948242,0.9407279034088752,1.8000047206878662,3.167304899545897,3.855126259416238,2.846063356412795,nan,
cascade:runs/prune/p10/best.pt,0004,fault_clip_mild_5,stationary,5.0,True,False,,fault_clip_mild,cvhi:common_voice_hi_27761571,10.475730895996094,10.070255279541016,0.91538539172588,2.2041397094726562,2.806280254997303,3.5864408208757452,2.375771145252067,nan,
cascade:runs/prune/p10/best.pt,0005,fault_clip_mild_5,stationary,5.0,True,False,,fault_clip_mild,cvhi:common_voice_hi_27761474,14.70210075378418,14.756241798400879,0.866796187071962,2.1092896461486816,2.492549407361362,3.6918270573460346,2.129345331508697,nan,
cascade:runs/prune/p10/best.pt,0006,fault_clip_mild_5,stationary,5.0,True,False,,fault_clip_mild,ls:1926-147987-0016,15.796870231628418,15.741448402404785,0.9569433008840982,3.0496644973754883,3.2229269254243325,3.920818381923402,2.9681174346225445,nan,
cascade:runs/prune/p10/best.pt,0007,fault_clip_mild_5,stationary,5.0,True,False,,fault_clip_mild,ls:2007-132570-0046,13.500300407409668,13.6381254196167,0.924002646178192,2.139219284057617,3.251531221109977,4.009192655065666,2.9771406473964643,nan,
cascade:runs/prune/p10/best.pt,0008,fault_clip_mild_5,stationary,5.0,True,False,,fault_clip_mild,ls:1081-125237-0113,16.28249740600586,16.193220138549805,0.9710640191025917,3.4746365547180176,3.542752572692077,4.124987694023493,3.2862877103147583,nan,
cascade:runs/prune/p10/best.pt,0009,fault_clip_mild_5,stationary,5.0,True,False,,fault_clip_mild,cvhi:common_voice_hi_25204281,13.032180786132812,13.539214134216309,0.9521269717013682,2.4280049800872803,2.781173656428388,4.053196532937651,2.6045932265651235,nan,
cascade:runs/prune/p10/best.pt,0010,fault_clip_mild_5,stationary,5.0,True,False,,fault_clip_mild,cvhi:common_voice_hi_27761615,15.716930389404297,16.165863037109375,0.8128127576243802,2.1513922214508057,2.887378483430026,3.74237688719161,2.5000412311136433,nan,
cascade:runs/prune/p10/best.pt,0011,fault_clip_mild_5,stationary,5.0,True,False,,fault_clip_mild,cvhi:common_voice_hi_27761516,13.299046516418457,13.092205047607422,0.8730769197475269,2.0407040119171143,2.8983607598026055,3.915751429006429,2.56007623843172,nan,
cascade:runs/prune/p10/best.pt,0012,fault_clip_mild_5,stationary,5.0,True,False,,fault_clip_mild,ls:1081-125237-0084,9.064108848571777,8.644330978393555,0.9391031825473038,2.3035104274749756,3.636162700023376,3.9895932088167037,3.286032383862602,nan,
cascade:runs/prune/p10/best.pt,0013,fault_clip_mild_5,stationary,5.0,True,False,,fault_clip_mild,ls:1081-125237-0072,11.110974311828613,11.186352729797363,0.9323119288002054,1.9167850017547607,3.3842032393864097,3.906782033703201,3.0554983474266426,nan,
cascade:runs/prune/p10/best.pt,0014,fault_clip_mild_5,stationary,5.0,True,False,,fault_clip_mild,cvhi:common_voice_hi_24359434,14.488170623779297,15.72079849243164,0.9506775230456982,2.0150113105773926,2.8711231180044554,3.5608014772551306,2.480284694716595,nan,
cascade:runs/prune/p10/best.pt,0015,fault_clip_mild_5,stationary,5.0,True,False,,fault_clip_mild,ls:2007-149877-0025,12.097307205200195,12.026508331298828,0.907928187984687,1.8688030242919922,2.9585908766335844,3.344562076486075,2.425847873247836,nan,
cascade:runs/prune/p10/best.pt,0016,fault_clip_mild_5,stationary,5.0,True,False,,fault_clip_mild,cvhi:common_voice_hi_28885861,12.424276351928711,13.99976921081543,0.9314500585244389,1.9977171421051025,2.731933983157921,3.601433508917242,2.2928468777519866,nan,
cascade:runs/prune/p10/best.pt,0017,fault_clip_mild_5,stationary,5.0,True,False,,fault_clip_mild,cvhi:common_voice_hi_24225939,11.382416725158691,11.223470687866211,0.8638224754223688,1.7266480922698975,2.7663032639716536,3.809624186766033,2.4285654952897695,nan,
cascade:runs/prune/p10/best.pt,0018,fault_clip_mild_5,stationary,5.0,True,False,,fault_clip_mild,ls:1926-147987-0010,13.28067398071289,13.233281135559082,0.9344206019829245,2.485114574432373,3.321348477370423,3.771769879648107,2.9382385016099075,nan,
cascade:runs/prune/p10/best.pt,0019,fault_clip_mild_5,stationary,5.0,True,False,,fault_clip_mild,ls:1926-143879-0046,13.079743385314941,13.644261360168457,0.9306342267275348,2.8482813835144043,3.238402149866284,3.8562457904647074,2.8734752865084414,nan,
cascade:runs/prune/p10/best.pt,0020,fault_clip_mild_5,stationary,5.0,True,False,,fault_clip_mild,cvhi:common_voice_hi_27749176,12.615737915039062,13.275934219360352,0.7725743204535943,1.972163438796997,3.2652137651332342,3.058046205778233,2.4577285133183646,nan,
cascade:runs/prune/p10/best.pt,0021,fault_clip_mild_5,stationary,5.0,True,False,,fault_clip_mild,ls:1926-143879-0025,13.122954368591309,12.95518684387207,0.8242158852960804,2.304917335510254,3.32283816916177,3.9319292868073257,3.017945674038772,nan,
cascade:runs/prune/p10/best.pt,0022,fault_clip_mild_5,stationary,5.0,True,False,,fault_clip_mild,ls:1926-147979-0025,12.057229042053223,12.30500602722168,0.9149836274167664,2.386435031890869,3.1353743327652452,3.862307616839815,2.8198079431264524,nan,
cascade:runs/prune/p10/best.pt,0023,fault_clip_mild_5,stationary,5.0,True,False,,fault_clip_mild,ls:2007-132570-0055,13.610469818115234,13.418082237243652,0.8665557147471706,2.0102314949035645,2.878650491608984,3.6933592988423243,2.5384305729243657,nan,
cascade:runs/prune/p10/best.pt,0024,fault_clip_mild_5,stationary,5.0,True,False,,fault_clip_mild,cvhi:common_voice_hi_24360601,19.667341232299805,20.514829635620117,0.9944278246193475,2.403136968612671,3.528941746579542,3.8212852633270344,3.1477414047593153,nan,
cascade:runs/prune/p10/best.pt,0025,fault_clip_mild_5,stationary,5.0,True,False,,fault_clip_mild,cvhi:common_voice_hi_26151976,13.348093032836914,13.569866180419922,0.9047821025052863,1.9298605918884277,2.9514002544662703,3.8585735235696736,2.625087607681729,nan,
cascade:runs/prune/p10/best.pt,0026,fault_clip_mild_5,stationary,5.0,True,False,,fault_clip_mild,ls:1926-147987-0006,12.887717247009277,12.799419403076172,0.8737885453700275,2.000253438949585,3.2091471666943394,3.94914053497836,2.89777326847731,nan,
cascade:runs/prune/p10/best.pt,0027,fault_clip_mild_5,stationary,5.0,True,False,,fault_clip_mild,cvhi:common_voice_hi_25149636,15.453845977783203,15.407585144042969,0.9846162097662445,2.4344642162323,3.2968688223029474,4.094093441298509,3.0303063755993676,nan,
cascade:runs/prune/p10/best.pt,0028,fault_clip_mild_5,stationary,5.0,True,False,,fault_clip_mild,ls:1081-125237-0003,12.52209186553955,12.573427200317383,0.877629223291776,2.2576324939727783,3.5311939366706504,3.6861275912595364,3.0728491224802936,nan,
cascade:runs/prune/p10/best.pt,0029,fault_clip_mild_5,stationary,5.0,True,False,,fault_clip_mild,cvhi:common_voice_hi_24758474,12.764214515686035,12.871676445007324,0.9348134977911516,2.21030592918396,3.0043925703087213,3.7863578450151474,2.641373575689245,nan,
cascade:runs/prune/p10/best.pt,0030,fault_clip_mild_5,stationary,5.0,True,False,,fault_clip_mild,cvhi:common_voice_hi_26132090,15.353556632995605,15.546285629272461,0.7255547096831961,1.5139012336730957,2.560290647029334,3.731123159170563,2.2452430885368084,nan,
cascade:runs/prune/p10/best.pt,0031,fault_clip_mild_5,stationary,5.0,True,False,,fault_clip_mild,cvhi:common_voice_hi_27761516,17.43337059020996,17.421741485595703,0.9365163313037259,2.5471701622009277,3.0913183195429803,3.975375187114839,2.7511696417069236,nan,
cascade:runs/prune/p10/best.pt,0032,fault_clip_mild_5,stationary,5.0,True,False,,fault_clip_mild,ls:1926-147987-0005,12.318595886230469,12.079972267150879,0.9443961509306386,2.1543684005737305,3.3996472623142617,3.686767850770651,2.951444100660079,nan,
cascade:runs/prune/p10/best.pt,0033,fault_clip_mild_5,stationary,5.0,True,False,,fault_clip_mild,cvhi:common_voice_hi_37398692,12.950841903686523,12.724967002868652,0.8288291416297227,2.1386988162994385,2.052422257134381,3.3501956663712846,1.7373376133233303,nan,
cascade:runs/prune/p10/best.pt,0034,fault_clip_mild_5,stationary,5.0,True,False,,fault_clip_mild,ls:2007-132570-0009,10.423650741577148,10.43320083618164,0.8190919263938907,1.335475206375122,2.584049545137122,3.6766494938344563,2.2375122895339037,nan,
cascade:runs/prune/p10/best.pt,0035,fault_clip_mild_5,stationary,5.0,True,False,,fault_clip_mild,ls:1081-125237-0096,9.226289749145508,8.869990348815918,0.9134330443659685,1.8630378246307373,3.165751520461084,3.861447175544769,2.8277978324961697,nan,
cascade:runs/prune/p10/best.pt,0036,fault_clip_mild_5,stationary,5.0,True,False,,fault_clip_mild,cvhi:common_voice_hi_27749168,14.598370552062988,14.605419158935547,0.8249116603193174,2.0805044174194336,2.7908691363732943,3.9036356577768316,2.422582420096724,nan,
cascade:runs/prune/p10/best.pt,0037,fault_clip_mild_5,stationary,5.0,True,False,,fault_clip_mild,cvhi:common_voice_hi_26131988,9.947399139404297,9.737884521484375,0.7908559829711714,1.6174187660217285,2.600339458038512,3.7853724331992407,2.3134293604020257,nan,
cascade:runs/prune/p10/best.pt,0038,fault_clip_mild_5,stationary,5.0,True,False,,fault_clip_mild,cvhi:common_voice_hi_26897390,12.434416770935059,12.55792236328125,0.9481514175952364,2.490590810775757,3.1456437070629675,3.819125637815306,2.7889777993523275,nan,
cascade:runs/prune/p10/best.pt,0039,fault_clip_mild_5,stationary,5.0,True,False,,fault_clip_mild,cvhi:common_voice_hi_24225980,11.676920890808105,11.495795249938965,0.9015454046378821,1.8726966381072998,2.4998254981688954,3.4988542636736573,2.146730357533548,nan,
cascade:runs/prune/p10/best.pt,0000,fault_none_0,stationary,0.0,False,False,,fault_none,cvhi:common_voice_hi_23796046,12.468489646911621,12.244852066040039,0.8509227564679417,1.8475053310394287,2.87840476093252,3.009606161289552,2.2661942427081305,nan,
cascade:runs/prune/p10/best.pt,0001,fault_none_0,stationary,0.0,False,False,,fault_none,cvhi:common_voice_hi_26131366,15.665789604187012,15.549193382263184,0.927216659210071,2.2745230197906494,3.282402249060993,3.8513633851028546,2.9460840279026996,nan,
cascade:runs/prune/p10/best.pt,0002,fault_none_0,stationary,0.0,False,False,,fault_none,cvhi:common_voice_hi_26151969,9.61489486694336,9.40025520324707,0.8430557897554375,1.4967153072357178,2.862887590090739,3.624226935632546,2.464458512224307,nan,
cascade:runs/prune/p10/best.pt,0003,fault_none_0,stationary,0.0,False,False,,fault_none,ls:2007-149877-0051,10.55544662475586,10.339916229248047,0.8838060139241151,1.5820997953414917,2.3948113889938116,3.447252490155324,2.0211775074911102,nan,
cascade:runs/prune/p10/best.pt,0004,fault_none_0,stationary,0.0,False,False,,fault_none,cvhi:common_voice_hi_27761498,11.30313777923584,11.074442863464355,0.8177227714023895,1.6911283731460571,2.82283400539515,3.91484304052019,2.5194761207779584,nan,
cascade:runs/prune/p10/best.pt,0005,fault_none_0,stationary,0.0,False,False,,fault_none,ls:2007-149877-0016,9.641853332519531,9.263423919677734,0.8653788377876594,1.7964251041412354,2.7553511400481887,3.9034986763097406,2.4974877277503555,nan,
cascade:runs/prune/p10/best.pt,0006,fault_none_0,stationary,0.0,False,False,,fault_none,cvhi:common_voice_hi_27761570,12.172674179077148,11.939682006835938,0.8083508795624138,2.0038318634033203,2.633597449155726,3.7794559119098876,2.279701720021455,nan,
cascade:runs/prune/p10/best.pt,0007,fault_none_0,stationary,0.0,False,False,,fault_none,ls:1081-125237-0098,8.461161613464355,7.8005242347717285,0.904721750270291,2.016855001449585,3.2522351956579785,3.8310245717370357,2.9118249208435265,nan,
cascade:runs/prune/p10/best.pt,0008,fault_none_0,stationary,0.0,False,False,,fault_none,cvhi:common_voice_hi_26131960,11.899465560913086,11.81633186340332,0.8517751936859059,2.3904659748077393,2.444135797469067,3.4905148729213096,2.1222777739390084,nan,
cascade:runs/prune/p10/best.pt,0009,fault_none_0,stationary,0.0,False,False,,fault_none,ls:1081-125237-0101,8.825586318969727,8.28869342803955,0.8298658751043599,1.6689778566360474,3.272878708405598,3.3963852837464015,2.7125751026168485,nan,
cascade:runs/prune/p10/best.pt,0010,fault_none_0,stationary,0.0,False,False,,fault_none,cvhi:common_voice_hi_24758412,9.484411239624023,8.967000007629395,0.8777284535318933,1.630915880203247,2.0485195780259184,3.5649890508462034,1.8363913424065634,nan,
cascade:runs/prune/p10/best.pt,0011,fault_none_0,stationary,0.0,False,False,,fault_none,ls:1081-125237-0052,9.7978515625,9.481440544128418,0.8395798922314309,1.6603304147720337,2.9462934170891746,3.8447257627367,2.649855307498322,nan,
cascade:runs/prune/p10/best.pt,0012,fault_none_0,stationary,0.0,False,False,,fault_none,cvhi:common_voice_hi_27761557,10.015363693237305,9.7139253616333,0.695280129896342,1.6361151933670044,2.487338463054303,3.6697509678947453,2.1367592031510387,nan,
cascade:runs/prune/p10/best.pt,0013,fault_none_0,stationary,0.0,False,False,,fault_none,cvhi:common_voice_hi_26018233,18.45290756225586,18.63793182373047,0.871318791568935,2.051162004470825,3.1328574317173663,3.099478908002759,2.4646031490815634,nan,
cascade:runs/prune/p10/best.pt,0014,fault_none_0,stationary,0.0,False,False,,fault_none,cvhi:common_voice_hi_26127927,8.631203651428223,8.052031517028809,0.7584334828375165,1.5041342973709106,2.3873457700837037,3.6539007972926942,2.0850466415992153,nan,
cascade:runs/prune/p10/best.pt,0015,fault_none_0,stationary,0.0,False,False,,fault_none,ls:1926-147979-0029,13.408646583557129,13.77733039855957,0.9546944459113508,2.8155224323272705,3.0720783992757297,3.9239023905620574,2.8107220130075787,nan,
cascade:runs/prune/p10/best.pt,0016,fault_none_0,stationary,0.0,False,False,,fault_none,ls:2007-132570-0015,5.612231254577637,4.985752105712891,0.8379888970356575,1.4871187210083008,2.56796528433392,3.87075909009359,2.3372180134833114,nan,
cascade:runs/prune/p10/best.pt,0017,fault_none_0,stationary,0.0,False,False,,fault_none,cvhi:common_voice_hi_27749189,6.4999918937683105,6.141973495483398,0.8304018719856187,1.663745403289795,2.6125937174689997,3.835854220885035,2.315915315192756,nan,
cascade:runs/prune/p10/best.pt,0018,fault_none_0,stationary,0.0,False,False,,fault_none,ls:1926-147987-0018,10.03929328918457,9.595758438110352,0.9161106589985695,2.1384639739990234,2.7743736682205133,3.468619929160173,2.376276908286256,nan,
cascade:runs/prune/p10/best.pt,0019,fault_none_0,stationary,0.0,False,False,,fault_none,ls:2007-132570-0032,13.165202140808105,12.950488090515137,0.8973547708917772,2.1451199054718018,2.901420095841708,3.723116268668096,2.567831899424615,nan,
cascade:runs/prune/p10/best.pt,0020,fault_none_0,stationary,0.0,False,False,,fault_none,ls:1081-125237-0052,7.575283527374268,7.381315231323242,0.7414040540281849,1.8383708000183105,3.1085471803074407,4.061608439114873,2.810262581234786,nan,
cascade:runs/prune/p10/best.pt,0021,fault_none_0,stationary,0.0,False,False,,fault_none,cvhi:common_voice_hi_27369005,13.457990646362305,13.308297157287598,0.8666048485181798,1.7398569583892822,2.2155899349576926,3.576253274829336,1.945406485029336,nan,
cascade:runs/prune/p10/best.pt,0022,fault_none_0,stationary,0.0,False,False,,fault_none,cvhi:common_voice_hi_25150965,13.03003215789795,12.878209114074707,0.9568216828847499,2.434291362762451,3.2383669720361468,3.8156221439494535,2.894369752635959,nan,
cascade:runs/prune/p10/best.pt,0023,fault_none_0,stationary,0.0,False,False,,fault_none,cvhi:common_voice_hi_27860132,9.680944442749023,9.330342292785645,0.865045548058546,1.9528331756591797,1.9543947690989865,3.7725219822724325,1.7734278294694055,nan,
cascade:runs/prune/p10/best.pt,0024,fault_none_0,stationary,0.0,False,False,,fault_none,ls:2007-132570-0056,10.238670349121094,9.809151649475098,0.8366899257615356,1.5680286884307861,2.3118034743987366,3.0025588414119873,1.8792118595846692,nan,
cascade:runs/prune/p10/best.pt,0025,fault_none_0,stationary,0.0,False,False,,fault_none,cvhi:common_voice_hi_27444072,15.55311393737793,15.51378059387207,0.9242674661029397,2.4912424087524414,2.89057331623436,4.022804571022847,2.645625019580319,nan,
cascade:runs/prune/p10/best.pt,0026,fault_none_0,stationary,0.0,False,False,,fault_none,cvhi:common_voice_hi_27761677,12.356805801391602,13.068865776062012,0.8140625506763963,2.029412269592285,2.696076814062235,3.4680257405115165,2.23638342495401,nan,
cascade:runs/prune/p10/best.pt,0027,fault_none_0,stationary,0.0,False,False,,fault_none,cvhi:common_voice_hi_24359424,12.569154739379883,12.335577964782715,0.9445954130202947,2.1638147830963135,3.0152586003535373,3.6249769787547184,2.637997691692397,nan,
cascade:runs/prune/p10/best.pt,0028,fault_none_0,stationary,0.0,False,False,,fault_none,ls:1926-147979-0037,10.978302001953125,10.703234672546387,0.8614516794593944,1.9573830366134644,2.9610139383134615,3.4740829105956452,2.5128400769348422,nan,
cascade:runs/prune/p10/best.pt,0029,fault_none_0,stationary,0.0,False,False,,fault_none,cvhi:common_voice_hi_26151924,7.115928649902344,6.186403274536133,0.8296606526949344,1.5020332336425781,2.426925783620752,3.4425373263032344,2.033701403454015,nan,
cascade:runs/prune/p10/best.pt,0030,fault_none_0,stationary,0.0,False,False,,fault_none,ls:2007-149877-0053,9.691752433776855,9.549680709838867,0.866955798073489,1.8192532062530518,2.6180496161683418,3.740230023371489,2.3596830911470286,nan,
cascade:runs/prune/p10/best.pt,0031,fault_none_0,stationary,0.0,False,False,,fault_none,cvhi:common_voice_hi_26088142,10.63223648071289,10.82569694519043,0.831266453049343,1.6459940671920776,2.5036543164596634,3.1879940009250336,1.9856705921583309,nan,
cascade:runs/prune/p10/best.pt,0032,fault_none_0,stationary,0.0,False,False,,fault_none,cvhi:common_voice_hi_27749300,8.636900901794434,8.331077575683594,0.7941343565695694,1.6883752346038818,2.7688040508736487,3.788497815810694,2.3729262050200743,nan,
cascade:runs/prune/p10/best.pt,0033,fault_none_0,stationary,0.0,False,False,,fault_none,cvhi:common_voice_hi_27860343,13.353577613830566,13.480318069458008,0.9302795211976396,2.8971080780029297,2.9559259345195725,3.623788719342226,2.5426023318074438,nan,
cascade:runs/prune/p10/best.pt,0034,fault_none_0,stationary,0.0,False,False,,fault_none,ls:1081-125237-0057,9.283708572387695,8.864516258239746,0.8660481300881944,1.8387656211853027,3.347527221494078,4.054187341335415,3.1031266953029966,nan,
cascade:runs/prune/p10/best.pt,0035,fault_none_0,stationary,0.0,False,False,,fault_none,cvhi:common_voice_hi_27749306,9.244632720947266,8.713740348815918,0.7743128218833675,1.910036325454712,2.268828683327267,3.8206075899289225,1.9799454967404693,nan,
cascade:runs/prune/p10/best.pt,0036,fault_none_0,stationary,0.0,False,False,,fault_none,cvhi:common_voice_hi_26131881,11.496850967407227,11.375894546508789,0.7540864849656811,1.4448206424713135,2.2435696298474626,3.488751330845074,1.9854463413622403,nan,
cascade:runs/prune/p10/best.pt,0037,fault_none_0,stationary,0.0,False,False,,fault_none,cvhi:common_voice_hi_38227750,12.12502670288086,11.889106750488281,0.7756698329349541,1.8175077438354492,3.0299317995856003,3.510387322291592,2.573422965823866,nan,
cascade:runs/prune/p10/best.pt,0038,fault_none_0,stationary,0.0,False,False,,fault_none,ls:1926-143879-0015,8.814741134643555,8.26723575592041,0.6561555794091194,1.7275904417037964,2.662365517169852,3.296209059439044,2.2326172184192474,nan,
cascade:runs/prune/p10/best.pt,0039,fault_none_0,stationary,0.0,False,False,,fault_none,cvhi:common_voice_hi_24225980,10.50410270690918,10.125391006469727,0.8916862698775396,1.7886664867401123,2.946080442746189,3.630006413445371,2.5750269280607987,nan,
cascade:runs/prune/p10/best.pt,0000,fault_none_5,stationary,5.0,False,False,,fault_none,cvhi:common_voice_hi_24758569,20.130992889404297,20.176433563232422,0.9873375314005466,3.0609962940216064,3.288531195897968,3.9705182197283397,2.9944691501779146,nan,
cascade:runs/prune/p10/best.pt,0001,fault_none_5,stationary,5.0,False,False,,fault_none,cvhi:common_voice_hi_25188959,13.308013916015625,13.494734764099121,0.9172264622620436,1.9337246417999268,1.9112648546348985,3.075700820063535,1.614249112207139,nan,
cascade:runs/prune/p10/best.pt,0002,fault_none_5,stationary,5.0,False,False,,fault_none,ls:1926-143879-0016,11.837265014648438,11.571470260620117,0.8749307627057269,1.777652621269226,3.3472714202705904,3.6692031851993603,2.8997675355798345,nan,
cascade:runs/prune/p10/best.pt,0003,fault_none_5,stationary,5.0,False,False,,fault_none,ls:1081-125237-0094,11.718595504760742,11.565932273864746,0.9424959421096732,1.9791136980056763,3.192728087266053,3.889949329967868,2.8809838653666193,nan,
cascade:runs/prune/p10/best.pt,0004,fault_none_5,stationary,5.0,False,False,,fault_none,cvhi:common_voice_hi_27761571,10.523685455322266,10.1206636428833,0.9198333532055026,2.236003875732422,2.793861474298251,3.5879175956675575,2.366409968987159,nan,
cascade:runs/prune/p10/best.pt,0005,fault_none_5,stationary,5.0,False,False,,fault_none,cvhi:common_voice_hi_27761474,14.717599868774414,14.761000633239746,0.8696474609884475,2.1282033920288086,2.4653325785170876,3.7022301679644585,2.1098041400272507,nan,
cascade:runs/prune/p10/best.pt,0006,fault_none_5,stationary,5.0,False,False,,fault_none,ls:1926-147987-0016,16.51064682006836,16.416854858398438,0.9572140341461104,3.153210401535034,3.209209776901162,3.9235340340616105,2.9602708055414784,nan,
cascade:runs/prune/p10/best.pt,0007,fault_none_5,stationary,5.0,False,False,,fault_none,ls:2007-132570-0046,13.970827102661133,13.946950912475586,0.9266171871938136,2.1766693592071533,3.2514745201663424,4.019271407623866,2.9797267797261187,nan,
cascade:runs/prune/p10/best.pt,0008,fault_none_5,stationary,5.0,False,False,,fault_none,ls:1081-125237-0113,16.245756149291992,16.15620994567871,0.971221952153492,3.488934278488159,3.54237832325387,4.124091510112564,3.2855034479221277,nan,
cascade:runs/prune/p10/best.pt,0009,fault_none_5,stationary,5.0,False,False,,fault_none,cvhi:common_voice_hi_25204281,13.684417724609375,13.969377517700195,0.9775461371700316,2.6999671459198,2.7466742506085584,4.050242712884903,2.5735164730099673,nan,
cascade:runs/prune/p10/best.pt,0010,fault_none_5,stationary,5.0,False,False,,fault_none,cvhi:common_voice_hi_27761615,16.24338722229004,16.496408462524414,0.811905865632752,2.1781723499298096,2.897638131315496,3.802251571114579,2.536030036767686,nan,
cascade:runs/prune/p10/best.pt,0011,fault_none_5,stationary,5.0,False,False,,fault_none,cvhi:common_voice_hi_27761516,13.437146186828613,13.299476623535156,0.8724937252429132,2.0697240829467773,2.8568214499140923,3.9054494977193883,2.522419521737699,nan,
cascade:runs/prune/p10/best.pt,0012,fault_none_5,stationary,5.0,False,False,,fault_none,ls:1081-125237-0084,9.069860458374023,8.651545524597168,0.9390971584105052,2.3039231300354004,3.6348861348479344,3.986534314620587,3.284181814073225,nan,
cascade:runs/prune/p10/best.pt,0013,fault_none_5,stationary,5.0,False,False,,fault_none,ls:1081-125237-0072,11.31101131439209,11.304861068725586,0.9331726351379795,1.9258942604064941,3.386684177325722,3.879212336457707,3.0450441351968434,nan,
cascade:runs/prune/p10/best.pt,0014,fault_none_5,stationary,5.0,False,False,,fault_none,cvhi:common_voice_hi_24359434,15.021549224853516,16.072612762451172,0.955038557537976,2.0344886779785156,2.9012255667019815,3.5839467941095764,2.5153335834782715,nan,
cascade:runs/prune/p10/best.pt,0015,fault_none_5,stationary,5.0,False,False,,fault_none,ls:2007-149877-0025,12.134556770324707,12.087183952331543,0.9084943003336815,1.8735053539276123,2.9378965254574627,3.4137994162913294,2.444486607585348,nan,
cascade:runs/prune/p10/best.pt,0016,fault_none_5,stationary,5.0,False,False,,fault_none,cvhi:common_voice_hi_28885861,13.163752555847168,14.557907104492188,0.9346194953104422,2.0391414165496826,2.7362166152382934,3.5994738832197,2.2935272254145915,nan,
cascade:runs/prune/p10/best.pt,0017,fault_none_5,stationary,5.0,False,False,,fault_none,cvhi:common_voice_hi_24225939,11.482587814331055,11.286320686340332,0.8673091394809805,1.7325818538665771,2.795317787818454,3.8342486129448536,2.4651494303015324,nan,
cascade:runs/prune/p10/best.pt,0018,fault_none_5,stationary,5.0,False,False,,fault_none,ls:1926-147987-0010,13.734514236450195,13.639873504638672,0.9367356065945682,2.5348448753356934,3.316966698113349,3.7637373286005094,2.934606648293677,nan,
cascade:runs/prune/p10/best.pt,0019,fault_none_5,stationary,5.0,False,False,,fault_none,ls:1926-143879-0046,13.6381196975708,14.039654731750488,0.9369696186690237,2.9777283668518066,3.244011882599547,3.898159686031266,2.891468436508465,nan,
cascade:runs/prune/p10/best.pt,0020,fault_none_5,stationary,5.0,False,False,,fault_none,cvhi:common_voice_hi_27749176,13.014612197875977,13.501188278198242,0.7779223658621708,1.9915858507156372,3.258605804891398,3.148122981028376,2.4930002514945,nan,
cascade:runs/prune/p10/best.pt,0021,fault_none_5,stationary,5.0,False,False,,fault_none,ls:1926-143879-0025,13.36463737487793,13.291088104248047,0.8250607128780386,2.3411877155303955,3.3230124502922793,3.93121589412565,3.0159222158707526,nan,
cascade:runs/prune/p10/best.pt,0022,fault_none_5,stationary,5.0,False,False,,fault_none,ls:1926-147979-0025,12.35038948059082,12.489304542541504,0.9158052188614004,2.415013551712036,3.1286801830913817,3.864932637514652,2.814788225055537,nan,
cascade:runs/prune/p10/best.pt,0023,fault_none_5,stationary,5.0,False,False,,fault_none,ls:2007-132570-0055,14.24489974975586,14.11345100402832,0.8679451199655328,2.0839712619781494,2.8698639395438303,3.6822010349660053,2.5268796071741093,nan,
cascade:runs/prune/p10/best.pt,0024,fault_none_5,stationary,5.0,False,False,,fault_none,cvhi:common_voice_hi_24360601,22.203073501586914,22.789623260498047,0.9972677979208614,2.6289823055267334,3.4993435164333735,3.813624872848801,3.117161122613432,nan,
cascade:runs/prune/p10/best.pt,0025,fault_none_5,stationary,5.0,False,False,,fault_none,cvhi:common_voice_hi_26151976,14.215951919555664,14.084417343139648,0.9137397198256197,1.998339056968689,2.937767028606826,3.8598004097849845,2.6138849037047076,nan,
cascade:runs/prune/p10/best.pt,0026,fault_none_5,stationary,5.0,False,False,,fault_none,ls:1926-147987-0006,12.935894966125488,12.894457817077637,0.875915240149322,2.0067410469055176,3.2167890275830686,3.9505314268900484,2.906043669499844,nan,
cascade:runs/prune/p10/best.pt,0027,fault_none_5,stationary,5.0,False,False,,fault_none,cvhi:common_voice_hi_25149636,16.31412124633789,16.216644287109375,0.9860301570245945,2.7454817295074463,3.3056369786574935,4.1048807422673965,3.045093372712588,nan,
cascade:runs/prune/p10/best.pt,0028,fault_none_5,stationary,5.0,False,False,,fault_none,ls:1081-125237-0003,12.794979095458984,12.752991676330566,0.880319261513064,2.3898885250091553,3.518496036788675,3.6903793126639073,3.0670585252149594,nan,
cascade:runs/prune/p10/best.pt,0029,fault_none_5,stationary,5.0,False,False,,fault_none,cvhi:common_voice_hi_24758474,12.91419792175293,12.879804611206055,0.9333878838650168,2.2170543670654297,3.0138484688266276,3.787290892508441,2.6505179259214775,nan,
cascade:runs/prune/p10/best.pt,0030,fault_none_5,stationary,5.0,False,False,,fault_none,cvhi:common_voice_hi_26132090,15.688161849975586,15.737451553344727,0.7319460311246611,1.6818487644195557,2.526381701182136,3.7362083072637073,2.221868998160803,nan,
cascade:runs/prune/p10/best.pt,0031,fault_none_5,stationary,5.0,False,False,,fault_none,cvhi:common_voice_hi_27761516,17.831750869750977,17.760507583618164,0.9381039178063831,2.605522871017456,3.0770270382797933,3.9774670879095684,2.737176828754213,nan,
cascade:runs/prune/p10/best.pt,0032,fault_none_5,stationary,5.0,False,False,,fault_none,ls:1926-147987-0005,12.508359909057617,12.263632774353027,0.9448689403953378,2.1802101135253906,3.3899807612782618,3.6831325585576806,2.9415040601625244,nan,
cascade:runs/prune/p10/best.pt,0033,fault_none_5,stationary,5.0,False,False,,fault_none,cvhi:common_voice_hi_37398692,13.119611740112305,12.908467292785645,0.8301522249250016,2.1638381481170654,2.078132517255313,3.4174020411492543,1.7795664908255273,nan,
cascade:runs/prune/p10/best.pt,0034,fault_none_5,stationary,5.0,False,False,,fault_none,ls:2007-132570-0009,10.798507690429688,10.639902114868164,0.8227503226683417,1.346741795539856,2.5931253868395787,3.691585906828612,2.2486756242441173,nan,
cascade:runs/prune/p10/best.pt,0035,fault_none_5,stationary,5.0,False,False,,fault_none,ls:1081-125237-0096,9.504817008972168,9.129647254943848,0.9179081333940288,1.930304765701294,3.169953543733973,3.804987135953467,2.811632646115022,nan,
cascade:runs/prune/p10/best.pt,0036,fault_none_5,stationary,5.0,False,False,,fault_none,cvhi:common_voice_hi_27749168,14.993395805358887,14.948846817016602,0.8290524438076166,2.0924196243286133,2.8151461419608403,3.9041679472420237,2.442888194030685,nan,
cascade:runs/prune/p10/best.pt,0037,fault_none_5,stationary,5.0,False,False,,fault_none,cvhi:common_voice_hi_26131988,9.849492073059082,9.848494529724121,0.8015928528256486,1.6421716213226318,2.561597341627288,3.739488159158518,2.278707727583294,nan,
cascade:runs/prune/p10/best.pt,0038,fault_none_5,stationary,5.0,False,False,,fault_none,cvhi:common_voice_hi_26897390,12.64177131652832,12.729729652404785,0.9570053395214183,2.582120656967163,3.1810425670168145,3.845292991925441,2.8253603129663167,nan,
cascade:runs/prune/p10/best.pt,0039,fault_none_5,stationary,5.0,False,False,,fault_none,cvhi:common_voice_hi_24225980,11.958269119262695,11.751989364624023,0.9022260455262602,1.9524869918823242,2.4958299968292343,3.4973164761211577,2.1485442408039064,nan,
cascade:runs/prune/p10/best.pt,0000,fault_refdesync_0,stationary,0.0,False,False,,fault_refdesync,cvhi:common_voice_hi_23796046,10.487232208251953,10.099940299987793,0.7909473542068775,1.4027618169784546,2.965341103988151,3.4437132710409304,2.506649510406379,nan,
cascade:runs/prune/p10/best.pt,0001,fault_refdesync_0,stationary,0.0,False,False,,fault_refdesync,cvhi:common_voice_hi_26131366,15.439275741577148,15.315552711486816,0.9164332863209381,2.285428524017334,3.32785486581706,3.897095575382969,3.000937289577063,nan,
cascade:runs/prune/p10/best.pt,0002,fault_refdesync_0,stationary,0.0,False,False,,fault_refdesync,cvhi:common_voice_hi_26151969,8.025042533874512,7.280369758605957,0.815900521612105,1.4303816556930542,2.3121288030136147,3.5255205116359227,2.0136653532490776,nan,
cascade:runs/prune/p10/best.pt,0003,fault_refdesync_0,stationary,0.0,False,False,,fault_refdesync,ls:2007-149877-0051,9.01463508605957,8.475052833557129,0.8603604647991143,1.434975028038025,2.4495230323127415,3.880718886167295,2.204656479872895,nan,
cascade:runs/prune/p10/best.pt,0004,fault_refdesync_0,stationary,0.0,False,False,,fault_refdesync,cvhi:common_voice_hi_27761498,9.778002738952637,9.420121192932129,0.8086182477343204,1.531316876411438,2.5371146825333257,3.7949694306301227,2.2448827380900425,nan,
cascade:runs/prune/p10/best.pt,0005,fault_refdesync_0,stationary,0.0,False,False,,fault_refdesync,ls:2007-149877-0016,8.528515815734863,7.983397960662842,0.8460576695056877,1.6018877029418945,2.559054233602713,3.844655073473386,2.3306824598900233,nan,
cascade:runs/prune/p10/best.pt,0006,fault_refdesync_0,stationary,0.0,False,False,,fault_refdesync,cvhi:common_voice_hi_27761570,10.011435508728027,9.556533813476562,0.7841039205970904,1.825984001159668,2.771903655560063,3.6997706700168784,2.4031031764839823,nan,
cascade:runs/prune/p10/best.pt,0007,fault_refdesync_0,stationary,0.0,False,False,,fault_refdesync,ls:1081-125237-0098,7.113861083984375,6.228260040283203,0.8897383871247485,1.8025468587875366,3.259604970775568,3.69262869743668,2.870301372368798,nan,
cascade:runs/prune/p10/best.pt,0008,fault_refdesync_0,stationary,0.0,False,False,,fault_refdesync,cvhi:common_voice_hi_26131960,9.352858543395996,8.840800285339355,0.7745246011947756,1.5330090522766113,2.0294058861966957,3.30016107455317,1.7733160419944018,nan,
cascade:runs/prune/p10/best.pt,0009,fault_refdesync_0,stationary,0.0,False,False,,fault_refdesync,ls:1081-125237-0101,7.99826192855835,7.252449989318848,0.8172056030032435,1.54757821559906,2.972827683211867,3.3859788076097637,2.490196861357187,nan,
cascade:runs/prune/p10/best.pt,0010,fault_refdesync_0,stationary,0.0,False,False,,fault_refdesync,cvhi:common_voice_hi_24758412,8.594127655029297,7.966623783111572,0.8672799374654497,1.619849681854248,2.4167058844910856,3.2279571477600095,2.003902732678014,nan,
cascade:runs/prune/p10/best.pt,0011,fault_refdesync_0,stationary,0.0,False,False,,fault_refdesync,ls:1081-125237-0052,9.548358917236328,9.083515167236328,0.8308777697452291,1.6297383308410645,2.971648135135352,3.682527491411788,2.62143206967727,nan,
cascade:runs/prune/p10/best.pt,0012,fault_refdesync_0,stationary,0.0,False,False,,fault_refdesync,cvhi:common_voice_hi_27761557,8.056567192077637,7.464106559753418,0.6721644379706873,1.4810620546340942,2.2449414493631927,3.8542802024817036,2.0253697864872584,nan,
cascade:runs/prune/p10/best.pt,0013,fault_refdesync_0,stationary,0.0,False,False,,fault_refdesync,cvhi:common_voice_hi_26018233,15.375866889953613,15.263495445251465,0.8142775074093681,1.4366307258605957,2.864492571595416,3.0718847382824053,2.274287158248806,nan,
cascade:runs/prune/p10/best.pt,0014,fault_refdesync_0,stationary,0.0,False,False,,fault_refdesync,cvhi:common_voice_hi_26127927,6.072528839111328,4.980270862579346,0.7269781373443163,1.3055930137634277,2.0313536537466437,3.670966727857781,1.8244453422677769,nan,
cascade:runs/prune/p10/best.pt,0015,fault_refdesync_0,stationary,0.0,False,False,,fault_refdesync,ls:1926-147979-0029,12.008599281311035,11.892733573913574,0.9358961586314147,2.4836432933807373,2.950943966742959,3.823651285379154,2.683938323522049,nan,
cascade:runs/prune/p10/best.pt,0016,fault_refdesync_0,stationary,0.0,False,False,,fault_refdesync,ls:2007-132570-0015,8.553275108337402,7.953588962554932,0.8213439631334136,1.4938397407531738,2.368078012864912,3.7068169318742417,2.138852110675043,nan,
cascade:runs/prune/p10/best.pt,0017,fault_refdesync_0,stationary,0.0,False,False,,fault_refdesync,cvhi:common_voice_hi_27749189,5.5949907302856445,5.004773139953613,0.7976839833755176,1.3805110454559326,2.3520904628382824,3.748640894630479,2.067690790877491,nan,
cascade:runs/prune/p10/best.pt,0018,fault_refdesync_0,stationary,0.0,False,False,,fault_refdesync,ls:1926-147987-0018,9.104552268981934,8.536714553833008,0.8936980935559732,1.8638842105865479,2.5594332969072418,3.6751374922032047,2.259686420301578,nan,
cascade:runs/prune/p10/best.pt,0019,fault_refdesync_0,stationary,0.0,False,False,,fault_refdesync,ls:2007-132570-0032,10.093994140625,9.653426170349121,0.822726561799536,1.5729265213012695,2.333114117206876,3.7768103290678443,2.1170047017337503,nan,
cascade:runs/prune/p10/best.pt,0020,fault_refdesync_0,stationary,0.0,False,False,,fault_refdesync,ls:1081-125237-0052,6.860104084014893,6.267706871032715,0.730326636737992,1.6166067123413086,3.068800624643585,4.021187000474344,2.7685369623024405,nan,
cascade:runs/prune/p10/best.pt,0021,fault_refdesync_0,stationary,0.0,False,False,,fault_refdesync,cvhi:common_voice_hi_27369005,11.288681983947754,10.974578857421875,0.8316489452989853,1.6962149143218994,2.1443562677254278,3.8337772740382894,1.9190892495649845,nan,
cascade:runs/prune/p10/best.pt,0022,fault_refdesync_0,stationary,0.0,False,False,,fault_refdesync,cvhi:common_voice_hi_25150965,10.309259414672852,9.899362564086914,0.9249732830989373,1.7994905710220337,2.6257805384596615,3.55563150574494,2.28477369805798,nan,
cascade:runs/prune/p10/best.pt,0023,fault_refdesync_0,stationary,0.0,False,False,,fault_refdesync,cvhi:common_voice_hi_27860132,7.510083198547363,6.7382402420043945,0.771503343697054,1.4916117191314697,1.6428429376393177,3.0867793308048177,1.3728884809001225,nan,
cascade:runs/prune/p10/best.pt,0024,fault_refdesync_0,stationary,0.0,False,False,,fault_refdesync,ls:2007-132570-0056,9.164363861083984,8.603814125061035,0.7964720925660529,1.403071403503418,2.0734996455904517,2.9528174119357935,1.6948851686281963,nan,
cascade:runs/prune/p10/best.pt,0025,fault_refdesync_0,stationary,0.0,False,False,,fault_refdesync,cvhi:common_voice_hi_27444072,12.864509582519531,12.771296501159668,0.8717669172899815,2.1755073070526123,2.7264668923396203,4.014611717171405,2.483533495766978,nan,
cascade:runs/prune/p10/best.pt,0026,fault_refdesync_0,stationary,0.0,False,False,,fault_refdesync,cvhi:common_voice_hi_27761677,9.823675155639648,9.384196281433105,0.737408388992244,1.6386783123016357,2.3685809008575704,3.4809954507306777,2.0004835988319405,nan,
cascade:runs/prune/p10/best.pt,0027,fault_refdesync_0,stationary,0.0,False,False,,fault_refdesync,cvhi:common_voice_hi_24359424,11.109509468078613,10.792896270751953,0.9267593393313222,1.9916443824768066,2.9219664752289924,3.588711411669905,2.5508753032406157,nan,
cascade:runs/prune/p10/best.pt,0028,fault_refdesync_0,stationary,0.0,False,False,,fault_refdesync,ls:1926-147979-0037,9.555276870727539,9.052440643310547,0.8253093651357779,1.7479124069213867,2.4778359571548143,3.5568678520936907,2.1760841017886063,nan,
cascade:runs/prune/p10/best.pt,0029,fault_refdesync_0,stationary,0.0,False,False,,fault_refdesync,cvhi:common_voice_hi_26151924,6.79238748550415,5.809394836425781,0.8276061322726577,1.4926538467407227,2.4201548210765265,3.2619630253995786,1.9512457340539227,nan,
cascade:runs/prune/p10/best.pt,0030,fault_refdesync_0,stationary,0.0,False,False,,fault_refdesync,ls:2007-149877-0053,9.065414428710938,8.680999755859375,0.8528485010753838,1.7071528434753418,2.2937007924302883,3.8170677453916655,2.0974709158054425,nan,
cascade:runs/prune/p10/best.pt,0031,fault_refdesync_0,stationary,0.0,False,False,,fault_refdesync,cvhi:common_voice_hi_26088142,10.152935981750488,9.781393051147461,0.8315973423044236,1.5663902759552002,2.40427927121077,3.2165893397511702,1.9312117065622365,nan,
cascade:runs/prune/p10/best.pt,0032,fault_refdesync_0,stationary,0.0,False,False,,fault_refdesync,cvhi:common_voice_hi_27749300,7.159517288208008,6.304579734802246,0.7560327424340463,1.5287187099456787,2.182659523027184,3.70897175461693,1.910008888795253,nan,
cascade:runs/prune/p10/best.pt,0033,fault_refdesync_0,stationary,0.0,False,False,,fault_refdesync,cvhi:common_voice_hi_27860343,11.005083084106445,10.775580406188965,0.8866708698839577,2.108105421066284,2.734040570348231,3.3369020861223007,2.2508114369619183,nan,
cascade:runs/prune/p10/best.pt,0034,fault_refdesync_0,stationary,0.0,False,False,,fault_refdesync,ls:1081-125237-0057,7.150501251220703,6.295509338378906,0.8529892725770313,1.6190297603607178,3.0509121069035867,3.7847807204398123,2.7142830395582305,nan,
cascade:runs/prune/p10/best.pt,0035,fault_refdesync_0,stationary,0.0,False,False,,fault_refdesync,cvhi:common_voice_hi_27749306,8.346280097961426,7.687079906463623,0.7615784044814486,1.8195726871490479,2.1640479051233625,3.86467821783007,1.9255621157665526,nan,
cascade:runs/prune/p10/best.pt,0036,fault_refdesync_0,stationary,0.0,False,False,,fault_refdesync,cvhi:common_voice_hi_26131881,9.854744911193848,9.758153915405273,0.7058259403787035,1.3889813423156738,2.2261494119404546,3.233929735675398,1.856516780678244,nan,
cascade:runs/prune/p10/best.pt,0037,fault_refdesync_0,stationary,0.0,False,False,,fault_refdesync,cvhi:common_voice_hi_38227750,11.05116081237793,10.776714324951172,0.7719851129825471,1.7873616218566895,2.9609792914349287,3.862779862245568,2.6838509908943635,nan,
cascade:runs/prune/p10/best.pt,0038,fault_refdesync_0,stationary,0.0,False,False,,fault_refdesync,ls:1926-143879-0015,8.066373825073242,7.3318328857421875,0.6481643245457923,1.6516213417053223,2.263853363321339,3.4060925777711235,1.968051414704455,nan,
cascade:runs/prune/p10/best.pt,0039,fault_refdesync_0,stationary,0.0,False,False,,fault_refdesync,cvhi:common_voice_hi_24225980,10.247886657714844,9.82426643371582,0.887162913326836,1.7493764162063599,2.7779947714081894,3.328465129839648,2.2977527570135425,nan,
cascade:runs/prune/p10/best.pt,0000,fault_refdesync_5,stationary,5.0,False,False,,fault_refdesync,cvhi:common_voice_hi_24758569,18.889404296875,18.86533546447754,0.9824269403839928,2.7609503269195557,3.1531082879896997,3.9226444845915562,2.8551090750458594,nan,
cascade:runs/prune/p10/best.pt,0001,fault_refdesync_5,stationary,5.0,False,False,,fault_refdesync,cvhi:common_voice_hi_25188959,11.207517623901367,11.009654998779297,0.8715584251226574,1.5082347393035889,2.06622105975303,3.3029683576925986,1.7642983280179774,nan,
cascade:runs/prune/p10/best.pt,0002,fault_refdesync_5,stationary,5.0,False,False,,fault_refdesync,ls:1926-143879-0016,11.082889556884766,10.73437786102295,0.8573295078518696,1.5935003757476807,3.1112421580137823,3.6422489744307622,2.71184341542982,nan,
cascade:runs/prune/p10/best.pt,0003,fault_refdesync_5,stationary,5.0,False,False,,fault_refdesync,ls:1081-125237-0094,10.505003929138184,10.39232063293457,0.9380007478305749,1.8824520111083984,3.1519948012238497,3.688299240868938,2.759843905398442,nan,
cascade:runs/prune/p10/best.pt,0004,fault_refdesync_5,stationary,5.0,False,False,,fault_refdesync,cvhi:common_voice_hi_27761571,8.961730003356934,8.380928039550781,0.89254954844569,1.7707843780517578,2.5702809728762017,3.467737282013306,2.1777046035876713,nan,
cascade:runs/prune/p10/best.pt,0005,fault_refdesync_5,stationary,5.0,False,False,,fault_refdesync,cvhi:common_voice_hi_27761474,13.094217300415039,12.92401123046875,0.8247496468879195,1.740464687347412,2.3376516418594333,3.719018986085236,2.0304539972076197,nan,
cascade:runs/prune/p10/best.pt,0006,fault_refdesync_5,stationary,5.0,False,False,,fault_refdesync,ls:1926-147987-0016,14.717378616333008,14.580649375915527,0.937973708568459,2.720360517501831,2.8548142310098914,3.7902432054152646,2.6161115717387404,nan,
cascade:runs/prune/p10/best.pt,0007,fault_refdesync_5,stationary,5.0,False,False,,fault_refdesync,ls:2007-132570-0046,12.972012519836426,12.803812980651855,0.9043374196899926,2.0811221599578857,2.810734213321448,3.8167480319271423,2.519084212113966,nan,
cascade:runs/prune/p10/best.pt,0008,fault_refdesync_5,stationary,5.0,False,False,,fault_refdesync,ls:1081-125237-0113,12.801284790039062,12.752857208251953,0.9491649758927491,2.361067533493042,3.4990258467185016,4.067113815054862,3.216958989874109,nan,
cascade:runs/prune/p10/best.pt,0009,fault_refdesync_5,stationary,5.0,False,False,,fault_refdesync,cvhi:common_voice_hi_25204281,10.81581974029541,10.45289134979248,0.9638199921075608,2.029416561126709,2.54584329197469,3.992026953378571,2.38160882374819,nan,
cascade:runs/prune/p10/best.pt,0010,fault_refdesync_5,stationary,5.0,False,False,,fault_refdesync,cvhi:common_voice_hi_27761615,14.43356990814209,14.383312225341797,0.8106988580182842,2.1539769172668457,2.839159423788181,3.755071533676288,2.478571234988062,nan,
cascade:runs/prune/p10/best.pt,0011,fault_refdesync_5,stationary,5.0,False,False,,fault_refdesync,cvhi:common_voice_hi_27761516,11.507059097290039,11.235750198364258,0.850726595355821,1.8815338611602783,2.311301415172648,3.846639366412508,2.0398725566140357,nan,
cascade:runs/prune/p10/best.pt,0012,fault_refdesync_5,stationary,5.0,False,False,,fault_refdesync,ls:1081-125237-0084,8.597477912902832,8.166362762451172,0.9137602229161836,2.0311150550842285,3.529105907270781,3.62664428919716,3.0465286108096623,nan,
cascade:runs/prune/p10/best.pt,0013,fault_refdesync_5,stationary,5.0,False,False,,fault_refdesync,ls:1081-125237-0072,10.518389701843262,10.172985076904297,0.9250540945337714,1.8621498346328735,3.296592083655721,3.3285881031186544,2.6836263131232716,nan,
cascade:runs/prune/p10/best.pt,0014,fault_refdesync_5,stationary,5.0,False,False,,fault_refdesync,cvhi:common_voice_hi_24359434,14.98420524597168,15.734363555908203,0.9543901077068572,1.9181067943572998,2.797042181117799,3.3374736842784065,2.359324508006287,nan,
cascade:runs/prune/p10/best.pt,0015,fault_refdesync_5,stationary,5.0,False,False,,fault_refdesync,ls:2007-149877-0025,10.802621841430664,10.693389892578125,0.8899308147267195,1.7339054346084595,2.612543622215736,3.661533834496489,2.2853378883802558,nan,
cascade:runs/prune/p10/best.pt,0016,fault_refdesync_5,stationary,5.0,False,False,,fault_refdesync,cvhi:common_voice_hi_28885861,11.879053115844727,11.892314910888672,0.9183792942838799,1.8312091827392578,2.4208053937235907,3.6829777100488093,2.0855536991048123,nan,
cascade:runs/prune/p10/best.pt,0017,fault_refdesync_5,stationary,5.0,False,False,,fault_refdesync,cvhi:common_voice_hi_24225939,10.115586280822754,9.676060676574707,0.8573527181623389,1.6888647079467773,2.5859316731201494,3.902728144135378,2.2911360662406204,nan,
cascade:runs/prune/p10/best.pt,0018,fault_refdesync_5,stationary,5.0,False,False,,fault_refdesync,ls:1926-147987-0010,12.890410423278809,12.710637092590332,0.9267345958647419,2.342771053314209,3.2847433754451525,3.9149778141923672,2.9641141192540577,nan,
cascade:runs/prune/p10/best.pt,0019,fault_refdesync_5,stationary,5.0,False,False,,fault_refdesync,ls:1926-143879-0046,12.284912109375,12.215447425842285,0.9174815421836475,2.5672903060913086,3.147258339924043,3.6121309395932872,2.710526201618514,nan,
cascade:runs/prune/p10/best.pt,0020,fault_refdesync_5,stationary,5.0,False,False,,fault_refdesync,cvhi:common_voice_hi_27749176,12.265223503112793,12.510708808898926,0.7621153848926278,1.867932677268982,2.9193662396455613,3.332189479243738,2.344926695719573,nan,
cascade:runs/prune/p10/best.pt,0021,fault_refdesync_5,stationary,5.0,False,False,,fault_refdesync,ls:1926-143879-0025,12.610739707946777,12.545913696289062,0.8162466305065029,2.158611297607422,3.16580304436936,3.819562001105637,2.8430720029483276,nan,
cascade:runs/prune/p10/best.pt,0022,fault_refdesync_5,stationary,5.0,False,False,,fault_refdesync,ls:1926-147979-0025,10.757241249084473,10.489158630371094,0.8949257863489464,1.9914867877960205,2.9611711896843835,3.8017416469652217,2.6492379436205784,nan,
cascade:runs/prune/p10/best.pt,0023,fault_refdesync_5,stationary,5.0,False,False,,fault_refdesync,ls:2007-132570-0055,13.417831420898438,13.322721481323242,0.8605944344919306,2.0046451091766357,2.769813207402542,3.672330291522913,2.4569338979919393,nan,
cascade:runs/prune/p10/best.pt,0024,fault_refdesync_5,stationary,5.0,False,False,,fault_refdesync,cvhi:common_voice_hi_24360601,21.180736541748047,21.76410484313965,0.9958453026624295,3.166254997253418,3.493646755979174,3.8496771514145376,3.1244771868340315,nan,
cascade:runs/prune/p10/best.pt,0025,fault_refdesync_5,stationary,5.0,False,False,,fault_refdesync,cvhi:common_voice_hi_26151976,10.875321388244629,10.709587097167969,0.898079067868197,1.681799292564392,2.7949978442486434,3.864637724681729,2.499143010113175,nan,
cascade:runs/prune/p10/best.pt,0026,fault_refdesync_5,stationary,5.0,False,False,,fault_refdesync,ls:1926-147987-0006,12.225080490112305,12.151498794555664,0.8588298198886236,1.8636364936828613,3.143016680997403,3.8724270917390005,2.802290957688793,nan,
cascade:runs/prune/p10/best.pt,0027,fault_refdesync_5,stationary,5.0,False,False,,fault_refdesync,cvhi:common_voice_hi_25149636,15.297270774841309,15.16872787475586,0.9809285151348055,2.399322986602783,3.2728763173478628,4.108142772866085,3.019671388271459,nan,
cascade:runs/prune/p10/best.pt,0028,fault_refdesync_5,stationary,5.0,False,False,,fault_refdesync,ls:1081-125237-0003,11.335592269897461,11.004303932189941,0.872923175134505,2.295898199081421,3.3002959215178547,3.7852322419442093,2.9325379817388857,nan,
cascade:runs/prune/p10/best.pt,0029,fault_refdesync_5,stationary,5.0,False,False,,fault_refdesync,cvhi:common_voice_hi_24758474,12.006187438964844,11.930331230163574,0.9177211826050335,2.0320613384246826,2.751149899591927,3.91671775203642,2.472432178328195,nan,
cascade:runs/prune/p10/best.pt,0030,fault_refdesync_5,stationary,5.0,False,False,,fault_refdesync,cvhi:common_voice_hi_26132090,14.613397598266602,14.463134765625,0.7148881582978968,1.4656836986541748,2.361295118583064,3.609982001266034,2.071208588510271,nan,
cascade:runs/prune/p10/best.pt,0031,fault_refdesync_5,stationary,5.0,False,False,,fault_refdesync,cvhi:common_voice_hi_27761516,16.1257381439209,16.019412994384766,0.9345595359174967,2.4133949279785156,3.001060590397985,3.970570568048312,2.637817124357509,nan,
cascade:runs/prune/p10/best.pt,0032,fault_refdesync_5,stationary,5.0,False,False,,fault_refdesync,ls:1926-147987-0005,11.658202171325684,11.351787567138672,0.935279330357765,2.0454587936401367,3.2108160750075023,3.5674637902132456,2.7616274444847826,nan,
cascade:runs/prune/p10/best.pt,0033,fault_refdesync_5,stationary,5.0,False,False,,fault_refdesync,cvhi:common_voice_hi_37398692,11.168312072753906,10.931028366088867,0.819304429171083,1.860278844833374,2.1594295822898295,3.7860233684755356,1.9700486486898778,nan,
cascade:runs/prune/p10/best.pt,0034,fault_refdesync_5,stationary,5.0,False,False,,fault_refdesync,ls:2007-132570-0009,10.179468154907227,9.836771011352539,0.8124419105174066,1.330427885055542,2.6179512542707806,3.856708083564649,2.3355518763564818,nan,
cascade:runs/prune/p10/best.pt,0035,fault_refdesync_5,stationary,5.0,False,False,,fault_refdesync,ls:1081-125237-0096,8.21496868133545,7.564678192138672,0.8983685153699229,1.7040331363677979,2.9347636485475883,3.6101858831809936,2.5667449542803795,nan,
cascade:runs/prune/p10/best.pt,0036,fault_refdesync_5,stationary,5.0,False,False,,fault_refdesync,cvhi:common_voice_hi_27749168,13.990776062011719,13.86056900024414,0.822932514000073,1.9886789321899414,2.797249912557661,3.806900708549782,2.4033504522597355,nan,
cascade:runs/prune/p10/best.pt,0037,fault_refdesync_5,stationary,5.0,False,False,,fault_refdesync,cvhi:common_voice_hi_26131988,9.620080947875977,9.428627014160156,0.7846411157169951,1.6680047512054443,2.5899646566097676,3.8003705401583208,2.313278275161848,nan,
cascade:runs/prune/p10/best.pt,0038,fault_refdesync_5,stationary,5.0,False,False,,fault_refdesync,cvhi:common_voice_hi_26897390,10.918558120727539,10.560564994812012,0.9398900799081124,2.2154664993286133,3.1102268566059528,3.9253138154554277,2.8035189788681554,nan,
cascade:runs/prune/p10/best.pt,0039,fault_refdesync_5,stationary,5.0,False,False,,fault_refdesync,cvhi:common_voice_hi_24225980,10.28127670288086,9.89966106414795,0.8661239152223685,1.7524714469909668,2.3141298443359326,3.7473963862249837,2.0889100007063264,nan,
cascade:runs/prune/p10/best.pt,0000,fault_refdrop_long_0,stationary,0.0,False,True,,fault_refdrop_long,cvhi:common_voice_hi_23796046,9.83238410949707,9.358564376831055,0.7938172589258912,1.349626064300537,2.752973060222985,2.9797461586773544,2.163792765764301,nan,
cascade:runs/prune/p10/best.pt,0001,fault_refdrop_long_0,stationary,0.0,False,True,,fault_refdrop_long,cvhi:common_voice_hi_26131366,14.701294898986816,14.558660507202148,0.9091751642574174,1.9533333778381348,3.275014141854552,3.86291048921197,2.953291848303633,nan,
cascade:runs/prune/p10/best.pt,0002,fault_refdrop_long_0,stationary,0.0,False,True,,fault_refdrop_long,cvhi:common_voice_hi_26151969,7.923634052276611,7.341918468475342,0.782444817456995,1.324678659439087,2.6513278656276236,3.4828812311899338,2.202078094323296,nan,
cascade:runs/prune/p10/best.pt,0003,fault_refdrop_long_0,stationary,0.0,False,True,,fault_refdrop_long,ls:2007-149877-0051,9.10200023651123,8.555089950561523,0.8658782102567993,1.4065403938293457,2.2956304993315944,3.5197016424670937,1.998603160590297,nan,
cascade:runs/prune/p10/best.pt,0004,fault_refdrop_long_0,stationary,0.0,False,True,,fault_refdrop_long,cvhi:common_voice_hi_27761498,9.722395896911621,9.280303955078125,0.776081651332243,1.5059980154037476,2.482641739584556,3.741309704939577,2.206313460009473,nan,
cascade:runs/prune/p10/best.pt,0005,fault_refdrop_long_0,stationary,0.0,False,True,,fault_refdrop_long,ls:2007-149877-0016,8.297673225402832,7.668627738952637,0.8202328347988517,1.581030011177063,2.6687278630793534,3.7938744869224035,2.391778506238716,nan,
cascade:runs/prune/p10/best.pt,0006,fault_refdrop_long_0,stationary,0.0,False,True,,fault_refdrop_long,cvhi:common_voice_hi_27761570,9.849037170410156,9.384394645690918,0.7840378306054855,1.631042718887329,2.6668130452350534,3.5812869694958667,2.2397947996852627,nan,
cascade:runs/prune/p10/best.pt,0007,fault_refdrop_long_0,stationary,0.0,False,True,,fault_refdrop_long,ls:1081-125237-0098,6.4444780349731445,5.487861156463623,0.8696303281856104,1.667067527770996,3.237897480776467,3.4080922349587355,2.7013366911156047,nan,
cascade:runs/prune/p10/best.pt,0008,fault_refdrop_long_0,stationary,0.0,False,True,,fault_refdrop_long,cvhi:common_voice_hi_26131960,9.085149765014648,8.517658233642578,0.8517751936859059,2.3228759765625,2.1133200776520793,3.4728917884078117,1.8152836081996993,nan,
cascade:runs/prune/p10/best.pt,0009,fault_refdrop_long_0,stationary,0.0,False,True,,fault_refdrop_long,ls:1081-125237-0101,8.040055274963379,7.3527679443359375,0.79877951196773,1.5396732091903687,3.286942365463982,2.897111441108073,2.4852389770789345,nan,
cascade:runs/prune/p10/best.pt,0010,fault_refdrop_long_0,stationary,0.0,False,True,,fault_refdrop_long,cvhi:common_voice_hi_24758412,8.301738739013672,7.617484092712402,0.8535684386619763,1.5114679336547852,2.1076429838506754,3.1698883433345824,1.7845395881556823,nan,
cascade:runs/prune/p10/best.pt,0011,fault_refdrop_long_0,stationary,0.0,False,True,,fault_refdrop_long,ls:1081-125237-0052,8.933337211608887,8.603700637817383,0.8079778444346116,1.5016918182373047,3.008207599729903,3.5407390007887454,2.5837786886406446,nan,
cascade:runs/prune/p10/best.pt,0012,fault_refdrop_long_0,stationary,0.0,False,True,,fault_refdrop_long,cvhi:common_voice_hi_27761557,7.707367420196533,6.906502723693848,0.6439469577135765,1.4634020328521729,2.2672444467566497,3.7879831809195696,1.9899772418172275,nan,
cascade:runs/prune/p10/best.pt,0013,fault_refdrop_long_0,stationary,0.0,False,True,,fault_refdrop_long,cvhi:common_voice_hi_26018233,8.816028594970703,8.510372161865234,0.7567839730159418,1.2691748142242432,2.890998988368925,3.4511204907754793,2.4400416583027487,nan,
cascade:runs/prune/p10/best.pt,0014,fault_refdrop_long_0,stationary,0.0,False,True,,fault_refdrop_long,cvhi:common_voice_hi_26127927,5.943049907684326,4.724964141845703,0.6525418452004595,1.2738170623779297,2.3781194250832307,3.517594399916644,2.0358561394401913,nan,
cascade:runs/prune/p10/best.pt,0015,fault_refdrop_long_0,stationary,0.0,False,True,,fault_refdrop_long,ls:1926-147979-0029,12.571444511413574,12.662653923034668,0.9414364351063315,1.8453004360198975,2.6423715144394664,3.5313315341391203,2.297179794583872,nan,
cascade:runs/prune/p10/best.pt,0016,fault_refdrop_long_0,stationary,0.0,False,True,,fault_refdrop_long,ls:2007-132570-0015,9.186812400817871,8.668208122253418,0.8029076831606702,1.3293001651763916,2.4383076249860927,3.7227169960459747,2.1868544521629727,nan,
cascade:runs/prune/p10/best.pt,0017,fault_refdrop_long_0,stationary,0.0,False,True,,fault_refdrop_long,cvhi:common_voice_hi_27749189,5.395784378051758,4.899905681610107,0.761260351827549,1.5208144187927246,2.3837976081047403,3.7064590259570034,2.0525591084551476,nan,
cascade:runs/prune/p10/best.pt,0018,fault_refdrop_long_0,stationary,0.0,False,True,,fault_refdrop_long,ls:1926-147987-0018,9.157014846801758,8.601336479187012,0.8846622305005601,1.7477662563323975,2.769945629903356,3.3859253628490777,2.3149128783506474,nan,
cascade:runs/prune/p10/best.pt,0019,fault_refdrop_long_0,stationary,0.0,False,True,,fault_refdrop_long,ls:2007-132570-0032,10.35116195678711,9.937704086303711,0.805565524976625,1.5251870155334473,2.441647229686248,3.511602285265846,2.154797146575945,nan,
cascade:runs/prune/p10/best.pt,0020,fault_refdrop_long_0,stationary,0.0,False,True,,fault_refdrop_long,ls:1081-125237-0052,6.028841972351074,4.782923221588135,0.6935973623842232,1.500238299369812,3.1205197474867896,3.906859017853159,2.764205954477035,nan,
cascade:runs/prune/p10/best.pt,0021,fault_refdrop_long_0,stationary,0.0,False,True,,fault_refdrop_long,cvhi:common_voice_hi_27369005,11.075141906738281,10.739076614379883,0.779583008687217,1.3752973079681396,2.2811740483402296,3.648718390251341,2.014455966682218,nan,
cascade:runs/prune/p10/best.pt,0022,fault_refdrop_long_0,stationary,0.0,False,True,,fault_refdrop_long,cvhi:common_voice_hi_25150965,6.688898086547852,5.76863956451416,0.9006186834654789,1.1448967456817627,3.1663831630368975,3.656366388543164,2.7666469348318583,nan,
cascade:runs/prune/p10/best.pt,0023,fault_refdrop_long_0,stationary,0.0,False,True,,fault_refdrop_long,cvhi:common_voice_hi_27860132,8.272220611572266,7.754515647888184,0.7997542226088818,1.6482620239257812,1.7051366227924,3.343824973786983,1.4871786166008831,nan,
cascade:runs/prune/p10/best.pt,0024,fault_refdrop_long_0,stationary,0.0,False,True,,fault_refdrop_long,ls:2007-132570-0056,9.141406059265137,8.587952613830566,0.7981487748096078,1.3433456420898438,2.2088979603984122,2.86344045931803,1.7784443608020521,nan,
cascade:runs/prune/p10/best.pt,0025,fault_refdrop_long_0,stationary,0.0,False,True,,fault_refdrop_long,cvhi:common_voice_hi_27444072,12.035823822021484,11.959676742553711,0.8811081500919199,2.0115911960601807,2.694364994316762,3.9617116081824832,2.4393964872682807,nan,
cascade:runs/prune/p10/best.pt,0026,fault_refdrop_long_0,stationary,0.0,False,True,,fault_refdrop_long,cvhi:common_voice_hi_27761677,8.846944808959961,8.694735527038574,0.7225551286634478,1.5103983879089355,2.314799470981493,3.4897962171081787,1.9682078289021347,nan,
cascade:runs/prune/p10/best.pt,0027,fault_refdrop_long_0,stationary,0.0,False,True,,fault_refdrop_long,cvhi:common_voice_hi_24359424,10.769828796386719,10.413742065429688,0.911034584257028,1.908260464668274,2.9510087692519615,3.5083613393799515,2.5511625450578794,nan,
cascade:runs/prune/p10/best.pt,0028,fault_refdrop_long_0,stationary,0.0,False,True,,fault_refdrop_long,ls:1926-147979-0037,8.313559532165527,7.6241230964660645,0.8214208596250311,1.5340676307678223,2.790831843729735,3.3647519377228603,2.3371648962807487,nan,
cascade:runs/prune/p10/best.pt,0029,fault_refdrop_long_0,stationary,0.0,False,True,,fault_refdrop_long,cvhi:common_voice_hi_26151924,7.114723205566406,6.1875386238098145,0.8248508980974464,1.4561479091644287,2.5933769937612605,3.3317497920116477,2.133823537821252,nan,
cascade:runs/prune/p10/best.pt,0030,fault_refdrop_long_0,stationary,0.0,False,True,,fault_refdrop_long,ls:2007-149877-0053,9.27557373046875,9.006170272827148,0.8512165373691634,1.7113351821899414,2.3965324774363137,3.6147496537684596,2.163712296585314,nan,
cascade:runs/prune/p10/best.pt,0031,fault_refdrop_long_0,stationary,0.0,False,True,,fault_refdrop_long,cvhi:common_voice_hi_26088142,8.486940383911133,8.096271514892578,0.7200680128122189,1.3498867750167847,2.333717743983962,3.167634330052492,1.8597600631615396,nan,
cascade:runs/prune/p10/best.pt,0032,fault_refdrop_long_0,stationary,0.0,False,True,,fault_refdrop_long,cvhi:common_voice_hi_27749300,6.992908000946045,6.186572074890137,0.7284800758139289,1.4312373399734497,2.785019887452581,3.4794656454026516,2.2645667341728988,nan,
cascade:runs/prune/p10/best.pt,0033,fault_refdrop_long_0,stationary,0.0,False,True,,fault_refdrop_long,cvhi:common_voice_hi_27860343,10.174406051635742,9.877138137817383,0.8486160520125859,1.9792371988296509,2.79409796944657,3.406675517293522,2.31614711099425,nan,
cascade:runs/prune/p10/best.pt,0034,fault_refdrop_long_0,stationary,0.0,False,True,,fault_refdrop_long,ls:1081-125237-0057,7.125959873199463,6.211757659912109,0.8410809783619713,1.5198392868041992,3.1490429550899615,3.5986653947171114,2.7423333386817506,nan,
cascade:runs/prune/p10/best.pt,0035,fault_refdrop_long_0,stationary,0.0,False,True,,fault_refdrop_long,cvhi:common_voice_hi_27749306,6.774106979370117,5.894567966461182,0.7725781675378481,1.628788948059082,1.8325795760789416,3.3886693203564864,1.5341260637835463,nan,
cascade:runs/prune/p10/best.pt,0036,fault_refdrop_long_0,stationary,0.0,False,True,,fault_refdrop_long,cvhi:common_voice_hi_26131881,10.459882736206055,10.264874458312988,0.7054344597050919,1.2536336183547974,2.3251155483657246,3.4392382800369328,2.040210770498956,nan,
cascade:runs/prune/p10/best.pt,0037,fault_refdrop_long_0,stationary,0.0,False,True,,fault_refdrop_long,cvhi:common_voice_hi_38227750,10.806713104248047,10.517754554748535,0.7471161011291922,1.6864013671875,2.898558560180799,3.591546139368426,2.4672286630392337,nan,
cascade:runs/prune/p10/best.pt,0038,fault_refdrop_long_0,stationary,0.0,False,True,,fault_refdrop_long,ls:1926-143879-0015,7.87611198425293,7.150712013244629,0.6189064512606743,1.4977856874465942,2.0312735137769153,3.26497989132778,1.7481757256095578,nan,
cascade:runs/prune/p10/best.pt,0039,fault_refdrop_long_0,stationary,0.0,False,True,,fault_refdrop_long,cvhi:common_voice_hi_24225980,9.423604011535645,8.935722351074219,0.8685588437465223,1.5250592231750488,3.0691089679173156,3.3293207110016216,2.5149416547178496,nan,
cascade:runs/prune/p10/best.pt,0000,fault_refdrop_long_5,stationary,5.0,False,True,,fault_refdrop_long,cvhi:common_voice_hi_24758569,18.595661163330078,18.566844940185547,0.9784553760437074,2.4909238815307617,3.223450130221763,3.949199122023244,2.9287067967378686,nan,
cascade:runs/prune/p10/best.pt,0001,fault_refdrop_long_5,stationary,5.0,False,True,,fault_refdrop_long,cvhi:common_voice_hi_25188959,8.655502319335938,8.477090835571289,0.8373073080289958,1.4394047260284424,1.7181660944586448,2.9152599700979533,1.4506907395377433,nan,
cascade:runs/prune/p10/best.pt,0002,fault_refdrop_long_5,stationary,5.0,False,True,,fault_refdrop_long,ls:1926-143879-0016,11.260987281799316,10.935028076171875,0.8464154184335535,1.6917492151260376,3.290411432587892,3.172565367951889,2.630307611967942,nan,
cascade:runs/prune/p10/best.pt,0003,fault_refdrop_long_5,stationary,5.0,False,True,,fault_refdrop_long,ls:1081-125237-0094,9.726682662963867,9.433422088623047,0.9152093452485789,1.6979966163635254,3.080284817762453,3.5978808152979402,2.693904691593057,nan,
cascade:runs/prune/p10/best.pt,0004,fault_refdrop_long_5,stationary,5.0,False,True,,fault_refdrop_long,cvhi:common_voice_hi_27761571,9.25779914855957,8.749650955200195,0.8810904731194252,1.8362255096435547,2.83499879473765,3.646146307405627,2.424831522238256,nan,
cascade:runs/prune/p10/best.pt,0005,fault_refdrop_long_5,stationary,5.0,False,True,,fault_refdrop_long,cvhi:common_voice_hi_27761474,13.031044960021973,12.969343185424805,0.8146171089871415,1.697190761566162,2.4630394055951874,3.5758984953472757,2.085169641385459,nan,
cascade:runs/prune/p10/best.pt,0006,fault_refdrop_long_5,stationary,5.0,False,True,,fault_refdrop_long,ls:1926-147987-0016,14.850671768188477,14.706368446350098,0.9429403768749403,2.428264856338501,3.2399527993526163,3.8952819153483595,2.9805222685998936,nan,
cascade:runs/prune/p10/best.pt,0007,fault_refdrop_long_5,stationary,5.0,False,True,,fault_refdrop_long,ls:2007-132570-0046,13.263644218444824,13.154183387756348,0.9037251605612224,1.887392520904541,3.201063745169329,3.797005416179001,2.8471177716351117,nan,
cascade:runs/prune/p10/best.pt,0008,fault_refdrop_long_5,stationary,5.0,False,True,,fault_refdrop_long,ls:1081-125237-0113,14.056516647338867,13.91274356842041,0.9381519919411043,2.8372366428375244,3.5008421632793065,3.9178330713872933,3.1532878470682744,nan,
cascade:runs/prune/p10/best.pt,0009,fault_refdrop_long_5,stationary,5.0,False,True,,fault_refdrop_long,cvhi:common_voice_hi_25204281,10.393465042114258,9.981611251831055,0.9597546214314615,2.0729432106018066,2.7222255150692356,4.009660680001484,2.5335805705273327,nan,
cascade:runs/prune/p10/best.pt,0010,fault_refdrop_long_5,stationary,5.0,False,True,,fault_refdrop_long,cvhi:common_voice_hi_27761615,14.663236618041992,14.624772071838379,0.7706851182352509,1.8523057699203491,2.829191815365966,3.7638980655774557,2.487459211581431,nan,
cascade:runs/prune/p10/best.pt,0011,fault_refdrop_long_5,stationary,5.0,False,True,,fault_refdrop_long,cvhi:common_voice_hi_27761516,12.713163375854492,12.569526672363281,0.8724937252429132,2.060713291168213,2.274684832150592,3.7748278662688204,1.9854069094507447,nan,
cascade:runs/prune/p10/best.pt,0012,fault_refdrop_long_5,stationary,5.0,False,True,,fault_refdrop_long,ls:1081-125237-0084,8.531631469726562,8.060534477233887,0.9233154181323693,1.7815423011779785,3.6859472225578127,3.645146198786099,3.1771735268883816,nan,
cascade:runs/prune/p10/best.pt,0013,fault_refdrop_long_5,stationary,5.0,False,True,,fault_refdrop_long,ls:1081-125237-0072,10.620887756347656,10.541543006896973,0.9279736737920774,1.7386260032653809,3.3680898992983948,3.8713491565645315,3.024086782351948,nan,
cascade:runs/prune/p10/best.pt,0014,fault_refdrop_long_5,stationary,5.0,False,True,,fault_refdrop_long,cvhi:common_voice_hi_24359434,13.131856918334961,13.403118133544922,0.9313853700498694,1.7858319282531738,2.8733292749232313,3.44163409999236,2.435015150794969,nan,
cascade:runs/prune/p10/best.pt,0015,fault_refdrop_long_5,stationary,5.0,False,True,,fault_refdrop_long,ls:2007-149877-0025,11.024961471557617,10.927323341369629,0.8847660987929429,1.6249620914459229,2.503330678213426,3.437705605894237,2.1433932237411097,nan,
cascade:runs/prune/p10/best.pt,0016,fault_refdrop_long_5,stationary,5.0,False,True,,fault_refdrop_long,cvhi:common_voice_hi_28885861,10.202716827392578,9.873820304870605,0.881122303638776,1.661899209022522,2.5408492035360832,3.5015119573587588,2.0810181542409176,nan,
cascade:runs/prune/p10/best.pt,0017,fault_refdrop_long_5,stationary,5.0,False,True,,fault_refdrop_long,cvhi:common_voice_hi_24225939,11.032694816589355,10.746322631835938,0.8675309239649663,1.653344750404358,2.7734697859712067,3.79167001052651,2.4273880267307253,nan,
cascade:runs/prune/p10/best.pt,0018,fault_refdrop_long_5,stationary,5.0,False,True,,fault_refdrop_long,ls:1926-147987-0010,13.224996566772461,13.094817161560059,0.9291336728928069,2.2590112686157227,3.2996170871861334,3.829668301604176,2.951827249311725,nan,
cascade:runs/prune/p10/best.pt,0019,fault_refdrop_long_5,stationary,5.0,False,True,,fault_refdrop_long,ls:1926-143879-0046,11.493206977844238,11.282541275024414,0.9058068487387745,2.271728754043579,2.8628889794365096,3.6103283393403514,2.44318220295586,nan,
cascade:runs/prune/p10/best.pt,0020,fault_refdrop_long_5,stationary,5.0,False,True,,fault_refdrop_long,cvhi:common_voice_hi_27749176,12.023173332214355,12.376066207885742,0.7497961457722649,1.7965219020843506,3.0429240202137424,3.4218264709053967,2.415874926584403,nan,
cascade:runs/prune/p10/best.pt,0021,fault_refdrop_long_5,stationary,5.0,False,True,,fault_refdrop_long,ls:1926-143879-0025,12.623846054077148,12.455748558044434,0.7890406816096268,2.0504705905914307,3.191122098599098,3.6606096287401124,2.8081174688635087,nan,
cascade:runs/prune/p10/best.pt,0022,fault_refdrop_long_5,stationary,5.0,False,True,,fault_refdrop_long,ls:1926-147979-0025,10.349583625793457,10.019577980041504,0.8774307603708328,1.7831106185913086,3.034673547165404,3.624749706269921,2.6280172633669077,nan,
cascade:runs/prune/p10/best.pt,0023,fault_refdrop_long_5,stationary,5.0,False,True,,fault_refdrop_long,ls:2007-132570-0055,12.451730728149414,12.278380393981934,0.8401186521685788,1.752731204032898,2.825566361408663,3.464180941330184,2.43389894872637,nan,
cascade:runs/prune/p10/best.pt,0024,fault_refdrop_long_5,stationary,5.0,False,True,,fault_refdrop_long,cvhi:common_voice_hi_24360601,22.017574310302734,22.67146873474121,0.9967129703126869,2.670452356338501,3.504077513821634,3.8806408328355193,3.142636731102207,nan,
cascade:runs/prune/p10/best.pt,0025,fault_refdrop_long_5,stationary,5.0,False,True,,fault_refdrop_long,cvhi:common_voice_hi_26151976,10.238981246948242,9.964105606079102,0.8850309806085527,1.478865623474121,2.870758825836785,3.3313841728802007,2.3797785344918663,nan,
cascade:runs/prune/p10/best.pt,0026,fault_refdrop_long_5,stationary,5.0,False,True,,fault_refdrop_long,ls:1926-147987-0006,11.038946151733398,10.804290771484375,0.8435706687655092,1.6549205780029297,3.2149628112879745,3.9087120903087564,2.8849904010636687,nan,
cascade:runs/prune/p10/best.pt,0027,fault_refdrop_long_5,stationary,5.0,False,True,,fault_refdrop_long,cvhi:common_voice_hi_25149636,14.414477348327637,14.26186752319336,0.9844368815140123,2.6598403453826904,3.3303052907911983,4.106675871077505,3.0684527332988485,nan,
cascade:runs/prune/p10/best.pt,0028,fault_refdrop_long_5,stationary,5.0,False,True,,fault_refdrop_long,ls:1081-125237-0003,11.270474433898926,11.04570198059082,0.8478338103882076,1.982853651046753,3.303015142435152,3.2071208425979667,2.6933518635914067,nan,
cascade:runs/prune/p10/best.pt,0029,fault_refdrop_long_5,stationary,5.0,False,True,,fault_refdrop_long,cvhi:common_voice_hi_24758474,11.035307884216309,10.929285049438477,0.8603910627420687,1.7625110149383545,2.7996086581714046,3.8359459826340254,2.494082510195333,nan,
cascade:runs/prune/p10/best.pt,0030,fault_refdrop_long_5,stationary,5.0,False,True,,fault_refdrop_long,cvhi:common_voice_hi_26132090,14.414115905761719,14.351034164428711,0.6845754013955975,1.4181193113327026,2.603488136145243,3.666447396478633,2.2600406783261144,nan,
cascade:runs/prune/p10/best.pt,0031,fault_refdrop_long_5,stationary,5.0,False,True,,fault_refdrop_long,cvhi:common_voice_hi_27761516,17.753555297851562,17.680707931518555,0.9381039178063831,2.573091983795166,2.8515997263317034,3.7452275096097676,2.4694989267074026,nan,
cascade:runs/prune/p10/best.pt,0032,fault_refdrop_long_5,stationary,5.0,False,True,,fault_refdrop_long,ls:1926-147987-0005,11.620349884033203,11.310766220092773,0.933749050573436,1.9229607582092285,3.262858539290657,3.745357298324296,2.8736950737096434,nan,
cascade:runs/prune/p10/best.pt,0033,fault_refdrop_long_5,stationary,5.0,False,True,,fault_refdrop_long,cvhi:common_voice_hi_37398692,9.75540542602539,9.30765438079834,0.7836002571427928,1.7339022159576416,1.971594921359593,3.609778426748525,1.7749750848586585,nan,
cascade:runs/prune/p10/best.pt,0034,fault_refdrop_long_5,stationary,5.0,False,True,,fault_refdrop_long,ls:2007-132570-0009,10.27452278137207,9.977665901184082,0.80207209253239,1.2302229404449463,2.5539338098619764,3.534089072334788,2.1937036865453257,nan,
cascade:runs/prune/p10/best.pt,0035,fault_refdrop_long_5,stationary,5.0,False,True,,fault_refdrop_long,ls:1081-125237-0096,9.002248764038086,8.508875846862793,0.8925688725516563,1.6710474491119385,3.0942445379880823,3.743153531090641,2.72663405108218,nan,
cascade:runs/prune/p10/best.pt,0036,fault_refdrop_long_5,stationary,5.0,False,True,,fault_refdrop_long,cvhi:common_voice_hi_27749168,14.350984573364258,14.271489143371582,0.8165580716274102,1.9645001888275146,2.8369911908697265,3.880385327108093,2.4613247562468907,nan,
cascade:runs/prune/p10/best.pt,0037,fault_refdrop_long_5,stationary,5.0,False,True,,fault_refdrop_long,cvhi:common_voice_hi_26131988,9.253069877624512,9.252227783203125,0.801063821063111,1.5864224433898926,2.4206248315004952,3.3136136204986197,2.0504006980162757,nan,
cascade:runs/prune/p10/best.pt,0038,fault_refdrop_long_5,stationary,5.0,False,True,,fault_refdrop_long,cvhi:common_voice_hi_26897390,6.4452338218688965,5.3299336433410645,0.8837576634658509,1.602921962738037,2.924926236633324,3.833907596508923,2.6107092816012463,nan,
cascade:runs/prune/p10/best.pt,0039,fault_refdrop_long_5,stationary,5.0,False,True,,fault_refdrop_long,cvhi:common_voice_hi_24225980,10.635955810546875,10.292638778686523,0.8693233080677051,1.6232657432556152,2.5492000279400804,3.0443939393779456,2.0353694184054607,nan,
cascade:runs/prune/p10/best.pt,0000,fault_refgain_-12dB_0,stationary,0.0,False,False,,fault_refgain_-12dB,cvhi:common_voice_hi_23796046,5.042037487030029,4.732276916503906,0.6312495324350883,1.1779927015304565,3.2581326060117854,1.722808846468128,1.9238798068860363,nan,
cascade:runs/prune/p10/best.pt,0001,fault_refgain_-12dB_0,stationary,0.0,False,False,,fault_refgain_-12dB,cvhi:common_voice_hi_26131366,6.3518385887146,6.028297424316406,0.8651483097071306,1.1902735233306885,3.4955181335770544,1.9435144901192671,2.18451329996544,nan,
cascade:runs/prune/p10/best.pt,0002,fault_refgain_-12dB_0,stationary,0.0,False,False,,fault_refgain_-12dB,cvhi:common_voice_hi_26151969,0.8664950132369995,0.433010458946228,0.7600878798491645,1.0690529346466064,1.2023019188883992,1.157613283631719,1.1189622760437643,nan,
cascade:runs/prune/p10/best.pt,0003,fault_refgain_-12dB_0,stationary,0.0,False,False,,fault_refgain_-12dB,ls:2007-149877-0051,-0.873863935470581,-1.4315204620361328,0.7652806824212346,1.0511101484298706,2.71694025562577,2.4245319096127513,1.960890016475342,nan,
cascade:runs/prune/p10/best.pt,0004,fault_refgain_-12dB_0,stationary,0.0,False,False,,fault_refgain_-12dB,cvhi:common_voice_hi_27761498,0.017105884850025177,0.4993050694465637,0.7090455933246895,1.0747417211532593,1.1806492488925142,1.1259674363659862,1.0856211116013097,nan,
cascade:runs/prune/p10/best.pt,0005,fault_refgain_-12dB_0,stationary,0.0,False,False,,fault_refgain_-12dB,ls:2007-149877-0016,10.251609802246094,9.838876724243164,0.8697800483238658,1.5227363109588623,2.4832597460335775,3.621096297728651,2.2040933735326127,nan,
cascade:runs/prune/p10/best.pt,0006,fault_refgain_-12dB_0,stationary,0.0,False,False,,fault_refgain_-12dB,cvhi:common_voice_hi_27761570,9.367273330688477,9.007370948791504,0.7586899291681314,1.4843487739562988,2.922825458891713,3.338835025924603,2.3667447891697457,nan,
cascade:runs/prune/p10/best.pt,0007,fault_refgain_-12dB_0,stationary,0.0,False,False,,fault_refgain_-12dB,ls:1081-125237-0098,2.928638458251953,2.142000436782837,0.8100182786394586,1.2872631549835205,3.311653611726657,1.7751962593331612,1.8506405137086277,nan,
cascade:runs/prune/p10/best.pt,0008,fault_refgain_-12dB_0,stationary,0.0,False,False,,fault_refgain_-12dB,cvhi:common_voice_hi_26131960,-7.439783096313477,-7.762953758239746,0.6554990318502325,1.121333360671997,1.199799835187046,1.0760721110279703,1.1089960538789876,nan,
cascade:runs/prune/p10/best.pt,0009,fault_refgain_-12dB_0,stationary,0.0,False,False,,fault_refgain_-12dB,ls:1081-125237-0101,1.2211878299713135,0.6430638432502747,0.7062300744052254,1.1379691362380981,1.442098505551065,1.1016004955257621,1.1423531543269052,nan,
cascade:runs/prune/p10/best.pt,0010,fault_refgain_-12dB_0,stationary,0.0,False,False,,fault_refgain_-12dB,cvhi:common_voice_hi_24758412,-0.44091030955314636,-0.5894565582275391,0.754861988372898,1.08784019947052,1.1949329663580965,1.1198098864872494,1.0782631638629823,nan,
cascade:runs/prune/p10/best.pt,0011,fault_refgain_-12dB_0,stationary,0.0,False,False,,fault_refgain_-12dB,ls:1081-125237-0052,6.568481922149658,5.633889198303223,0.7877974128345578,1.1420458555221558,2.2233141855609726,1.5135774063593774,1.443067945245527,nan,
cascade:runs/prune/p10/best.pt,0012,fault_refgain_-12dB_0,stationary,0.0,False,False,,fault_refgain_-12dB,cvhi:common_voice_hi_27761557,-1.7405517101287842,-1.144463300704956,0.5142555575694454,1.0366989374160767,1.1687155208139715,1.1478193759983308,1.0882244771768235,nan,
cascade:runs/prune/p10/best.pt,0013,fault_refgain_-12dB_0,stationary,0.0,False,False,,fault_refgain_-12dB,cvhi:common_voice_hi_26018233,-0.021556366235017776,-0.08172985166311264,0.7907072421156099,1.0830868482589722,3.1501360369843545,2.420368656679541,2.1953676832596956,nan,
cascade:runs/prune/p10/best.pt,0014,fault_refgain_-12dB_0,stationary,0.0,False,False,,fault_refgain_-12dB,cvhi:common_voice_hi_26127927,-2.047318696975708,-2.1763088703155518,0.6101515419789034,1.044429063796997,1.167016944177562,1.1311241961588838,1.0833136653654856,nan,
cascade:runs/prune/p10/best.pt,0015,fault_refgain_-12dB_0,stationary,0.0,False,False,,fault_refgain_-12dB,ls:1926-147979-0029,1.5655595064163208,0.900285542011261,0.8861776393546082,1.3295027017593384,3.269261385729119,2.819958613188669,2.42757783115126,nan,
cascade:runs/prune/p10/best.pt,0016,fault_refgain_-12dB_0,stationary,0.0,False,False,,fault_refgain_-12dB,ls:2007-132570-0015,9.312333106994629,8.98143482208252,0.8353783747484064,1.2453835010528564,2.5219624544668147,3.347813976344433,2.25844228738502,nan,
cascade:runs/prune/p10/best.pt,0017,fault_refgain_-12dB_0,stationary,0.0,False,False,,fault_refgain_-12dB,cvhi:common_voice_hi_27749189,1.772590160369873,1.0339317321777344,0.6688268188397218,1.1712487936019897,2.652531203937433,2.6698820478716323,1.9903574707650122,nan,
cascade:runs/prune/p10/best.pt,0018,fault_refgain_-12dB_0,stationary,0.0,False,False,,fault_refgain_-12dB,ls:1926-147987-0018,9.019078254699707,8.672669410705566,0.9146514421508561,1.556896686553955,2.842479990299921,2.6201241919546723,2.068287541059272,nan,
cascade:runs/prune/p10/best.pt,0019,fault_refgain_-12dB_0,stationary,0.0,False,False,,fault_refgain_-12dB,ls:2007-132570-0032,5.261824607849121,4.823254585266113,0.7787360199456721,1.1475754976272583,1.927273805702493,2.5547739919069907,1.5823620747701612,nan,
cascade:runs/prune/p10/best.pt,0020,fault_refgain_-12dB_0,stationary,0.0,False,False,,fault_refgain_-12dB,ls:1081-125237-0052,8.318831443786621,7.63034725189209,0.7222608681110835,1.4111442565917969,3.288593390477756,3.895326786223988,2.9075791102800452,nan,
cascade:runs/prune/p10/best.pt,0021,fault_refgain_-12dB_0,stationary,0.0,False,False,,fault_refgain_-12dB,cvhi:common_voice_hi_27369005,-0.41086676716804504,-0.31497758626937866,0.693480875593915,1.0643900632858276,2.4872283303362113,1.584135340758672,1.5283691437702622,nan,
cascade:runs/prune/p10/best.pt,0022,fault_refgain_-12dB_0,stationary,0.0,False,False,,fault_refgain_-12dB,cvhi:common_voice_hi_25150965,4.01638126373291,3.272763729095459,0.8772871639005196,1.2507054805755615,3.098233510820633,3.204502157891033,2.4978016846313893,nan,
cascade:runs/prune/p10/best.pt,0023,fault_refgain_-12dB_0,stationary,0.0,False,False,,fault_refgain_-12dB,cvhi:common_voice_hi_27860132,7.300083637237549,7.167000770568848,0.7992354362112669,1.3789502382278442,1.8789614139885573,3.3890389056305823,1.6861741156665606,nan,
cascade:runs/prune/p10/best.pt,0024,fault_refgain_-12dB_0,stationary,0.0,False,False,,fault_refgain_-12dB,ls:2007-132570-0056,1.3377894163131714,0.977149248123169,0.6923204691207366,1.0738601684570312,1.470665928717885,1.2225195910517996,1.1991751364652377,nan,
cascade:runs/prune/p10/best.pt,0025,fault_refgain_-12dB_0,stationary,0.0,False,False,,fault_refgain_-12dB,cvhi:common_voice_hi_27444072,-0.6116297245025635,-0.4766739010810852,0.8592161788744268,1.4018296003341675,3.3556988154128904,3.230709580870264,2.6334610234267024,nan,
cascade:runs/prune/p10/best.pt,0026,fault_refgain_-12dB_0,stationary,0.0,False,False,,fault_refgain_-12dB,cvhi:common_voice_hi_27761677,3.2022337913513184,2.8827500343322754,0.6623513045422789,1.0480748414993286,2.8926403688451465,1.410133345499263,1.5920216580585673,nan,
cascade:runs/prune/p10/best.pt,0027,fault_refgain_-12dB_0,stationary,0.0,False,False,,fault_refgain_-12dB,cvhi:common_voice_hi_24359424,6.059345245361328,5.648732662200928,0.9042545131075975,1.4378119707107544,3.0615658666531704,2.072808718438395,1.9745974218401883,nan,
cascade:runs/prune/p10/best.pt,0028,fault_refgain_-12dB_0,stationary,0.0,False,False,,fault_refgain_-12dB,ls:1926-147979-0037,2.6593480110168457,2.349242925643921,0.7195927638973826,1.084922432899475,2.3161922067861798,1.5046032305054406,1.4819386066469624,nan,
cascade:runs/prune/p10/best.pt,0029,fault_refgain_-12dB_0,stationary,0.0,False,False,,fault_refgain_-12dB,cvhi:common_voice_hi_26151924,7.236514091491699,6.329011917114258,0.8218096688406485,1.4723286628723145,2.5304458320648457,3.3276434451375385,2.0672588104878744,nan,
cascade:runs/prune/p10/best.pt,0030,fault_refgain_-12dB_0,stationary,0.0,False,False,,fault_refgain_-12dB,ls:2007-149877-0053,7.8638596534729,7.0887956619262695,0.8356633260171706,1.3642401695251465,2.1022360092074064,3.3491367705756216,1.8358495634234577,nan,
cascade:runs/prune/p10/best.pt,0031,fault_refgain_-12dB_0,stationary,0.0,False,False,,fault_refgain_-12dB,cvhi:common_voice_hi_26088142,-2.0975089073181152,-2.9552485942840576,0.7805262001259577,1.0626581907272339,1.2269645083699754,1.19553224732969,1.0973816850470042,nan,
cascade:runs/prune/p10/best.pt,0032,fault_refgain_-12dB_0,stationary,0.0,False,False,,fault_refgain_-12dB,cvhi:common_voice_hi_27749300,1.5041799545288086,0.9752160906791687,0.666424089826087,1.209583044052124,1.8896551382886526,1.5992563970089653,1.4515726354371592,nan,
cascade:runs/prune/p10/best.pt,0033,fault_refgain_-12dB_0,stationary,0.0,False,False,,fault_refgain_-12dB,cvhi:common_voice_hi_27860343,5.6444621086120605,5.708795070648193,0.879682329970055,1.2494463920593262,3.01345998245165,2.8479875438466844,2.2744557292519563,nan,
cascade:runs/prune/p10/best.pt,0034,fault_refgain_-12dB_0,stationary,0.0,False,False,,fault_refgain_-12dB,ls:1081-125237-0057,4.18723726272583,3.690311908721924,0.8281309132768148,1.4646128416061401,3.2910548892158187,2.8273484856409774,2.486226637965163,nan,
cascade:runs/prune/p10/best.pt,0035,fault_refgain_-12dB_0,stationary,0.0,False,False,,fault_refgain_-12dB,cvhi:common_voice_hi_27749306,-6.46422815322876,-6.218957424163818,0.5686679044415569,1.0990103483200073,1.1711332257394511,1.1243031806850303,1.0871723454508844,nan,
cascade:runs/prune/p10/best.pt,0036,fault_refgain_-12dB_0,stationary,0.0,False,False,,fault_refgain_-12dB,cvhi:common_voice_hi_26131881,-1.6927554607391357,-1.2282516956329346,0.639488689297929,1.0325103998184204,2.627527670078043,2.6522866256329234,1.987672253257081,nan,
cascade:runs/prune/p10/best.pt,0037,fault_refgain_-12dB_0,stationary,0.0,False,False,,fault_refgain_-12dB,cvhi:common_voice_hi_38227750,3.3736860752105713,3.027338743209839,0.7150114163829696,1.0968141555786133,1.2396930595594613,0.9270774832306388,1.0291958909535794,nan,
cascade:runs/prune/p10/best.pt,0038,fault_refgain_-12dB_0,stationary,0.0,False,False,,fault_refgain_-12dB,ls:1926-143879-0015,6.126239776611328,5.33029317855835,0.5922276999264903,1.2731330394744873,2.7347275500793464,2.2772815616875137,1.9356062590078542,nan,
cascade:runs/prune/p10/best.pt,0039,fault_refgain_-12dB_0,stationary,0.0,False,False,,fault_refgain_-12dB,cvhi:common_voice_hi_24225980,-1.2338556051254272,-1.44219970703125,0.7921509816122779,1.0730000734329224,1.602329579851437,0.9960326888469213,1.15995620728721,nan,
cascade:runs/prune/p10/best.pt,0000,fault_refgain_-12dB_5,stationary,5.0,False,False,,fault_refgain_-12dB,cvhi:common_voice_hi_24758569,14.772748947143555,14.7056245803833,0.9771158853865455,2.0376882553100586,3.289188829856136,3.5742614437805655,2.8118471760610873,nan,
cascade:runs/prune/p10/best.pt,0001,fault_refgain_-12dB_5,stationary,5.0,False,False,,fault_refgain_-12dB,cvhi:common_voice_hi_25188959,8.63656234741211,8.122204780578613,0.8242714293800374,1.098430871963501,2.6520848991324706,2.491045337656435,1.9707393377175617,nan,
cascade:runs/prune/p10/best.pt,0002,fault_refgain_-12dB_5,stationary,5.0,False,False,,fault_refgain_-12dB,ls:1926-143879-0016,9.372831344604492,9.088274002075195,0.838611666145037,1.4241100549697876,3.256326605067837,2.918503589530537,2.4034625758166914,nan,
cascade:runs/prune/p10/best.pt,0003,fault_refgain_-12dB_5,stationary,5.0,False,False,,fault_refgain_-12dB,ls:1081-125237-0094,4.197596549987793,3.9892520904541016,0.8946535250608765,1.460634708404541,2.7355315598362253,2.13334333773233,1.946442360926956,nan,
cascade:runs/prune/p10/best.pt,0004,fault_refgain_-12dB_5,stationary,5.0,False,False,,fault_refgain_-12dB,cvhi:common_voice_hi_27761571,6.183279037475586,5.712429046630859,0.8429356366770949,1.2610996961593628,2.765300386434998,2.3462874240300873,1.9144130115098235,nan,
cascade:runs/prune/p10/best.pt,0005,fault_refgain_-12dB_5,stationary,5.0,False,False,,fault_refgain_-12dB,cvhi:common_voice_hi_27761474,4.189740180969238,3.946761131286621,0.6213132998170492,1.0569045543670654,1.5576656466437575,1.2954380881056415,1.2087171196969704,nan,
cascade:runs/prune/p10/best.pt,0006,fault_refgain_-12dB_5,stationary,5.0,False,False,,fault_refgain_-12dB,ls:1926-147987-0016,8.372615814208984,8.16223430633545,0.9085938914219527,1.425797700881958,2.4277194289075994,2.1151111004078267,1.8397634522064308,nan,
cascade:runs/prune/p10/best.pt,0007,fault_refgain_-12dB_5,stationary,5.0,False,False,,fault_refgain_-12dB,ls:2007-132570-0046,13.151571273803711,12.973072052001953,0.893639142366971,1.6843805313110352,2.920186233762754,3.3151671907992126,2.4087494276029853,nan,
cascade:runs/prune/p10/best.pt,0008,fault_refgain_-12dB_5,stationary,5.0,False,False,,fault_refgain_-12dB,ls:1081-125237-0113,11.246628761291504,11.691054344177246,0.9313624205659293,1.7910407781600952,3.5179395408912293,2.786362413432614,2.560384687516995,nan,
cascade:runs/prune/p10/best.pt,0009,fault_refgain_-12dB_5,stationary,5.0,False,False,,fault_refgain_-12dB,cvhi:common_voice_hi_25204281,9.465330123901367,8.94839096069336,0.9564761641861041,1.7759218215942383,2.534573405884762,3.9292482108063638,2.3609904720868617,nan,
cascade:runs/prune/p10/best.pt,0010,fault_refgain_-12dB_5,stationary,5.0,False,False,,fault_refgain_-12dB,cvhi:common_voice_hi_27761615,5.189699649810791,4.935779571533203,0.7211150179030117,1.0647282600402832,3.341205160948396,1.9747477233629234,2.036893725092347,nan,
cascade:runs/prune/p10/best.pt,0011,fault_refgain_-12dB_5,stationary,5.0,False,False,,fault_refgain_-12dB,cvhi:common_voice_hi_27761516,5.036900043487549,5.11057186126709,0.7235100672066124,1.1809823513031006,2.0290605024599264,2.5243055638545973,1.5959448322738936,nan,
cascade:runs/prune/p10/best.pt,0012,fault_refgain_-12dB_5,stationary,5.0,False,False,,fault_refgain_-12dB,ls:1081-125237-0084,7.766025543212891,7.409202575683594,0.8855152355817049,1.5961487293243408,3.5934609348100612,3.0576567881097962,2.789913914180444,nan,
cascade:runs/prune/p10/best.pt,0013,fault_refgain_-12dB_5,stationary,5.0,False,False,,fault_refgain_-12dB,ls:1081-125237-0072,8.757368087768555,8.184889793395996,0.9132452873821997,1.277130365371704,3.5030066022517694,2.1427297379167887,2.2599389993923578,nan,
cascade:runs/prune/p10/best.pt,0014,fault_refgain_-12dB_5,stationary,5.0,False,False,,fault_refgain_-12dB,cvhi:common_voice_hi_24359434,2.809786796569824,2.0872082710266113,0.8900063944870116,1.1999008655548096,2.8170001827500295,1.2636818070920786,1.5324242679130777,nan,
cascade:runs/prune/p10/best.pt,0015,fault_refgain_-12dB_5,stationary,5.0,False,False,,fault_refgain_-12dB,ls:2007-149877-0025,10.093659400939941,10.056992530822754,0.879485823857448,1.4921427965164185,2.8103050847637974,2.6557359134228724,2.0134567691680996,nan,
cascade:runs/prune/p10/best.pt,0016,fault_refgain_-12dB_5,stationary,5.0,False,False,,fault_refgain_-12dB,cvhi:common_voice_hi_28885861,8.330639839172363,7.687139987945557,0.8763770592486878,1.1234040260314941,1.711290736333984,1.5052396111224535,1.2105584787783412,nan,
cascade:runs/prune/p10/best.pt,0017,fault_refgain_-12dB_5,stationary,5.0,False,False,,fault_refgain_-12dB,cvhi:common_voice_hi_24225939,3.355780601501465,3.1125009059906006,0.7868636731406805,1.119277834892273,1.2758070070289036,1.2243375593533883,1.142860928006607,nan,
cascade:runs/prune/p10/best.pt,0018,fault_refgain_-12dB_5,stationary,5.0,False,False,,fault_refgain_-12dB,ls:1926-147987-0010,10.802335739135742,10.443954467773438,0.908705595875989,1.6240947246551514,3.45692082109167,2.9800796730094397,2.6602956963291495,nan,
cascade:runs/prune/p10/best.pt,0019,fault_refgain_-12dB_5,stationary,5.0,False,False,,fault_refgain_-12dB,ls:1926-143879-0046,7.324804782867432,6.793675422668457,0.8626726212533752,1.5080759525299072,3.3599345978060002,3.252180752292489,2.6321859538891963,nan,
cascade:runs/prune/p10/best.pt,0020,fault_refgain_-12dB_5,stationary,5.0,False,False,,fault_refgain_-12dB,cvhi:common_voice_hi_27749176,5.627392768859863,5.062026023864746,0.7132045295896476,1.099651575088501,2.965642712335562,2.060835282310743,1.9054765369951885,nan,
cascade:runs/prune/p10/best.pt,0021,fault_refgain_-12dB_5,stationary,5.0,False,False,,fault_refgain_-12dB,ls:1926-143879-0025,11.00515365600586,10.925368309020996,0.7783746919712465,1.7306537628173828,3.3137427651434406,2.9674225796798726,2.5581881686057257,nan,
cascade:runs/prune/p10/best.pt,0022,fault_refgain_-12dB_5,stationary,5.0,False,False,,fault_refgain_-12dB,ls:1926-147979-0025,12.121600151062012,11.888753890991211,0.9108127225230422,1.9008839130401611,3.108822944442664,3.43546511590145,2.6195755342016858,nan,
cascade:runs/prune/p10/best.pt,0023,fault_refgain_-12dB_5,stationary,5.0,False,False,,fault_refgain_-12dB,ls:2007-132570-0055,11.211901664733887,11.171177864074707,0.8346575148006133,1.4053692817687988,3.0992391193763615,2.8745402612419464,2.3883223049973,nan,
cascade:runs/prune/p10/best.pt,0024,fault_refgain_-12dB_5,stationary,5.0,False,False,,fault_refgain_-12dB,cvhi:common_voice_hi_24360601,22.14654541015625,22.88174057006836,0.9965257514741105,2.8470211029052734,3.507416602118282,3.805314046289042,3.1222669120140387,nan,
cascade:runs/prune/p10/best.pt,0025,fault_refgain_-12dB_5,stationary,5.0,False,False,,fault_refgain_-12dB,cvhi:common_voice_hi_26151976,1.9541858434677124,2.089606285095215,0.8446548260450433,1.126566767692566,3.634716495678255,1.9843677931191641,2.2113160328640578,nan,
cascade:runs/prune/p10/best.pt,0026,fault_refgain_-12dB_5,stationary,5.0,False,False,,fault_refgain_-12dB,ls:1926-147987-0006,1.537292718887329,1.9124914407730103,0.7853325630644196,1.1637176275253296,3.0863270709795225,2.0526511190590138,1.9320916169291862,nan,
cascade:runs/prune/p10/best.pt,0027,fault_refgain_-12dB_5,stationary,5.0,False,False,,fault_refgain_-12dB,cvhi:common_voice_hi_25149636,0.7132196426391602,0.36144524812698364,0.9767588847167579,2.0020601749420166,3.283015353427094,3.566382817516262,2.778746404714629,nan,
cascade:runs/prune/p10/best.pt,0028,fault_refgain_-12dB_5,stationary,5.0,False,False,,fault_refgain_-12dB,ls:1081-125237-0003,8.691543579101562,8.197122573852539,0.8364674217539961,1.7319037914276123,3.4728255310504035,2.6790315043153186,2.54809067362591,nan,
cascade:runs/prune/p10/best.pt,0029,fault_refgain_-12dB_5,stationary,5.0,False,False,,fault_refgain_-12dB,cvhi:common_voice_hi_24758474,15.591341018676758,15.813989639282227,0.9546629138111372,2.467904806137085,3.2381941079912,3.9220195855465,2.9105111336967004,nan,
cascade:runs/prune/p10/best.pt,0030,fault_refgain_-12dB_5,stationary,5.0,False,False,,fault_refgain_-12dB,cvhi:common_voice_hi_26132090,1.3087995052337646,1.0157105922698975,0.6134507235206444,1.0599905252456665,1.3434866874545282,1.1320886715667664,1.0917790789952937,nan,
cascade:runs/prune/p10/best.pt,0031,fault_refgain_-12dB_5,stationary,5.0,False,False,,fault_refgain_-12dB,cvhi:common_voice_hi_27761516,6.7933149337768555,6.843994140625,0.863998664235205,1.171271562576294,2.8576925552450683,2.3412845943509835,2.0266819320944696,nan,
cascade:runs/prune/p10/best.pt,0032,fault_refgain_-12dB_5,stationary,5.0,False,False,,fault_refgain_-12dB,ls:1926-147987-0005,10.224342346191406,9.844151496887207,0.9286803568591182,1.6445727348327637,3.4058996464156754,2.5317421222893097,2.335517582729648,nan,
cascade:runs/prune/p10/best.pt,0033,fault_refgain_-12dB_5,stationary,5.0,False,False,,fault_refgain_-12dB,cvhi:common_voice_hi_37398692,10.976907730102539,10.728802680969238,0.7855513939056791,1.7573258876800537,2.1779189025810473,2.9892533343154235,1.7670739251818324,nan,
cascade:runs/prune/p10/best.pt,0034,fault_refgain_-12dB_5,stationary,5.0,False,False,,fault_refgain_-12dB,ls:2007-132570-0009,9.726261138916016,9.24493408203125,0.8046822565669138,1.2399911880493164,2.8158243701224435,3.4838443546094475,2.3830611471150824,nan,
cascade:runs/prune/p10/best.pt,0035,fault_refgain_-12dB_5,stationary,5.0,False,False,,fault_refgain_-12dB,ls:1081-125237-0096,7.858745574951172,7.093376159667969,0.8811056624144393,1.5339276790618896,3.175836559933365,3.2207831458485687,2.6175958088527502,nan,
cascade:runs/prune/p10/best.pt,0036,fault_refgain_-12dB_5,stationary,5.0,False,False,,fault_refgain_-12dB,cvhi:common_voice_hi_27749168,3.1642472743988037,2.9646494388580322,0.6373538109258933,1.0448940992355347,1.4224772300764605,1.190772009670607,1.1448665988169178,nan,
cascade:runs/prune/p10/best.pt,0037,fault_refgain_-12dB_5,stationary,5.0,False,False,,fault_refgain_-12dB,cvhi:common_voice_hi_26131988,-1.7940853834152222,-1.0611953735351562,0.6925128112217495,1.1458393335342407,1.1967407948963793,1.138087758045179,1.0732707190704598,nan,
cascade:runs/prune/p10/best.pt,0038,fault_refgain_-12dB_5,stationary,5.0,False,False,,fault_refgain_-12dB,cvhi:common_voice_hi_26897390,6.635585784912109,6.22368049621582,0.9014310863186048,1.6515629291534424,3.1640583039381145,3.517590934511434,2.673980834169666,nan,
cascade:runs/prune/p10/best.pt,0039,fault_refgain_-12dB_5,stationary,5.0,False,False,,fault_refgain_-12dB,cvhi:common_voice_hi_24225980,10.617534637451172,10.264716148376465,0.8403641984870545,1.5032719373703003,2.3947732266410986,3.1287079032349148,1.9767999221053414,nan,
cascade:runs/prune/p10/best.pt,0000,fault_refobstruct_0,stationary,0.0,False,False,,fault_refobstruct,cvhi:common_voice_hi_23796046,7.8485517501831055,7.1613545417785645,0.7017742695108713,1.194343090057373,2.891228066348753,2.106758940715582,1.8923947411382562,nan,
cascade:runs/prune/p10/best.pt,0001,fault_refobstruct_0,stationary,0.0,False,False,,fault_refobstruct,cvhi:common_voice_hi_26131366,13.491592407226562,13.294498443603516,0.9022230211738714,1.8000943660736084,3.209706305490171,3.4181380653246833,2.681174683123916,nan,
cascade:runs/prune/p10/best.pt,0002,fault_refobstruct_0,stationary,0.0,False,False,,fault_refobstruct,cvhi:common_voice_hi_26151969,5.771038055419922,4.544949531555176,0.7858119333459167,1.3407275676727295,2.441917928658468,2.8074484854378268,1.9378229578609427,nan,
cascade:runs/prune/p10/best.pt,0003,fault_refobstruct_0,stationary,0.0,False,False,,fault_refobstruct,ls:2007-149877-0051,8.15381145477295,7.493240833282471,0.8423873410228554,1.3123255968093872,2.5413815637437644,3.287016584936839,2.13174071804121,nan,
cascade:runs/prune/p10/best.pt,0004,fault_refobstruct_0,stationary,0.0,False,False,,fault_refobstruct,cvhi:common_voice_hi_27761498,7.665929317474365,6.874341011047363,0.7637941939250227,1.2037280797958374,2.9407873956674035,3.3875298155279316,2.4635739259360956,nan,
cascade:runs/prune/p10/best.pt,0005,fault_refobstruct_0,stationary,0.0,False,False,,fault_refobstruct,ls:2007-149877-0016,7.232703685760498,6.348923683166504,0.7936113728989418,1.299341082572937,2.05777981516945,3.2845643627346504,1.7959129835276113,nan,
cascade:runs/prune/p10/best.pt,0006,fault_refobstruct_0,stationary,0.0,False,False,,fault_refobstruct,cvhi:common_voice_hi_27761570,8.730409622192383,8.203132629394531,0.7584868834174016,1.5435757637023926,2.769768886690352,3.7888169288491635,2.429928110229608,nan,
cascade:runs/prune/p10/best.pt,0007,fault_refobstruct_0,stationary,0.0,False,False,,fault_refobstruct,ls:1081-125237-0098,6.343292713165283,5.198285102844238,0.8602253480718448,1.4391692876815796,3.304925393849011,2.7375039480594694,2.4220446917537237,nan,
cascade:runs/prune/p10/best.pt,0008,fault_refobstruct_0,stationary,0.0,False,False,,fault_refobstruct,cvhi:common_voice_hi_26131960,2.0446555614471436,0.8365419507026672,0.7414450049598524,1.2227758169174194,2.5609315413270664,2.716949984616625,1.8495091747405465,nan,
cascade:runs/prune/p10/best.pt,0009,fault_refobstruct_0,stationary,0.0,False,False,,fault_refobstruct,ls:1081-125237-0101,4.306798458099365,3.079124689102173,0.7721470222028743,1.2017712593078613,3.336551798674728,1.9112167906070836,2.0195047600010807,nan,
cascade:runs/prune/p10/best.pt,0010,fault_refobstruct_0,stationary,0.0,False,False,,fault_refobstruct,cvhi:common_voice_hi_24758412,8.540194511413574,7.918433666229248,0.8570487277959395,1.4274647235870361,2.137116569515695,2.851417391188309,1.730578436884849,nan,
cascade:runs/prune/p10/best.pt,0011,fault_refobstruct_0,stationary,0.0,False,False,,fault_refobstruct,ls:1081-125237-0052,5.463915824890137,4.241547584533691,0.7951078038850653,1.088260293006897,3.1050638455709287,1.8028144692151058,1.8738108028304226,nan,
cascade:runs/prune/p10/best.pt,0012,fault_refobstruct_0,stationary,0.0,False,False,,fault_refobstruct,cvhi:common_voice_hi_27761557,4.124728202819824,3.15976881980896,0.642464185738775,1.068408727645874,1.6579253833489196,1.3624296290600384,1.2563805194885043,nan,
cascade:runs/prune/p10/best.pt,0013,fault_refobstruct_0,stationary,0.0,False,False,,fault_refobstruct,cvhi:common_voice_hi_26018233,7.920809745788574,7.161106109619141,0.8035312229644447,1.1903666257858276,3.1009060815884117,2.567297324055282,2.211196684352889,nan,
cascade:runs/prune/p10/best.pt,0014,fault_refobstruct_0,stationary,0.0,False,False,,fault_refobstruct,cvhi:common_voice_hi_26127927,4.909157752990723,3.2316055297851562,0.6990167237235012,1.1766865253448486,2.540421584681421,2.971549029494917,2.0911545672744793,nan,
cascade:runs/prune/p10/best.pt,0015,fault_refobstruct_0,stationary,0.0,False,False,,fault_refobstruct,ls:1926-147979-0029,12.10908031463623,12.02869987487793,0.9276320897359291,1.9675037860870361,3.1906411676975424,3.604637624046261,2.7763122865469247,nan,
cascade:runs/prune/p10/best.pt,0016,fault_refobstruct_0,stationary,0.0,False,False,,fault_refobstruct,ls:2007-132570-0015,7.156672477722168,6.335667610168457,0.749129945848804,1.462895154953003,2.150441668806095,3.2479730752703513,1.8607350797598767,nan,
cascade:runs/prune/p10/best.pt,0017,fault_refobstruct_0,stationary,0.0,False,False,,fault_refobstruct,cvhi:common_voice_hi_27749189,3.5895159244537354,3.6250205039978027,0.6904269877438952,1.108569860458374,3.3053991699449585,2.1538842873147535,2.0936245305789694,nan,
cascade:runs/prune/p10/best.pt,0018,fault_refobstruct_0,stationary,0.0,False,False,,fault_refobstruct,ls:1926-147987-0018,7.736830234527588,6.952741622924805,0.857221907799157,1.3523370027542114,2.4435896019638745,3.153645819480886,1.99533611516512,nan,
cascade:runs/prune/p10/best.pt,0019,fault_refobstruct_0,stationary,0.0,False,False,,fault_refobstruct,ls:2007-132570-0032,10.411544799804688,10.01809024810791,0.8421546024680878,1.599649429321289,2.4900413450514627,3.7599605263615805,2.266589511800423,nan,
cascade:runs/prune/p10/best.pt,0020,fault_refobstruct_0,stationary,0.0,False,False,,fault_refobstruct,ls:1081-125237-0052,3.9284777641296387,1.7212417125701904,0.6728169689018362,1.2939013242721558,2.8181519715936556,3.8440474485355214,2.493030626105798,nan,
cascade:runs/prune/p10/best.pt,0021,fault_refobstruct_0,stationary,0.0,False,False,,fault_refobstruct,cvhi:common_voice_hi_27369005,8.457201957702637,7.921473979949951,0.8036798127902789,1.3143683671951294,2.4340046082260667,3.5291070208597546,2.12169322142645,nan,
cascade:runs/prune/p10/best.pt,0022,fault_refobstruct_0,stationary,0.0,False,False,,fault_refobstruct,cvhi:common_voice_hi_25150965,9.461223602294922,8.943957328796387,0.9214842552889981,1.7014787197113037,2.8988542069145917,3.55671481716552,2.5259420863668822,nan,
cascade:runs/prune/p10/best.pt,0023,fault_refobstruct_0,stationary,0.0,False,False,,fault_refobstruct,cvhi:common_voice_hi_27860132,7.027078628540039,6.371624946594238,0.7377041560203126,1.3798038959503174,1.668633361381946,3.065330100355421,1.4411293364384328,nan,
cascade:runs/prune/p10/best.pt,0024,fault_refobstruct_0,stationary,0.0,False,False,,fault_refobstruct,ls:2007-132570-0056,5.540380477905273,5.153990745544434,0.7832888987246106,1.1639145612716675,1.6421835054323701,1.4219591096212818,1.2594346502729996,nan,
cascade:runs/prune/p10/best.pt,0025,fault_refobstruct_0,stationary,0.0,False,False,,fault_refobstruct,cvhi:common_voice_hi_27444072,10.854586601257324,10.77627182006836,0.852596355495847,1.7799551486968994,2.7742719401471296,3.9042584054498715,2.4882427972897694,nan,
cascade:runs/prune/p10/best.pt,0026,fault_refobstruct_0,stationary,0.0,False,False,,fault_refobstruct,cvhi:common_voice_hi_27761677,7.86984395980835,7.264819145202637,0.6727226866818459,1.3193652629852295,2.082477686530478,3.326400272144204,1.784808020389966,nan,
cascade:runs/prune/p10/best.pt,0027,fault_refobstruct_0,stationary,0.0,False,False,,fault_refobstruct,cvhi:common_voice_hi_24359424,10.562549591064453,10.267633438110352,0.9249301715363984,1.471604347229004,3.1776596487131785,2.62328872813043,2.299417864212686,nan,
cascade:runs/prune/p10/best.pt,0028,fault_refobstruct_0,stationary,0.0,False,False,,fault_refobstruct,ls:1926-147979-0037,6.471173286437988,5.503994941711426,0.8014616157174985,1.2182835340499878,2.6716961613829815,1.6995788094335003,1.675396109337115,nan,
cascade:runs/prune/p10/best.pt,0029,fault_refobstruct_0,stationary,0.0,False,False,,fault_refobstruct,cvhi:common_voice_hi_26151924,5.504062652587891,4.266210556030273,0.7748186866027169,1.6086326837539673,2.1344174834812715,3.2920523753066844,1.7856504592367972,nan,
cascade:runs/prune/p10/best.pt,0030,fault_refobstruct_0,stationary,0.0,False,False,,fault_refobstruct,ls:2007-149877-0053,8.662566184997559,8.217836380004883,0.8405204905078318,1.8316950798034668,2.42829112543,3.7865598876723467,2.2165219591318808,nan,
cascade:runs/prune/p10/best.pt,0031,fault_refobstruct_0,stationary,0.0,False,False,,fault_refobstruct,cvhi:common_voice_hi_26088142,4.860369682312012,3.5590670108795166,0.8023366960690673,1.1918493509292603,2.5745728570941986,2.1940484960917694,1.7065610097371857,nan,
cascade:runs/prune/p10/best.pt,0032,fault_refobstruct_0,stationary,0.0,False,False,,fault_refobstruct,cvhi:common_voice_hi_27749300,6.470703601837158,5.47347354888916,0.7286450202299735,1.4030061960220337,2.1869905251548847,3.5528123203995476,1.8489277131732196,nan,
cascade:runs/prune/p10/best.pt,0033,fault_refobstruct_0,stationary,0.0,False,False,,fault_refobstruct,cvhi:common_voice_hi_27860343,9.509350776672363,9.076233863830566,0.8770438251693584,2.04913330078125,2.891989013907953,3.492608292815023,2.418554993578894,nan,
cascade:runs/prune/p10/best.pt,0034,fault_refobstruct_0,stationary,0.0,False,False,,fault_refobstruct,ls:1081-125237-0057,5.727389335632324,4.428225517272949,0.8158165698747388,1.546646237373352,2.8151553081484786,3.1039733026930776,2.282332159298362,nan,
cascade:runs/prune/p10/best.pt,0035,fault_refobstruct_0,stationary,0.0,False,False,,fault_refobstruct,cvhi:common_voice_hi_27749306,0.015390896238386631,-0.7717394232749939,0.694199031184783,1.1311085224151611,2.4612280671221267,1.5959153661056833,1.420124428047362,nan,
cascade:runs/prune/p10/best.pt,0036,fault_refobstruct_0,stationary,0.0,False,False,,fault_refobstruct,cvhi:common_voice_hi_26131881,3.7148139476776123,4.180685997009277,0.7127319806377618,1.092235803604126,2.4806104331759604,2.6618840922498346,1.8402947817719386,nan,
cascade:runs/prune/p10/best.pt,0037,fault_refobstruct_0,stationary,0.0,False,False,,fault_refobstruct,cvhi:common_voice_hi_38227750,5.159849643707275,4.3806843757629395,0.7348900441300343,1.0901113748550415,1.9775990691562553,1.3984900450987625,1.2505587397634115,nan,
cascade:runs/prune/p10/best.pt,0038,fault_refobstruct_0,stationary,0.0,False,False,,fault_refobstruct,ls:1926-143879-0015,7.82069206237793,7.037128925323486,0.6106076414876538,1.5874755382537842,2.9212885893561205,2.916335697314657,2.3102782762965015,nan,
cascade:runs/prune/p10/best.pt,0039,fault_refobstruct_0,stationary,0.0,False,False,,fault_refobstruct,cvhi:common_voice_hi_24225980,1.9073498249053955,1.6658656597137451,0.8393957188158749,1.0911387205123901,3.1899966898698593,1.528818842136739,1.630910888044976,nan,
cascade:runs/prune/p10/best.pt,0000,fault_refobstruct_5,stationary,5.0,False,False,,fault_refobstruct,cvhi:common_voice_hi_24758569,16.70493507385254,16.8258113861084,0.9815084052965046,2.0792860984802246,3.407956172555548,3.7088687263402313,2.96644228429095,nan,
cascade:runs/prune/p10/best.pt,0001,fault_refobstruct_5,stationary,5.0,False,False,,fault_refobstruct,cvhi:common_voice_hi_25188959,9.003125190734863,8.684531211853027,0.8425448016033719,1.1825083494186401,2.3778732334273456,2.9228207608286896,1.918727389840219,nan,
cascade:runs/prune/p10/best.pt,0002,fault_refobstruct_5,stationary,5.0,False,False,,fault_refobstruct,ls:1926-143879-0016,10.107952117919922,9.667838096618652,0.8567350319271619,1.2979122400283813,3.2485513891008497,2.3528328445751865,2.2002436434706394,nan,
cascade:runs/prune/p10/best.pt,0003,fault_refobstruct_5,stationary,5.0,False,False,,fault_refobstruct,ls:1081-125237-0094,10.214924812316895,9.80729866027832,0.9320456238422985,1.7918930053710938,3.20859127797816,2.448379242234604,2.269090781668085,nan,
cascade:runs/prune/p10/best.pt,0004,fault_refobstruct_5,stationary,5.0,False,False,,fault_refobstruct,cvhi:common_voice_hi_27761571,10.79044246673584,10.49649715423584,0.9163589959297148,1.9373104572296143,2.9894792333976117,2.981239927008122,2.2756947233905813,nan,
cascade:runs/prune/p10/best.pt,0005,fault_refobstruct_5,stationary,5.0,False,False,,fault_refobstruct,cvhi:common_voice_hi_27761474,11.880866050720215,11.59621810913086,0.7521748608138128,1.1639878749847412,2.9183333024936164,2.9375992887123132,2.2101891656529453,nan,
cascade:runs/prune/p10/best.pt,0006,fault_refobstruct_5,stationary,5.0,False,False,,fault_refobstruct,ls:1926-147987-0016,15.026371002197266,14.891353607177734,0.9472120508063453,2.3425800800323486,2.915373098745264,2.953182637747242,2.254551321333317,nan,
cascade:runs/prune/p10/best.pt,0007,fault_refobstruct_5,stationary,5.0,False,False,,fault_refobstruct,ls:2007-132570-0046,12.296388626098633,12.033905982971191,0.8713390211219684,1.3050578832626343,3.0503576712206013,3.5075005744341254,2.583361960464894,nan,
cascade:runs/prune/p10/best.pt,0008,fault_refobstruct_5,stationary,5.0,False,False,,fault_refobstruct,ls:1081-125237-0113,10.61201286315918,10.248909950256348,0.9353343337449054,1.7262351512908936,3.402426416277494,3.7954194345059964,3.0072147129342732,nan,
cascade:runs/prune/p10/best.pt,0009,fault_refobstruct_5,stationary,5.0,False,False,,fault_refobstruct,cvhi:common_voice_hi_25204281,10.094329833984375,10.25813102722168,0.969306472480273,2.2732479572296143,2.6909075672914557,4.02236116693368,2.516752440030509,nan,
cascade:runs/prune/p10/best.pt,0010,fault_refobstruct_5,stationary,5.0,False,False,,fault_refobstruct,cvhi:common_voice_hi_27761615,12.561891555786133,12.341118812561035,0.7912538416289305,1.3049324750900269,3.3295744989429807,3.0336390859031086,2.601813370408477,nan,
cascade:runs/prune/p10/best.pt,0011,fault_refobstruct_5,stationary,5.0,False,False,,fault_refobstruct,cvhi:common_voice_hi_27761516,10.550714492797852,10.322266578674316,0.8120285526105013,1.410298228263855,2.82985658160738,3.5581236040513566,2.4216749542029326,nan,
cascade:runs/prune/p10/best.pt,0012,fault_refobstruct_5,stationary,5.0,False,False,,fault_refobstruct,ls:1081-125237-0084,8.607162475585938,7.963238716125488,0.8963088900283459,1.677567481994629,3.572250154208185,3.309954337009121,2.920968412895645,nan,
cascade:runs/prune/p10/best.pt,0013,fault_refobstruct_5,stationary,5.0,False,False,,fault_refobstruct,ls:1081-125237-0072,7.174084663391113,6.25827693939209,0.9100450481865487,1.208815574645996,3.45678363516339,2.0389657843076625,2.1739331298813336,nan,
cascade:runs/prune/p10/best.pt,0014,fault_refobstruct_5,stationary,5.0,False,False,,fault_refobstruct,cvhi:common_voice_hi_24359434,9.164070129394531,8.639772415161133,0.9246076932073678,1.2820360660552979,3.0479312674985906,2.1694035360583306,2.014544855492636,nan,
cascade:runs/prune/p10/best.pt,0015,fault_refobstruct_5,stationary,5.0,False,False,,fault_refobstruct,ls:2007-149877-0025,10.459202766418457,10.345541000366211,0.8707020327797484,1.4714479446411133,2.695393246119177,3.0581974808734995,2.134718660736057,nan,
cascade:runs/prune/p10/best.pt,0016,fault_refobstruct_5,stationary,5.0,False,False,,fault_refobstruct,cvhi:common_voice_hi_28885861,6.446501731872559,5.336837291717529,0.900363772918784,1.0789587497711182,2.6936655591432825,1.8657064355815527,1.645230222834467,nan,
cascade:runs/prune/p10/best.pt,0017,fault_refobstruct_5,stationary,5.0,False,False,,fault_refobstruct,cvhi:common_voice_hi_24225939,8.949140548706055,8.365090370178223,0.8453876298865488,1.3576971292495728,2.874025725171158,2.751228142249821,2.050157823097504,nan,
cascade:runs/prune/p10/best.pt,0018,fault_refobstruct_5,stationary,5.0,False,False,,fault_refobstruct,ls:1926-147987-0010,12.316756248474121,12.091089248657227,0.9265746818268883,1.8599947690963745,3.3476907508826574,2.780976039071116,2.5266861646346537,nan,
cascade:runs/prune/p10/best.pt,0019,fault_refobstruct_5,stationary,5.0,False,False,,fault_refobstruct,ls:1926-143879-0046,11.47808837890625,11.294404029846191,0.9082333490981012,2.058837652206421,3.2955700354520596,3.8187200111496864,2.8918834326556304,nan,
cascade:runs/prune/p10/best.pt,0020,fault_refobstruct_5,stationary,5.0,False,False,,fault_refobstruct,cvhi:common_voice_hi_27749176,6.731110572814941,5.870448112487793,0.7363080426098007,1.1542850732803345,3.1338588552490756,2.3512103475176183,2.0617430027625403,nan,
cascade:runs/prune/p10/best.pt,0021,fault_refobstruct_5,stationary,5.0,False,False,,fault_refobstruct,ls:1926-143879-0025,10.75806999206543,10.690197944641113,0.7977510868431563,1.73793363571167,3.3322309587253787,2.8596087056351904,2.529742857587961,nan,
cascade:runs/prune/p10/best.pt,0022,fault_refobstruct_5,stationary,5.0,False,False,,fault_refobstruct,ls:1926-147979-0025,9.480957984924316,9.030496597290039,0.8669178678140095,1.7176051139831543,2.9187259826670857,3.558684997697221,2.5293547827302922,nan,
cascade:runs/prune/p10/best.pt,0023,fault_refobstruct_5,stationary,5.0,False,False,,fault_refobstruct,ls:2007-132570-0055,11.95682430267334,11.696568489074707,0.844285302205555,1.576681137084961,2.8695922179583313,3.01319228515923,2.283227257360867,nan,
cascade:runs/prune/p10/best.pt,0024,fault_refobstruct_5,stationary,5.0,False,False,,fault_refobstruct,cvhi:common_voice_hi_24360601,16.878501892089844,16.859535217285156,0.9956789337783274,3.0191335678100586,3.513624446976215,3.986800027816094,3.1912341085287386,nan,
cascade:runs/prune/p10/best.pt,0025,fault_refobstruct_5,stationary,5.0,False,False,,fault_refobstruct,cvhi:common_voice_hi_26151976,8.98143196105957,8.524337768554688,0.8836377466447156,1.1802877187728882,3.3999626206880054,2.467355346117606,2.3235038850427614,nan,
cascade:runs/prune/p10/best.pt,0026,fault_refobstruct_5,stationary,5.0,False,False,,fault_refobstruct,ls:1926-147987-0006,9.20800495147705,9.33792781829834,0.841981273947189,1.2783929109573364,3.351176468755428,3.0364336358521857,2.556961288745865,nan,
cascade:runs/prune/p10/best.pt,0027,fault_refobstruct_5,stationary,5.0,False,False,,fault_refobstruct,cvhi:common_voice_hi_25149636,15.127540588378906,15.001567840576172,0.985319234886365,2.192495584487915,3.4181375492345882,3.9265974419155807,3.059118416054057,nan,
cascade:runs/prune/p10/best.pt,0028,fault_refobstruct_5,stationary,5.0,False,False,,fault_refobstruct,ls:1081-125237-0003,5.032122611999512,3.5765883922576904,0.8452643507903278,1.8424828052520752,3.146047144895953,3.48267765994931,2.707618640005962,nan,
cascade:runs/prune/p10/best.pt,0029,fault_refobstruct_5,stationary,5.0,False,False,,fault_refobstruct,cvhi:common_voice_hi_24758474,7.923464298248291,7.261760711669922,0.8807173282420407,1.3449825048446655,2.813835287691632,3.4585772072285264,2.3809411617892904,nan,
cascade:runs/prune/p10/best.pt,0030,fault_refobstruct_5,stationary,5.0,False,False,,fault_refobstruct,cvhi:common_voice_hi_26132090,3.938230276107788,3.689692497253418,0.6539501922294726,1.0516343116760254,2.8168592415770113,1.6595156246504728,1.5649168561812457,nan,
cascade:runs/prune/p10/best.pt,0031,fault_refobstruct_5,stationary,5.0,False,False,,fault_refobstruct,cvhi:common_voice_hi_27761516,15.139375686645508,15.0047607421875,0.930373141701193,1.9769761562347412,3.143483839120305,3.3391222072404245,2.514225196741852,nan,
cascade:runs/prune/p10/best.pt,0032,fault_refobstruct_5,stationary,5.0,False,False,,fault_refobstruct,ls:1926-147987-0005,10.591994285583496,10.22286605834961,0.9389635058045026,1.4193300008773804,3.3005445997180165,2.4764357883082746,2.248279252305009,nan,
cascade:runs/prune/p10/best.pt,0033,fault_refobstruct_5,stationary,5.0,False,False,,fault_refobstruct,cvhi:common_voice_hi_37398692,7.268416881561279,6.6000871658325195,0.7988976625120283,1.6030900478363037,2.185836966120517,3.6731812857424373,1.976355119503424,nan,
cascade:runs/prune/p10/best.pt,0034,fault_refobstruct_5,stationary,5.0,False,False,,fault_refobstruct,ls:2007-132570-0009,9.321073532104492,8.820414543151855,0.7958769308586846,1.2843520641326904,2.6185079812366934,3.5938198391924208,2.250794745625081,nan,
cascade:runs/prune/p10/best.pt,0035,fault_refobstruct_5,stationary,5.0,False,False,,fault_refobstruct,ls:1081-125237-0096,7.554039001464844,7.055261611938477,0.8942197217120442,1.574939250946045,3.2979186756184102,2.8194779897841507,2.481378173519698,nan,
cascade:runs/prune/p10/best.pt,0036,fault_refobstruct_5,stationary,5.0,False,False,,fault_refobstruct,cvhi:common_voice_hi_27749168,4.810542583465576,4.571382999420166,0.688112864491617,1.0578864812850952,3.243303211091704,1.7416538376300787,1.8246854479427455,nan,
cascade:runs/prune/p10/best.pt,0037,fault_refobstruct_5,stationary,5.0,False,False,,fault_refobstruct,cvhi:common_voice_hi_26131988,5.194764137268066,5.636157512664795,0.7563196944998662,1.2447352409362793,2.7922161839413264,2.4280233269089555,1.8407228615754934,nan,
cascade:runs/prune/p10/best.pt,0038,fault_refobstruct_5,stationary,5.0,False,False,,fault_refobstruct,cvhi:common_voice_hi_26897390,9.125469207763672,8.899349212646484,0.9278829454760369,2.291870355606079,3.2713814281693034,3.926426096198349,2.9440362237435687,nan,
cascade:runs/prune/p10/best.pt,0039,fault_refobstruct_5,stationary,5.0,False,False,,fault_refobstruct,cvhi:common_voice_hi_24225980,9.138631820678711,8.574227333068848,0.8219852563459744,1.4684441089630127,2.1228551462893295,3.4632951886845493,1.87294502145197,nan,
cascade:runs/prune/p10/best.pt,0000,impulsive+stationary_-10,impulsive+stationary,-10.0,False,False,7.741946933016816,,cvhi:common_voice_hi_27860121,6.098079681396484,4.921931743621826,0.6792565030193238,1.37430739402771,1.8305613917296428,3.5037593865051493,1.6324143160244404,0.0,
cascade:runs/prune/p10/best.pt,0001,impulsive+stationary_-10,impulsive+stationary,-10.0,False,False,10.941254926865419,,cvhi:common_voice_hi_26127975,5.9126081466674805,4.8148417472839355,0.6601150920147797,1.292257308959961,2.3085859630076713,3.6270265303173144,2.006883646793817,0.1,
cascade:runs/prune/p10/best.pt,0002,impulsive+stationary_-10,impulsive+stationary,-10.0,True,False,10.471468805939093,,ls:2007-132570-0021,6.951375484466553,5.997562885284424,0.7069698647068238,1.281622290611267,1.585535811069527,3.1551568606591145,1.4039381201900984,0.1,
cascade:runs/prune/p10/best.pt,0003,impulsive+stationary_-10,impulsive+stationary,-10.0,False,False,-5.338036564328892,,cvhi:common_voice_hi_24973514,2.942591905593872,-0.1343199908733368,0.6120629668302809,1.191428542137146,1.7276828743240495,3.386278443536803,1.5241853110377175,0.0,
cascade:runs/prune/p10/best.pt,0004,impulsive+stationary_-10,impulsive+stationary,-10.0,False,False,3.979163416393984,,ls:2007-149877-0026,5.794553756713867,4.475619792938232,0.8503012582916998,1.4661409854888916,2.1237871467445744,3.12338304057707,1.7972543339850275,0.22,
cascade:runs/prune/p10/best.pt,0005,impulsive+stationary_-10,impulsive+stationary,-10.0,False,False,3.768753673430421,,cvhi:common_voice_hi_24996674,5.913089752197266,4.914466857910156,0.6474740434632756,1.15884268283844,2.3835854617483183,3.4090823611523446,2.0251347735537077,0.0,
cascade:runs/prune/p10/best.pt,0006,impulsive+stationary_-10,impulsive+stationary,-10.0,False,False,4.5800336282773895,,ls:2007-132570-0023,8.425430297851562,7.906286716461182,0.7652469267901744,1.5872544050216675,2.0613562834113255,3.6852304671700127,1.8696636717009534,0.34,
cascade:runs/prune/p10/best.pt,0007,impulsive+stationary_-10,impulsive+stationary,-10.0,False,False,0.6051998525013174,,cvhi:common_voice_hi_24758419,5.188097953796387,3.6462676525115967,0.7078965494610168,1.2374262809753418,2.164536779929691,3.0240745215643283,1.7739928272097159,0.0,
cascade:runs/prune/p10/best.pt,0008,impulsive+stationary_-10,impulsive+stationary,-10.0,False,True,9.735923909739173,,cvhi:common_voice_hi_26131362,1.4318814277648926,-3.4883313179016113,0.4912997856756859,1.0991952419281006,1.8278719471447469,2.96987540852378,1.5622779232721118,0.72,
cascade:runs/prune/p10/best.pt,0009,impulsive+stationary_-10,impulsive+stationary,-10.0,False,False,-3.054586699796876,,cvhi:common_voice_hi_24360528,3.3065309524536133,0.6948858499526978,0.6563734839070247,1.1899325847625732,1.7963799524590767,3.2408177717810074,1.58242609142299,0.0,
cascade:runs/prune/p10/best.pt,0010,impulsive+stationary_-10,impulsive+stationary,-10.0,False,False,6.6454081347856135,,cvhi:common_voice_hi_26131167,10.60752010345459,10.217637062072754,0.8216182586061813,1.9507484436035156,2.5667257162471806,3.43437591869385,2.146928492221639,0.0,
cascade:runs/prune/p10/best.pt,0011,impulsive+stationary_-10,impulsive+stationary,-10.0,False,False,6.9698934903142895,,ls:1081-125237-0064,5.643882751464844,4.262838840484619,0.8117757610976053,1.4132399559020996,2.2350753660919924,3.728789809254672,1.9600677193297347,0.0,
cascade:runs/prune/p10/best.pt,0012,impulsive+stationary_-10,impulsive+stationary,-10.0,False,False,-3.8464009917158837,,cvhi:common_voice_hi_26131881,6.785237789154053,5.775505065917969,0.6787931674929575,1.3118499517440796,1.9560143865123942,3.538406094279688,1.6936186493169878,0.0,
cascade:runs/prune/p10/best.pt,0013,impulsive+stationary_-10,impulsive+stationary,-10.0,True,False,6.646828055929458,,ls:1081-125237-0080,6.5063676834106445,5.473573684692383,0.8376893411721908,1.4229307174682617,2.9581700337303913,2.5997979705886705,2.124550148953709,0.24,
cascade:runs/prune/p10/best.pt,0014,impulsive+stationary_-10,impulsive+stationary,-10.0,False,False,7.3643771771852915,,cvhi:common_voice_hi_24758412,6.717226028442383,5.677273273468018,0.834158731189544,1.4856451749801636,2.2867745459508733,3.838062237592215,2.0633225381988756,0.0,
cascade:runs/prune/p10/best.pt,0015,impulsive+stationary_-10,impulsive+stationary,-10.0,False,False,1.691346394964178,,cvhi:common_voice_hi_24360600,3.9349148273468018,1.6912617683410645,0.7115232162446042,1.1515530347824097,2.078267434749979,3.5976790503468576,1.8891872977309927,0.0,
cascade:runs/prune/p10/best.pt,0016,impulsive+stationary_-10,impulsive+stationary,-10.0,False,False,-1.2300412070521727,,cvhi:common_voice_hi_37630565,4.452568531036377,2.7746129035949707,0.7851100781830839,1.5199006795883179,2.413307943078077,3.4245833300479793,2.043211505988331,0.0,
cascade:runs/prune/p10/best.pt,0017,impulsive+stationary_-10,impulsive+stationary,-10.0,True,False,9.813060384695213,,cvhi:common_voice_hi_35078365,3.514708995819092,1.6870732307434082,0.4155299686649242,1.0417729616165161,1.3725695376643279,2.1706936513427313,1.2272672493087255,1.18,
cascade:runs/prune/p10/best.pt,0018,impulsive+stationary_-10,impulsive+stationary,-10.0,False,True,3.633328750565532,,cvhi:common_voice_hi_37630593,5.6104512214660645,4.2327728271484375,0.6349084953590624,1.1420406103134155,1.8429360658862841,3.3980635261909296,1.634116936969279,0.0,
cascade:runs/prune/p10/best.pt,0019,impulsive+stationary_-10,impulsive+stationary,-10.0,False,False,2.4693758830747985,,cvhi:common_voice_hi_27444072,8.581169128417969,8.418508529663086,0.8023949502448285,1.7254915237426758,2.6112014497748377,4.007992424769318,2.347283394700257,0.0,
cascade:runs/prune/p10/best.pt,0020,impulsive+stationary_-10,impulsive+stationary,-10.0,True,False,-2.8345869682355405,,ls:1081-125237-0100,3.2741787433624268,0.8574323654174805,0.6599872923128658,1.1258502006530762,2.4875181466198053,3.261135820377537,2.0904106498431436,0.0,
cascade:runs/prune/p10/best.pt,0021,impulsive+stationary_-10,impulsive+stationary,-10.0,False,False,8.545767352123029,,ls:2007-149877-0046,4.81888484954834,3.4068784713745117,0.7743668515542443,1.2115402221679688,1.8964314909466842,3.7047587965693634,1.706632428989837,0.0,
cascade:runs/prune/p10/best.pt,0022,impulsive+stationary_-10,impulsive+stationary,-10.0,False,False,-1.5308258297051687,,ls:1926-143879-0020,5.937925338745117,4.665310859680176,0.7329132054542913,1.2999098300933838,2.358675325095425,3.7074041141101253,2.078718484180051,0.2,
cascade:runs/prune/p10/best.pt,0023,impulsive+stationary_-10,impulsive+stationary,-10.0,False,False,10.200015839576366,,cvhi:common_voice_hi_35078939,1.6275725364685059,-3.3459529876708984,0.5318426710811137,1.0892270803451538,1.8193500846448467,3.2377918220309807,1.5618144941292906,0.06,
cascade:runs/prune/p10/best.pt,0024,impulsive+stationary_-10,impulsive+stationary,-10.0,False,False,9.403801454944157,,cvhi:common_voice_hi_26132187,8.191600799560547,7.478130340576172,0.8813763545792632,1.4146710634231567,2.4241063543502603,3.953189806225284,2.2054193881518,0.0,
cascade:runs/prune/p10/best.pt,0025,impulsive+stationary_-10,impulsive+stationary,-10.0,True,False,-3.486348630448755,,ls:1081-125237-0103,4.324033737182617,2.7052042484283447,0.6312414032954452,1.166776180267334,1.8678982537012634,3.2920385679998554,1.6396974313571886,0.0,
cascade:runs/prune/p10/best.pt,0026,impulsive+stationary_-10,impulsive+stationary,-10.0,True,False,-4.228760414513133,,ls:1081-125237-0053,1.1492855548858643,-1.0194768905639648,0.8347951290119202,1.394553542137146,2.736878073150576,3.9847059042956143,2.3327200986574295,0.0,
cascade:runs/prune/p10/best.pt,0027,impulsive+stationary_-10,impulsive+stationary,-10.0,False,False,7.145333708983223,,cvhi:common_voice_hi_26131264,4.565685272216797,2.702645778656006,0.6460708727829126,1.2316772937774658,2.1051492660227593,3.6109346849517285,1.8692289245510698,0.0,
cascade:runs/prune/p10/best.pt,0028,impulsive+stationary_-10,impulsive+stationary,-10.0,False,False,8.813698100779408,,cvhi:common_voice_hi_24038975,1.7921578884124756,-1.5904290676116943,0.4776224960251143,1.0345710515975952,1.962081079288164,3.2334588837648517,1.5979776603212816,0.1,
cascade:runs/prune/p10/best.pt,0029,impulsive+stationary_-10,impulsive+stationary,-10.0,False,False,-2.81997234960079,,cvhi:common_voice_hi_26897397,3.293308734893799,0.6284227967262268,0.6599501923997311,1.3354077339172363,1.8770113692658723,3.70251545801801,1.7046368268402026,0.0,
cascade:runs/prune/p10/best.pt,0030,impulsive+stationary_-10,impulsive+stationary,-10.0,False,False,1.249908617453988,,cvhi:common_voice_hi_35077359,5.182132720947266,4.003488540649414,0.48695090003326447,1.094855546951294,1.6326399967350649,3.2106426227515925,1.4182576253282462,0.0,
cascade:runs/prune/p10/best.pt,0031,impulsive+stationary_-10,impulsive+stationary,-10.0,True,False,2.2761826542512757,,cvhi:common_voice_hi_34926864,3.377769947052002,0.7806249856948853,0.6436044308767845,1.1479041576385498,1.8625098333329897,2.998551791453352,1.5221735846552409,0.0,
cascade:runs/prune/p10/best.pt,0032,impulsive+stationary_-10,impulsive+stationary,-10.0,False,False,9.366819201185061,,ls:2007-149877-0019,3.6868908405303955,1.2747230529785156,0.6171177970717042,1.1369349956512451,1.626520385137063,2.983300854025792,1.4100068958399778,0.0,
cascade:runs/prune/p10/best.pt,0033,impulsive+stationary_-10,impulsive+stationary,-10.0,False,False,7.350538066066624,,ls:1926-147987-0000,3.648568630218506,1.1946409940719604,0.621042942316649,1.16914701461792,2.3122665509182108,2.895299050054403,1.8698937877872424,0.38,
cascade:runs/prune/p10/best.pt,0034,impulsive+stationary_-10,impulsive+stationary,-10.0,False,False,-2.7455972920409297,,ls:2007-149877-0042,11.601081848144531,11.312407493591309,0.9086238754903468,1.845428228378296,3.0674363087685586,3.79529022371406,2.717442933806093,0.0,
cascade:runs/prune/p10/best.pt,0035,impulsive+stationary_-10,impulsive+stationary,-10.0,False,False,8.855814370564334,,ls:2007-149877-0060,6.008487224578857,4.822453022003174,0.8236543948516251,1.3293508291244507,2.4456046461141177,3.5875703619896586,2.1350007603249184,0.0,
cascade:runs/prune/p10/best.pt,0036,impulsive+stationary_-10,impulsive+stationary,-10.0,False,False,11.064713537507405,,cvhi:common_voice_hi_30313620,7.698077201843262,6.898524284362793,0.6773326118445883,1.371704339981079,1.7583242586645935,3.810729494872615,1.6475830665930062,0.22,
cascade:runs/prune/p10/best.pt,0037,impulsive+stationary_-10,impulsive+stationary,-10.0,True,False,9.256134289138675,,cvhi:common_voice_hi_24360569,8.870278358459473,8.756999969482422,0.8986578462529196,1.7308377027511597,2.713211219968644,3.8992200237829735,2.4403218658429564,0.14,
cascade:runs/prune/p10/best.pt,0038,impulsive+stationary_-10,impulsive+stationary,-10.0,False,False,5.4318293582990975,,ls:2007-132570-0005,4.290123462677002,2.2773520946502686,0.6704502223483978,1.1252316236495972,1.9043807973518216,3.1777865481252685,1.6350346504371083,0.0,
cascade:runs/prune/p10/best.pt,0039,impulsive+stationary_-10,impulsive+stationary,-10.0,True,False,-1.7069459048516649,,cvhi:common_voice_hi_27641135,4.4809088706970215,2.5948092937469482,0.5884058480345499,1.2033309936523438,2.329497773571228,3.3740450261942097,1.9509047405124622,0.0,
cascade:runs/prune/p10/best.pt,0000,impulsive+stationary_-5,impulsive+stationary,-5.0,False,False,10.486743928252281,,cvhi:common_voice_hi_26131828,4.100860595703125,2.0304367542266846,0.6197258454223695,1.2319973707199097,1.798954907703771,2.855932585970231,1.4793306508072566,1.36,
cascade:runs/prune/p10/best.pt,0001,impulsive+stationary_-5,impulsive+stationary,-5.0,False,False,-2.943885801581036,,cvhi:common_voice_hi_25149597,8.271559715270996,7.816051959991455,0.822360106088207,1.7216084003448486,2.798465020483732,3.573433715057523,2.3839199748796536,0.0,
cascade:runs/prune/p10/best.pt,0002,impulsive+stationary_-5,impulsive+stationary,-5.0,False,False,-4.905532175771009,,cvhi:common_voice_hi_26131775,9.368024826049805,8.859063148498535,0.7941399418316133,1.8953361511230469,2.639562438378277,3.6597637424997522,2.2951970631787906,0.0,
cascade:runs/prune/p10/best.pt,0003,impulsive+stationary_-5,impulsive+stationary,-5.0,False,False,9.262877670002837,,cvhi:common_voice_hi_24758356,8.878579139709473,8.32567310333252,0.884119684241847,1.5087748765945435,2.5280582310653408,3.6412068914288698,2.2456454734829228,0.0,
cascade:runs/prune/p10/best.pt,0004,impulsive+stationary_-5,impulsive+stationary,-5.0,False,False,-4.676517603316943,,cvhi:common_voice_hi_24360552,7.729430675506592,6.9304585456848145,0.8355832700270208,1.5721477270126343,2.4445717626301944,3.8678013816725025,2.2379393688324223,0.0,
cascade:runs/prune/p10/best.pt,0005,impulsive+stationary_-5,impulsive+stationary,-5.0,False,False,-2.4946244603212056,,cvhi:common_voice_hi_26088194,4.552224636077881,2.9821577072143555,0.7827746462940228,1.3475226163864136,2.3407249607263925,3.584786650962776,2.075093716394621,0.0,
cascade:runs/prune/p10/best.pt,0006,impulsive+stationary_-5,impulsive+stationary,-5.0,False,False,7.28805891168151,,ls:2007-132570-0027,7.055444240570068,6.3491339683532715,0.7606876183237785,1.2832698822021484,2.7462360606578313,3.5722548778464644,2.3221752302770002,0.0,
cascade:runs/prune/p10/best.pt,0007,impulsive+stationary_-5,impulsive+stationary,-5.0,False,False,-2.2547409048941462,,cvhi:common_voice_hi_26151927,8.428495407104492,7.799027442932129,0.8004458017421295,1.2985838651657104,2.8492590543033205,3.561589642649944,2.4029164111085084,0.04,
cascade:runs/prune/p10/best.pt,0008,impulsive+stationary_-5,impulsive+stationary,-5.0,False,False,6.240434406011005,,cvhi:common_voice_hi_35077896,14.135750770568848,14.279655456542969,0.8917593844757542,1.9211921691894531,3.5359266851533544,4.123930716830463,3.2735170801764895,0.0,
cascade:runs/prune/p10/best.pt,0009,impulsive+stationary_-5,impulsive+stationary,-5.0,False,False,3.260484949793259,,ls:1926-147987-0000,5.908628463745117,4.64082670211792,0.7038025237824427,1.3714618682861328,1.9468810261331202,3.3858800259617565,1.7345318428150251,0.78,
cascade:runs/prune/p10/best.pt,0010,impulsive+stationary_-5,impulsive+stationary,-5.0,True,False,3.3711127186593206,,cvhi:common_voice_hi_24359403,6.670862197875977,5.887434482574463,0.8091222195070747,1.3300678730010986,2.516638871055472,3.091258823797097,2.0544456082878018,0.02,
cascade:runs/prune/p10/best.pt,0011,impulsive+stationary_-5,impulsive+stationary,-5.0,False,False,5.8168528935932375,,cvhi:common_voice_hi_27749298,7.211128234863281,6.598302841186523,0.6863347146876132,1.4536843299865723,1.9438633581780131,3.6435994371388647,1.6862231733374402,0.12,
cascade:runs/prune/p10/best.pt,0012,impulsive+stationary_-5,impulsive+stationary,-5.0,False,False,-0.8516457852251857,,cvhi:common_voice_hi_26018234,4.233133316040039,2.1818127632141113,0.7218401559558454,1.1946187019348145,1.7589468953725218,3.869034483449555,1.6496064280911975,0.0,
cascade:runs/prune/p10/best.pt,0013,impulsive+stationary_-5,impulsive+stationary,-5.0,False,False,8.249456965567958,,cvhi:common_voice_hi_26088253,8.676251411437988,8.116074562072754,0.6975283196402028,1.4482346773147583,2.190636470891699,3.5087459885493932,1.9169530594016069,0.0,
cascade:runs/prune/p10/best.pt,0014,impulsive+stationary_-5,impulsive+stationary,-5.0,True,False,-5.6983284251242585,,cvhi:common_voice_hi_24758378,10.711111068725586,10.328956604003906,0.9196980477199443,2.1820554733276367,2.660545954598198,3.8499253975698347,2.402964866889182,0.04,
cascade:runs/prune/p10/best.pt,0015,impulsive+stationary_-5,impulsive+stationary,-5.0,False,False,0.43797157832033307,,cvhi:common_voice_hi_27860132,11.230602264404297,10.97309684753418,0.8707879471620394,1.8496770858764648,2.128680807633293,3.6880965680795885,1.8948175271852419,0.0,
cascade:runs/prune/p10/best.pt,0016,impulsive+stationary_-5,impulsive+stationary,-5.0,False,False,3.2453113776345734,,ls:2007-149877-0043,5.9591965675354,4.713908672332764,0.7184891527016481,1.2208986282348633,2.302410091197749,3.3437341335411714,1.9250948599568813,0.0,
cascade:runs/prune/p10/best.pt,0017,impulsive+stationary_-5,impulsive+stationary,-5.0,False,False,-3.3137755393249524,,cvhi:common_voice_hi_27369006,5.413064956665039,3.9557676315307617,0.7545836822476852,1.3369334936141968,2.2787807575302073,3.230218879742307,1.8756666984549495,0.54,
cascade:runs/prune/p10/best.pt,0018,impulsive+stationary_-5,impulsive+stationary,-5.0,True,False,6.606947536341764,,cvhi:common_voice_hi_25188825,9.745407104492188,9.830418586730957,0.9401327677460684,2.2601206302642822,2.8487242505422516,3.260054472591493,2.2980036910024606,0.0,
cascade:runs/prune/p10/best.pt,0019,impulsive+stationary_-5,impulsive+stationary,-5.0,False,False,-3.6025398703874627,,cvhi:common_voice_hi_27761524,13.912419319152832,14.024473190307617,0.8320073288962717,2.2158806324005127,2.743975829745793,3.8092857147553234,2.427331157675765,0.0,
cascade:runs/prune/p10/best.pt,0020,impulsive+stationary_-5,impulsive+stationary,-5.0,False,False,8.921500467626334,,cvhi:common_voice_hi_25161549,8.154666900634766,7.721006393432617,0.8968734364203556,1.6038928031921387,2.6492569484601685,3.534515874744564,2.28196164538278,0.22,
cascade:runs/prune/p10/best.pt,0021,impulsive+stationary_-5,impulsive+stationary,-5.0,False,False,3.2319405029606703,,cvhi:common_voice_hi_25161553,5.775842666625977,4.4700117111206055,0.6369004793899264,1.220057725906372,1.7569902306584253,2.976063722066347,1.4774085724353152,0.14,
cascade:runs/prune/p10/best.pt,0022,impulsive+stationary_-5,impulsive+stationary,-5.0,False,False,6.100764558238753,,cvhi:common_voice_hi_26131771,7.666016101837158,7.560386657714844,0.5823271306983036,1.2886199951171875,2.5458693629722924,3.308494367908228,2.0766717448635537,0.0,
cascade:runs/prune/p10/best.pt,0023,impulsive+stationary_-5,impulsive+stationary,-5.0,False,False,1.8586424798308219,,cvhi:common_voice_hi_25907702,6.560473442077637,5.979536056518555,0.7835482598612611,1.4876084327697754,2.3038832611789353,3.7586167466590723,2.0662645207787667,0.0,
cascade:runs/prune/p10/best.pt,0024,impulsive+stationary_-5,impulsive+stationary,-5.0,False,False,-4.616909438179418,,ls:1926-147987-0011,14.194683074951172,14.049882888793945,0.9383465394115039,2.308685064315796,3.2828745918540028,3.9135806106761333,2.95929842589237,0.1,
cascade:runs/prune/p10/best.pt,0025,impulsive+stationary_-5,impulsive+stationary,-5.0,False,False,7.066657781237314,,cvhi:common_voice_hi_26127975,5.410077095031738,4.168753147125244,0.6634610133599206,1.2480937242507935,1.8096716851842936,3.48039559195129,1.612537209748193,0.12,
cascade:runs/prune/p10/best.pt,0026,impulsive+stationary_-5,impulsive+stationary,-5.0,False,False,2.3529308139790572,,ls:2007-132570-0033,7.838264465332031,7.139346599578857,0.8798817525961266,1.6375372409820557,2.71723121000968,3.5882757901920406,2.3565178527162,0.0,
cascade:runs/prune/p10/best.pt,0027,impulsive+stationary_-5,impulsive+stationary,-5.0,False,False,9.2948803695548,,cvhi:common_voice_hi_27860235,7.012447357177734,6.078669548034668,0.8447385683790232,1.4681475162506104,2.215175654009057,3.5195197187455274,1.925642884581115,0.06,
cascade:runs/prune/p10/best.pt,0028,impulsive+stationary_-5,impulsive+stationary,-5.0,False,False,2.579772335000669,,ls:1926-147979-0000,11.982436180114746,11.838082313537598,0.878058891259238,2.2563412189483643,3.155549683487915,3.1979553769612648,2.4481556642969564,0.08,
cascade:runs/prune/p10/best.pt,0029,impulsive+stationary_-5,impulsive+stationary,-5.0,False,False,6.481549930375566,,ls:1081-125237-0089,7.565074443817139,6.770678520202637,0.8641361671079683,2.1282835006713867,3.1296269968417914,3.799599223330854,2.8144551099018273,0.0,
cascade:runs/prune/p10/best.pt,0030,impulsive+stationary_-5,impulsive+stationary,-5.0,False,False,6.676152925691438,,ls:1926-147987-0015,10.584257125854492,10.203371047973633,0.8933644690802537,1.8961299657821655,2.6132105058027153,3.78516592459828,2.361231067350835,0.0,
cascade:runs/prune/p10/best.pt,0031,impulsive+stationary_-5,impulsive+stationary,-5.0,False,False,-3.3107042239497115,,cvhi:common_voice_hi_27761506,5.903701305389404,4.615555763244629,0.6963143454419884,1.3488086462020874,2.080400956335596,3.6947313336573124,1.8485626749211241,0.0,
cascade:runs/prune/p10/best.pt,0032,impulsive+stationary_-5,impulsive+stationary,-5.0,True,False,5.595260258044895,,ls:1081-125237-0057,6.983718395233154,6.021543502807617,0.7821991481597909,1.3809337615966797,3.1255532287893506,3.3391201386065763,2.6186501238070012,0.0,
cascade:runs/prune/p10/best.pt,0033,impulsive+stationary_-5,impulsive+stationary,-5.0,False,False,7.082604824902155,,cvhi:common_voice_hi_24359408,6.259941101074219,5.211529731750488,0.671838618482558,1.2878514528274536,1.8804691613854594,3.5168540534110067,1.720308159213736,0.0,
cascade:runs/prune/p10/best.pt,0034,impulsive+stationary_-5,impulsive+stationary,-5.0,False,False,10.287913788505133,,ls:1081-125237-0040,5.596981048583984,4.414381504058838,0.7746896046415574,1.4158899784088135,1.7711756753011434,2.221353266990906,1.4282957326859282,0.22,
cascade:runs/prune/p10/best.pt,0035,impulsive+stationary_-5,impulsive+stationary,-5.0,False,False,10.984900043845936,,cvhi:common_voice_hi_26152437,6.1700849533081055,4.986952781677246,0.6787487453441768,1.1502877473831177,2.2510639294959165,3.202593638179443,1.8456628793950154,0.0,
cascade:runs/prune/p10/best.pt,0036,impulsive+stationary_-5,impulsive+stationary,-5.0,False,False,8.569146890838919,,ls:1926-147979-0043,16.45973014831543,16.37967300415039,0.9481619318979022,2.8912925720214844,3.1426710622514533,3.9009051231675116,2.7963663782932477,0.1,
cascade:runs/prune/p10/best.pt,0037,impulsive+stationary_-5,impulsive+stationary,-5.0,False,False,0.24578276563802692,,cvhi:common_voice_hi_26132044,14.31247329711914,14.2118501663208,0.839648128492172,2.22754168510437,2.947303317564411,3.780616736534043,2.551584670420671,0.0,
cascade:runs/prune/p10/best.pt,0038,impulsive+stationary_-5,impulsive+stationary,-5.0,False,False,-1.968568796249139,,ls:2007-132570-0026,9.182868003845215,8.625964164733887,0.9094962100384278,2.006747007369995,2.3412658055453623,3.405987004117334,2.0164268538970673,0.0,
cascade:runs/prune/p10/best.pt,0039,impulsive+stationary_-5,impulsive+stationary,-5.0,False,False,10.635056732955164,,cvhi:common_voice_hi_23833315,7.54375696182251,6.741849899291992,0.47089369897981587,1.356017827987671,1.6422320637481043,2.917227260527332,1.3957162696590242,inf,
cascade:runs/prune/p10/best.pt,0000,impulsive+stationary_0,impulsive+stationary,0.0,False,False,6.8387725459672115,,cvhi:common_voice_hi_27860358,9.4227294921875,9.034812927246094,0.8290540712469513,1.536341905593872,2.224965578572715,3.3871402750113226,1.897836210897935,0.0,
cascade:runs/prune/p10/best.pt,0001,impulsive+stationary_0,impulsive+stationary,0.0,False,False,6.184937713595444,,ls:1926-147979-0020,11.44605827331543,11.125496864318848,0.8973870008136701,2.143953800201416,2.7502528701542386,2.988924454696158,2.1515204253247355,0.0,
cascade:runs/prune/p10/best.pt,0002,impulsive+stationary_0,impulsive+stationary,0.0,False,True,-5.275178120153867,,cvhi:common_voice_hi_26131132,5.128263473510742,3.7422289848327637,0.8049034731642791,1.109812617301941,2.5869529412740513,3.4745784217006297,2.1586303301999417,0.0,
cascade:runs/prune/p10/best.pt,0003,impulsive+stationary_0,impulsive+stationary,0.0,False,False,2.8361148017350217,,cvhi:common_voice_hi_24360548,13.024473190307617,12.936670303344727,0.9463998464078476,2.1024112701416016,3.1515787879034702,3.8558805229501605,2.809603894757837,0.64,
cascade:runs/prune/p10/best.pt,0004,impulsive+stationary_0,impulsive+stationary,0.0,False,False,5.9403351346860696,,ls:1081-125237-0113,10.524925231933594,10.409124374389648,0.9614453362887749,2.637720823287964,3.607157380422601,4.142299471411365,3.3615694100234763,0.0,
cascade:runs/prune/p10/best.pt,0005,impulsive+stationary_0,impulsive+stationary,0.0,False,False,-3.9219042492516176,,cvhi:common_voice_hi_25188958,7.839047431945801,7.244626998901367,0.7364756263369483,1.3511704206466675,2.313757694406799,3.449227566997885,2.001086371247813,0.0,
cascade:runs/prune/p10/best.pt,0006,impulsive+stationary_0,impulsive+stationary,0.0,False,False,6.964222190291126,,cvhi:common_voice_hi_35077436,11.442375183105469,12.270983695983887,0.7487946825145173,1.1774964332580566,2.3425839734056955,3.8052360570099006,2.1091739143289026,0.1,
cascade:runs/prune/p10/best.pt,0007,impulsive+stationary_0,impulsive+stationary,0.0,True,False,7.994417311458541,,ls:2007-132570-0048,11.335384368896484,11.62047004699707,0.8682958815081927,1.969498872756958,2.866538069478325,3.5336719744922718,2.453607711127926,0.0,
cascade:runs/prune/p10/best.pt,0008,impulsive+stationary_0,impulsive+stationary,0.0,False,False,9.323868339284772,,cvhi:common_voice_hi_27761546,10.10378360748291,10.442520141601562,0.7832176835549788,1.6610527038574219,2.3326782000186825,3.841260777631759,2.054058623449653,0.0,
cascade:runs/prune/p10/best.pt,0009,impulsive+stationary_0,impulsive+stationary,0.0,False,False,2.400909073781092,,ls:2007-149877-0005,15.320035934448242,15.461440086364746,0.9583340901470468,2.526125192642212,3.3688095078163593,3.940017420545188,3.0613956509734694,0.0,
cascade:runs/prune/p10/best.pt,0010,impulsive+stationary_0,impulsive+stationary,0.0,False,False,-3.960056176725592,,ls:1926-143879-0044,8.792328834533691,8.292435646057129,0.865007323425195,1.6221308708190918,1.8925856724956736,3.0560385071394456,1.687601847380622,0.0,
cascade:runs/prune/p10/best.pt,0011,impulsive+stationary_0,impulsive+stationary,0.0,False,False,9.991333658764406,,ls:1926-147987-0022,9.268309593200684,8.860347747802734,0.8667087908997548,1.552135705947876,2.3108537681089945,3.2001527626914554,1.8881728081636904,0.0,
cascade:runs/prune/p10/best.pt,0012,impulsive+stationary_0,impulsive+stationary,0.0,False,False,0.20851955921952392,,ls:1926-147987-0031,17.132431030273438,17.799240112304688,0.9386060377978451,3.181981325149536,3.633814600578819,4.174003057543712,3.4156469339037536,0.0,
cascade:runs/prune/p10/best.pt,0013,impulsive+stationary_0,impulsive+stationary,0.0,False,False,2.7038590127544797,,ls:2007-149877-0020,8.920537948608398,8.32712459564209,0.7973579324333179,1.4623138904571533,2.3691657026135906,3.7114469842890943,2.1240241343870347,0.08,
cascade:runs/prune/p10/best.pt,0014,impulsive+stationary_0,impulsive+stationary,0.0,False,False,-2.9250830866468,,ls:1926-143879-0000,9.868654251098633,9.547088623046875,0.8661876413691804,1.5519962310791016,2.525094021468071,3.534834885293798,2.2032382264068975,0.0,
cascade:runs/prune/p10/best.pt,0015,impulsive+stationary_0,impulsive+stationary,0.0,False,False,9.718383873617878,,ls:1081-125237-0068,8.239995002746582,7.7001118659973145,0.8845497980241739,1.817296028137207,3.111972897139566,3.7955330185201595,2.774097889020069,0.0,
cascade:runs/prune/p10/best.pt,0016,impulsive+stationary_0,impulsive+stationary,0.0,False,False,9.627143385181208,,cvhi:common_voice_hi_27860090,14.705856323242188,14.57300090789795,0.9539368756074716,2.985292673110962,2.804668935361223,3.899918190146221,2.5214025996032303,0.02,
cascade:runs/prune/p10/best.pt,0017,impulsive+stationary_0,impulsive+stationary,0.0,False,False,-0.2914461442316494,,ls:1081-125237-0105,9.870588302612305,9.541036605834961,0.7972810026200222,1.8886165618896484,3.4230759845018075,3.8742869835461935,3.0692523923889667,0.0,
cascade:runs/prune/p10/best.pt,0018,impulsive+stationary_0,impulsive+stationary,0.0,False,False,5.192703316248201,,ls:1081-125237-0016,9.787226676940918,9.359021186828613,0.910682817907489,2.173905611038208,2.801302126154342,2.6972932321614387,2.055311479387159,0.0,
cascade:runs/prune/p10/best.pt,0019,impulsive+stationary_0,impulsive+stationary,0.0,False,False,10.342508245577982,,cvhi:common_voice_hi_24359482,13.45408821105957,13.680106163024902,0.9398928430957764,2.51487135887146,2.7530441845188727,3.831062067260734,2.4941148773736375,0.08,
cascade:runs/prune/p10/best.pt,0020,impulsive+stationary_0,impulsive+stationary,0.0,False,False,-0.8514834510410187,,ls:2007-149877-0005,10.27849292755127,9.854133605957031,0.8285555223208353,1.613581657409668,2.666046423692873,3.7331503475969487,2.374171120866701,0.0,
cascade:runs/prune/p10/best.pt,0021,impulsive+stationary_0,impulsive+stationary,0.0,False,False,8.442708322469718,,cvhi:common_voice_hi_23796063,10.121315956115723,9.697372436523438,0.8031154628286812,1.4281249046325684,2.2978950620631524,3.36150124141272,1.9865280771417315,0.0,
cascade:runs/prune/p10/best.pt,0022,impulsive+stationary_0,impulsive+stationary,0.0,False,False,0.24678537251806532,,cvhi:common_voice_hi_27749196,17.419754028320312,17.485055923461914,0.9260131527699514,3.075467824935913,3.110137219769284,3.517986471848014,2.5414314771532895,0.0,
cascade:runs/prune/p10/best.pt,0023,impulsive+stationary_0,impulsive+stationary,0.0,False,False,-1.3053880140876677,,cvhi:common_voice_hi_24758328,9.303805351257324,8.77446174621582,0.8841738177164165,1.4829710721969604,2.5487358886591167,3.6940474247407016,2.239780954402605,0.0,
cascade:runs/prune/p10/best.pt,0024,impulsive+stationary_0,impulsive+stationary,0.0,False,False,-5.633287944054318,,cvhi:common_voice_hi_26897390,11.965648651123047,12.137325286865234,0.9227095837880338,2.5227482318878174,2.930062642484752,3.9131089000307373,2.642240789387386,0.0,
cascade:runs/prune/p10/best.pt,0025,impulsive+stationary_0,impulsive+stationary,0.0,True,False,6.559726246325468,,cvhi:common_voice_hi_27860358,12.229732513427734,13.31519889831543,0.932527043497793,2.4433441162109375,3.1165801828128328,3.8299167729329513,2.773449528529061,0.0,
cascade:runs/prune/p10/best.pt,0026,impulsive+stationary_0,impulsive+stationary,0.0,False,False,-4.866741184205187,,cvhi:common_voice_hi_27860343,8.856463432312012,8.398198127746582,0.7934288505046317,1.5787452459335327,2.4208024466356,3.3674749517447236,2.0493270489701003,0.0,
cascade:runs/prune/p10/best.pt,0027,impulsive+stationary_0,impulsive+stationary,0.0,False,False,-2.6918875382802985,,cvhi:common_voice_hi_23795362,9.118643760681152,8.555804252624512,0.7253029925592911,1.382570743560791,2.013183069739367,3.2734094780141287,1.7296423848344342,0.0,
cascade:runs/prune/p10/best.pt,0028,impulsive+stationary_0,impulsive+stationary,0.0,False,False,2.6890002254885825,,cvhi:common_voice_hi_35081152,10.13798713684082,10.584939956665039,0.7538349001456746,1.4755946397781372,2.504195128415213,3.5382205628364405,2.024327099602493,0.0,
cascade:runs/prune/p10/best.pt,0029,impulsive+stationary_0,impulsive+stationary,0.0,True,False,10.476716185488481,,cvhi:common_voice_hi_25150966,8.734576225280762,8.290970802307129,0.8329083366487487,1.388777256011963,2.724855325665647,3.780527291463091,2.4283329063603296,0.0,
cascade:runs/prune/p10/best.pt,0030,impulsive+stationary_0,impulsive+stationary,0.0,False,False,-0.29695926159650377,,cvhi:common_voice_hi_24758535,8.499935150146484,7.8788228034973145,0.9173715040801074,1.695817232131958,2.78867117098432,3.382776352986123,2.392104197892987,0.0,
cascade:runs/prune/p10/best.pt,0031,impulsive+stationary_0,impulsive+stationary,0.0,True,False,0.8358933682109111,,ls:1081-125237-0055,10.356389045715332,10.00341510772705,0.9500492313933445,2.3794116973876953,3.4160507036480063,3.815198069271358,3.0531987299896715,0.0,
cascade:runs/prune/p10/best.pt,0032,impulsive+stationary_0,impulsive+stationary,0.0,False,False,-2.6482127924959586,,cvhi:common_voice_hi_27592143,8.892731666564941,8.494776725769043,0.7708316521267907,1.6661982536315918,2.245130307352862,3.065152268751453,1.8312963063239085,0.0,
cascade:runs/prune/p10/best.pt,0033,impulsive+stationary_0,impulsive+stationary,0.0,False,True,3.8760288863477825,,cvhi:common_voice_hi_27749252,12.792169570922852,12.615776062011719,0.8927218262401284,2.0737082958221436,2.7499729828128054,3.8890082960807772,2.439760880576093,0.0,
cascade:runs/prune/p10/best.pt,0034,impulsive+stationary_0,impulsive+stationary,0.0,False,False,-0.18085053942386686,,cvhi:common_voice_hi_27749265,11.5208740234375,11.342630386352539,0.7641478805806515,1.7736570835113525,2.282122219973911,3.6733924547468035,1.9387105663449418,0.0,
cascade:runs/prune/p10/best.pt,0035,impulsive+stationary_0,impulsive+stationary,0.0,False,False,5.898392408104389,,cvhi:common_voice_hi_24359478,10.656100273132324,10.329862594604492,0.9033427588854307,1.8763084411621094,2.2142791163093256,3.553905719103514,1.9412803617389287,0.76,
cascade:runs/prune/p10/best.pt,0036,impulsive+stationary_0,impulsive+stationary,0.0,True,False,0.4742037411632509,,ls:2007-149877-0054,8.599349021911621,7.958197116851807,0.7478892534314316,1.4858756065368652,2.119217733774629,3.3030645762604327,1.8224012187669336,0.0,
cascade:runs/prune/p10/best.pt,0037,impulsive+stationary_0,impulsive+stationary,0.0,False,False,9.562429718327252,,ls:1926-147987-0026,11.309619903564453,11.216425895690918,0.9226951568370461,2.3449831008911133,2.7525836461300908,3.548881643201649,2.3379614017602957,0.0,
cascade:runs/prune/p10/best.pt,0038,impulsive+stationary_0,impulsive+stationary,0.0,False,False,-2.971244533744544,,ls:2007-149877-0059,11.724635124206543,11.508047103881836,0.9219121919771133,1.954395055770874,3.0963877422195094,3.774980399646588,2.7498022417753405,0.16,
cascade:runs/prune/p10/best.pt,0039,impulsive+stationary_0,impulsive+stationary,0.0,False,False,-3.821762001624097,,cvhi:common_voice_hi_24225936,9.498321533203125,9.192541122436523,0.9272748088319283,1.5963449478149414,2.688041065134178,3.682537469428264,2.342331726447733,0.22,
cascade:runs/prune/p10/best.pt,0000,impulsive+stationary_10,impulsive+stationary,10.0,False,False,2.196301265699434,,cvhi:common_voice_hi_24822399,20.611568450927734,21.9130859375,0.9928632511746937,2.9932477474212646,3.084110168825613,4.078295513303559,2.863798749356996,0.0,
cascade:runs/prune/p10/best.pt,0001,impulsive+stationary_10,impulsive+stationary,10.0,True,False,2.211328073735567,,cvhi:common_voice_hi_24758349,19.986177444458008,21.272525787353516,0.9959911622996239,3.2273058891296387,3.407401638923713,4.087203745406165,3.137420316549427,0.16,
cascade:runs/prune/p10/best.pt,0002,impulsive+stationary_10,impulsive+stationary,10.0,True,False,8.140666882558088,,cvhi:common_voice_hi_24973517,11.773017883300781,11.704082489013672,0.8080075521782997,1.675650954246521,2.9845434168301437,4.013453096354186,2.698853959038333,0.04,
cascade:runs/prune/p10/best.pt,0003,impulsive+stationary_10,impulsive+stationary,10.0,False,False,8.146642701984529,,cvhi:common_voice_hi_24359478,18.822219848632812,19.022478103637695,0.9747278190140749,2.62263560295105,3.23839684289896,3.9487766526368517,2.9621087399958257,0.32,
cascade:runs/prune/p10/best.pt,0004,impulsive+stationary_10,impulsive+stationary,10.0,False,False,10.969585636322169,,ls:1081-125237-0114,16.527877807617188,16.492280960083008,0.981141621473344,2.976802110671997,3.597897243043698,3.992332035633054,3.2828246709713294,0.02,
cascade:runs/prune/p10/best.pt,0005,impulsive+stationary_10,impulsive+stationary,10.0,False,False,4.506390730596712,,ls:1081-125237-0026,15.971086502075195,17.162853240966797,0.9529359972704429,3.2088463306427,3.507537257893172,3.9036203024764546,3.1573580234440235,0.0,
cascade:runs/prune/p10/best.pt,0006,impulsive+stationary_10,impulsive+stationary,10.0,False,False,3.6675030124301156,,cvhi:common_voice_hi_27761603,18.297100067138672,18.61819076538086,0.9261318757025412,3.032475709915161,2.8491031227492627,3.8671760028123456,2.5441576325859083,0.1,
cascade:runs/prune/p10/best.pt,0007,impulsive+stationary_10,impulsive+stationary,10.0,False,False,-4.5370187083160785,,cvhi:common_voice_hi_27761552,21.097293853759766,21.6994686126709,0.9639098802374836,3.1656811237335205,2.7379180984224516,3.7981300545586327,2.4058990846306667,0.06,
cascade:runs/prune/p10/best.pt,0008,impulsive+stationary_10,impulsive+stationary,10.0,False,False,4.924767487243017,,ls:1081-128618-0007,14.017533302307129,14.879631042480469,0.9583635896793572,3.4359893798828125,3.485002323366334,3.688069259033723,3.0237319536242646,0.0,
cascade:runs/prune/p10/best.pt,0009,impulsive+stationary_10,impulsive+stationary,10.0,False,False,2.8296759566849197,,cvhi:common_voice_hi_24360508,18.062650680541992,18.09050750732422,0.9828981970672238,2.6407668590545654,3.191348387052751,3.88823523591367,2.9027838812586486,0.0,
cascade:runs/prune/p10/best.pt,0010,impulsive+stationary_10,impulsive+stationary,10.0,False,False,8.326650339526893,,cvhi:common_voice_hi_26088239,16.080339431762695,16.050460815429688,0.9398509161938617,2.2038753032684326,2.95198131276136,3.849992127141493,2.6536978009321195,0.14,
cascade:runs/prune/p10/best.pt,0011,impulsive+stationary_10,impulsive+stationary,10.0,False,False,10.960435344127234,,cvhi:common_voice_hi_24822397,15.303703308105469,15.828808784484863,0.9619780466843093,2.4297406673431396,3.3115442833915547,3.912963534700941,3.005446359605808,0.44,
cascade:runs/prune/p10/best.pt,0012,impulsive+stationary_10,impulsive+stationary,10.0,False,False,-3.165888450353905,,cvhi:common_voice_hi_27749312,16.78476905822754,16.903478622436523,0.8761383642643241,2.3059158325195312,2.9848951087411297,4.016235490989891,2.67796327639243,0.0,
cascade:runs/prune/p10/best.pt,0013,impulsive+stationary_10,impulsive+stationary,10.0,False,False,9.448745007821946,,ls:2007-149877-0036,16.68538475036621,16.91101837158203,0.983897786895912,3.492030620574951,3.388445616661789,3.9792696364143074,3.0962747717995893,0.34,
cascade:runs/prune/p10/best.pt,0014,impulsive+stationary_10,impulsive+stationary,10.0,False,False,7.4406366130895645,,cvhi:common_voice_hi_30313622,15.303572654724121,15.173583030700684,0.9282707494529706,2.2975926399230957,2.5890817344900805,3.7102099199479825,2.280205692745367,0.1,
cascade:runs/prune/p10/best.pt,0015,impulsive+stationary_10,impulsive+stationary,10.0,False,False,-3.6454270973893026,,ls:2007-132570-0053,19.460641860961914,19.448524475097656,0.9779620526753086,2.932774782180786,3.1558355926750234,3.8968887377860986,2.8519363396251523,0.0,
cascade:runs/prune/p10/best.pt,0016,impulsive+stationary_10,impulsive+stationary,10.0,True,False,-4.766472998290307,,ls:1926-147987-0003,14.13099193572998,14.487582206726074,0.9711508314696852,2.4263641834259033,3.1379519439046613,3.8387119755113153,2.811328959008561,0.0,
cascade:runs/prune/p10/best.pt,0017,impulsive+stationary_10,impulsive+stationary,10.0,False,False,7.927307017968129,,cvhi:common_voice_hi_24359430,19.27599334716797,19.28363037109375,0.7854655278553577,2.8147597312927246,2.6632892342781096,3.9320046769693624,2.408845841580593,0.56,
cascade:runs/prune/p10/best.pt,0018,impulsive+stationary_10,impulsive+stationary,10.0,False,False,-1.4632670574367097,,cvhi:common_voice_hi_26131168,15.653867721557617,15.536382675170898,0.9465221316316921,2.139477491378784,2.9713104359155436,3.674094569575243,2.602359180177764,0.0,
cascade:runs/prune/p10/best.pt,0019,impulsive+stationary_10,impulsive+stationary,10.0,False,False,9.633161019077683,,cvhi:common_voice_hi_27444075,15.526143074035645,15.463286399841309,0.9564172956959728,2.355632781982422,2.6577259833494264,3.7395676669332456,2.3503872175570217,0.0,
cascade:runs/prune/p10/best.pt,0020,impulsive+stationary_10,impulsive+stationary,10.0,False,False,6.097117717454871,,cvhi:common_voice_hi_25149634,15.868491172790527,15.755254745483398,0.9842507071324282,2.810335397720337,3.4153158707287052,4.1263248541627995,3.163852903435035,0.16,
cascade:runs/prune/p10/best.pt,0021,impulsive+stationary_10,impulsive+stationary,10.0,False,False,3.252968540755271,,cvhi:common_voice_hi_24359458,17.49183464050293,17.414018630981445,0.9841736675332817,3.238077163696289,3.3119376349724483,4.057731985309381,3.0596652454146045,0.0,
cascade:runs/prune/p10/best.pt,0022,impulsive+stationary_10,impulsive+stationary,10.0,False,False,9.30235291072481,,cvhi:common_voice_hi_27860056,15.605615615844727,15.759614944458008,0.8624250275913941,2.4770004749298096,2.6101232799408582,3.6696349458943134,2.25445335953246,0.0,
cascade:runs/prune/p10/best.pt,0023,impulsive+stationary_10,impulsive+stationary,10.0,False,False,-2.342878220767609,,cvhi:common_voice_hi_24758349,14.406810760498047,14.25793170928955,0.9478726653972557,1.8621556758880615,2.7875607079574025,3.7800537825007563,2.4876711925796515,0.12,
cascade:runs/prune/p10/best.pt,0024,impulsive+stationary_10,impulsive+stationary,10.0,False,False,5.263410280178766,,cvhi:common_voice_hi_26131736,18.638656616210938,19.392868041992188,0.9558664827446886,2.515957832336426,3.0075176002900275,3.784688856017233,2.651580091920543,0.0,
cascade:runs/prune/p10/best.pt,0025,impulsive+stationary_10,impulsive+stationary,10.0,False,False,5.814713166032588,,cvhi:common_voice_hi_27761494,22.162185668945312,22.157058715820312,0.9756212176887971,3.519890785217285,3.237733228218984,4.00641473875931,2.900682619601228,0.62,
cascade:runs/prune/p10/best.pt,0026,impulsive+stationary_10,impulsive+stationary,10.0,False,False,11.173626794997276,,ls:1926-147979-0031,14.718156814575195,14.719095230102539,0.9553533153400574,2.4917757511138916,3.078207440306888,3.7229778325153404,2.731082779765037,0.22,
cascade:runs/prune/p10/best.pt,0027,impulsive+stationary_10,impulsive+stationary,10.0,False,False,9.8369152164513,,cvhi:common_voice_hi_23833329,16.6872615814209,16.59586524963379,0.8399738995520863,2.4096179008483887,2.9679106730297717,3.5960598113505706,2.5713679514499055,0.0,
cascade:runs/prune/p10/best.pt,0028,impulsive+stationary_10,impulsive+stationary,10.0,False,False,-0.08161939234774351,,cvhi:common_voice_hi_35081190,15.394525527954102,18.177581787109375,0.9415006021247246,2.3806254863739014,3.105247132420382,3.812874658220669,2.76254492309168,0.0,
cascade:runs/prune/p10/best.pt,0029,impulsive+stationary_10,impulsive+stationary,10.0,False,False,-3.348881273835735,,cvhi:common_voice_hi_27860153,16.053462982177734,15.944353103637695,0.9642233994462254,2.8142340183258057,3.170077619193885,3.6656728531766127,2.755696297166604,0.0,
cascade:runs/prune/p10/best.pt,0030,impulsive+stationary_10,impulsive+stationary,10.0,False,False,5.104375067972599,,ls:2007-149877-0037,18.734176635742188,18.675827026367188,0.9498574398336284,3.2317707538604736,3.5192701229570003,4.111601067840233,3.2645560195313545,0.32,
cascade:runs/prune/p10/best.pt,0031,impulsive+stationary_10,impulsive+stationary,10.0,False,False,2.1852062546904154,,cvhi:common_voice_hi_27761579,17.027496337890625,16.95713233947754,0.8272889546412144,2.3093912601470947,2.9896402964926403,3.885757052105843,2.646190532348022,0.2,
cascade:runs/prune/p10/best.pt,0032,impulsive+stationary_10,impulsive+stationary,10.0,False,False,-2.8959552565675697,,cvhi:common_voice_hi_24973516,17.719379425048828,17.661182403564453,0.974402416374918,2.6713685989379883,3.0631095063476357,4.004464823958253,2.77632143842903,0.12,
cascade:runs/prune/p10/best.pt,0033,impulsive+stationary_10,impulsive+stationary,10.0,False,False,4.463837464938795,,ls:1926-143879-0026,15.681329727172852,15.659282684326172,0.9323085404578498,2.785938262939453,3.1500851404532257,3.5601655913211894,2.6217782676020667,0.0,
cascade:runs/prune/p10/best.pt,0034,impulsive+stationary_10,impulsive+stationary,10.0,False,False,-2.244178433498357,,cvhi:common_voice_hi_26088252,15.479836463928223,17.366710662841797,0.9612598063533743,2.905595064163208,3.142910511304705,3.6359276506200624,2.7258959295800014,0.0,
cascade:runs/prune/p10/best.pt,0035,impulsive+stationary_10,impulsive+stationary,10.0,True,False,0.5184034589536308,,cvhi:common_voice_hi_26131739,22.440731048583984,22.420055389404297,0.8921681468437433,2.7386982440948486,3.122459866639071,3.9015236672651463,2.793118860579248,0.18,
cascade:runs/prune/p10/best.pt,0036,impulsive+stationary_10,impulsive+stationary,10.0,True,False,-3.883367010094591,,ls:1081-125237-0013,13.59408187866211,13.409208297729492,0.9411793263959483,2.6091456413269043,3.439941426418676,3.9859313479933496,3.1555455072733944,0.12,
cascade:runs/prune/p10/best.pt,0037,impulsive+stationary_10,impulsive+stationary,10.0,False,False,7.021840023021218,,cvhi:common_voice_hi_27592143,15.643400192260742,15.538150787353516,0.8947934654373817,2.489363670349121,2.953436160980866,3.7935743279361356,2.6436435158797167,0.0,
cascade:runs/prune/p10/best.pt,0038,impulsive+stationary_10,impulsive+stationary,10.0,False,False,9.098775784814594,,ls:2007-132570-0049,17.715377807617188,18.75551986694336,0.9623302860592462,2.586071252822876,3.091749232036904,3.828310986549292,2.752880712517488,0.14,
cascade:runs/prune/p10/best.pt,0039,impulsive+stationary_10,impulsive+stationary,10.0,False,False,11.531941514409159,,cvhi:common_voice_hi_27592120,16.541213989257812,16.79779052734375,0.9306988293929667,2.907747745513916,2.915396321845922,3.8909327684182164,2.628407969841541,0.0,
cascade:runs/prune/p10/best.pt,0000,impulsive+stationary_15,impulsive+stationary,15.0,False,False,-3.2747579899748436,,cvhi:common_voice_hi_35095470,21.68968391418457,22.358266830444336,0.9924668867817694,3.1400113105773926,3.4351819582465972,3.8901362986610017,3.087618516885398,0.5,
cascade:runs/prune/p10/best.pt,0001,impulsive+stationary_15,impulsive+stationary,15.0,False,False,6.553448904607842,,cvhi:common_voice_hi_27761539,19.002363204956055,19.23278045654297,0.9723378681709103,3.413795232772827,3.0127849609139505,4.079761858734411,2.6580546235642895,0.0,
cascade:runs/prune/p10/best.pt,0002,impulsive+stationary_15,impulsive+stationary,15.0,False,False,0.8284540174377764,,cvhi:common_voice_hi_27860360,16.094240188598633,16.039505004882812,0.9876880592879685,3.5300395488739014,3.1911395655813988,3.778887301600668,2.8084434320532594,0.08,
cascade:runs/prune/p10/best.pt,0003,impulsive+stationary_15,impulsive+stationary,15.0,False,False,-5.156072284078447,,cvhi:common_voice_hi_24758412,21.200437545776367,22.488252639770508,0.9918221307799263,3.4054665565490723,3.613180055277992,4.113230799731281,3.351164629303892,0.0,
cascade:runs/prune/p10/best.pt,0004,impulsive+stationary_15,impulsive+stationary,15.0,False,False,-4.940314441963041,,ls:1926-143879-0010,20.142318725585938,20.282983779907227,0.9729772246257686,3.867246150970459,3.374221239500452,3.8009078092791064,3.011574616596382,0.0,
cascade:runs/prune/p10/best.pt,0005,impulsive+stationary_15,impulsive+stationary,15.0,False,False,9.972736073253868,,cvhi:common_voice_hi_24359422,22.8311767578125,23.27716827392578,0.9930423119546766,3.565356731414795,3.3875860147357293,4.1395225656246275,3.1376315759966844,0.42,
cascade:runs/prune/p10/best.pt,0006,impulsive+stationary_15,impulsive+stationary,15.0,False,False,8.227603077880925,,cvhi:common_voice_hi_27749242,21.54244613647461,23.45867919921875,0.9706492591213958,3.8220624923706055,2.8871330947298355,3.8762708566426785,2.543950783652508,0.0,
cascade:runs/prune/p10/best.pt,0007,impulsive+stationary_15,impulsive+stationary,15.0,False,False,-2.1943133330420186,,ls:2007-149877-0032,13.424700736999512,13.976987838745117,0.9874188769568516,3.6601760387420654,3.2957442064361073,3.815114372458825,2.9131013374153127,0.0,
cascade:runs/prune/p10/best.pt,0008,impulsive+stationary_15,impulsive+stationary,15.0,False,False,-2.7590854726072505,,cvhi:common_voice_hi_25161551,16.578372955322266,18.794897079467773,0.9836393763690547,2.969008207321167,3.1235290544775896,3.999237926446705,2.844668965244117,0.06,
cascade:runs/prune/p10/best.pt,0009,impulsive+stationary_15,impulsive+stationary,15.0,False,False,7.1693987849939695,,ls:1081-125237-0035,20.85523223876953,20.855520248413086,0.9839116150934145,3.5570971965789795,3.3671339152202835,3.6595256767738302,2.9519621073124163,0.04,
cascade:runs/prune/p10/best.pt,0010,impulsive+stationary_15,impulsive+stationary,15.0,False,False,4.402810250911125,,ls:2007-149877-0017,18.455854415893555,18.95089340209961,0.9719101177245802,3.1053900718688965,3.5860886661182403,3.825975087729521,3.1735581003596782,0.16,
cascade:runs/prune/p10/best.pt,0011,impulsive+stationary_15,impulsive+stationary,15.0,False,False,-1.1314954174715295,,cvhi:common_voice_hi_27592094,17.077709197998047,17.01199722290039,0.9341311594228392,2.737595319747925,2.901389905175103,3.7476137608318254,2.5551277307543403,inf,
cascade:runs/prune/p10/best.pt,0012,impulsive+stationary_15,impulsive+stationary,15.0,True,False,2.7674680146980233,,ls:2007-132570-0056,19.1054744720459,19.13560676574707,0.9325213412182183,2.7521421909332275,3.53648786827987,4.0884191718911875,3.251287219962389,0.94,
cascade:runs/prune/p10/best.pt,0013,impulsive+stationary_15,impulsive+stationary,15.0,False,False,9.039792257969118,,cvhi:common_voice_hi_23795362,15.850479125976562,16.483644485473633,0.9221845668622115,2.5362842082977295,3.1847764749181833,3.9216424810942065,2.883055010200357,0.0,
cascade:runs/prune/p10/best.pt,0014,impulsive+stationary_15,impulsive+stationary,15.0,False,False,5.481029285973079,,ls:1926-147979-0028,17.584239959716797,18.34814453125,0.984119240428885,3.1056196689605713,3.3440258373961464,3.6514268544140913,2.9095785453894583,0.18,
cascade:runs/prune/p10/best.pt,0015,impulsive+stationary_15,impulsive+stationary,15.0,False,False,11.096900201616421,,cvhi:common_voice_hi_26131740,27.069242477416992,27.614543914794922,0.94081702830615,3.332672595977783,2.7865017954133187,3.633726059298735,2.420136145867878,0.2,
cascade:runs/prune/p10/best.pt,0016,impulsive+stationary_15,impulsive+stationary,15.0,False,False,7.71324827582872,,cvhi:common_voice_hi_26088194,18.34918975830078,19.023109436035156,0.9751032734316177,2.9467968940734863,3.4481027981241774,4.0051993311246505,3.152537992647497,0.1,
cascade:runs/prune/p10/best.pt,0017,impulsive+stationary_15,impulsive+stationary,15.0,False,False,2.887456506449327,,ls:1081-125237-0044,18.977718353271484,19.25717544555664,0.9728141153563918,3.8865439891815186,3.5280602037754676,3.9978967563210697,3.222854890857756,0.08,
cascade:runs/prune/p10/best.pt,0018,impulsive+stationary_15,impulsive+stationary,15.0,False,False,10.004646394783894,,cvhi:common_voice_hi_26131931,19.232210159301758,19.271066665649414,0.8807096515480206,2.6073226928710938,2.729925374934217,3.793638494894261,2.4096430312947503,0.08,
cascade:runs/prune/p10/best.pt,0019,impulsive+stationary_15,impulsive+stationary,15.0,False,False,-5.990284509489728,,cvhi:common_voice_hi_26131960,19.661195755004883,19.975393295288086,0.8699121977208674,3.454866409301758,2.6772930238449306,3.570356149670048,2.294318115098114,0.3,
cascade:runs/prune/p10/best.pt,0020,impulsive+stationary_15,impulsive+stationary,15.0,False,False,-4.611969865229584,,cvhi:common_voice_hi_27749175,26.927900314331055,27.397958755493164,0.9942424236399172,4.127403259277344,2.950064099660606,3.711776563271962,2.5110642132209504,0.0,
cascade:runs/prune/p10/best.pt,0021,impulsive+stationary_15,impulsive+stationary,15.0,False,False,8.756901633666379,,cvhi:common_voice_hi_25150866,20.355920791625977,20.76318359375,0.9877272480430762,3.5354230403900146,3.3241747571956406,4.092785548467321,3.0515208113419194,0.0,
cascade:runs/prune/p10/best.pt,0022,impulsive+stationary_15,impulsive+stationary,15.0,False,False,-3.1684101724711704,,ls:1081-125237-0010,18.7985897064209,18.76360321044922,0.9810931268528568,3.344773530960083,3.4651544512294206,4.0122995636060335,3.185145703315276,0.0,
cascade:runs/prune/p10/best.pt,0023,impulsive+stationary_15,impulsive+stationary,15.0,False,False,4.436349469890537,,cvhi:common_voice_hi_24758566,16.70542335510254,17.02848243713379,0.9879970039875476,3.0496506690979004,3.3395120929646733,3.6723701266880733,2.9001849864853817,0.32,
cascade:runs/prune/p10/best.pt,0024,impulsive+stationary_15,impulsive+stationary,15.0,False,False,-0.2067737324303236,,cvhi:common_voice_hi_27860056,20.82442855834961,21.75116729736328,0.943698504505195,3.7146506309509277,3.2553531562143445,3.8056328362797025,2.8920076921114792,0.02,
cascade:runs/prune/p10/best.pt,0025,impulsive+stationary_15,impulsive+stationary,15.0,False,False,-1.5701427288023364,,cvhi:common_voice_hi_27860090,18.22149085998535,19.1612491607666,0.9624996047218585,3.114323854446411,3.2091709526218617,3.950951680381623,2.891334307384922,0.0,
cascade:runs/prune/p10/best.pt,0026,impulsive+stationary_15,impulsive+stationary,15.0,False,True,3.959167131859406,,ls:1081-125237-0049,16.065837860107422,16.008577346801758,0.9242482014631196,2.9639432430267334,3.3417143790269663,3.5848527588330854,2.923222035716136,0.04,
cascade:runs/prune/p10/best.pt,0027,impulsive+stationary_15,impulsive+stationary,15.0,False,False,5.11388118680985,,cvhi:common_voice_hi_26151924,19.036924362182617,19.249908447265625,0.9451441460028291,2.6282148361206055,3.042984177373698,3.5634463370682776,2.5481766721672674,0.0,
cascade:runs/prune/p10/best.pt,0028,impulsive+stationary_15,impulsive+stationary,15.0,False,False,8.354149910783422,,cvhi:common_voice_hi_24038974,25.824583053588867,26.106117248535156,0.9661361349484138,2.901252508163452,2.6226317939980435,3.618468364375837,2.2763563673216707,0.5,
cascade:runs/prune/p10/best.pt,0029,impulsive+stationary_15,impulsive+stationary,15.0,False,False,2.8673197381259037,,cvhi:common_voice_hi_27749277,19.859283447265625,20.529186248779297,0.9444295776700748,3.2738049030303955,2.9577327989388182,3.9869051824185657,2.6544290509299895,0.2,
cascade:runs/prune/p10/best.pt,0030,impulsive+stationary_15,impulsive+stationary,15.0,False,False,-0.7840177545243865,,ls:2007-149877-0017,18.108299255371094,19.23247528076172,0.9643911561249878,2.9965457916259766,3.527101689616326,4.089504326737864,3.2441528642853164,0.0,
cascade:runs/prune/p10/best.pt,0031,impulsive+stationary_15,impulsive+stationary,15.0,False,True,9.387581650396887,,cvhi:common_voice_hi_24977127,17.806467056274414,18.77232551574707,0.9086786351348969,1.950270175933838,2.9005147619696228,4.037846480173873,2.6765705498152346,0.06,
cascade:runs/prune/p10/best.pt,0032,impulsive+stationary_15,impulsive+stationary,15.0,False,False,11.880537946521983,,cvhi:common_voice_hi_26132089,18.17736053466797,18.377750396728516,0.9667245047489238,3.128955841064453,2.8963360118569503,4.020924609652147,2.644837094952226,0.52,
cascade:runs/prune/p10/best.pt,0033,impulsive+stationary_15,impulsive+stationary,15.0,False,False,-2.243504007933594,,cvhi:common_voice_hi_24359476,17.937009811401367,19.73118019104004,0.9826488288469305,3.361330509185791,3.604775548489767,4.187915141409154,3.3795536220765423,0.0,
cascade:runs/prune/p10/best.pt,0034,impulsive+stationary_15,impulsive+stationary,15.0,False,False,-0.043263884522880325,,ls:1081-125237-0013,21.036386489868164,21.303274154663086,0.9590667719734624,3.8777778148651123,3.5506010131927317,4.033007316428231,3.2746899367698585,0.0,
cascade:runs/prune/p10/best.pt,0035,impulsive+stationary_15,impulsive+stationary,15.0,False,False,3.7507219104308227,,ls:1926-147979-0003,18.749835968017578,18.723731994628906,0.9293938975423225,3.1822288036346436,3.56626486464019,4.083154637780413,3.295645909847336,0.2,
cascade:runs/prune/p10/best.pt,0036,impulsive+stationary_15,impulsive+stationary,15.0,False,False,-5.439085085008855,,ls:1081-125237-0083,18.418109893798828,18.924806594848633,0.988347088578527,3.3770387172698975,3.33433999332311,3.7847860629438017,2.9842976437098843,0.0,
cascade:runs/prune/p10/best.pt,0037,impulsive+stationary_15,impulsive+stationary,15.0,False,False,5.476058725072477,,cvhi:common_voice_hi_24225998,19.818552017211914,20.015972137451172,0.9730708319646114,3.289029121398926,3.2002604039363276,3.9832188596280753,2.929475584898175,0.0,
cascade:runs/prune/p10/best.pt,0038,impulsive+stationary_15,impulsive+stationary,15.0,False,False,8.802756023527875,,cvhi:common_voice_hi_26131961,20.801193237304688,20.89219856262207,0.9112139077634109,3.0060179233551025,2.616828770374639,3.5896214116045844,2.2678622958555286,0.54,
cascade:runs/prune/p10/best.pt,0039,impulsive+stationary_15,impulsive+stationary,15.0,False,False,3.5897959397187638,,ls:2007-149877-0030,20.404041290283203,20.924968719482422,0.9798190865510489,3.0559144020080566,3.262175277244118,4.101316240305889,3.0402019876431825,0.26,
cascade:runs/prune/p10/best.pt,0000,impulsive+stationary_5,impulsive+stationary,5.0,False,False,7.452790410527339,,ls:1081-125237-0026,11.16054916381836,11.212209701538086,0.8259723669145109,1.9045006036758423,3.4232406074173607,3.6267821802085285,2.9636593843012085,0.0,
cascade:runs/prune/p10/best.pt,0001,impulsive+stationary_5,impulsive+stationary,5.0,False,False,0.49020591190409313,,cvhi:common_voice_hi_35081300,12.607894897460938,13.488120079040527,0.8530961963172811,1.7552249431610107,3.0641250875117945,3.381809659130462,2.523991847576861,0.0,
cascade:runs/prune/p10/best.pt,0002,impulsive+stationary_5,impulsive+stationary,5.0,False,False,10.960861183338597,,cvhi:common_voice_hi_25150962,13.356341361999512,13.441518783569336,0.9305994570157273,2.4707491397857666,2.7421699850112984,3.6419726596311524,2.3929581425809436,0.04,
cascade:runs/prune/p10/best.pt,0003,impulsive+stationary_5,impulsive+stationary,5.0,False,False,3.253228991707479,,cvhi:common_voice_hi_34926852,12.641276359558105,12.491865158081055,0.9296956173187569,2.378627300262451,2.8217540681599633,4.013754145060691,2.5725977268851903,0.0,
cascade:runs/prune/p10/best.pt,0004,impulsive+stationary_5,impulsive+stationary,5.0,False,False,0.8821160469204568,,ls:1081-125237-0092,14.201273918151855,14.036441802978516,0.9215046001742356,3.068476915359497,3.421378896740619,3.980938551021378,3.1329456897082224,0.0,
cascade:runs/prune/p10/best.pt,0005,impulsive+stationary_5,impulsive+stationary,5.0,False,False,-0.28822969324170256,,ls:1081-128618-0006,12.478493690490723,13.04404067993164,0.8300173504496436,2.4179530143737793,3.353552949326634,3.8513669232953713,2.9737860417716813,0.0,
cascade:runs/prune/p10/best.pt,0006,impulsive+stationary_5,impulsive+stationary,5.0,False,True,2.190762424142898,,ls:1081-125237-0034,12.376960754394531,12.11877727508545,0.8346164894680785,2.1179039478302,3.2359009702716857,3.904148659498123,2.9472800697093104,0.0,
cascade:runs/prune/p10/best.pt,0007,impulsive+stationary_5,impulsive+stationary,5.0,False,False,11.894467930898372,,ls:1081-125237-0014,13.850679397583008,13.674327850341797,0.9289529973120925,2.7604219913482666,3.157261059176631,3.9142585336258646,2.8736419432196687,0.08,
cascade:runs/prune/p10/best.pt,0008,impulsive+stationary_5,impulsive+stationary,5.0,False,False,10.23484402703141,,ls:1926-147979-0019,11.552122116088867,11.442946434020996,0.9100803418813663,1.901322603225708,2.913842204673766,3.7895073127944423,2.5912100433186938,0.0,
cascade:runs/prune/p10/best.pt,0009,impulsive+stationary_5,impulsive+stationary,5.0,True,False,3.970297788761222,,cvhi:common_voice_hi_24758515,9.33609676361084,9.05720043182373,0.8369184836600335,1.5026878118515015,3.237382542633187,3.577921525480625,2.7671067037825945,0.6,
cascade:runs/prune/p10/best.pt,0010,impulsive+stationary_5,impulsive+stationary,5.0,False,False,7.790185173275541,,cvhi:common_voice_hi_34926833,13.286298751831055,13.791778564453125,0.9636143038518297,2.1382133960723877,3.386145559931099,3.901167392001846,3.0043767590538146,0.28,
cascade:runs/prune/p10/best.pt,0011,impulsive+stationary_5,impulsive+stationary,5.0,True,False,6.431361548284556,,ls:2007-132570-0003,12.551375389099121,12.799367904663086,0.9359422744800369,2.12484073638916,3.1605985730144286,3.736337776381136,2.802048266499095,0.0,
cascade:runs/prune/p10/best.pt,0012,impulsive+stationary_5,impulsive+stationary,5.0,False,False,8.667860526258632,,ls:1081-125237-0070,11.619973182678223,12.189321517944336,0.868279523203765,2.118288278579712,3.1525620411427298,3.6440467148105666,2.7363996325565414,0.0,
cascade:runs/prune/p10/best.pt,0013,impulsive+stationary_5,impulsive+stationary,5.0,False,False,6.143236608831243,,cvhi:common_voice_hi_24359456,12.296961784362793,12.101497650146484,0.9121381832071377,2.1432714462280273,2.5743911759392626,3.7432805952177235,2.293304953848606,0.0,
cascade:runs/prune/p10/best.pt,0014,impulsive+stationary_5,impulsive+stationary,5.0,False,False,-5.143956930465508,,cvhi:common_voice_hi_26131989,13.555655479431152,14.00765609741211,0.8719361373558027,1.9547040462493896,3.0289961947485025,3.9517170886399713,2.750689154102818,0.0,
cascade:runs/prune/p10/best.pt,0015,impulsive+stationary_5,impulsive+stationary,5.0,False,False,-0.4795836467075052,,ls:2007-132570-0030,13.283184051513672,13.103489875793457,0.9464940196206268,2.7207131385803223,3.0346164908005275,3.627338379805405,2.6622874356036004,0.0,
cascade:runs/prune/p10/best.pt,0016,impulsive+stationary_5,impulsive+stationary,5.0,False,False,10.073408953778515,,ls:2007-132570-0019,13.927864074707031,13.907999038696289,0.9380722285955054,2.499429702758789,3.4844256891646714,3.995775122251362,3.1924313765463985,0.04,
cascade:runs/prune/p10/best.pt,0017,impulsive+stationary_5,impulsive+stationary,5.0,True,False,-5.003851710701655,,cvhi:common_voice_hi_25149662,13.320879936218262,13.113927841186523,0.9612022366927852,2.1330323219299316,3.0198681988496383,3.858855020082422,2.710713121592467,0.0,
cascade:runs/prune/p10/best.pt,0018,impulsive+stationary_5,impulsive+stationary,5.0,False,False,2.4817873432906765,,cvhi:common_voice_hi_26131166,11.265890121459961,10.96648120880127,0.9401787455989353,1.6669535636901855,2.90691946154852,3.660780649083918,2.5209761749397406,0.0,
cascade:runs/prune/p10/best.pt,0019,impulsive+stationary_5,impulsive+stationary,5.0,False,False,4.56992897535552,,cvhi:common_voice_hi_24360527,11.599466323852539,11.397748947143555,0.9342238623021172,1.943034052848816,2.8193151474197786,3.779973087782306,2.54243999229659,0.0,
cascade:runs/prune/p10/best.pt,0020,impulsive+stationary_5,impulsive+stationary,5.0,True,False,7.6102292778664875,,ls:2007-149877-0040,12.01198959350586,12.034521102905273,0.9261713173417023,1.9811134338378906,3.5250756874206184,3.9419882708636553,3.195647296456138,0.06,
cascade:runs/prune/p10/best.pt,0021,impulsive+stationary_5,impulsive+stationary,5.0,False,False,9.998559316530901,,cvhi:common_voice_hi_26152093,18.85443115234375,19.45597267150879,0.976381244628019,3.092863082885742,3.1787969562428224,4.046981998379976,2.898515210658756,0.2,
cascade:runs/prune/p10/best.pt,0022,impulsive+stationary_5,impulsive+stationary,5.0,False,True,11.873641097750543,,cvhi:common_voice_hi_25149719,13.06184196472168,12.935172080993652,0.9574709018465564,2.168285369873047,3.0097733438319785,3.9009251425280507,2.7297966773410223,0.04,
cascade:runs/prune/p10/best.pt,0023,impulsive+stationary_5,impulsive+stationary,5.0,False,False,-5.914369262771745,,cvhi:common_voice_hi_26131773,15.549131393432617,16.074169158935547,0.8018115734418907,2.1053316593170166,2.6937430374310924,3.30016107455317,2.2293861473980505,0.0,
cascade:runs/prune/p10/best.pt,0024,impulsive+stationary_5,impulsive+stationary,5.0,False,False,5.039155757753697,,ls:2007-132570-0049,13.488906860351562,13.803659439086914,0.8988873958264388,1.948533535003662,2.6654516854603734,3.833776270406916,2.3631254055238586,0.36,
cascade:runs/prune/p10/best.pt,0025,impulsive+stationary_5,impulsive+stationary,5.0,False,False,3.6290035496355735,,cvhi:common_voice_hi_35077906,15.195050239562988,15.09821891784668,0.7966742233265864,1.6873276233673096,2.927143102362781,3.6585298747225234,2.4980500358681685,0.0,
cascade:runs/prune/p10/best.pt,0026,impulsive+stationary_5,impulsive+stationary,5.0,False,False,11.624066903369247,,cvhi:common_voice_hi_27592076,16.133731842041016,16.90022850036621,0.9339080909973784,2.6508471965789795,3.1486321247197444,3.7582462515535653,2.7986620504049107,0.54,
cascade:runs/prune/p10/best.pt,0027,impulsive+stationary_5,impulsive+stationary,5.0,False,False,4.613663981723569,,cvhi:common_voice_hi_24360526,11.849468231201172,12.055915832519531,0.9183720976375435,1.7755651473999023,2.95295269587407,3.3303896611097246,2.4683958630183316,0.06,
cascade:runs/prune/p10/best.pt,0028,impulsive+stationary_5,impulsive+stationary,5.0,False,False,5.921687722272276,,cvhi:common_voice_hi_24758398,12.12160873413086,12.478404998779297,0.8638471041585245,1.757753610610962,1.7971623356737487,3.7540527762970806,1.6306569612092658,0.42,
cascade:runs/prune/p10/best.pt,0029,impulsive+stationary_5,impulsive+stationary,5.0,False,False,10.79662887849845,,ls:1926-143879-0043,15.097326278686523,15.058356285095215,0.9433421941871303,2.688809871673584,3.3467487351987986,3.584763219764609,2.8904614397345267,0.02,
cascade:runs/prune/p10/best.pt,0030,impulsive+stationary_5,impulsive+stationary,5.0,False,False,3.4816075341852226,,ls:1926-147979-0011,11.971292495727539,11.68973159790039,0.9129132351466002,2.01021146774292,3.252772271613572,3.203939991173911,2.594564027184041,0.0,
cascade:runs/prune/p10/best.pt,0031,impulsive+stationary_5,impulsive+stationary,5.0,False,False,4.994067674292408,,cvhi:common_voice_hi_27860075,20.528911590576172,21.717214584350586,0.966102004051035,3.2922935485839844,2.9842415752904614,3.9291348591915387,2.6823731597828626,0.18,
cascade:runs/prune/p10/best.pt,0032,impulsive+stationary_5,impulsive+stationary,5.0,True,False,4.860701883183635,,ls:1926-147987-0013,12.7726469039917,12.592824935913086,0.9366410262891209,1.9648151397705078,3.2144811236525768,3.246800566022899,2.582188807223215,0.0,
cascade:runs/prune/p10/best.pt,0033,impulsive+stationary_5,impulsive+stationary,5.0,False,True,4.7157618698103185,,cvhi:common_voice_hi_27761681,11.614007949829102,11.366067886352539,0.7979093677275888,2.0299768447875977,2.438259110888159,3.821056225319655,2.1483502845500935,0.04,
cascade:runs/prune/p10/best.pt,0034,impulsive+stationary_5,impulsive+stationary,5.0,False,False,6.226553841196285,,ls:1926-143879-0017,12.459877014160156,12.221277236938477,0.9188153971001592,2.289229154586792,3.01720324051987,3.3285093329467577,2.4946596276878563,0.0,
cascade:runs/prune/p10/best.pt,0035,impulsive+stationary_5,impulsive+stationary,5.0,False,False,6.378366450446871,,ls:1926-143879-0044,16.658756256103516,16.85062026977539,0.97516591211422,3.2070555686950684,3.2690530331455445,3.7942972592845523,2.938419895676543,0.0,
cascade:runs/prune/p10/best.pt,0036,impulsive+stationary_5,impulsive+stationary,5.0,False,False,5.408898445760618,,cvhi:common_voice_hi_35077359,19.199125289916992,20.97322654724121,0.9147519476126345,2.1455025672912598,2.95659403645717,3.7849826832741496,2.5799446602757103,0.02,
cascade:runs/prune/p10/best.pt,0037,impulsive+stationary_5,impulsive+stationary,5.0,False,False,0.4815914484157897,,cvhi:common_voice_hi_34926852,13.055044174194336,13.466782569885254,0.9120958292274502,2.2560341358184814,2.8550645934606345,3.9413706664928956,2.576075857751359,0.0,
cascade:runs/prune/p10/best.pt,0038,impulsive+stationary_5,impulsive+stationary,5.0,False,False,3.508593462532419,,cvhi:common_voice_hi_26897388,13.266338348388672,13.060920715332031,0.898436489848174,2.1991283893585205,2.720349396309862,3.8875144242969277,2.455495777831382,0.06,
cascade:runs/prune/p10/best.pt,0039,impulsive+stationary_5,impulsive+stationary,5.0,False,False,1.9455022909932635,,cvhi:common_voice_hi_24758564,11.734029769897461,11.567770004272461,0.9099717124914359,2.019493341445923,2.4355977613873785,3.6161691505739055,2.1581673287013836,0.0,
cascade:runs/prune/p10/best.pt,0000,impulsive_-10,impulsive,-10.0,False,False,-0.7844672756917035,,ls:2007-149877-0036,12.538961410522461,12.291640281677246,0.9178449512771254,1.85899817943573,2.9216883864796244,3.7566483007616345,2.5305569416178915,0.64,
cascade:runs/prune/p10/best.pt,0001,impulsive_-10,impulsive,-10.0,False,False,6.986331723840957,,cvhi:common_voice_hi_26131134,13.566080093383789,14.646510124206543,0.7358648784810313,1.2806003093719482,3.0943215515681968,3.7543499333793413,2.654786404841118,0.0,
cascade:runs/prune/p10/best.pt,0002,impulsive_-10,impulsive,-10.0,True,False,-2.098531557761902,,cvhi:common_voice_hi_27761568,19.734769821166992,20.103572845458984,0.962017547406395,3.056612014770508,2.956426098586636,3.8301942372597404,2.396493709625642,0.0,
cascade:runs/prune/p10/best.pt,0003,impulsive_-10,impulsive,-10.0,False,False,-2.039796330422819,,cvhi:common_voice_hi_26132089,9.929896354675293,10.017093658447266,0.7786718149582142,1.4892023801803589,2.9670658679042345,3.7539209909545264,2.550345262526346,0.3,
cascade:runs/prune/p10/best.pt,0004,impulsive_-10,impulsive,-10.0,False,False,3.7267698403814524,,ls:1926-147979-0008,11.01361083984375,10.684638977050781,0.9265562668489836,1.904464840888977,3.1092496204887987,3.9003749691097394,2.694959384945536,0.2,
cascade:runs/prune/p10/best.pt,0005,impulsive_-10,impulsive,-10.0,False,True,6.625584403384842,,ls:2007-132570-0019,11.658336639404297,11.487443923950195,0.9708613505193232,2.823688268661499,3.45891593341934,3.206631426150876,2.719243000569707,0.0,
cascade:runs/prune/p10/best.pt,0006,impulsive_-10,impulsive,-10.0,False,False,-0.3457733309346862,,cvhi:common_voice_hi_27761552,11.936970710754395,12.127662658691406,0.7687262434047927,1.5202999114990234,2.6780596007329738,3.0072924343165193,1.9597816380549034,0.0,
cascade:runs/prune/p10/best.pt,0007,impulsive_-10,impulsive,-10.0,False,False,-5.386315288684306,,ls:1081-128618-0000,13.249281883239746,13.134221076965332,0.9046016202964581,2.099853277206421,3.438346773484675,4.111332633867711,3.160408852865053,0.0,
cascade:runs/prune/p10/best.pt,0008,impulsive_-10,impulsive,-10.0,False,False,-3.7907854852235285,,ls:1926-147987-0010,6.807878017425537,5.840670585632324,0.7920518033823774,1.2336690425872803,2.6476143483580814,3.649655425071372,2.3293224659313285,0.0,
cascade:runs/prune/p10/best.pt,0009,impulsive_-10,impulsive,-10.0,True,False,8.980805211151823,,cvhi:common_voice_hi_25188958,8.413597106933594,7.743868350982666,0.8436319192499088,1.5041391849517822,2.41673007502019,2.859597110509073,1.8953916241693611,1.18,
cascade:runs/prune/p10/best.pt,0010,impulsive_-10,impulsive,-10.0,False,False,11.318864184835828,,cvhi:common_voice_hi_34926841,8.516794204711914,8.438881874084473,0.7749781813664747,1.2554632425308228,2.6570079944266607,3.9349207376365802,2.244372515468041,0.08,
cascade:runs/prune/p10/best.pt,0011,impulsive_-10,impulsive,-10.0,False,False,10.591250524192855,,cvhi:common_voice_hi_24359442,15.251924514770508,15.547822952270508,0.9903163831358609,3.6273481845855713,3.1899227684244504,4.081633429582668,2.8136914807428677,0.08,
cascade:runs/prune/p10/best.pt,0012,impulsive_-10,impulsive,-10.0,False,False,0.5802182171881025,,cvhi:common_voice_hi_25149719,5.935544013977051,4.766392230987549,0.7753869044051337,1.3435701131820679,2.7614722049243223,3.5231716392461587,2.2828739644960936,0.0,
cascade:runs/prune/p10/best.pt,0013,impulsive_-10,impulsive,-10.0,False,False,-1.3794529365862296,,ls:1926-147987-0020,8.126625061035156,7.408209800720215,0.6776359049570803,1.6269599199295044,3.0128987973037047,3.2920705931622307,2.477819295398326,0.0,
cascade:runs/prune/p10/best.pt,0014,impulsive_-10,impulsive,-10.0,False,True,10.354615884632913,,ls:2007-132570-0040,5.7264814376831055,4.395666599273682,0.642495570736594,1.1855775117874146,2.3501545130328605,3.389130188314997,2.0563070820381752,0.0,
cascade:runs/prune/p10/best.pt,0015,impulsive_-10,impulsive,-10.0,False,False,-0.9227299471473351,,ls:1926-143879-0038,11.300511360168457,10.967917442321777,0.9024560818550443,2.0107662677764893,3.2631334694200467,2.853844066190951,2.389050332818056,0.0,
cascade:runs/prune/p10/best.pt,0016,impulsive_-10,impulsive,-10.0,False,False,-0.6207576883242787,,ls:2007-132570-0053,4.234065055847168,2.2161853313446045,0.8403593051694758,1.3127504587173462,2.2391624093286153,2.836409842393926,1.8685616055857919,0.0,
cascade:runs/prune/p10/best.pt,0017,impulsive_-10,impulsive,-10.0,False,False,3.109095853950228,,ls:1926-143879-0041,12.630242347717285,12.428773880004883,0.9185880724130566,2.134514570236206,3.2865643005019156,3.768667830314665,2.893898616439671,0.0,
cascade:runs/prune/p10/best.pt,0018,impulsive_-10,impulsive,-10.0,False,False,5.385039751494652,,cvhi:common_voice_hi_27761501,6.994829177856445,6.205979347229004,0.7284631079654983,1.2797904014587402,2.1230462332169435,3.6369043898433517,1.7648489669783074,0.0,
cascade:runs/prune/p10/best.pt,0019,impulsive_-10,impulsive,-10.0,False,False,1.9734252810522523,,cvhi:common_voice_hi_27761511,14.573578834533691,14.49382209777832,0.9481313951619434,2.6721880435943604,2.8804118600574955,3.8091683978976274,2.5306905337846044,0.2,
cascade:runs/prune/p10/best.pt,0020,impulsive_-10,impulsive,-10.0,False,False,6.038950795580643,,cvhi:common_voice_hi_26152091,18.291624069213867,18.900665283203125,0.9910381491567279,2.5541956424713135,3.4054779646583926,3.9128240863051804,3.019733342638527,0.0,
cascade:runs/prune/p10/best.pt,0021,impulsive_-10,impulsive,-10.0,False,True,-4.077843338750688,,cvhi:common_voice_hi_27592071,8.59087085723877,8.083849906921387,0.7881516900016875,1.3718411922454834,2.3376646725316474,3.4356842593461074,2.027354231592361,0.0,
cascade:runs/prune/p10/best.pt,0022,impulsive_-10,impulsive,-10.0,False,False,11.3824703562901,,cvhi:common_voice_hi_23795362,7.948672771453857,7.193513870239258,0.6962796197311669,1.1576277017593384,2.9845133842457225,3.953269816014103,2.6824787624349615,0.54,
cascade:runs/prune/p10/best.pt,0023,impulsive_-10,impulsive,-10.0,False,False,11.731934691217209,,cvhi:common_voice_hi_24360552,9.987265586853027,9.588387489318848,0.9282186799131233,1.995072364807129,3.1167504279695897,3.9338928969351663,2.735478712103516,0.0,
cascade:runs/prune/p10/best.pt,0024,impulsive_-10,impulsive,-10.0,True,False,1.525356273420103,,ls:1926-147987-0018,17.879274368286133,17.99289894104004,0.9774949222094635,3.0828816890716553,3.250596538956698,3.7435166964053863,2.8562759073029667,0.0,
cascade:runs/prune/p10/best.pt,0025,impulsive_-10,impulsive,-10.0,False,True,11.427285462910604,,cvhi:common_voice_hi_24996689,2.349660634994507,-1.0745928287506104,0.4747578488797278,1.2784186601638794,2.6445195924169034,3.763844337982123,2.253729031683749,0.0,
cascade:runs/prune/p10/best.pt,0026,impulsive_-10,impulsive,-10.0,True,False,-1.5800533040223348,,cvhi:common_voice_hi_26088250,12.89681339263916,12.715398788452148,0.8255096563352455,1.7443126440048218,2.900465172807803,3.923047083763291,2.5946153351106873,0.2,
cascade:runs/prune/p10/best.pt,0027,impulsive_-10,impulsive,-10.0,True,False,-0.6368328425025016,,ls:2007-149877-0022,10.426007270812988,10.013389587402344,0.8879358735795868,1.6721808910369873,2.7492401687833605,3.5857562777840544,2.4130528404591773,0.0,
cascade:runs/prune/p10/best.pt,0028,impulsive_-10,impulsive,-10.0,False,False,-0.8032859037661559,,cvhi:common_voice_hi_26949023,7.077766418457031,6.158684730529785,0.676975104176921,1.2116519212722778,2.4428506736999194,3.7831308889561583,2.167053597960056,0.0,
cascade:runs/prune/p10/best.pt,0029,impulsive_-10,impulsive,-10.0,False,False,2.2786665343746826,,ls:2007-149877-0058,16.153274536132812,16.46782112121582,0.9777781249489427,3.4211549758911133,3.376607719643016,3.7552749616815646,2.9620217322238718,0.38,
cascade:runs/prune/p10/best.pt,0030,impulsive_-10,impulsive,-10.0,False,False,7.636778419601397,,cvhi:common_voice_hi_27860358,13.340462684631348,13.560433387756348,0.945074520004006,2.4723846912384033,3.169868744965242,3.486811257721964,2.521424642425431,1.58,
cascade:runs/prune/p10/best.pt,0031,impulsive_-10,impulsive,-10.0,False,False,10.284119606312334,,cvhi:common_voice_hi_27761812,10.264283180236816,9.939042091369629,0.7650478400261795,1.523677110671997,2.4140739581406896,3.6547617953907405,1.8429373901794144,0.0,
cascade:runs/prune/p10/best.pt,0032,impulsive_-10,impulsive,-10.0,False,False,6.303373527547601,,cvhi:common_voice_hi_26127975,13.690282821655273,13.55500602722168,0.9522657319578325,1.9255719184875488,3.3230884747239915,3.3472833002942166,2.7374648546246614,0.0,
cascade:runs/prune/p10/best.pt,0033,impulsive_-10,impulsive,-10.0,False,False,1.7032916553666757,,cvhi:common_voice_hi_27761653,16.49183464050293,16.51303482055664,0.8612448960737514,2.168391227722168,2.979828356947533,3.9959187366249314,2.617389609040351,0.0,
cascade:runs/prune/p10/best.pt,0034,impulsive_-10,impulsive,-10.0,False,False,-2.4667246351248204,,cvhi:common_voice_hi_24359465,8.925141334533691,8.33718204498291,0.8930558568840876,1.8074023723602295,2.9853771980595973,4.043829711661328,2.6616711266465787,0.0,
cascade:runs/prune/p10/best.pt,0035,impulsive_-10,impulsive,-10.0,False,False,7.913267258199255,,cvhi:common_voice_hi_24758459,11.466541290283203,11.147321701049805,0.9217371202823579,2.0315089225769043,2.9843762315120337,3.810560983676454,2.6060420185398265,0.1,
cascade:runs/prune/p10/best.pt,0036,impulsive_-10,impulsive,-10.0,False,False,7.321722597189929,,cvhi:common_voice_hi_24359419,8.825806617736816,8.343873977661133,0.8434038824296166,1.7706074714660645,3.138717757365447,3.816429552397045,2.6877798996195232,0.06,
cascade:runs/prune/p10/best.pt,0037,impulsive_-10,impulsive,-10.0,False,False,3.233678130224396,,cvhi:common_voice_hi_26152440,15.031434059143066,14.89387321472168,0.9162610685763133,2.8272931575775146,3.3457718738255577,4.071099383609074,3.053637267895797,0.54,
cascade:runs/prune/p10/best.pt,0038,impulsive_-10,impulsive,-10.0,False,False,-0.07945646276441387,,cvhi:common_voice_hi_24360504,8.147079467773438,7.426672458648682,0.8183041110210446,1.4763895273208618,2.7321284361301665,3.8503024964216577,2.403949092714511,0.24,
cascade:runs/prune/p10/best.pt,0039,impulsive_-10,impulsive,-10.0,False,False,6.736141967672346,,cvhi:common_voice_hi_25150865,19.66228485107422,20.593441009521484,0.9960760235433168,3.6475563049316406,3.1028024883330545,3.971135463360638,2.800363798153624,0.5,
cascade:runs/prune/p10/best.pt,0000,impulsive_-5,impulsive,-5.0,False,False,-3.7682479070088695,,cvhi:common_voice_hi_25150965,24.114288330078125,25.276166915893555,0.9960887833854732,3.9427988529205322,3.313778439046367,3.9917610349313737,3.0153588657153407,0.0,
cascade:runs/prune/p10/best.pt,0001,impulsive_-5,impulsive,-5.0,False,False,-1.2602267734890251,,cvhi:common_voice_hi_25149598,13.573410034179688,13.488539695739746,0.9540919474244386,2.391195297241211,2.883375923156496,3.796282508742191,2.5691254256671407,0.34,
cascade:runs/prune/p10/best.pt,0002,impulsive_-5,impulsive,-5.0,False,False,3.9792257757778735,,ls:1081-125237-0041,12.883222579956055,12.765727043151855,0.930341427342228,2.2015388011932373,3.405691278526551,4.1336428431549495,3.1305875070311253,0.0,
cascade:runs/prune/p10/best.pt,0003,impulsive_-5,impulsive,-5.0,False,False,-0.07236827123301204,,ls:1926-147987-0025,12.938183784484863,12.715882301330566,0.9199699210202067,2.2936692237854004,3.086550576384638,3.6480021121349617,2.7052267824062177,0.0,
cascade:runs/prune/p10/best.pt,0004,impulsive_-5,impulsive,-5.0,False,False,-4.387007335660979,,cvhi:common_voice_hi_24360571,14.91809368133545,15.552030563354492,0.9729375958589112,2.632298707962036,2.8638304679993585,3.7178291106630335,2.527582025188587,0.0,
cascade:runs/prune/p10/best.pt,0005,impulsive_-5,impulsive,-5.0,False,False,6.875337267892878,,ls:1926-147979-0008,18.244131088256836,18.413869857788086,0.982264424897733,3.390399694442749,3.51754249182476,4.026027944546619,3.1936992366488584,0.0,
cascade:runs/prune/p10/best.pt,0006,impulsive_-5,impulsive,-5.0,False,False,11.52000217282302,,ls:1926-147979-0037,10.58901596069336,10.197152137756348,0.898670009162738,2.1054799556732178,2.828113121542683,3.5341406234233945,2.4238762873597985,0.0,
cascade:runs/prune/p10/best.pt,0007,impulsive_-5,impulsive,-5.0,False,False,1.920988938504804,,cvhi:common_voice_hi_26152092,26.081867218017578,34.80078125,0.9998879618724877,4.573816776275635,3.4067317835370514,4.007061823822325,3.0594175213988004,0.46,
cascade:runs/prune/p10/best.pt,0008,impulsive_-5,impulsive,-5.0,False,False,-4.317720817878217,,cvhi:common_voice_hi_23833319,18.587953567504883,18.52743911743164,0.9414586727639902,2.9175853729248047,3.349384607054705,4.125342968920527,3.0935853629161083,0.0,
cascade:runs/prune/p10/best.pt,0009,impulsive_-5,impulsive,-5.0,False,False,-0.6460667625373375,,ls:1926-147987-0020,11.916828155517578,11.658469200134277,0.701540010256924,1.8701409101486206,3.1732597374714007,3.199035204278143,2.5369035755248555,0.36,
cascade:runs/prune/p10/best.pt,0010,impulsive_-5,impulsive,-5.0,False,False,3.6742703156269148,,ls:1926-147979-0021,10.35521411895752,10.008184432983398,0.932248785015594,2.034944534301758,2.8439321362550483,3.1406229108092947,2.3167902129350773,0.0,
cascade:runs/prune/p10/best.pt,0011,impulsive_-5,impulsive,-5.0,False,False,9.622786672212776,,ls:2007-132570-0047,17.12080192565918,17.30133056640625,0.9467546220056272,3.0010178089141846,3.5621924036135475,4.025691863967714,3.2578118172831725,0.5,
cascade:runs/prune/p10/best.pt,0012,impulsive_-5,impulsive,-5.0,False,True,8.716929846769666,,cvhi:common_voice_hi_24360570,7.455875396728516,6.885830879211426,0.9494921607423238,2.4962124824523926,3.1605525764835454,3.9409966793651705,2.8486112461582755,1.16,
cascade:runs/prune/p10/best.pt,0013,impulsive_-5,impulsive,-5.0,False,False,-5.307730743520347,,cvhi:common_voice_hi_24758375,18.38632583618164,18.340190887451172,0.9645166296935972,3.259714126586914,3.509208267394641,4.086008507649129,3.1969525349547925,0.2,
cascade:runs/prune/p10/best.pt,0014,impulsive_-5,impulsive,-5.0,False,True,3.026189359619133,,cvhi:common_voice_hi_26131959,16.434938430786133,16.5899658203125,0.918667609137999,3.511759042739868,3.352039815078791,4.002972334626567,3.0365611684258864,0.0,
cascade:runs/prune/p10/best.pt,0015,impulsive_-5,impulsive,-5.0,False,False,2.8607651621600425,,cvhi:common_voice_hi_24758356,10.647364616394043,10.413053512573242,0.8998845622025782,1.6264451742172241,3.12524732285588,4.05307967544881,2.8862472423636665,0.12,
cascade:runs/prune/p10/best.pt,0016,impulsive_-5,impulsive,-5.0,False,False,-2.366448390033103,,cvhi:common_voice_hi_25149605,11.157666206359863,11.480958938598633,0.9448918884266346,1.9078152179718018,3.181077641265197,3.6791072400637823,2.7653577183318805,0.14,
cascade:runs/prune/p10/best.pt,0017,impulsive_-5,impulsive,-5.0,False,False,6.8193744802353855,,cvhi:common_voice_hi_27761556,6.083734035491943,5.440206050872803,0.6815046786719247,1.2536699771881104,2.332052744774803,3.6659356583015272,2.0006732391112787,0.0,
cascade:runs/prune/p10/best.pt,0018,impulsive_-5,impulsive,-5.0,False,False,3.088829564298976,,cvhi:common_voice_hi_27641135,15.401688575744629,16.27186393737793,0.9745685243931668,3.305276870727539,3.5408897319106436,4.001254803155329,3.224150167166372,0.26,
cascade:runs/prune/p10/best.pt,0019,impulsive_-5,impulsive,-5.0,False,False,6.534339188490764,,cvhi:common_voice_hi_26131360,11.391603469848633,11.101448059082031,0.7545960188188965,1.6928484439849854,2.8556651739218464,3.8739824967694014,2.5065443514234578,0.0,
cascade:runs/prune/p10/best.pt,0020,impulsive_-5,impulsive,-5.0,False,False,1.140702013746008,,cvhi:common_voice_hi_24758348,5.308125019073486,3.8024375438690186,0.8020492019059716,1.3624517917633057,2.8420055846563206,3.8263072574659267,2.4568049634026075,0.0,
cascade:runs/prune/p10/best.pt,0021,impulsive_-5,impulsive,-5.0,False,True,4.997485514725584,,ls:1081-125237-0037,15.797868728637695,16.123258590698242,0.8841143548885941,3.221251964569092,3.5987496524328297,3.8619499167670472,3.2133650404966514,0.0,
cascade:runs/prune/p10/best.pt,0022,impulsive_-5,impulsive,-5.0,False,False,5.383891700523375,,ls:1926-147979-0040,14.157500267028809,14.157532691955566,0.9473773221683918,2.6771578788757324,3.204679178112984,3.6687516746504683,2.8184102756267575,0.0,
cascade:runs/prune/p10/best.pt,0023,impulsive_-5,impulsive,-5.0,False,False,-3.6254739036354304,,cvhi:common_voice_hi_27761473,15.620817184448242,15.776458740234375,0.9311900605273041,2.6612956523895264,3.0909691063525515,3.9676733026225532,2.759795731320499,0.06,
cascade:runs/prune/p10/best.pt,0024,impulsive_-5,impulsive,-5.0,False,False,3.8019661913282317,,ls:1081-125237-0029,8.876154899597168,8.295909881591797,0.8776044515728268,2.356905221939087,3.3370910026478953,3.9433126646631003,3.0065211650761943,0.0,
cascade:runs/prune/p10/best.pt,0025,impulsive_-5,impulsive,-5.0,False,False,-2.9164362496376643,,cvhi:common_voice_hi_27761747,20.82821273803711,21.819955825805664,0.9905843727776935,3.3368682861328125,3.1989375664892723,3.9458483078389985,2.856834478826405,0.22,
cascade:runs/prune/p10/best.pt,0026,impulsive_-5,impulsive,-5.0,False,True,0.6734343171493578,,cvhi:common_voice_hi_26131929,16.058486938476562,16.06327247619629,0.8933060133189441,1.9865472316741943,3.3072651672029605,4.007377901497695,2.9653258021293185,0.0,
cascade:runs/prune/p10/best.pt,0027,impulsive_-5,impulsive,-5.0,False,False,11.357170224641326,,cvhi:common_voice_hi_27860204,9.412191390991211,9.138450622558594,0.86774058914212,1.7992500066757202,2.9643354644317186,3.875679696706406,2.5899888278700622,inf,
cascade:runs/prune/p10/best.pt,0028,impulsive_-5,impulsive,-5.0,False,False,10.900241558391336,,cvhi:common_voice_hi_27860132,13.42831039428711,13.328088760375977,0.8895500747020554,1.5798001289367676,2.6209332216131176,3.7733644866784104,2.1444187934390126,0.18,
cascade:runs/prune/p10/best.pt,0029,impulsive_-5,impulsive,-5.0,False,False,1.2286564447309933,,ls:1926-147987-0007,11.98453140258789,11.817870140075684,0.9326591654116339,2.3225579261779785,3.2940535827175346,3.957874254464291,2.981248967632039,0.14,
cascade:runs/prune/p10/best.pt,0030,impulsive_-5,impulsive,-5.0,False,False,10.318703979693531,,cvhi:common_voice_hi_24758411,11.56796932220459,11.26440143585205,0.9310243789625513,2.1412951946258545,3.3288301972435783,3.683313038748058,2.8823339843829308,0.28,
cascade:runs/prune/p10/best.pt,0031,impulsive_-5,impulsive,-5.0,False,False,10.851590747783824,,cvhi:common_voice_hi_27592118,10.975471496582031,10.78230094909668,0.8874199190437697,1.9209809303283691,2.6472059414424383,3.903567984310077,2.3167938075475742,0.0,
cascade:runs/prune/p10/best.pt,0032,impulsive_-5,impulsive,-5.0,False,False,7.382882953326627,,cvhi:common_voice_hi_27860263,12.730751037597656,12.629671096801758,0.9001062966998916,2.002704381942749,3.111814778630472,3.8381954397916322,2.711450884407103,0.02,
cascade:runs/prune/p10/best.pt,0033,impulsive_-5,impulsive,-5.0,False,False,-4.106362708938538,,ls:1926-147987-0015,9.24538516998291,8.697042465209961,0.8707543165316419,1.3544023036956787,2.474741645858682,3.3494502206718075,2.128146915022065,0.0,
cascade:runs/prune/p10/best.pt,0034,impulsive_-5,impulsive,-5.0,False,False,1.3583724208106007,,ls:1081-125237-0112,6.714197158813477,5.7120256423950195,0.8759672229240464,1.7335326671600342,3.061081769493084,3.7155573935552013,2.7275066302956477,0.0,
cascade:runs/prune/p10/best.pt,0035,impulsive_-5,impulsive,-5.0,False,False,9.001707440185468,,cvhi:common_voice_hi_25150844,7.829042434692383,7.093858242034912,0.8411290753178357,1.359041690826416,2.5445796805058416,3.5459137600186734,2.1639247948893483,0.2,
cascade:runs/prune/p10/best.pt,0036,impulsive_-5,impulsive,-5.0,False,False,-4.2225473190539695,,cvhi:common_voice_hi_26151925,12.40937614440918,12.69444465637207,0.8376880516529139,1.6358832120895386,3.288297394598908,4.078902992575548,2.971280143188511,0.0,
cascade:runs/prune/p10/best.pt,0037,impulsive_-5,impulsive,-5.0,False,False,-2.478343129388021,,ls:2007-132570-0007,5.633831977844238,4.336501121520996,0.723685542613596,1.1474331617355347,2.5562414511602123,3.763895958648873,2.227465205151036,0.0,
cascade:runs/prune/p10/best.pt,0038,impulsive_-5,impulsive,-5.0,False,False,11.414427857784393,,cvhi:common_voice_hi_27860183,9.181672096252441,9.426913261413574,0.8456816735164495,1.807492971420288,2.7787183060301874,3.419736994171341,2.243225276953931,0.24,
cascade:runs/prune/p10/best.pt,0039,impulsive_-5,impulsive,-5.0,True,False,1.076400974509447,,cvhi:common_voice_hi_25150842,14.0709228515625,13.92779541015625,0.9639568639833174,2.5416111946105957,3.190491969134681,3.8334166364141593,2.8533727158264712,0.0,
cascade:runs/prune/p10/best.pt,0000,impulsive_0,impulsive,0.0,False,False,-4.939640577458221,,cvhi:common_voice_hi_27749274,9.908966064453125,9.984867095947266,0.868401340417124,1.870675802230835,2.610288252067237,3.587112242188739,2.1625101816390915,0.0,
cascade:runs/prune/p10/best.pt,0001,impulsive_0,impulsive,0.0,False,False,4.185699479239469,,ls:2007-132570-0008,12.256248474121094,12.35847282409668,0.8974498224177346,2.0742557048797607,3.100717855719473,3.826309708075784,2.7574048085458416,0.0,
cascade:runs/prune/p10/best.pt,0002,impulsive_0,impulsive,0.0,False,False,9.534603168673804,,cvhi:common_voice_hi_26088250,13.71666431427002,13.725780487060547,0.8208175348390346,1.8858985900878906,2.7043734018493994,3.5916058381282827,2.3714577298901998,0.3,
cascade:runs/prune/p10/best.pt,0003,impulsive_0,impulsive,0.0,False,False,-4.089794857660426,,cvhi:common_voice_hi_27761553,17.694210052490234,17.65081787109375,0.8924768375630722,2.996600866317749,3.281987121142285,3.7235016944088217,2.893159795710689,0.0,
cascade:runs/prune/p10/best.pt,0004,impulsive_0,impulsive,0.0,False,False,3.1426363084548914,,ls:2007-132570-0000,12.494562149047852,12.441509246826172,0.8951418559136807,1.9935755729675293,2.5856731583050903,3.306535062762002,2.200173655530726,0.2,
cascade:runs/prune/p10/best.pt,0005,impulsive_0,impulsive,0.0,False,False,4.502125965243529,,ls:2007-149877-0002,13.761407852172852,13.609848022460938,0.9662547870617073,2.0636003017425537,3.508046518516141,2.9196909709371615,2.6604389198094256,0.28,
cascade:runs/prune/p10/best.pt,0006,impulsive_0,impulsive,0.0,False,False,5.606245490290167,,ls:2007-132570-0055,13.585281372070312,13.46529769897461,0.9398134213436543,2.53256893157959,3.1520963610862776,3.83025734182797,2.8192282014237238,0.0,
cascade:runs/prune/p10/best.pt,0007,impulsive_0,impulsive,0.0,False,False,5.869905035707346,,ls:1926-147987-0024,17.95403480529785,18.295181274414062,0.9904206795017977,2.708225727081299,3.135840651307459,3.9394984684973293,2.8019726957270934,0.0,
cascade:runs/prune/p10/best.pt,0008,impulsive_0,impulsive,0.0,False,True,3.1632921822719418,,cvhi:common_voice_hi_26152090,23.739233016967773,23.776615142822266,0.990612502458761,2.691861629486084,3.3265283606170515,4.027573027452136,3.022661391803399,0.24,
cascade:runs/prune/p10/best.pt,0009,impulsive_0,impulsive,0.0,False,False,3.6130906178062805,,cvhi:common_voice_hi_24359456,14.746803283691406,14.6229887008667,0.9511571725126908,1.9750866889953613,3.0456915445900834,3.807212569120713,2.7348343124798222,0.02,
cascade:runs/prune/p10/best.pt,0010,impulsive_0,impulsive,0.0,False,False,7.387256500471727,,cvhi:common_voice_hi_24359471,11.898259162902832,11.758628845214844,0.9763751872637676,1.8970917463302612,3.181693378720894,3.875492402480403,2.8435963599099745,0.46,
cascade:runs/prune/p10/best.pt,0011,impulsive_0,impulsive,0.0,False,False,-2.436513046999143,,cvhi:common_voice_hi_27592128,20.17979621887207,20.39402198791504,0.9813889557306003,3.3707945346832275,2.7690743330425986,3.9415497161687396,2.521529073256412,0.0,
cascade:runs/prune/p10/best.pt,0012,impulsive_0,impulsive,0.0,False,False,11.42216186693323,,ls:2007-132570-0021,12.026381492614746,11.830652236938477,0.9004593170292997,1.9511178731918335,3.118523509598976,3.433734439301108,2.617894850549914,0.04,
cascade:runs/prune/p10/best.pt,0013,impulsive_0,impulsive,0.0,False,False,5.2661435611904395,,cvhi:common_voice_hi_36446512,20.351978302001953,20.340774536132812,0.9889489128161706,3.1620943546295166,3.33131290581599,4.124181696943748,3.10159375783597,0.04,
cascade:runs/prune/p10/best.pt,0014,impulsive_0,impulsive,0.0,False,False,9.436767372188928,,cvhi:common_voice_hi_24360571,10.551624298095703,10.15725040435791,0.9324317510984177,1.6686691045761108,3.0461967818913034,3.7704052526083682,2.696605181989512,0.1,
cascade:runs/prune/p10/best.pt,0015,impulsive_0,impulsive,0.0,False,False,4.0911010470336215,,ls:1926-147987-0022,17.001909255981445,16.986846923828125,0.9809962822289143,3.388058662414551,3.1866643489802784,3.8779176165119456,2.8579465536945916,0.08,
cascade:runs/prune/p10/best.pt,0016,impulsive_0,impulsive,0.0,False,False,-4.416350241983404,,ls:1926-147987-0001,14.82308578491211,14.683860778808594,0.9587568526212037,3.240295886993408,3.4286840719818437,3.856413723405403,3.071999069208465,0.0,
cascade:runs/prune/p10/best.pt,0017,impulsive_0,impulsive,0.0,False,False,-4.013671450227635,,cvhi:common_voice_hi_27761553,16.713340759277344,18.023361206054688,0.7862076933186729,2.607936143875122,3.3392856911214546,3.740219478009684,2.9287860545219333,0.0,
cascade:runs/prune/p10/best.pt,0018,impulsive_0,impulsive,0.0,False,False,11.692706863205043,,cvhi:common_voice_hi_24359481,6.415719985961914,5.349023342132568,0.7469428216344266,1.356724500656128,2.2104682120071515,3.396003139729564,1.863886161250073,0.34,
cascade:runs/prune/p10/best.pt,0019,impulsive_0,impulsive,0.0,False,False,0.5385404260490851,,cvhi:common_voice_hi_27761728,16.263286590576172,16.717588424682617,0.8865172025485627,2.3724849224090576,3.288103655582573,3.3329187166428027,2.693265433834275,0.0,
cascade:runs/prune/p10/best.pt,0020,impulsive_0,impulsive,0.0,False,False,6.531281286556892,,cvhi:common_voice_hi_25150966,17.0357666015625,16.961088180541992,0.9787764602424363,3.2426745891571045,3.1783650882181402,3.5530778148080255,2.750694443893588,0.14,
cascade:runs/prune/p10/best.pt,0021,impulsive_0,impulsive,0.0,False,False,0.38543797504645294,,cvhi:common_voice_hi_25149717,12.554863929748535,12.492179870605469,0.928391844638283,2.0454838275909424,2.2295627347275593,3.8986094713374655,2.078606055903473,0.28,
cascade:runs/prune/p10/best.pt,0022,impulsive_0,impulsive,0.0,False,False,11.660644073073332,,ls:1081-125237-0021,11.169062614440918,10.851600646972656,0.9114709158683918,1.8715975284576416,3.445592272574889,3.898266552061399,3.1085478982061656,0.16,
cascade:runs/prune/p10/best.pt,0023,impulsive_0,impulsive,0.0,False,False,-0.028653147602585527,,ls:1926-147987-0030,16.00724983215332,16.099550247192383,0.9866462723329036,3.0503575801849365,3.3132622135698138,3.844374840220018,2.9757596158625814,0.0,
cascade:runs/prune/p10/best.pt,0024,impulsive_0,impulsive,0.0,True,False,9.775214096425108,,cvhi:common_voice_hi_26088145,20.051673889160156,20.01753044128418,0.9874868093036323,3.040512800216675,3.610619041452556,4.1192568135044425,3.3479157768269325,0.0,
cascade:runs/prune/p10/best.pt,0025,impulsive_0,impulsive,0.0,False,False,1.6098190542392379,,ls:1926-147979-0047,17.388500213623047,17.39167594909668,0.9566127166683362,3.174999237060547,3.430743991481169,3.570475044462539,2.943889569834571,0.0,
cascade:runs/prune/p10/best.pt,0026,impulsive_0,impulsive,0.0,False,False,1.720977334986518,,ls:2007-149877-0024,12.972183227539062,12.748318672180176,0.9465526867496025,1.692452073097229,3.394452737305061,3.9440537672453324,3.0841781221148055,0.0,
cascade:runs/prune/p10/best.pt,0027,impulsive_0,impulsive,0.0,False,False,0.7855152075608034,,cvhi:common_voice_hi_27761615,22.529438018798828,22.713964462280273,0.8564567618738682,2.423583745956421,3.3137109077248503,3.9407042532396357,2.968339290706258,0.0,
cascade:runs/prune/p10/best.pt,0028,impulsive_0,impulsive,0.0,True,False,3.1408847642745847,,cvhi:common_voice_hi_24359406,14.049405097961426,13.887863159179688,0.9245637873778403,2.4747986793518066,3.125682304409301,3.5789514502432667,2.666871299248331,0.12,
cascade:runs/prune/p10/best.pt,0029,impulsive_0,impulsive,0.0,False,False,4.615564369043284,,cvhi:common_voice_hi_24758348,22.32745933532715,22.333553314208984,0.9861508744060635,3.152761697769165,3.3370195231812456,3.8644017466591603,2.9618538217671606,0.2,
cascade:runs/prune/p10/best.pt,0030,impulsive_0,impulsive,0.0,False,False,-3.007376944468273,,cvhi:common_voice_hi_27860087,16.57126235961914,17.242509841918945,0.9527219080643169,3.2573535442352295,3.306435386035713,3.551862709699062,2.7964850474345844,0.02,
cascade:runs/prune/p10/best.pt,0031,impulsive_0,impulsive,0.0,False,False,3.6921254502143235,,cvhi:common_voice_hi_35078797,12.702413558959961,12.465113639831543,0.8510118043825907,1.8125488758087158,2.7246881690209497,3.911902569658693,2.424120011887619,0.22,
cascade:runs/prune/p10/best.pt,0032,impulsive_0,impulsive,0.0,False,False,10.654953311677637,,cvhi:common_voice_hi_25907700,9.169367790222168,8.6909818649292,0.9241639838882825,1.9496350288391113,2.6679530035538987,3.7896362982538765,2.3785515838774876,0.2,
cascade:runs/prune/p10/best.pt,0033,impulsive_0,impulsive,0.0,False,False,-4.910998561275233,,cvhi:common_voice_hi_40904721,15.323041915893555,15.376243591308594,0.9353235371422634,3.096092462539673,3.2881072187457163,4.041964245462056,2.9988837112232476,0.0,
cascade:runs/prune/p10/best.pt,0034,impulsive_0,impulsive,0.0,False,False,-2.3525164440197153,,ls:1926-147979-0046,10.44445514678955,10.145334243774414,0.9065416344624903,2.0453224182128906,2.8957215233862605,3.3428865602529987,2.4381500676058887,0.0,
cascade:runs/prune/p10/best.pt,0035,impulsive_0,impulsive,0.0,False,False,11.884557078840917,,ls:1081-125237-0002,11.1714448928833,10.83906364440918,0.9555321719139462,2.6705856323242188,3.614806090049769,4.156295598493477,3.389203391125704,0.0,
cascade:runs/prune/p10/best.pt,0036,impulsive_0,impulsive,0.0,False,False,6.668917575963405,,cvhi:common_voice_hi_26127926,20.716524124145508,21.29492950439453,0.9425348857412524,2.0261709690093994,3.048833504826903,3.858993212953113,2.6150585392362213,0.0,
cascade:runs/prune/p10/best.pt,0037,impulsive_0,impulsive,0.0,False,False,3.0191682895685403,,cvhi:common_voice_hi_26088192,9.681821823120117,9.19192886352539,0.7737568579479274,1.3180711269378662,2.8545495705183797,3.6686180186183117,2.473212643453723,0.0,
cascade:runs/prune/p10/best.pt,0038,impulsive_0,impulsive,0.0,False,False,-5.938114247668327,,ls:1926-147987-0020,12.92915153503418,13.594082832336426,0.9439511080479575,2.52856183052063,3.308240342987728,3.5248032958788107,2.791442129015832,0.0,
cascade:runs/prune/p10/best.pt,0039,impulsive_0,impulsive,0.0,False,False,-0.7084303935114136,,cvhi:common_voice_hi_35077896,12.11192512512207,11.836457252502441,0.7735289795563558,1.5051860809326172,2.7553825492963355,3.631016768790216,2.3687393503865724,0.0,
cascade:runs/prune/p10/best.pt,0000,impulsive_10,impulsive,10.0,False,False,10.303174436317324,,cvhi:common_voice_hi_24359453,16.455177307128906,17.365922927856445,0.9951784829528225,3.0867621898651123,3.5098019490469925,4.121423102941177,3.2635634315722393,0.16,
cascade:runs/prune/p10/best.pt,0001,impulsive_10,impulsive,10.0,False,False,9.301249515898771,,cvhi:common_voice_hi_35078849,14.483027458190918,14.462982177734375,0.886319202110707,1.5552709102630615,2.977867257582329,3.7888935884978654,2.637834162673216,0.32,
cascade:runs/prune/p10/best.pt,0002,impulsive_10,impulsive,10.0,False,False,5.563909858792194,,ls:1926-143879-0002,17.426048278808594,17.45488929748535,0.9611066838029724,2.5624499320983887,3.2414208264454323,3.815633764618397,2.8798376445711273,0.06,
cascade:runs/prune/p10/best.pt,0003,impulsive_10,impulsive,10.0,True,False,4.6112726157916395,,cvhi:common_voice_hi_24758399,20.566823959350586,20.546606063842773,0.9884776547393677,3.0001723766326904,3.4271559630046227,3.9856676961406174,3.1173037764010347,0.82,
cascade:runs/prune/p10/best.pt,0004,impulsive_10,impulsive,10.0,False,False,-4.8149678710982196,,cvhi:common_voice_hi_24758411,20.362876892089844,20.328365325927734,0.9880060408083278,2.954010009765625,3.288794657867642,4.019815351572295,3.0102523091814493,0.08,
cascade:runs/prune/p10/best.pt,0005,impulsive_10,impulsive,10.0,False,False,-4.548897086355578,,cvhi:common_voice_hi_26131260,15.81541919708252,16.338485717773438,0.985553844059342,2.296018123626709,2.833374330537722,3.4129656244389652,2.4113298235038765,inf,
cascade:runs/prune/p10/best.pt,0006,impulsive_10,impulsive,10.0,True,False,-0.49207023303618413,,cvhi:common_voice_hi_27761630,12.013157844543457,12.097111701965332,0.8600764139867312,1.6302447319030762,3.1471542308507874,3.8996897375930404,2.8102709777998083,0.22,
cascade:runs/prune/p10/best.pt,0007,impulsive_10,impulsive,10.0,False,False,8.762491008046823,,cvhi:common_voice_hi_26151974,17.86992073059082,18.515188217163086,0.970481155699772,2.6803431510925293,3.1254103502421073,3.9347279537488626,2.821619104834346,0.4,
cascade:runs/prune/p10/best.pt,0008,impulsive_10,impulsive,10.0,False,False,6.668533028699736,,ls:2007-149877-0037,18.759244918823242,19.69944953918457,0.9813282639064949,3.1255414485931396,3.3412566390821383,4.067131056096037,3.0977627043314366,0.24,
cascade:runs/prune/p10/best.pt,0009,impulsive_10,impulsive,10.0,False,False,10.097756338133653,,cvhi:common_voice_hi_23796043,22.407695770263672,22.39544105529785,0.941924199089546,3.751295328140259,3.0096188589328756,3.0624745071801387,2.3234441868762894,0.0,
cascade:runs/prune/p10/best.pt,0010,impulsive_10,impulsive,10.0,False,False,-3.003403532246708,,cvhi:common_voice_hi_27860075,21.757728576660156,23.355724334716797,0.97932549963079,3.9662344455718994,3.068746045574817,3.5448464425680815,2.5632731180703545,0.0,
cascade:runs/prune/p10/best.pt,0011,impulsive_10,impulsive,10.0,False,False,6.043256986615866,,ls:2007-149877-0010,17.653879165649414,18.71261978149414,0.9896712189108071,2.99491286277771,3.4847263341403654,3.87345848369106,3.1442990122661283,0.0,
cascade:runs/prune/p10/best.pt,0012,impulsive_10,impulsive,10.0,False,False,-0.34227062913313056,,ls:1926-147979-0005,20.45241355895996,22.40666389465332,0.9771392975227764,3.9315671920776367,3.4219637341718157,3.7715253836287896,3.053414252966452,0.22,
cascade:runs/prune/p10/best.pt,0013,impulsive_10,impulsive,10.0,False,True,7.58471127899668,,ls:2007-132570-0004,20.900907516479492,20.945589065551758,0.9880657987276349,4.0538787841796875,3.5382974397126503,4.0902838218682245,3.269990263616936,0.0,
cascade:runs/prune/p10/best.pt,0014,impulsive_10,impulsive,10.0,False,False,-4.628738874189533,,cvhi:common_voice_hi_24359481,16.018043518066406,15.939252853393555,0.9497779265370393,2.1436855792999268,2.9878284469512475,3.872362463177243,2.678248960880331,0.0,
cascade:runs/prune/p10/best.pt,0015,impulsive_10,impulsive,10.0,True,False,8.496838651179715,,cvhi:common_voice_hi_25149635,7.330801010131836,8.155983924865723,0.9059189458039235,1.3668928146362305,2.933112295746052,3.9305816702818044,2.661083710725283,0.28,
cascade:runs/prune/p10/best.pt,0016,impulsive_10,impulsive,10.0,True,False,-1.048416068313971,,ls:1081-125237-0069,13.486641883850098,14.456464767456055,0.942411202564135,2.686948299407959,3.5605435422862346,3.9523990479317623,3.228581465435306,0.0,
cascade:runs/prune/p10/best.pt,0017,impulsive_10,impulsive,10.0,False,False,10.185876109555501,,ls:1926-147979-0029,11.906429290771484,12.1674165725708,0.9728828676936777,2.1386048793792725,3.1839035492857066,4.010394443726143,2.9128211927086443,0.48,
cascade:runs/prune/p10/best.pt,0018,impulsive_10,impulsive,10.0,False,False,6.7779294275625865,,ls:1081-125237-0014,21.884017944335938,23.244401931762695,0.9913377831198987,3.969663143157959,3.557057864566194,3.6476232529064347,3.086004205693238,0.0,
cascade:runs/prune/p10/best.pt,0019,impulsive_10,impulsive,10.0,False,False,6.233516663783465,,cvhi:common_voice_hi_26131645,21.069229125976562,21.1063175201416,0.9552094725181847,1.9604785442352295,3.0122790032953928,3.9604071902055065,2.7365892364532223,0.2,
cascade:runs/prune/p10/best.pt,0020,impulsive_10,impulsive,10.0,False,False,5.964156028731869,,cvhi:common_voice_hi_24359405,21.334400177001953,23.103940963745117,0.9978335660029554,3.4403305053710938,3.522330749235007,4.05848068665178,3.2303785538445813,0.22,
cascade:runs/prune/p10/best.pt,0021,impulsive_10,impulsive,10.0,False,False,1.1131922157978922,,ls:1926-147979-0025,20.807117462158203,21.232397079467773,0.9908484984854823,3.7666285037994385,3.3078202959917924,3.3692871487199785,2.755961620354156,0.02,
cascade:runs/prune/p10/best.pt,0022,impulsive_10,impulsive,10.0,False,False,0.7143789363387834,,ls:2007-132570-0004,19.166067123413086,19.14920997619629,0.9601903388690655,3.0747971534729004,3.3410582603914336,3.2585950442332594,2.6867243060844226,0.0,
cascade:runs/prune/p10/best.pt,0023,impulsive_10,impulsive,10.0,False,False,6.236415256437059,,ls:1926-143879-0046,17.478540420532227,17.730484008789062,0.9776414321334476,3.021688222885132,3.5183903035037964,4.129890355690845,3.2678272510045097,0.0,
cascade:runs/prune/p10/best.pt,0024,impulsive_10,impulsive,10.0,False,False,4.936990243138396,,ls:1081-125237-0096,15.762929916381836,16.088119506835938,0.9640974310556862,2.7720377445220947,3.5397070326506865,3.9455715389484176,3.1974246212855144,0.06,
cascade:runs/prune/p10/best.pt,0025,impulsive_10,impulsive,10.0,False,False,8.226004375197386,,ls:2007-149877-0037,19.365638732910156,20.521080017089844,0.9480719696591567,3.081835985183716,3.34630839126472,4.048812219427517,3.087246581518107,0.0,
cascade:runs/prune/p10/best.pt,0026,impulsive_10,impulsive,10.0,True,False,11.615751132497625,,ls:2007-149877-0004,17.385700225830078,17.673627853393555,0.9791175775673404,2.816462755203247,3.512368966459611,3.6272958655133563,2.9927919266004475,0.0,
cascade:runs/prune/p10/best.pt,0027,impulsive_10,impulsive,10.0,False,False,6.6347090442369705,,cvhi:common_voice_hi_24996674,17.12003517150879,17.574684143066406,0.9264840114078188,2.121129274368286,2.769665945996517,3.668720217722748,2.4413990812924866,0.26,
cascade:runs/prune/p10/best.pt,0028,impulsive_10,impulsive,10.0,False,False,2.0299301200149973,,ls:2007-149877-0031,21.05883026123047,21.709203720092773,0.9728849193666769,3.299592971801758,3.440940120373549,4.022998864313999,3.137647556836073,0.04,
cascade:runs/prune/p10/best.pt,0029,impulsive_10,impulsive,10.0,False,False,4.5755453682606735,,ls:2007-132570-0038,18.623559951782227,18.62647247314453,0.9644575930725686,2.8158559799194336,3.435509091338033,3.838388788514945,3.0439533454564307,0.86,
cascade:runs/prune/p10/best.pt,0030,impulsive_10,impulsive,10.0,False,False,0.9226374183182697,,cvhi:common_voice_hi_24360597,20.861801147460938,22.51571273803711,0.988104593605446,3.21846342086792,3.1630250487721825,3.833213978188109,2.827003226987781,0.84,
cascade:runs/prune/p10/best.pt,0031,impulsive_10,impulsive,10.0,False,False,9.750486070962772,,cvhi:common_voice_hi_35095466,20.959972381591797,20.943626403808594,0.9899950453817933,2.4718878269195557,3.2538401845092797,2.9801816743686658,2.4863273772363272,0.0,
cascade:runs/prune/p10/best.pt,0032,impulsive_10,impulsive,10.0,True,False,-0.6676191613973073,,cvhi:common_voice_hi_35078797,13.994556427001953,16.061037063598633,0.9272003701964933,2.2319304943084717,3.3378354430159116,3.965274929511616,3.0197608424124684,0.0,
cascade:runs/prune/p10/best.pt,0033,impulsive_10,impulsive,10.0,False,False,1.3392009573255717,,cvhi:common_voice_hi_26131929,22.967575073242188,26.920995712280273,0.9978556900262056,3.376939058303833,3.466205222651497,3.992393142095839,3.1487391873646646,0.26,
cascade:runs/prune/p10/best.pt,0034,impulsive_10,impulsive,10.0,False,False,-4.423448044903001,,ls:1081-125237-0046,16.294353485107422,16.374238967895508,0.9957291884512188,4.024941921234131,3.5243396559581903,3.8186607296945168,3.1404430497361653,0.0,
cascade:runs/prune/p10/best.pt,0035,impulsive_10,impulsive,10.0,False,False,-0.8211304838540023,,ls:1926-143879-0002,18.525012969970703,18.90601921081543,0.9769821753668297,3.466033458709717,3.3888334437642698,3.7597952972892967,2.9785944037203946,0.12,
cascade:runs/prune/p10/best.pt,0036,impulsive_10,impulsive,10.0,False,False,-2.4965304670538013,,cvhi:common_voice_hi_24758476,16.821815490722656,17.84500503540039,0.9774159160209985,3.084960699081421,3.4548981457494348,4.118974460333935,3.2079140722787103,0.0,
cascade:runs/prune/p10/best.pt,0037,impulsive_10,impulsive,10.0,False,False,5.635017005978561,,ls:1926-147979-0009,18.445741653442383,19.049964904785156,0.9865262453120267,3.4395527839660645,3.444109263160065,4.012883273502092,3.147871701094472,0.4,
cascade:runs/prune/p10/best.pt,0038,impulsive_10,impulsive,10.0,False,False,1.9310548657583535,,ls:2007-149877-0021,17.08265495300293,17.00084114074707,0.9816392984878147,3.283630132675171,3.5083630665442893,4.0485044175728335,3.2045914414536782,0.18,
cascade:runs/prune/p10/best.pt,0039,impulsive_10,impulsive,10.0,False,False,6.075216185278048,,cvhi:common_voice_hi_24359475,21.93407440185547,21.9810848236084,0.976729737148862,3.1027753353118896,3.17627803358412,4.038551055244069,2.9142047270250098,0.0,
cascade:runs/prune/p10/best.pt,0000,impulsive_15,impulsive,15.0,False,False,6.9700936873840735,,cvhi:common_voice_hi_24359428,19.33989143371582,19.48287582397461,0.9896962585242621,3.408134937286377,3.3421853588945067,3.998288161062786,3.0475278015504124,0.34,
cascade:runs/prune/p10/best.pt,0001,impulsive_15,impulsive,15.0,False,False,3.6546605877105662,,ls:1081-125237-0115,17.138803482055664,17.97477912902832,0.9775800529470137,3.094931125640869,3.6056704916788327,4.082031507394357,3.342771339202647,0.04,
cascade:runs/prune/p10/best.pt,0002,impulsive_15,impulsive,15.0,True,False,0.7417190214336635,,cvhi:common_voice_hi_26131929,11.558834075927734,12.5532865524292,0.8819190859078923,1.6944072246551514,3.4416263301111787,3.9838274106287903,3.1256277160525143,0.0,
cascade:runs/prune/p10/best.pt,0003,impulsive_15,impulsive,15.0,False,False,3.4451050082520336,,cvhi:common_voice_hi_27749309,21.219932556152344,22.688392639160156,0.9626731566675372,3.3431146144866943,3.3166762696371883,3.881983129162597,2.900462386001608,inf,
cascade:runs/prune/p10/best.pt,0004,impulsive_15,impulsive,15.0,False,False,3.3739419359772818,,cvhi:common_voice_hi_37630598,21.792877197265625,21.76703453063965,0.989442833663408,3.372962713241577,2.8783385727880204,3.55869466961045,2.5050595205514545,0.0,
cascade:runs/prune/p10/best.pt,0005,impulsive_15,impulsive,15.0,False,False,11.961544450997685,,cvhi:common_voice_hi_26949014,21.240949630737305,21.28888702392578,0.8967236844965324,3.32376766204834,2.535493643203784,3.35051982935435,2.133276286817176,0.04,
cascade:runs/prune/p10/best.pt,0006,impulsive_15,impulsive,15.0,False,False,-0.3931586248716199,,cvhi:common_voice_hi_26949023,18.390613555908203,18.40939712524414,0.9220132232977446,3.226231813430786,2.736933655041348,3.6096450095312003,2.4012838320875547,0.16,
cascade:runs/prune/p10/best.pt,0007,impulsive_15,impulsive,15.0,False,False,-4.711040507325849,,cvhi:common_voice_hi_27860121,19.93494415283203,20.80295181274414,0.9598775811789275,3.1678898334503174,3.209579114087668,3.9956390088128524,2.903532447044646,0.14,
cascade:runs/prune/p10/best.pt,0008,impulsive_15,impulsive,15.0,False,False,2.13348348873882,,cvhi:common_voice_hi_26131773,21.368633270263672,21.50575828552246,0.8816645803717252,2.7134201526641846,3.3119502704598016,3.6713691839128675,2.8700053961236707,0.18,
cascade:runs/prune/p10/best.pt,0009,impulsive_15,impulsive,15.0,False,False,-2.6359239700145767,,cvhi:common_voice_hi_23796043,21.62942123413086,23.545150756835938,0.9587570826266039,3.6407318115234375,2.792982053238313,3.1473814359470142,2.2333118124666322,0.0,
cascade:runs/prune/p10/best.pt,0010,impulsive_15,impulsive,15.0,False,True,-2.4329251013713717,,ls:1926-143879-0031,18.47125816345215,18.43636703491211,0.9749555778341529,2.992025375366211,3.257465425990012,3.670719689976055,2.8798340208686275,0.0,
cascade:runs/prune/p10/best.pt,0011,impulsive_15,impulsive,15.0,False,False,-5.665456312983087,,ls:1081-125237-0023,17.335487365722656,17.306663513183594,0.9040609759210321,2.9900197982788086,3.538274313855103,3.9736524054897266,3.2284597501328998,0.0,
cascade:runs/prune/p10/best.pt,0012,impulsive_15,impulsive,15.0,False,False,-0.9560060549783023,,cvhi:common_voice_hi_24758461,21.695308685302734,24.96289825439453,0.9944534155165924,3.707230567932129,3.4536551295313282,4.0912526077523745,3.1843387366205875,0.0,
cascade:runs/prune/p10/best.pt,0013,impulsive_15,impulsive,15.0,False,False,4.093489921001133,,ls:1926-147979-0032,19.374500274658203,19.645769119262695,0.9870641459047251,3.3482706546783447,3.5011345903940163,3.722767065121465,3.0910025693189067,0.14,
cascade:runs/prune/p10/best.pt,0014,impulsive_15,impulsive,15.0,False,False,9.233706732687935,,ls:1926-147979-0016,22.723098754882812,23.327835083007812,0.9937306383963416,4.107753753662109,3.270997087449437,3.703875652324749,2.866669166732663,0.0,
cascade:runs/prune/p10/best.pt,0015,impulsive_15,impulsive,15.0,False,False,-0.3030344220161494,,cvhi:common_voice_hi_26151924,20.350990295410156,21.960561752319336,0.9523298116730199,3.0037760734558105,3.2825686366059013,3.873977210390234,2.9283988433721477,0.12,
cascade:runs/prune/p10/best.pt,0016,impulsive_15,impulsive,15.0,False,False,-4.614740544984657,,cvhi:common_voice_hi_24359403,20.3620548248291,22.15732192993164,0.9891794952192815,3.4880964756011963,3.517201849363349,3.995564803260427,3.1998683927468523,0.0,
cascade:runs/prune/p10/best.pt,0017,impulsive_15,impulsive,15.0,False,False,6.52238517679077,,ls:1926-147987-0031,18.745677947998047,18.761959075927734,0.8665195842805095,3.1988396644592285,2.8786936912094663,3.5094320837416917,2.4424922260664412,0.16,
cascade:runs/prune/p10/best.pt,0018,impulsive_15,impulsive,15.0,False,False,0.828589604891258,,cvhi:common_voice_hi_23833331,24.550945281982422,24.90538787841797,0.977801951572405,3.534231185913086,2.978422068832274,2.7791990450656594,2.179506029413106,0.0,
cascade:runs/prune/p10/best.pt,0019,impulsive_15,impulsive,15.0,False,False,11.107397247291168,,cvhi:common_voice_hi_26132046,19.548202514648438,19.511629104614258,0.9433772656863504,2.6900391578674316,2.99466340838284,3.8201591002672917,2.6471313569398225,0.0,
cascade:runs/prune/p10/best.pt,0020,impulsive_15,impulsive,15.0,False,False,9.468454833304177,,cvhi:common_voice_hi_24977128,24.365535736083984,24.79824447631836,0.9943133075490737,2.9553518295288086,3.1571935408874827,3.9597593340331327,2.84958567501474,0.18,
cascade:runs/prune/p10/best.pt,0021,impulsive_15,impulsive,15.0,False,True,-5.092130187650751,,ls:1081-125237-0024,19.485271453857422,20.420963287353516,0.9583000833020447,3.4635746479034424,3.613080640347136,3.160220992539203,2.894783256873002,0.0,
cascade:runs/prune/p10/best.pt,0022,impulsive_15,impulsive,15.0,False,False,-4.471063914351976,,ls:1926-147979-0014,18.248884201049805,18.27423095703125,0.91373360550161,3.0587284564971924,3.3706121239863838,3.834913057643827,3.020593627517966,0.0,
cascade:runs/prune/p10/best.pt,0023,impulsive_15,impulsive,15.0,False,False,10.751056814497218,,cvhi:common_voice_hi_24359439,17.98936653137207,19.730806350708008,0.9920191530708163,3.2819442749023438,3.469232550965085,3.927160908269081,3.1486880854480295,0.06,
cascade:runs/prune/p10/best.pt,0024,impulsive_15,impulsive,15.0,False,False,-2.5860289370421308,,cvhi:common_voice_hi_27749143,21.17051887512207,22.362808227539062,0.97858846237763,3.842954635620117,3.031118599434183,3.769612506918917,2.613862816386188,0.0,
cascade:runs/prune/p10/best.pt,0025,impulsive_15,impulsive,15.0,False,False,3.281518476425237,,cvhi:common_voice_hi_23833318,11.40354061126709,11.19294261932373,0.9953954656806487,3.9814813137054443,3.415690321118219,3.039660162338468,2.604656274428577,0.04,
cascade:runs/prune/p10/best.pt,0026,impulsive_15,impulsive,15.0,False,False,-2.5166620960071775,,cvhi:common_voice_hi_35081311,19.485614776611328,19.549482345581055,0.953894933079242,2.305821180343628,3.2654774770317054,4.065128441353312,2.9955330630907198,0.0,
cascade:runs/prune/p10/best.pt,0027,impulsive_15,impulsive,15.0,False,False,-0.4497632697060183,,cvhi:common_voice_hi_27860339,20.43006134033203,20.667095184326172,0.9743212121353448,3.0956695079803467,3.1346686940728206,4.040882901191278,2.863376964251815,0.0,
cascade:runs/prune/p10/best.pt,0028,impulsive_15,impulsive,15.0,False,False,5.851666233278259,,cvhi:common_voice_hi_25149634,22.46352195739746,22.480714797973633,0.9949290105850207,3.7679169178009033,3.3119081029185096,4.038514541492684,3.021374702659698,0.0,
cascade:runs/prune/p10/best.pt,0029,impulsive_15,impulsive,15.0,True,False,-0.1959239930435155,,cvhi:common_voice_hi_24359421,4.628078460693359,4.4041337966918945,0.8640425956995568,1.481727123260498,2.948229097989722,3.949272874656045,2.6735738557426885,1.5,
cascade:runs/prune/p10/best.pt,0030,impulsive_15,impulsive,15.0,False,False,3.715113692182255,,cvhi:common_voice_hi_34926849,20.592971801757812,21.85995864868164,0.9835176010476342,2.6246564388275146,2.969805150180348,4.003584267184376,2.6658358927636927,0.0,
cascade:runs/prune/p10/best.pt,0031,impulsive_15,impulsive,15.0,False,False,4.873431271334347,,cvhi:common_voice_hi_27860263,23.223798751831055,26.561294555664062,0.9942446181380653,3.9742743968963623,3.3252079314247407,3.9769082633255177,2.994484280817664,0.64,
cascade:runs/prune/p10/best.pt,0032,impulsive_15,impulsive,15.0,False,False,3.328291061783519,,ls:1081-125237-0044,17.631465911865234,18.64006996154785,0.9777085812420934,3.424129009246826,3.504962114867228,3.9487449938430776,3.179473790150028,0.16,
cascade:runs/prune/p10/best.pt,0033,impulsive_15,impulsive,15.0,False,False,-5.293236227223825,,ls:1081-125237-0026,17.840959548950195,18.065357208251953,0.9650061826995419,3.3943140506744385,3.5291280935858835,3.9130676385419365,3.182539597731662,0.0,
cascade:runs/prune/p10/best.pt,0034,impulsive_15,impulsive,15.0,False,False,10.144170459875106,,cvhi:common_voice_hi_24996675,30.625913619995117,34.20051956176758,0.9998701806311222,3.8192670345306396,3.083131619289514,4.07203139002482,2.8264492068907763,1.42,
cascade:runs/prune/p10/best.pt,0035,impulsive_15,impulsive,15.0,False,False,-2.5916512831794902,,cvhi:common_voice_hi_24360572,25.352956771850586,25.560043334960938,0.9967207546399149,4.067511558532715,3.495852123376084,3.8180339904495018,3.1066355967070165,0.0,
cascade:runs/prune/p10/best.pt,0036,impulsive_15,impulsive,15.0,True,False,-4.389138717395578,,cvhi:common_voice_hi_27761568,21.795475006103516,21.767074584960938,0.8967391783084039,3.1276583671569824,2.9712700434880746,3.739250987889287,2.5466296856009576,0.0,
cascade:runs/prune/p10/best.pt,0037,impulsive_15,impulsive,15.0,False,False,-0.8077390260684574,,cvhi:common_voice_hi_24359469,23.023225784301758,27.442007064819336,0.9983415413188478,4.147650718688965,3.376585036455419,4.070553641623459,3.11443716452416,0.96,
cascade:runs/prune/p10/best.pt,0038,impulsive_15,impulsive,15.0,False,False,9.758077736109444,,cvhi:common_voice_hi_27761579,22.21611785888672,22.242080688476562,0.9543343775148291,3.377070903778076,3.144595167639966,3.8690490065897274,2.7351634650476173,0.4,
cascade:runs/prune/p10/best.pt,0039,impulsive_15,impulsive,15.0,True,False,2.8786564222402653,,cvhi:common_voice_hi_27749152,21.87995147705078,22.614574432373047,0.9693470626659149,3.4893362522125244,3.2734173812924343,3.1638978492157195,2.45018660283819,0.0,
cascade:runs/prune/p10/best.pt,0000,impulsive_5,impulsive,5.0,False,False,11.61344132302112,,cvhi:common_voice_hi_24359411,9.369749069213867,8.842650413513184,0.9340140733786246,1.9774422645568848,2.6303643385632376,3.583191823602681,2.2851013252326,0.3,
cascade:runs/prune/p10/best.pt,0001,impulsive_5,impulsive,5.0,True,True,8.090763984233766,,cvhi:common_voice_hi_24758516,15.705863952636719,15.663196563720703,0.9275525704658761,2.111668825149536,2.5893353092827844,3.724655406003654,2.276398539932091,1.24,
cascade:runs/prune/p10/best.pt,0002,impulsive_5,impulsive,5.0,False,False,-3.0506161697382366,,cvhi:common_voice_hi_35081192,14.72457504272461,15.280450820922852,0.8601252607177124,2.0997731685638428,2.885287234322904,3.7697188002138455,2.557593493105907,0.0,
cascade:runs/prune/p10/best.pt,0003,impulsive_5,impulsive,5.0,False,False,9.25717923917993,,ls:2007-149877-0053,12.457483291625977,12.209944725036621,0.9045151265243655,2.0182578563690186,3.2821664881384573,3.931384024449038,2.9753463482181037,0.0,
cascade:runs/prune/p10/best.pt,0004,impulsive_5,impulsive,5.0,True,False,0.41346623220501755,,cvhi:common_voice_hi_27860162,18.045557022094727,19.76862335205078,0.9489386584938777,3.0637197494506836,3.2704159701988273,4.01134275806072,2.9753716583286396,0.0,
cascade:runs/prune/p10/best.pt,0005,impulsive_5,impulsive,5.0,False,False,-5.530223284613426,,ls:1926-147979-0013,14.538419723510742,14.947768211364746,0.9714304091932985,3.395218849182129,3.4042102928782056,3.7309497532636877,2.9911047627601937,0.0,
cascade:runs/prune/p10/best.pt,0006,impulsive_5,impulsive,5.0,False,False,-3.058353579707248,,cvhi:common_voice_hi_27761658,21.58453941345215,22.067262649536133,0.9127973962982482,2.96972918510437,3.072595337898239,3.9894409141097116,2.720054304156313,0.66,
cascade:runs/prune/p10/best.pt,0007,impulsive_5,impulsive,5.0,False,False,-4.3514447652846,,ls:1926-147987-0020,20.60114860534668,22.926786422729492,0.9448190796036937,4.038990020751953,3.600918724522947,4.132452657222176,3.3460568729571887,0.0,
cascade:runs/prune/p10/best.pt,0008,impulsive_5,impulsive,5.0,False,False,6.433375785426765,,ls:1926-147987-0009,16.297439575195312,16.845447540283203,0.964056290721987,2.951923370361328,3.414881120195141,3.9861893703333706,3.0981361559740193,0.12,
cascade:runs/prune/p10/best.pt,0009,impulsive_5,impulsive,5.0,False,False,1.9586477249866263,,ls:1081-125237-0062,12.439386367797852,12.764548301696777,0.9044276662846401,2.90193510055542,3.560958497030214,4.095429335674367,3.3119637018422634,0.0,
cascade:runs/prune/p10/best.pt,0010,impulsive_5,impulsive,5.0,False,False,5.354407061091097,,cvhi:common_voice_hi_26131992,18.960519790649414,18.999494552612305,0.8666524930374913,2.8905537128448486,2.8593166915822694,3.8570478981381022,2.5720425969388985,0.2,
cascade:runs/prune/p10/best.pt,0011,impulsive_5,impulsive,5.0,False,False,-2.422488724557507,,cvhi:common_voice_hi_23833315,18.562480926513672,18.50202751159668,0.7969887277778188,2.6218008995056152,2.887911757980355,3.4431973926375288,2.3236846751207527,0.16,
cascade:runs/prune/p10/best.pt,0012,impulsive_5,impulsive,5.0,True,False,11.34161998590724,,cvhi:common_voice_hi_25149662,16.28267478942871,16.262893676757812,0.9794551647020145,2.8223459720611572,3.166020370140736,4.03353192032847,2.9073750014904736,0.0,
cascade:runs/prune/p10/best.pt,0013,impulsive_5,impulsive,5.0,False,False,-5.0750406685082865,,cvhi:common_voice_hi_26131645,18.83563232421875,20.050962448120117,0.9204929031887972,2.0774073600769043,2.8705611584478503,3.918214864753045,2.593803742415008,0.0,
cascade:runs/prune/p10/best.pt,0014,impulsive_5,impulsive,5.0,False,False,-4.240202786436654,,ls:2007-149877-0008,14.02827262878418,14.217704772949219,0.9449602514875997,2.1648290157318115,3.0636331639178924,3.5068268891458954,2.6070472999443486,0.0,
cascade:runs/prune/p10/best.pt,0015,impulsive_5,impulsive,5.0,False,False,11.649402292451203,,cvhi:common_voice_hi_27860200,16.049781799316406,16.631906509399414,0.9599001666932719,3.06278395652771,3.0829701851721456,3.884501654621346,2.7488120063175066,0.44,
cascade:runs/prune/p10/best.pt,0016,impulsive_5,impulsive,5.0,False,False,-0.32111687097961195,,ls:1926-143879-0036,14.721677780151367,15.024118423461914,0.9490060454517041,2.574850559234619,3.580672994794753,4.032751916677887,3.2667840346337234,0.08,
cascade:runs/prune/p10/best.pt,0017,impulsive_5,impulsive,5.0,False,False,8.25090469848719,,ls:1926-147979-0016,14.892891883850098,15.05528450012207,0.9668580512190152,2.7732436656951904,2.8877496315158884,3.774244779066735,2.571385805352057,0.06,
cascade:runs/prune/p10/best.pt,0018,impulsive_5,impulsive,5.0,False,False,-4.457620576603141,,ls:1081-128618-0013,15.052305221557617,14.925027847290039,0.8667446786357618,3.2578885555267334,3.5312130636905397,3.9679835369106566,3.2132905819824167,0.1,
cascade:runs/prune/p10/best.pt,0019,impulsive_5,impulsive,5.0,False,False,-3.9296005602359454,,ls:1926-143879-0007,17.346111297607422,17.68606185913086,0.9807870373098239,3.112785577774048,3.431585962075182,3.6248309251090163,2.9445923839212655,0.0,
cascade:runs/prune/p10/best.pt,0020,impulsive_5,impulsive,5.0,False,False,-3.572901565171919,,ls:1926-147979-0029,22.246658325195312,22.49081802368164,0.9928839766342777,3.7940685749053955,3.4829936312508467,3.5350538852660436,2.9521014764389713,0.0,
cascade:runs/prune/p10/best.pt,0021,impulsive_5,impulsive,5.0,False,False,6.279899622976185,,cvhi:common_voice_hi_35077467,10.437543869018555,10.584460258483887,0.8544279576703934,1.6998100280761719,2.8523415823660234,3.86539189691615,2.4945270829831263,0.0,
cascade:runs/prune/p10/best.pt,0022,impulsive_5,impulsive,5.0,False,False,-5.269417170900687,,cvhi:common_voice_hi_25149634,24.586877822875977,29.258819580078125,0.9997654989323703,4.2573981285095215,3.28289036471744,3.9171305403844325,2.9586706235615763,0.0,
cascade:runs/prune/p10/best.pt,0023,impulsive_5,impulsive,5.0,False,False,9.649148921603594,,cvhi:common_voice_hi_24359413,17.04197883605957,17.40552520751953,0.9740692677285682,3.4468235969543457,3.065824079447303,3.897643242328564,2.7705256773984326,0.28,
cascade:runs/prune/p10/best.pt,0024,impulsive_5,impulsive,5.0,False,False,-1.4677967709489383,,ls:1081-125237-0111,13.800664901733398,14.154212951660156,0.9170028131024749,2.5447216033935547,3.4497848198213195,3.574867238986981,2.9632608579228834,0.24,
cascade:runs/prune/p10/best.pt,0025,impulsive_5,impulsive,5.0,False,False,3.1109308172857677,,cvhi:common_voice_hi_27749308,13.106315612792969,12.955108642578125,0.9599110926698646,3.0787148475646973,3.3050988530328866,3.913488008612206,2.916873818992698,0.0,
cascade:runs/prune/p10/best.pt,0026,impulsive_5,impulsive,5.0,False,False,-5.268855409232216,,cvhi:common_voice_hi_24359442,16.732383728027344,16.707975387573242,0.9651694632411567,2.4686927795410156,3.3344839958071875,3.877531859277191,2.9619660846680613,0.76,
cascade:runs/prune/p10/best.pt,0027,impulsive_5,impulsive,5.0,False,False,3.333968335267315,,cvhi:common_voice_hi_24359479,16.640966415405273,16.759159088134766,0.974612000162594,2.581437587738037,3.1369159312679216,3.7536176901552363,2.7785736443436573,0.08,
cascade:runs/prune/p10/best.pt,0028,impulsive_5,impulsive,5.0,False,False,-1.5158198495479747,,cvhi:common_voice_hi_23796063,28.7747859954834,29.38866424560547,0.9954466311966677,3.2554705142974854,3.334238167738059,4.003958365508874,3.003243271612928,0.34,
cascade:runs/prune/p10/best.pt,0029,impulsive_5,impulsive,5.0,False,False,2.9592697481417787,,ls:1926-147987-0018,15.689056396484375,15.602773666381836,0.9663834968052446,3.0364248752593994,3.0971033141455635,3.369345439237791,2.582606366270884,0.0,
cascade:runs/prune/p10/best.pt,0030,impulsive_5,impulsive,5.0,False,False,2.784357735827644,,cvhi:common_voice_hi_24359437,19.64076805114746,21.09744644165039,0.9926837378794603,3.5843560695648193,3.3962524872928355,3.8956014484282626,3.062269778750002,0.1,
cascade:runs/prune/p10/best.pt,0031,impulsive_5,impulsive,5.0,False,False,10.29465198046453,,ls:2007-132570-0001,18.39530372619629,18.889667510986328,0.9689307491365206,3.192852735519409,3.2641995710000105,3.798792806033715,2.937263991220228,0.0,
cascade:runs/prune/p10/best.pt,0032,impulsive_5,impulsive,5.0,False,False,-4.89210630635006,,cvhi:common_voice_hi_25150966,17.43665885925293,19.592618942260742,0.9890426810445881,3.3719162940979004,3.4040652621978262,3.937552974901866,3.07613725756017,0.0,
cascade:runs/prune/p10/best.pt,0033,impulsive_5,impulsive,5.0,False,False,3.082226609212764,,ls:1926-147987-0008,15.591777801513672,15.784954071044922,0.98548947227983,3.1405344009399414,3.3644492167819786,3.939497149726259,3.0447877428824297,0.0,
cascade:runs/prune/p10/best.pt,0034,impulsive_5,impulsive,5.0,False,False,11.914087685389017,,cvhi:common_voice_hi_23796063,12.952140808105469,12.807933807373047,0.8656257638355617,1.6609272956848145,2.8845986350546724,3.374937420183936,2.4145670636570564,0.0,
cascade:runs/prune/p10/best.pt,0035,impulsive_5,impulsive,5.0,False,False,10.292813163166183,,cvhi:common_voice_hi_26152435,20.00896453857422,20.11085319519043,0.9671912657028515,3.2196919918060303,3.3307328107694807,4.041885491063508,3.058836300743731,0.26,
cascade:runs/prune/p10/best.pt,0036,impulsive_5,impulsive,5.0,False,False,1.2041870095076161,,cvhi:common_voice_hi_24360524,16.963088989257812,17.317733764648438,0.9820114734776252,2.912303924560547,3.532529838857752,4.1045668200449885,3.2515668651721636,0.18,
cascade:runs/prune/p10/best.pt,0037,impulsive_5,impulsive,5.0,False,False,-1.629089697222673,,cvhi:common_voice_hi_27749252,18.47840118408203,18.426372528076172,0.8991078925382546,2.7192704677581787,2.598669356557668,3.5476029823670587,2.161725153161749,0.0,
cascade:runs/prune/p10/best.pt,0038,impulsive_5,impulsive,5.0,False,False,10.548727190895214,,cvhi:common_voice_hi_24977126,16.045072555541992,16.952545166015625,0.920797315993948,1.8223234415054321,2.846497204941698,4.007331301652599,2.56993921144396,0.08,
cascade:runs/prune/p10/best.pt,0039,impulsive_5,impulsive,5.0,False,False,5.305534664991885,,cvhi:common_voice_hi_35078939,22.088626861572266,22.103425979614258,0.9666215204722604,3.2697837352752686,3.3430276236762335,3.865983556526637,2.9833446937211803,0.18,
cascade:runs/prune/p10/best.pt,0000,recorded_impulsive+stationary_-10,recorded_impulsive+stationary,-10.0,True,False,9.270135250255716,,cvhi:common_voice_hi_27860204,0.7159056663513184,-5.93612003326416,0.5184326018584643,1.0649217367172241,1.8556079562935766,2.6077737425055765,1.5095178632195676,0.0,
cascade:runs/prune/p10/best.pt,0001,recorded_impulsive+stationary_-10,recorded_impulsive+stationary,-10.0,False,True,6.118680658090842,,ls:1926-147979-0022,3.269651412963867,0.5063799619674683,0.6320280207463712,1.133185863494873,2.0923776095493483,3.022569492809259,1.7397307481189532,0.04,
cascade:runs/prune/p10/best.pt,0002,recorded_impulsive+stationary_-10,recorded_impulsive+stationary,-10.0,False,False,10.047051950464994,,cvhi:common_voice_hi_27860105,7.279837608337402,6.706070899963379,0.7603272621306486,1.568277359008789,2.3515266360072293,3.5528649116082773,1.9727756004528556,0.0,
cascade:runs/prune/p10/best.pt,0003,recorded_impulsive+stationary_-10,recorded_impulsive+stationary,-10.0,False,False,-3.8082900378784768,,ls:2007-132570-0004,3.7842016220092773,1.430538296699524,0.7298444628873627,1.1727268695831299,2.022912448508652,3.076745269810705,1.6981740575593702,0.0,
cascade:runs/prune/p10/best.pt,0004,recorded_impulsive+stationary_-10,recorded_impulsive+stationary,-10.0,False,True,-2.379028045444514,,ls:1081-125237-0036,3.6354498863220215,1.50594162940979,0.6232761215572881,1.1656475067138672,2.6611129272174194,3.099455601376142,2.153805804270513,0.0,
cascade:runs/prune/p10/best.pt,0005,recorded_impulsive+stationary_-10,recorded_impulsive+stationary,-10.0,False,False,-3.343228342832788,,ls:1081-125237-0115,5.618757724761963,4.586207389831543,0.7458262888283334,1.2660757303237915,2.6072195283594515,3.6470151930184294,2.3063642051408304,0.28,
cascade:runs/prune/p10/best.pt,0006,recorded_impulsive+stationary_-10,recorded_impulsive+stationary,-10.0,False,False,6.342452732877593,,ls:2007-132570-0025,5.749004364013672,4.46671199798584,0.7352848977151968,1.2960045337677002,1.564050495370067,3.507616896577973,1.4080560695925768,0.0,
cascade:runs/prune/p10/best.pt,0007,recorded_impulsive+stationary_-10,recorded_impulsive+stationary,-10.0,False,False,-5.187606435357578,,cvhi:common_voice_hi_26131361,6.916646957397461,6.072642803192139,0.7395353547669683,1.4555128812789917,2.274680763176477,3.316077851710812,1.826658487599472,0.0,
cascade:runs/prune/p10/best.pt,0008,recorded_impulsive+stationary_-10,recorded_impulsive+stationary,-10.0,False,False,-3.0411623120041904,,cvhi:common_voice_hi_24359473,4.628157138824463,2.79491925239563,0.7117884299446225,1.1906132698059082,1.7066523737157626,3.6197903637045714,1.5283565563007493,0.0,
cascade:runs/prune/p10/best.pt,0009,recorded_impulsive+stationary_-10,recorded_impulsive+stationary,-10.0,False,False,-2.05671813429199,,cvhi:common_voice_hi_24360600,6.367025375366211,5.275025844573975,0.7816844512194883,1.2810873985290527,2.1701536121277396,3.4081635854880297,1.8963777507166024,0.0,
cascade:runs/prune/p10/best.pt,0010,recorded_impulsive+stationary_-10,recorded_impulsive+stationary,-10.0,True,False,-3.51222849842349,,cvhi:common_voice_hi_28951344,9.577790260314941,9.08022403717041,0.7587743910239743,1.7066669464111328,2.14461810387004,3.494290188811205,1.9296301439539039,0.0,
cascade:runs/prune/p10/best.pt,0011,recorded_impulsive+stationary_-10,recorded_impulsive+stationary,-10.0,False,False,-5.612346975369003,,cvhi:common_voice_hi_23796044,6.712045669555664,6.062750816345215,0.7601501624565019,1.4018728733062744,2.5412893492020086,3.5882727832483083,2.180882310345413,0.0,
cascade:runs/prune/p10/best.pt,0012,recorded_impulsive+stationary_-10,recorded_impulsive+stationary,-10.0,False,False,-0.711397449964867,,ls:1081-125237-0099,6.845815658569336,5.872105598449707,0.7733969591127651,1.470776081085205,2.4030259952415145,3.4891126293544614,2.1227139776996715,0.0,
cascade:runs/prune/p10/best.pt,0013,recorded_impulsive+stationary_-10,recorded_impulsive+stationary,-10.0,True,False,6.137100781872714,,cvhi:common_voice_hi_25149718,3.09163761138916,0.20614871382713318,0.5892351123593534,1.1376250982284546,1.6478541175458894,3.329381893115196,1.4048511150885052,0.18,
cascade:runs/prune/p10/best.pt,0014,recorded_impulsive+stationary_-10,recorded_impulsive+stationary,-10.0,False,False,8.720829084970322,,ls:1926-147979-0028,5.550591945648193,4.158909797668457,0.7524878986788371,1.268545389175415,1.8334401762308847,3.446513160394856,1.6196862495211612,0.0,
cascade:runs/prune/p10/best.pt,0015,recorded_impulsive+stationary_-10,recorded_impulsive+stationary,-10.0,True,False,-0.5224983808467298,,ls:1081-125237-0081,4.352503299713135,2.630159854888916,0.7271609379219918,1.3026806116104126,2.3307485451710424,3.410548039822607,1.9936848261086855,0.0,
cascade:runs/prune/p10/best.pt,0016,recorded_impulsive+stationary_-10,recorded_impulsive+stationary,-10.0,False,False,3.100200907564542,,cvhi:common_voice_hi_23796066,6.1531853675842285,5.224583148956299,0.7147039816381384,1.2954668998718262,1.8263484689946798,3.1331101454377115,1.6086828507398603,0.04,
cascade:runs/prune/p10/best.pt,0017,recorded_impulsive+stationary_-10,recorded_impulsive+stationary,-10.0,False,False,9.508903921153806,,ls:1926-143879-0016,4.767266750335693,3.0046262741088867,0.5058619447254717,1.0646605491638184,1.0153488640922066,1.8671080794502013,1.013342010471519,0.0,
cascade:runs/prune/p10/best.pt,0018,recorded_impulsive+stationary_-10,recorded_impulsive+stationary,-10.0,True,False,-2.9355747450088563,,cvhi:common_voice_hi_27942843,6.435391902923584,5.448154449462891,0.8228371008183731,1.475394606590271,2.2862610247752553,3.159922318196963,1.8790512151249192,0.0,
cascade:runs/prune/p10/best.pt,0019,recorded_impulsive+stationary_-10,recorded_impulsive+stationary,-10.0,False,False,3.062334895909304,,cvhi:common_voice_hi_36446512,2.4626495838165283,-0.968773603439331,0.6586533678728069,1.1576846837997437,1.73436155671313,2.8000984194327994,1.4440136791539901,0.0,
cascade:runs/prune/p10/best.pt,0020,recorded_impulsive+stationary_-10,recorded_impulsive+stationary,-10.0,False,False,-0.8062390922914027,,ls:2007-149877-0044,6.119642734527588,5.01597785949707,0.8487011691904723,1.5324006080627441,1.681674789904625,2.7823748546104388,1.3657608775455963,0.0,
cascade:runs/prune/p10/best.pt,0021,recorded_impulsive+stationary_-10,recorded_impulsive+stationary,-10.0,False,False,3.1677714386455627,,ls:2007-149877-0044,8.094523429870605,7.52064323425293,0.7929173683239231,1.2964743375778198,2.1710704380842225,3.5940591629410337,1.898091974472427,0.0,
cascade:runs/prune/p10/best.pt,0022,recorded_impulsive+stationary_-10,recorded_impulsive+stationary,-10.0,False,False,-1.1762809273864194,,cvhi:common_voice_hi_28885861,4.414742469787598,2.467933177947998,0.582776005829994,1.165751338005066,1.9441170478475274,3.4740627337286183,1.6441146210978463,0.0,
cascade:runs/prune/p10/best.pt,0023,recorded_impulsive+stationary_-10,recorded_impulsive+stationary,-10.0,False,True,8.598557098261594,,ls:2007-149877-0000,1.7674809694290161,-2.852618932723999,0.586123487352375,1.064996361732483,1.3713458089978885,2.69235105042388,1.1941388244022322,1.04,
cascade:runs/prune/p10/best.pt,0024,recorded_impulsive+stationary_-10,recorded_impulsive+stationary,-10.0,False,False,-4.803334661750945,,cvhi:common_voice_hi_36446512,2.228708505630493,-1.7007298469543457,0.5975503280466242,1.1365631818771362,1.6699163389340848,2.9317333677513884,1.417577205965981,0.0,
cascade:runs/prune/p10/best.pt,0025,recorded_impulsive+stationary_-10,recorded_impulsive+stationary,-10.0,False,False,10.95234966276482,,cvhi:common_voice_hi_35077350,14.830622673034668,15.684816360473633,0.8441207108358726,1.7583613395690918,2.7980785808469677,3.8355250591252883,2.468793883441072,0.04,
cascade:runs/prune/p10/best.pt,0026,recorded_impulsive+stationary_-10,recorded_impulsive+stationary,-10.0,False,False,6.175127230795919,,cvhi:common_voice_hi_24359469,3.5405449867248535,1.1628531217575073,0.670701056935349,1.3205653429031372,1.2998649959776438,3.174448946295528,1.1846876958989396,0.0,
cascade:runs/prune/p10/best.pt,0027,recorded_impulsive+stationary_-10,recorded_impulsive+stationary,-10.0,False,False,11.511010424237508,,ls:1926-143879-0035,6.305512428283691,5.15478515625,0.7518096031475404,1.3120765686035156,2.040926091423129,3.6412214929677855,1.841786534144244,0.14,
cascade:runs/prune/p10/best.pt,0028,recorded_impulsive+stationary_-10,recorded_impulsive+stationary,-10.0,False,True,-4.1111279847513496,,cvhi:common_voice_hi_27761516,4.205179214477539,3.339179515838623,0.6484599647105695,1.3449336290359497,1.8246293726186282,3.5170258201125626,1.5222464449184863,0.04,
cascade:runs/prune/p10/best.pt,0029,recorded_impulsive+stationary_-10,recorded_impulsive+stationary,-10.0,True,True,6.972908577832742,,ls:1926-143879-0015,3.1364221572875977,0.2554275691509247,0.52985006813389,1.1988123655319214,1.4309210354860402,3.003584871007531,1.3309279191836971,0.0,
cascade:runs/prune/p10/best.pt,0030,recorded_impulsive+stationary_-10,recorded_impulsive+stationary,-10.0,False,False,4.578498147505343,,cvhi:common_voice_hi_23833318,3.0864815711975098,0.36975008249282837,0.5121979886374991,1.1297411918640137,1.9713358968373544,2.258803440761686,1.4933879160958345,0.0,
cascade:runs/prune/p10/best.pt,0031,recorded_impulsive+stationary_-10,recorded_impulsive+stationary,-10.0,False,False,5.191977400767048,,ls:1926-143879-0013,3.204929828643799,0.42220067977905273,0.537150276198983,1.1223344802856445,1.4710688423985592,3.495082264561667,1.386892558601208,0.0,
cascade:runs/prune/p10/best.pt,0032,recorded_impulsive+stationary_-10,recorded_impulsive+stationary,-10.0,False,False,-0.2995981391878395,,cvhi:common_voice_hi_24038973,4.574088096618652,2.739384174346924,0.5322527199452659,1.0767204761505127,2.2698532903461253,3.0866053009397825,1.818612925839062,0.0,
cascade:runs/prune/p10/best.pt,0033,recorded_impulsive+stationary_-10,recorded_impulsive+stationary,-10.0,False,False,7.691877880793445,,cvhi:common_voice_hi_27749265,4.5431623458862305,3.0069103240966797,0.5234828290279312,1.3240923881530762,1.8347596511467046,3.456852565471276,1.594649768588046,0.0,
cascade:runs/prune/p10/best.pt,0034,recorded_impulsive+stationary_-10,recorded_impulsive+stationary,-10.0,False,False,10.55424307364559,,ls:1081-128618-0008,6.918912410736084,6.079949378967285,0.8842735850434784,1.8410325050354004,3.530956481091735,3.935111371807837,3.2009272845545818,0.1,
cascade:runs/prune/p10/best.pt,0035,recorded_impulsive+stationary_-10,recorded_impulsive+stationary,-10.0,False,False,-5.04129326047356,,cvhi:common_voice_hi_24359475,5.034902095794678,3.5074691772460938,0.7811407453604119,1.2328664064407349,2.062135766445894,3.7551355619241438,1.8205871523484096,0.0,
cascade:runs/prune/p10/best.pt,0036,recorded_impulsive+stationary_-10,recorded_impulsive+stationary,-10.0,False,False,-0.3076923117216426,,cvhi:common_voice_hi_27761570,5.420575141906738,4.199732780456543,0.5846409468020337,1.2261521816253662,1.5018884303472029,3.5284926014131877,1.3445494772050244,0.0,
cascade:runs/prune/p10/best.pt,0037,recorded_impulsive+stationary_-10,recorded_impulsive+stationary,-10.0,False,False,10.58505172754493,,ls:1926-147987-0006,3.6870038509368896,1.2651870250701904,0.5454897848355618,1.103553056716919,1.7454278203387412,2.884640042846625,1.4057505905576488,0.12,
cascade:runs/prune/p10/best.pt,0038,recorded_impulsive+stationary_-10,recorded_impulsive+stationary,-10.0,False,False,10.507515937726549,,cvhi:common_voice_hi_27860089,2.66971492767334,-0.4846377968788147,0.5099832197914814,1.135667324066162,1.7586087042815153,2.365470689241496,1.3639365756055777,0.0,
cascade:runs/prune/p10/best.pt,0039,recorded_impulsive+stationary_-10,recorded_impulsive+stationary,-10.0,False,False,2.0850026090466773,,cvhi:common_voice_hi_24359466,2.211496591567993,-1.7357943058013916,0.47186190887371576,1.1226247549057007,1.7681820821865573,1.6622175533915444,1.213308507842499,0.0,
cascade:runs/prune/p10/best.pt,0000,recorded_impulsive+stationary_-5,recorded_impulsive+stationary,-5.0,False,False,-1.565776430506265,,ls:1926-147987-0002,10.180693626403809,9.804792404174805,0.9107986304275663,1.8983455896377563,3.3330997302875884,3.4402863736505407,2.782563550439235,0.0,
cascade:runs/prune/p10/best.pt,0001,recorded_impulsive+stationary_-5,recorded_impulsive+stationary,-5.0,False,False,-5.1777686149048145,,ls:2007-132570-0030,12.816041946411133,12.58853816986084,0.9115179709068377,2.4326090812683105,3.0153997402844106,3.6112709430489556,2.6445144463625527,0.0,
cascade:runs/prune/p10/best.pt,0002,recorded_impulsive+stationary_-5,recorded_impulsive+stationary,-5.0,False,False,-4.756176244998059,,cvhi:common_voice_hi_25204280,8.315306663513184,7.856623649597168,0.8116722343241656,1.259361982345581,2.018343929668916,3.9028639873805027,1.7465040960351939,0.0,
cascade:runs/prune/p10/best.pt,0003,recorded_impulsive+stationary_-5,recorded_impulsive+stationary,-5.0,False,False,3.739566836072205,,cvhi:common_voice_hi_24359403,9.304137229919434,8.767524719238281,0.844374696607338,1.7545225620269775,2.6392403285906223,3.7454777849273695,2.3724916561253893,0.1,
cascade:runs/prune/p10/best.pt,0004,recorded_impulsive+stationary_-5,recorded_impulsive+stationary,-5.0,False,False,4.924555920359309,,cvhi:common_voice_hi_27761546,10.323182106018066,9.916817665100098,0.7919047513725955,1.80859375,2.168035791323788,3.789900446244774,1.8713625668843499,0.0,
cascade:runs/prune/p10/best.pt,0005,recorded_impulsive+stationary_-5,recorded_impulsive+stationary,-5.0,False,False,0.5467488666301437,,cvhi:common_voice_hi_26127974,4.495232582092285,2.6348350048065186,0.8746006623258403,1.2591191530227661,2.118307145424381,3.8646352025757658,1.9641045520502507,0.0,
cascade:runs/prune/p10/best.pt,0006,recorded_impulsive+stationary_-5,recorded_impulsive+stationary,-5.0,False,True,3.59962556285514,,cvhi:common_voice_hi_24758535,12.739809036254883,12.514564514160156,0.9715942081911716,2.514892816543579,3.4739237116618247,3.639893880023366,3.011014476238778,0.0,
cascade:runs/prune/p10/best.pt,0007,recorded_impulsive+stationary_-5,recorded_impulsive+stationary,-5.0,False,False,10.37349014872795,,cvhi:common_voice_hi_24360548,11.0511474609375,10.70108413696289,0.9064004149512782,1.9164026975631714,2.978407021089268,3.7483589000115547,2.6361572104234945,0.2,
cascade:runs/prune/p10/best.pt,0008,recorded_impulsive+stationary_-5,recorded_impulsive+stationary,-5.0,False,False,3.873410118313437,,cvhi:common_voice_hi_26132089,4.614270210266113,3.3528220653533936,0.5989837056575377,1.1412979364395142,2.167815514676049,3.358600171478367,1.7693226253722831,0.0,
cascade:runs/prune/p10/best.pt,0009,recorded_impulsive+stationary_-5,recorded_impulsive+stationary,-5.0,False,False,-1.3495214807900338,,ls:1081-125237-0086,6.533956050872803,5.554767608642578,0.8447459555836274,1.6699464321136475,2.9610021651477516,3.425068878552556,2.5174355583864703,0.0,
cascade:runs/prune/p10/best.pt,0010,recorded_impulsive+stationary_-5,recorded_impulsive+stationary,-5.0,False,False,11.417791422488776,,ls:2007-149877-0031,10.88645076751709,10.750371932983398,0.8909431862003635,2.253765106201172,2.681313861402586,3.727178393936647,2.3592795191115266,0.12,
cascade:runs/prune/p10/best.pt,0011,recorded_impulsive+stationary_-5,recorded_impulsive+stationary,-5.0,False,False,1.0884682486747828,,ls:1926-147979-0049,6.006621837615967,5.04757833480835,0.7748943869558375,1.559492826461792,2.387074573746858,3.7382797547263387,2.1305082678306815,0.0,
cascade:runs/prune/p10/best.pt,0012,recorded_impulsive+stationary_-5,recorded_impulsive+stationary,-5.0,False,False,2.161681486099898,,cvhi:common_voice_hi_30313620,4.613885402679443,3.149980306625366,0.6708854546284142,1.2685474157333374,1.6787463350051128,3.491544123037265,1.5508601647652647,0.0,
cascade:runs/prune/p10/best.pt,0013,recorded_impulsive+stationary_-5,recorded_impulsive+stationary,-5.0,False,False,11.876821356296094,,cvhi:common_voice_hi_24758419,8.751799583435059,8.132386207580566,0.8656178323546763,1.7618932723999023,2.290164765679156,3.7801133329783427,2.081931579637088,0.38,
cascade:runs/prune/p10/best.pt,0014,recorded_impulsive+stationary_-5,recorded_impulsive+stationary,-5.0,False,False,1.4151097349163173,,cvhi:common_voice_hi_25149602,7.798028945922852,7.092785835266113,0.8619839002986397,1.4275474548339844,2.7614580515405027,3.222553671008693,2.2896320543570665,0.0,
cascade:runs/prune/p10/best.pt,0015,recorded_impulsive+stationary_-5,recorded_impulsive+stationary,-5.0,False,False,-3.4659473808576786,,cvhi:common_voice_hi_24973515,8.015815734863281,7.295402526855469,0.5998843485339601,1.2943669557571411,2.122937642932835,3.7846930115592325,1.9185050414793465,0.0,
cascade:runs/prune/p10/best.pt,0016,recorded_impulsive+stationary_-5,recorded_impulsive+stationary,-5.0,False,False,10.19580689215417,,cvhi:common_voice_hi_26131962,2.6303699016571045,-0.7962360382080078,0.6097877891028367,1.0989614725112915,2.3402499614591665,3.011280726175427,1.9149435704440296,1.06,
cascade:runs/prune/p10/best.pt,0017,recorded_impulsive+stationary_-5,recorded_impulsive+stationary,-5.0,False,False,6.349431176778349,,cvhi:common_voice_hi_34926864,7.396168231964111,6.824197769165039,0.705092027521521,1.3498671054840088,2.642562094667112,3.8426529061623613,2.3438882065945843,0.0,
cascade:runs/prune/p10/best.pt,0018,recorded_impulsive+stationary_-5,recorded_impulsive+stationary,-5.0,False,False,1.8408372923835952,,ls:1081-125237-0064,4.882972240447998,3.4669806957244873,0.7533912177799663,1.2441117763519287,2.3192535735621935,3.187796665208554,1.9403241473613742,0.06,
cascade:runs/prune/p10/best.pt,0019,recorded_impulsive+stationary_-5,recorded_impulsive+stationary,-5.0,False,False,-2.994356853489917,,cvhi:common_voice_hi_27761748,6.159298419952393,5.641648292541504,0.6266528248055477,1.3516666889190674,2.6933130478144007,3.3858483264617827,2.180314519389128,0.0,
cascade:runs/prune/p10/best.pt,0020,recorded_impulsive+stationary_-5,recorded_impulsive+stationary,-5.0,False,False,-2.4092790249889076,,ls:1081-125237-0090,6.1755757331848145,5.157949924468994,0.7916622161602455,1.2572764158248901,2.374930306034042,2.8943195545198916,1.8388869651023863,0.0,
cascade:runs/prune/p10/best.pt,0021,recorded_impulsive+stationary_-5,recorded_impulsive+stationary,-5.0,False,False,9.497385738843784,,cvhi:common_voice_hi_24758379,16.918550491333008,17.37511444091797,0.9728452080317688,3.0603110790252686,3.649118017689676,4.098975930634325,3.373212753007283,0.0,
cascade:runs/prune/p10/best.pt,0022,recorded_impulsive+stationary_-5,recorded_impulsive+stationary,-5.0,False,False,5.029547142435597,,cvhi:common_voice_hi_26132192,9.694101333618164,9.467103004455566,0.8220846767551918,1.840909719467163,2.3063906665867404,3.873861878475818,2.074269928077844,0.0,
cascade:runs/prune/p10/best.pt,0023,recorded_impulsive+stationary_-5,recorded_impulsive+stationary,-5.0,False,False,9.354105640590236,,cvhi:common_voice_hi_26018233,7.913715839385986,7.257017135620117,0.4926282778678169,1.124402403831482,1.6219698202197852,3.4776257084055486,1.4192937653490747,0.0,
cascade:runs/prune/p10/best.pt,0024,recorded_impulsive+stationary_-5,recorded_impulsive+stationary,-5.0,False,False,10.791991354618812,,ls:1081-125237-0074,7.43804931640625,7.016053199768066,0.8890076129705308,1.7085509300231934,2.8666286181998237,3.6471503716676477,2.538131840481661,0.0,
cascade:runs/prune/p10/best.pt,0025,recorded_impulsive+stationary_-5,recorded_impulsive+stationary,-5.0,True,False,5.449573914130049,,ls:1926-147987-0005,4.902351379394531,3.2059240341186523,0.7471111520023138,1.2008564472198486,2.3519801809346763,3.527006594904375,2.045813915407266,0.0,
cascade:runs/prune/p10/best.pt,0026,recorded_impulsive+stationary_-5,recorded_impulsive+stationary,-5.0,False,False,-4.86218642894271,,cvhi:common_voice_hi_24360572,9.189241409301758,8.659168243408203,0.873511176391196,1.7299237251281738,2.3683552356697635,3.6630627661589124,2.121150361989872,0.06,
cascade:runs/prune/p10/best.pt,0027,recorded_impulsive+stationary_-5,recorded_impulsive+stationary,-5.0,False,False,5.3678495222302995,,ls:1926-143879-0014,7.500639915466309,6.8026628494262695,0.8300131084684774,1.766091227531433,2.640320099330569,3.811877636883775,2.3771021072600176,0.0,
cascade:runs/prune/p10/best.pt,0028,recorded_impulsive+stationary_-5,recorded_impulsive+stationary,-5.0,False,False,8.092294685456725,,cvhi:common_voice_hi_26127944,6.72612190246582,5.692854881286621,0.7081565016511574,1.2619739770889282,1.7705319847547245,3.272932571978935,1.605508359637243,0.0,
cascade:runs/prune/p10/best.pt,0029,recorded_impulsive+stationary_-5,recorded_impulsive+stationary,-5.0,False,False,11.145362952607162,,ls:2007-149877-0030,8.507753372192383,7.85105037689209,0.8463074485171352,1.7158994674682617,2.865795888261146,3.862070658425951,2.5710563884744713,0.02,
cascade:runs/prune/p10/best.pt,0030,recorded_impulsive+stationary_-5,recorded_impulsive+stationary,-5.0,False,False,10.238777826427345,,cvhi:common_voice_hi_24359448,8.198708534240723,7.666683197021484,0.8070715906393704,1.4777907133102417,2.8391275795009117,3.358043027146809,2.3995172588192006,0.0,
cascade:runs/prune/p10/best.pt,0031,recorded_impulsive+stationary_-5,recorded_impulsive+stationary,-5.0,False,False,0.0381815799760572,,cvhi:common_voice_hi_27761571,20.427410125732422,25.24869728088379,0.9950399650959213,3.7485337257385254,3.3436243466305333,3.9906563932873755,3.0274926107960485,0.0,
cascade:runs/prune/p10/best.pt,0032,recorded_impulsive+stationary_-5,recorded_impulsive+stationary,-5.0,False,False,9.238253615815394,,cvhi:common_voice_hi_37630565,6.332398414611816,5.217308521270752,0.8830871051545045,1.5156211853027344,2.1442427309369902,3.817130431477743,1.971818081916686,0.56,
cascade:runs/prune/p10/best.pt,0033,recorded_impulsive+stationary_-5,recorded_impulsive+stationary,-5.0,False,False,-3.2031250398091204,,cvhi:common_voice_hi_27749277,4.528767108917236,2.80368709564209,0.608639683707808,1.25841224193573,1.3593227003102868,3.3998000439452656,1.2827159648913558,0.0,
cascade:runs/prune/p10/best.pt,0034,recorded_impulsive+stationary_-5,recorded_impulsive+stationary,-5.0,False,False,9.112888893473972,,ls:2007-132570-0043,9.855682373046875,9.398754119873047,0.7992824610484184,1.4786473512649536,2.3167863637364494,3.491434604255552,2.0099081651839037,0.04,
cascade:runs/prune/p10/best.pt,0035,recorded_impulsive+stationary_-5,recorded_impulsive+stationary,-5.0,False,False,1.4469044700788922,,cvhi:common_voice_hi_26053765,5.923733234405518,4.6449666023254395,0.7964502234284604,1.3855949640274048,2.4335473190088672,3.7192818203248157,2.1553882182449917,0.0,
cascade:runs/prune/p10/best.pt,0036,recorded_impulsive+stationary_-5,recorded_impulsive+stationary,-5.0,False,False,4.948112907681891,,cvhi:common_voice_hi_27592076,10.865232467651367,10.625160217285156,0.9049008643853097,1.962315320968628,2.5805799712309296,3.726741603501398,2.2510405052881235,0.0,
cascade:runs/prune/p10/best.pt,0037,recorded_impulsive+stationary_-5,recorded_impulsive+stationary,-5.0,False,False,5.289241849156966,,ls:2007-132570-0035,6.9579620361328125,6.018833637237549,0.7291217350574437,1.242447853088379,1.7966186579057164,3.339036451445768,1.58426970069828,0.0,
cascade:runs/prune/p10/best.pt,0038,recorded_impulsive+stationary_-5,recorded_impulsive+stationary,-5.0,False,False,-3.2280232006803304,,cvhi:common_voice_hi_27761557,10.429205894470215,10.659771919250488,0.7114192368449774,1.5836405754089355,2.689597917076959,3.693373145990587,2.329454917369015,0.0,
cascade:runs/prune/p10/best.pt,0039,recorded_impulsive+stationary_-5,recorded_impulsive+stationary,-5.0,False,False,10.34564782655378,,cvhi:common_voice_hi_27761556,1.6992254257202148,-2.6972217559814453,0.36633083289138335,1.0664833784103394,1.7373715245093457,3.5658662754635038,1.520388845329046,0.2,
cascade:runs/prune/p10/best.pt,0000,recorded_impulsive+stationary_0,recorded_impulsive+stationary,0.0,False,False,0.7352800176216059,,cvhi:common_voice_hi_27761775,12.047025680541992,11.853050231933594,0.7266393639380059,1.8963189125061035,2.4288827410006233,3.6049846461592656,2.0783021296766995,0.0,
cascade:runs/prune/p10/best.pt,0001,recorded_impulsive+stationary_0,recorded_impulsive+stationary,0.0,False,False,9.284042477609852,,cvhi:common_voice_hi_25161553,7.603026390075684,7.041689872741699,0.8067506077017584,1.5136957168579102,1.8585244332788102,3.6696598426161167,1.7228568887597522,1.34,
cascade:runs/prune/p10/best.pt,0002,recorded_impulsive+stationary_0,recorded_impulsive+stationary,0.0,False,False,-2.0877228271162145,,cvhi:common_voice_hi_35078939,6.48321533203125,5.9200005531311035,0.8550162971417601,1.562320351600647,2.797928316036112,3.640382194474526,2.4275865087854966,0.0,
cascade:runs/prune/p10/best.pt,0003,recorded_impulsive+stationary_0,recorded_impulsive+stationary,0.0,False,False,-0.2696792283007392,,cvhi:common_voice_hi_24359455,14.752613067626953,14.866865158081055,0.9636801244731422,2.328496217727661,2.847791879688457,4.061451377797049,2.5723738988746305,0.0,
cascade:runs/prune/p10/best.pt,0004,recorded_impulsive+stationary_0,recorded_impulsive+stationary,0.0,False,False,4.034011938254546,,ls:2007-149877-0002,11.541500091552734,11.348267555236816,0.9341308443916244,2.1372203826904297,2.6848796735488545,3.618928250197862,2.371858542099359,0.0,
cascade:runs/prune/p10/best.pt,0005,recorded_impulsive+stationary_0,recorded_impulsive+stationary,0.0,False,False,5.692721789025063,,cvhi:common_voice_hi_27749306,9.676740646362305,9.331647872924805,0.9125972562711201,1.7747669219970703,2.656604535397746,3.8356585087479136,2.3042231665209942,0.0,
cascade:runs/prune/p10/best.pt,0006,recorded_impulsive+stationary_0,recorded_impulsive+stationary,0.0,False,False,8.543461162396985,,ls:1081-125237-0041,8.411099433898926,7.777947425842285,0.6915796688835135,1.559410572052002,2.9588579967485784,3.7751977439510673,2.6172430736857883,0.0,
cascade:runs/prune/p10/best.pt,0007,recorded_impulsive+stationary_0,recorded_impulsive+stationary,0.0,False,False,-1.5827811653145698,,ls:1081-125237-0101,6.876373767852783,5.917740821838379,0.8180540238139943,1.6461671590805054,3.1226952965741046,3.5416926809248257,2.705109361076898,0.0,
cascade:runs/prune/p10/best.pt,0008,recorded_impulsive+stationary_0,recorded_impulsive+stationary,0.0,False,False,3.538374458488798,,cvhi:common_voice_hi_27761747,10.59604263305664,10.556528091430664,0.8835948326923666,2.0914387702941895,2.700839079459066,3.8696355223057433,2.427307708210101,0.0,
cascade:runs/prune/p10/best.pt,0009,recorded_impulsive+stationary_0,recorded_impulsive+stationary,0.0,True,False,6.096555302985637,,cvhi:common_voice_hi_26088237,7.029694557189941,6.077008247375488,0.6245879270494111,1.2291826009750366,1.7595222692611285,2.8641994206483106,1.49621594515724,0.06,
cascade:runs/prune/p10/best.pt,0010,recorded_impulsive+stationary_0,recorded_impulsive+stationary,0.0,False,False,-5.782004943196515,,ls:1926-147979-0025,9.11111068725586,8.56566333770752,0.8316929443686372,1.5685198307037354,2.1288474837640234,3.1392860514646768,1.817669234462253,0.0,
cascade:runs/prune/p10/best.pt,0011,recorded_impulsive+stationary_0,recorded_impulsive+stationary,0.0,False,False,9.191031229803942,,cvhi:common_voice_hi_24359439,9.386049270629883,9.113948822021484,0.8717290648710823,1.5507183074951172,2.9396706132709314,3.6843371326844556,2.579060132126065,0.0,
cascade:runs/prune/p10/best.pt,0012,recorded_impulsive+stationary_0,recorded_impulsive+stationary,0.0,False,False,5.165202892457028,,ls:1081-125237-0022,9.288996696472168,8.761170387268066,0.8973070902354306,2.2081828117370605,3.2540544024888445,3.8350260829378877,2.9445458251653065,0.0,
cascade:runs/prune/p10/best.pt,0013,recorded_impulsive+stationary_0,recorded_impulsive+stationary,0.0,False,False,11.887660072824424,,ls:1081-125237-0043,10.252331733703613,9.872344970703125,0.8772367069511093,2.0238614082336426,3.277200429111926,3.781513418320441,2.9150460615544005,0.22,
cascade:runs/prune/p10/best.pt,0014,recorded_impulsive+stationary_0,recorded_impulsive+stationary,0.0,False,False,-4.565249258711942,,cvhi:common_voice_hi_35078365,9.942146301269531,9.626724243164062,0.6949954232974018,1.3441786766052246,2.721542732718163,3.305915233277686,2.2650239235036334,0.0,
cascade:runs/prune/p10/best.pt,0015,recorded_impulsive+stationary_0,recorded_impulsive+stationary,0.0,False,False,10.534462062223003,,ls:2007-149877-0020,11.215996742248535,10.88757038116455,0.8352668986902029,1.7769496440887451,2.489875100511996,3.5073793694064204,2.2124842169634187,0.0,
cascade:runs/prune/p10/best.pt,0016,recorded_impulsive+stationary_0,recorded_impulsive+stationary,0.0,False,False,7.729295545807636,,cvhi:common_voice_hi_24359404,9.402446746826172,8.874188423156738,0.9108494479730719,1.6807074546813965,3.067900984413522,3.7453626297879596,2.7175317522458675,0.0,
cascade:runs/prune/p10/best.pt,0017,recorded_impulsive+stationary_0,recorded_impulsive+stationary,0.0,True,False,-3.6132993816227943,,cvhi:common_voice_hi_23796067,8.792248725891113,8.957968711853027,0.8022959307353584,1.5068635940551758,2.467082417115484,3.622750005869664,2.2031335991154934,0.0,
cascade:runs/prune/p10/best.pt,0018,recorded_impulsive+stationary_0,recorded_impulsive+stationary,0.0,False,False,0.5960709363081182,,cvhi:common_voice_hi_26131133,14.85319709777832,14.76890754699707,0.8559311134076301,1.7670581340789795,2.9768976741946567,3.887853551404099,2.636073739805509,0.16,
cascade:runs/prune/p10/best.pt,0019,recorded_impulsive+stationary_0,recorded_impulsive+stationary,0.0,False,False,-1.1620665080264097,,ls:2007-132570-0040,8.934492111206055,8.361356735229492,0.8127300430873535,1.4665777683258057,2.4587828571951733,3.6338702453798684,2.1854345325199303,0.0,
cascade:runs/prune/p10/best.pt,0020,recorded_impulsive+stationary_0,recorded_impulsive+stationary,0.0,False,False,8.97506620413964,,ls:1081-125237-0056,10.45423698425293,10.75737476348877,0.9241797915251987,2.2448339462280273,3.0406773368797664,3.823861702810233,2.7271539824924425,0.0,
cascade:runs/prune/p10/best.pt,0021,recorded_impulsive+stationary_0,recorded_impulsive+stationary,0.0,False,False,4.072299928790324,,ls:1926-143879-0040,12.25582504272461,12.079061508178711,0.93846710079824,2.590968132019043,3.4506361686149796,4.110331149778017,3.217436834303285,0.06,
cascade:runs/prune/p10/best.pt,0022,recorded_impulsive+stationary_0,recorded_impulsive+stationary,0.0,False,False,11.736184496072294,,cvhi:common_voice_hi_27749289,17.113239288330078,17.215377807617188,0.9160007203729205,2.352825403213501,2.7516127894835205,3.6385131074781745,2.352233108645268,0.0,
cascade:runs/prune/p10/best.pt,0023,recorded_impulsive+stationary_0,recorded_impulsive+stationary,0.0,False,False,3.0165972478408047,,ls:2007-132570-0029,10.063217163085938,9.746688842773438,0.8607996297741911,1.7905406951904297,2.595717113588587,3.431107937736708,2.224322126243447,0.0,
cascade:runs/prune/p10/best.pt,0024,recorded_impulsive+stationary_0,recorded_impulsive+stationary,0.0,False,False,7.385410036460145,,cvhi:common_voice_hi_27749224,12.770835876464844,12.587203979492188,0.8512556284985754,2.01239275932312,2.403348821660896,3.736717082334293,2.038388959078582,0.28,
cascade:runs/prune/p10/best.pt,0025,recorded_impulsive+stationary_0,recorded_impulsive+stationary,0.0,False,False,-0.6607748354006375,,ls:1081-128618-0010,12.980491638183594,12.803839683532715,0.8725067866086236,2.242372512817383,3.363572854546933,3.584819621509023,2.864808414644753,0.0,
cascade:runs/prune/p10/best.pt,0026,recorded_impulsive+stationary_0,recorded_impulsive+stationary,0.0,False,False,3.0816863447955125,,cvhi:common_voice_hi_24996673,9.327678680419922,8.934406280517578,0.8653439705375793,1.6280549764633179,2.002034710190435,3.6101325624233773,1.808690614943152,0.0,
cascade:runs/prune/p10/best.pt,0027,recorded_impulsive+stationary_0,recorded_impulsive+stationary,0.0,False,True,11.092097529772822,,cvhi:common_voice_hi_27860295,8.884100914001465,8.332024574279785,0.7620696777155607,1.7714248895645142,2.647337392074598,2.9923851263115555,2.0141054244401664,0.42,
cascade:runs/prune/p10/best.pt,0028,recorded_impulsive+stationary_0,recorded_impulsive+stationary,0.0,False,False,6.818538395879948,,ls:1926-143879-0037,8.414463996887207,7.739202976226807,0.8250061915881522,1.4452857971191406,2.3527091463147705,3.521300163330566,2.064312614753663,0.0,
cascade:runs/prune/p10/best.pt,0029,recorded_impulsive+stationary_0,recorded_impulsive+stationary,0.0,False,False,-3.167169159557719,,ls:2007-149877-0015,11.695091247558594,11.491893768310547,0.9222241272001057,2.0170109272003174,2.866596874403925,3.8302120620770523,2.5727148123172103,0.38,
cascade:runs/prune/p10/best.pt,0030,recorded_impulsive+stationary_0,recorded_impulsive+stationary,0.0,False,False,7.1809292136730445,,cvhi:common_voice_hi_26127962,9.648111343383789,9.767461776733398,0.7266118331021145,1.453275203704834,1.9019786117614272,3.676218403655609,1.7119666481758178,0.04,
cascade:runs/prune/p10/best.pt,0031,recorded_impulsive+stationary_0,recorded_impulsive+stationary,0.0,False,False,-1.188143820435,,cvhi:common_voice_hi_24360525,9.562467575073242,9.077404975891113,0.9323675919767294,1.6562612056732178,2.792465221895578,3.762747848483891,2.4570012065730236,0.16,
cascade:runs/prune/p10/best.pt,0032,recorded_impulsive+stationary_0,recorded_impulsive+stationary,0.0,False,False,6.3313968801738305,,cvhi:common_voice_hi_25149662,9.646076202392578,9.291682243347168,0.9268802553308275,1.8208621740341187,2.8325891417511135,3.883896199185897,2.569032712547511,0.0,
cascade:runs/prune/p10/best.pt,0033,recorded_impulsive+stationary_0,recorded_impulsive+stationary,0.0,False,False,-0.19211525988416334,,cvhi:common_voice_hi_27444075,10.892500877380371,10.554490089416504,0.9301655774396927,2.2792155742645264,2.6770620635986084,4.044219274869246,2.476128597282919,0.0,
cascade:runs/prune/p10/best.pt,0034,recorded_impulsive+stationary_0,recorded_impulsive+stationary,0.0,False,False,10.054673540882185,,ls:2007-149877-0030,12.360891342163086,12.268499374389648,0.8712805292171781,2.117990732192993,2.8155578898456275,3.7214301147220468,2.47278505877393,0.18,
cascade:runs/prune/p10/best.pt,0035,recorded_impulsive+stationary_0,recorded_impulsive+stationary,0.0,False,False,-3.8763336758924627,,cvhi:common_voice_hi_35095466,11.210509300231934,10.932125091552734,0.9227133069511528,1.9810609817504883,3.086193345117019,3.5827162102428787,2.6340479470941482,0.0,
cascade:runs/prune/p10/best.pt,0036,recorded_impulsive+stationary_0,recorded_impulsive+stationary,0.0,False,False,4.8319295488847995,,cvhi:common_voice_hi_23796063,10.122476577758789,9.682150840759277,0.8297321585689581,1.6309144496917725,2.651580844306085,3.4249180277449915,2.2781206170232196,0.0,
cascade:runs/prune/p10/best.pt,0037,recorded_impulsive+stationary_0,recorded_impulsive+stationary,0.0,False,False,7.432109612980167,,ls:2007-149877-0015,10.971364974975586,10.756172180175781,0.8570826283431218,1.6624317169189453,2.7938547322523957,3.076349616883041,2.2420349025085975,0.08,
cascade:runs/prune/p10/best.pt,0038,recorded_impulsive+stationary_0,recorded_impulsive+stationary,0.0,False,False,5.793056600908823,,cvhi:common_voice_hi_26131877,9.424518585205078,9.55515193939209,0.7234661984635694,1.3919305801391602,2.141300690022214,3.1189365227152663,1.7852261623706613,0.02,
cascade:runs/prune/p10/best.pt,0039,recorded_impulsive+stationary_0,recorded_impulsive+stationary,0.0,True,False,-1.740793726552985,,cvhi:common_voice_hi_27749272,10.003714561462402,9.703938484191895,0.7970104962555694,2.0593481063842773,2.716932087494317,3.951707432874902,2.387469903087049,0.06,
cascade:runs/prune/p10/best.pt,0000,recorded_impulsive+stationary_10,recorded_impulsive+stationary,10.0,False,False,-0.6282548980019946,,ls:2007-149877-0052,17.789043426513672,19.0322265625,0.9767121027822211,2.904844284057617,3.544401881485337,4.112703753238364,3.2800893816935996,0.18,
cascade:runs/prune/p10/best.pt,0001,recorded_impulsive+stationary_10,recorded_impulsive+stationary,10.0,False,False,1.3984227100023618,,ls:1081-125237-0003,14.40342903137207,14.35554313659668,0.9233324812456781,2.7343955039978027,3.4616413206209695,3.946923007761124,3.138578560644542,0.2,
cascade:runs/prune/p10/best.pt,0002,recorded_impulsive+stationary_10,recorded_impulsive+stationary,10.0,False,False,-0.3177815872429681,,cvhi:common_voice_hi_38227751,14.36463451385498,14.300280570983887,0.956225207905786,2.661820650100708,3.455068005565543,4.137419619993061,3.208571125001305,0.0,
cascade:runs/prune/p10/best.pt,0003,recorded_impulsive+stationary_10,recorded_impulsive+stationary,10.0,False,False,9.187828124510299,,cvhi:common_voice_hi_24359459,14.535558700561523,14.944844245910645,0.9756481274150766,2.139463424682617,2.9626469274849323,3.6307468527717717,2.5680341734914127,0.04,
cascade:runs/prune/p10/best.pt,0004,recorded_impulsive+stationary_10,recorded_impulsive+stationary,10.0,False,False,-4.051257550075904,,ls:2007-149877-0058,16.05140495300293,16.173416137695312,0.9589013048434668,2.5403332710266113,3.3622569973299967,4.00670571704478,3.058052897061281,0.12,
cascade:runs/prune/p10/best.pt,0005,recorded_impulsive+stationary_10,recorded_impulsive+stationary,10.0,False,False,-5.972106053640216,,ls:1081-125237-0044,9.548643112182617,9.093384742736816,0.90216306940996,1.9858853816986084,3.249586936069859,3.593971730917086,2.804244695126177,0.0,
cascade:runs/prune/p10/best.pt,0006,recorded_impulsive+stationary_10,recorded_impulsive+stationary,10.0,False,False,3.2820846736677485,,cvhi:common_voice_hi_24359408,16.244478225708008,16.178857803344727,0.959723221110017,2.432887554168701,2.972112135993101,3.7964038281297103,2.6420032104711093,0.64,
cascade:runs/prune/p10/best.pt,0007,recorded_impulsive+stationary_10,recorded_impulsive+stationary,10.0,True,False,1.7378053891727925,,cvhi:common_voice_hi_35077896,16.098905563354492,16.240381240844727,0.88516111233566,1.9105230569839478,2.98700236887529,3.645228106190552,2.5938886200577103,0.0,
cascade:runs/prune/p10/best.pt,0008,recorded_impulsive+stationary_10,recorded_impulsive+stationary,10.0,False,False,3.545650875734111,,ls:2007-149877-0023,16.220012664794922,17.828203201293945,0.9685087921482433,2.5294575691223145,3.269940049788854,3.7669494248393196,2.9001954671516916,0.0,
cascade:runs/prune/p10/best.pt,0009,recorded_impulsive+stationary_10,recorded_impulsive+stationary,10.0,False,False,5.578325487030067,,ls:1926-147987-0022,15.47374153137207,15.430500030517578,0.9604451462530782,2.4811670780181885,3.255118878840413,3.351470161545546,2.6936239575936503,0.0,
cascade:runs/prune/p10/best.pt,0010,recorded_impulsive+stationary_10,recorded_impulsive+stationary,10.0,False,False,-1.3850826734538249,,cvhi:common_voice_hi_35077962,18.329822540283203,19.85645866394043,0.9510220016991928,1.8310163021087646,3.1725832400204985,3.759128766664152,2.7772043200894907,0.0,
cascade:runs/prune/p10/best.pt,0011,recorded_impulsive+stationary_10,recorded_impulsive+stationary,10.0,False,False,10.292575854059667,,cvhi:common_voice_hi_27444068,14.078866004943848,14.81691837310791,0.9568824829552381,2.6520578861236572,2.800966653718054,4.024612519803224,2.581493018946057,0.02,
cascade:runs/prune/p10/best.pt,0012,recorded_impulsive+stationary_10,recorded_impulsive+stationary,10.0,False,False,-5.8857956343874775,,cvhi:common_voice_hi_24360528,17.967527389526367,17.987947463989258,0.9781533853048991,2.5601913928985596,3.177072772048062,3.9396393046306697,2.885564693347988,0.0,
cascade:runs/prune/p10/best.pt,0013,recorded_impulsive+stationary_10,recorded_impulsive+stationary,10.0,False,False,-1.414707446853365,,cvhi:common_voice_hi_24758377,16.084558486938477,16.65078353881836,0.9782901089830769,2.971993923187256,3.1259899038486014,4.001721214682641,2.877444202304714,0.0,
cascade:runs/prune/p10/best.pt,0014,recorded_impulsive+stationary_10,recorded_impulsive+stationary,10.0,False,False,0.7413170713436177,,cvhi:common_voice_hi_35077359,19.159759521484375,19.6156005859375,0.8923505353430528,1.97629976272583,2.810374462310942,3.9529799817712306,2.5625557160162686,0.3,
cascade:runs/prune/p10/best.pt,0015,recorded_impulsive+stationary_10,recorded_impulsive+stationary,10.0,False,False,2.2963053734123573,,cvhi:common_voice_hi_27761505,15.561864852905273,15.441728591918945,0.9082910091367702,2.486170530319214,2.902868042795274,3.9956091768058073,2.585515640191342,0.0,
cascade:runs/prune/p10/best.pt,0016,recorded_impulsive+stationary_10,recorded_impulsive+stationary,10.0,False,False,2.891085464079323,,ls:2007-149877-0009,16.15962791442871,16.17082977294922,0.9484073250918496,2.347055196762085,3.2037241394447764,3.84309769262307,2.8714487074182475,0.06,
cascade:runs/prune/p10/best.pt,0017,recorded_impulsive+stationary_10,recorded_impulsive+stationary,10.0,False,True,-0.5955374678305354,,ls:2007-132570-0022,16.778709411621094,16.90089988708496,0.9737937360236959,2.999159097671509,3.398838541787169,3.82271434736498,3.0563294149377542,0.0,
cascade:runs/prune/p10/best.pt,0018,recorded_impulsive+stationary_10,recorded_impulsive+stationary,10.0,False,False,3.1912606005071478,,cvhi:common_voice_hi_24758529,13.47486400604248,13.284107208251953,0.9710651887868053,2.6547932624816895,3.4755875478715166,4.008732089517304,3.181445785226943,0.0,
cascade:runs/prune/p10/best.pt,0019,recorded_impulsive+stationary_10,recorded_impulsive+stationary,10.0,False,False,1.9547440837172712,,cvhi:common_voice_hi_27761546,14.24355411529541,15.615837097167969,0.9675714501794567,3.160905361175537,2.9295344368102745,3.9607774474742943,2.602602290127385,0.06,
cascade:runs/prune/p10/best.pt,0020,recorded_impulsive+stationary_10,recorded_impulsive+stationary,10.0,False,False,-1.7600340238048364,,ls:1926-147987-0010,16.529300689697266,16.67487335205078,0.9691217411201325,2.983781099319458,3.471377752406598,3.8763072396777183,3.1254550422100165,0.0,
cascade:runs/prune/p10/best.pt,0021,recorded_impulsive+stationary_10,recorded_impulsive+stationary,10.0,False,True,9.759702265814452,,cvhi:common_voice_hi_26131830,16.898557662963867,17.26375389099121,0.8558521307972992,2.2696218490600586,3.0217116965425523,3.644171595220298,2.626674416369597,1.04,
cascade:runs/prune/p10/best.pt,0022,recorded_impulsive+stationary_10,recorded_impulsive+stationary,10.0,False,False,1.0654399577400726,,ls:1926-147979-0038,17.13721466064453,17.13706398010254,0.8688052987241441,2.8128445148468018,3.3100406299619562,3.665852006519901,2.8861661852996807,0.4,
cascade:runs/prune/p10/best.pt,0023,recorded_impulsive+stationary_10,recorded_impulsive+stationary,10.0,False,False,1.4775032602220879,,cvhi:common_voice_hi_27749200,15.232255935668945,15.183000564575195,0.9317992140595823,2.8597769737243652,3.015726728909633,3.6934093368534002,2.5929094017028493,0.0,
cascade:runs/prune/p10/best.pt,0024,recorded_impulsive+stationary_10,recorded_impulsive+stationary,10.0,True,False,-3.3937075230253266,,ls:1926-147987-0005,15.766756057739258,16.589580535888672,0.9529756341005701,3.309715986251831,3.465807869706001,3.778906373020458,3.072007465153088,0.18,
cascade:runs/prune/p10/best.pt,0025,recorded_impulsive+stationary_10,recorded_impulsive+stationary,10.0,True,False,5.812952560510169,,cvhi:common_voice_hi_26018235,14.834214210510254,15.145418167114258,0.8827113385551406,1.7819023132324219,2.4481912478867396,3.841411774599713,2.2259133989781854,0.0,
cascade:runs/prune/p10/best.pt,0026,recorded_impulsive+stationary_10,recorded_impulsive+stationary,10.0,False,False,-0.805545840226813,,cvhi:common_voice_hi_27860206,18.91427230834961,18.85944938659668,0.9789876893841645,3.7710440158843994,3.1387207551629808,3.9880021150848854,2.844723526970054,0.0,
cascade:runs/prune/p10/best.pt,0027,recorded_impulsive+stationary_10,recorded_impulsive+stationary,10.0,False,False,10.626132107369735,,cvhi:common_voice_hi_27592071,17.065021514892578,16.98263931274414,0.9305514566526146,3.0004396438598633,2.9210806604522412,3.762911551794356,2.6001079537334606,0.78,
cascade:runs/prune/p10/best.pt,0028,recorded_impulsive+stationary_10,recorded_impulsive+stationary,10.0,False,False,-3.979979419065995,,ls:1081-125237-0069,15.307857513427734,15.47726821899414,0.867627232565704,2.588564872741699,3.4661170200097065,3.856907529045026,3.1011347753324348,0.0,
cascade:runs/prune/p10/best.pt,0029,recorded_impulsive+stationary_10,recorded_impulsive+stationary,10.0,False,False,-1.4670266275256605,,cvhi:common_voice_hi_30625447,15.85801887512207,15.783108711242676,0.9705386446503175,2.922964096069336,3.1090859151628147,3.707675241788931,2.724717869550618,0.0,
cascade:runs/prune/p10/best.pt,0030,recorded_impulsive+stationary_10,recorded_impulsive+stationary,10.0,False,False,10.208083802296098,,ls:2007-149877-0032,19.88071632385254,20.00214385986328,0.9845633734057228,3.1523337364196777,3.184026942802973,4.016409443531189,2.924793604457906,0.0,
cascade:runs/prune/p10/best.pt,0031,recorded_impulsive+stationary_10,recorded_impulsive+stationary,10.0,False,False,7.901771379854775,,cvhi:common_voice_hi_27749215,16.148069381713867,16.060808181762695,0.9354370493303806,2.846043825149536,3.10074602641751,3.9442828344974545,2.7636504316133674,0.04,
cascade:runs/prune/p10/best.pt,0032,recorded_impulsive+stationary_10,recorded_impulsive+stationary,10.0,False,False,0.27562937557302014,,ls:1081-125237-0020,15.147693634033203,15.090181350708008,0.9664287993693748,2.282811164855957,3.2532661297932006,3.82545548071149,2.9044988813313948,0.0,
cascade:runs/prune/p10/best.pt,0033,recorded_impulsive+stationary_10,recorded_impulsive+stationary,10.0,False,False,9.49302667869328,,ls:1926-147979-0033,15.261180877685547,15.130043029785156,0.9453409434165705,2.845730781555176,3.21356878177282,3.260520045041312,2.6356702447270393,0.0,
cascade:runs/prune/p10/best.pt,0034,recorded_impulsive+stationary_10,recorded_impulsive+stationary,10.0,False,False,-0.8370944584688136,,ls:2007-132570-0028,17.6517391204834,17.673744201660156,0.9517648094938014,2.8766167163848877,3.1304927499049247,3.9271455821110166,2.811970046709252,0.0,
cascade:runs/prune/p10/best.pt,0035,recorded_impulsive+stationary_10,recorded_impulsive+stationary,10.0,False,False,3.089137189015725,,cvhi:common_voice_hi_27749289,22.188400268554688,23.59116554260254,0.9720843019796049,3.2718968391418457,2.493457347552628,3.470531622754301,2.057597887922301,0.0,
cascade:runs/prune/p10/best.pt,0036,recorded_impulsive+stationary_10,recorded_impulsive+stationary,10.0,False,False,1.7134439592409576,,cvhi:common_voice_hi_26151928,14.257413864135742,15.427011489868164,0.964014271794559,2.7284693717956543,3.0088441586604358,3.9519360176337077,2.7308248048225923,0.0,
cascade:runs/prune/p10/best.pt,0037,recorded_impulsive+stationary_10,recorded_impulsive+stationary,10.0,False,False,-4.931714637450921,,cvhi:common_voice_hi_24758375,15.447464942932129,15.593551635742188,0.9611392212685768,2.6406004428863525,3.3244171694110776,3.9043719441925653,3.0094546089177387,0.0,
cascade:runs/prune/p10/best.pt,0038,recorded_impulsive+stationary_10,recorded_impulsive+stationary,10.0,True,False,-1.8628814337047537,,ls:2007-132570-0039,16.84077262878418,16.934879302978516,0.9647884615278602,2.5708909034729004,3.4437276016337552,3.985222224833784,3.138910383690133,0.0,
cascade:runs/prune/p10/best.pt,0039,recorded_impulsive+stationary_10,recorded_impulsive+stationary,10.0,False,False,0.6686728940894611,,ls:1081-125237-0113,15.203180313110352,15.687246322631836,0.961492106886562,3.1277084350585938,3.5168693867258263,3.8207157097414344,3.114188393656066,0.0,
cascade:runs/prune/p10/best.pt,0000,recorded_impulsive+stationary_15,recorded_impulsive+stationary,15.0,False,False,8.221163610296436,,cvhi:common_voice_hi_24758534,19.153583526611328,19.101221084594727,0.992135921106307,2.666957139968872,3.3530062362368582,3.5816263178341803,2.8430563592634166,1.12,
cascade:runs/prune/p10/best.pt,0001,recorded_impulsive+stationary_15,recorded_impulsive+stationary,15.0,True,False,10.052913290190187,,cvhi:common_voice_hi_24359485,6.266261100769043,7.074831008911133,0.8612706574305963,1.3539910316467285,3.26669205924675,3.734425604109955,2.9092337622310933,1.52,
cascade:runs/prune/p10/best.pt,0002,recorded_impulsive+stationary_15,recorded_impulsive+stationary,15.0,False,False,-4.672988023165847,,cvhi:common_voice_hi_26088251,20.142011642456055,20.96527099609375,0.8824303982667592,2.565122604370117,2.8549103390973762,3.7237835600409612,2.509449775581054,0.0,
cascade:runs/prune/p10/best.pt,0003,recorded_impulsive+stationary_15,recorded_impulsive+stationary,15.0,False,False,-2.8152209379642934,,ls:1926-143879-0032,19.41671371459961,19.61062240600586,0.9620510261664975,3.139961004257202,3.5456286117046143,4.090195077227848,3.2847065255924988,0.0,
cascade:runs/prune/p10/best.pt,0004,recorded_impulsive+stationary_15,recorded_impulsive+stationary,15.0,False,False,9.763278149741852,,cvhi:common_voice_hi_24758398,14.900320053100586,14.760164260864258,0.9560578667263709,2.193650960922241,2.04461489214193,3.4418452520130693,1.7567150374888656,0.0,
cascade:runs/prune/p10/best.pt,0005,recorded_impulsive+stationary_15,recorded_impulsive+stationary,15.0,False,False,7.450819760817142,,ls:1081-128618-0008,13.789871215820312,13.985995292663574,0.9509638872168448,2.3469460010528564,3.4092207121802702,3.7174599909812933,2.9585416681385093,0.0,
cascade:runs/prune/p10/best.pt,0006,recorded_impulsive+stationary_15,recorded_impulsive+stationary,15.0,False,False,3.872037836664898,,ls:2007-132570-0050,20.583293914794922,21.549301147460938,0.9746427719450014,3.6419296264648438,3.2305292583286813,3.6997310134270034,2.8670363401576355,0.0,
cascade:runs/prune/p10/best.pt,0007,recorded_impulsive+stationary_15,recorded_impulsive+stationary,15.0,False,False,-3.1961665919152207,,ls:1081-125237-0114,18.084985733032227,18.435218811035156,0.9910477273482271,3.788970947265625,3.568560582044975,4.101886195587697,3.3393547464436515,0.0,
cascade:runs/prune/p10/best.pt,0008,recorded_impulsive+stationary_15,recorded_impulsive+stationary,15.0,False,True,3.5601639549788633,,ls:2007-149877-0038,18.03034019470215,18.163105010986328,0.9741770223702039,2.4851372241973877,3.2604166796613767,3.7432633590363142,2.898018087505609,0.0,
cascade:runs/prune/p10/best.pt,0009,recorded_impulsive+stationary_15,recorded_impulsive+stationary,15.0,False,False,5.17107466584493,,cvhi:common_voice_hi_27860090,19.80048370361328,21.28824234008789,0.9691993159293362,3.2798728942871094,3.051294816649728,3.7650753794365572,2.6732134932981233,0.0,
cascade:runs/prune/p10/best.pt,0010,recorded_impulsive+stationary_15,recorded_impulsive+stationary,15.0,False,False,8.460690471260401,,cvhi:common_voice_hi_24977127,17.6562557220459,19.361818313598633,0.9330128646866925,1.9685906171798706,2.6219051033609784,3.9023048810366445,2.383912517242872,0.08,
cascade:runs/prune/p10/best.pt,0011,recorded_impulsive+stationary_15,recorded_impulsive+stationary,15.0,True,False,8.429379566554072,,cvhi:common_voice_hi_24359475,12.347163200378418,13.560166358947754,0.9276632286417114,1.6063358783721924,2.9517704307101886,3.766522521614246,2.6123070367827403,0.0,
cascade:runs/prune/p10/best.pt,0012,recorded_impulsive+stationary_15,recorded_impulsive+stationary,15.0,False,False,10.935807967426886,,cvhi:common_voice_hi_27860377,18.000137329101562,18.252548217773438,0.9510738747475467,3.0610828399658203,2.933783468375468,3.8186136216183044,2.5972138000955334,0.0,
cascade:runs/prune/p10/best.pt,0013,recorded_impulsive+stationary_15,recorded_impulsive+stationary,15.0,True,False,2.93804094349529,,ls:1926-143879-0020,16.88452911376953,16.94118881225586,0.9392537365047257,3.0509140491485596,3.5301721302856515,3.6246945212076227,3.0464044736881535,0.0,
cascade:runs/prune/p10/best.pt,0014,recorded_impulsive+stationary_15,recorded_impulsive+stationary,15.0,False,False,0.23508492373111078,,cvhi:common_voice_hi_24977129,18.781225204467773,19.126131057739258,0.941198820470034,2.1691665649414062,3.309154198937267,4.091758908268435,3.0672776225411114,0.0,
cascade:runs/prune/p10/best.pt,0015,recorded_impulsive+stationary_15,recorded_impulsive+stationary,15.0,False,False,10.146402267198312,,ls:1081-125237-0085,15.629878997802734,15.514632225036621,0.9777656880773132,3.528676748275757,3.5834746658054035,3.410079886332523,2.9453533997845196,0.04,
cascade:runs/prune/p10/best.pt,0016,recorded_impulsive+stationary_15,recorded_impulsive+stationary,15.0,False,False,0.40640303510884745,,cvhi:common_voice_hi_24360552,18.63420295715332,18.8203067779541,0.9864603948779814,2.667431354522705,3.046568058344205,3.744130879454744,2.6819545423482856,0.0,
cascade:runs/prune/p10/best.pt,0017,recorded_impulsive+stationary_15,recorded_impulsive+stationary,15.0,True,False,0.7168124496407327,,cvhi:common_voice_hi_24225938,17.618867874145508,17.960025787353516,0.9807659085662324,2.721853494644165,3.3376716150275954,4.0880139918861715,3.092955619080133,0.0,
cascade:runs/prune/p10/best.pt,0018,recorded_impulsive+stationary_15,recorded_impulsive+stationary,15.0,True,False,10.383757518165805,,ls:1926-147979-0042,17.049379348754883,18.341001510620117,0.9845977795479999,3.5301599502563477,3.181638762925433,3.3233452589936086,2.673205136676506,0.0,
cascade:runs/prune/p10/best.pt,0019,recorded_impulsive+stationary_15,recorded_impulsive+stationary,15.0,True,False,11.212629084837431,,ls:2007-149877-0027,13.798606872558594,14.337357521057129,0.9570286397213396,2.373978853225708,3.6342161675356217,4.08698301027298,3.360699046610166,0.14,
cascade:runs/prune/p10/best.pt,0020,recorded_impulsive+stationary_15,recorded_impulsive+stationary,15.0,False,False,7.687567472484227,,ls:2007-149877-0059,20.090152740478516,20.047433853149414,0.9545364365804443,2.846547842025757,3.5239805349680116,4.054373045122234,3.2403775094016085,0.04,
cascade:runs/prune/p10/best.pt,0021,recorded_impulsive+stationary_15,recorded_impulsive+stationary,15.0,False,False,5.867591616779993,,cvhi:common_voice_hi_27860153,19.191633224487305,19.1755428314209,0.964900675673041,3.3112308979034424,3.203317471218745,2.95761091355967,2.438945511142779,0.0,
cascade:runs/prune/p10/best.pt,0022,recorded_impulsive+stationary_15,recorded_impulsive+stationary,15.0,False,False,-3.006512637194832,,cvhi:common_voice_hi_27749242,19.128210067749023,19.37970542907715,0.9629642712343499,3.300199270248413,2.706337224382634,3.81684004951146,2.375620787535259,0.0,
cascade:runs/prune/p10/best.pt,0023,recorded_impulsive+stationary_15,recorded_impulsive+stationary,15.0,False,False,11.84401191697027,,cvhi:common_voice_hi_25188823,12.373185157775879,12.243609428405762,0.9574809477702645,2.9813032150268555,2.597279123296377,2.7777336268713424,1.9974124152252635,1.66,
cascade:runs/prune/p10/best.pt,0024,recorded_impulsive+stationary_15,recorded_impulsive+stationary,15.0,False,False,9.290925213848407,,cvhi:common_voice_hi_26131260,17.69334602355957,18.539735794067383,0.9433462054356238,2.368398427963257,2.723419288227262,3.7950887969321894,2.4323225128776143,0.46,
cascade:runs/prune/p10/best.pt,0025,recorded_impulsive+stationary_15,recorded_impulsive+stationary,15.0,False,False,11.280834378084077,,ls:1081-125237-0114,18.253400802612305,18.189701080322266,0.9788763117315993,3.106045722961426,3.463967933070196,3.944077148902082,3.1620449553529903,0.0,
cascade:runs/prune/p10/best.pt,0026,recorded_impulsive+stationary_15,recorded_impulsive+stationary,15.0,False,True,0.7258973762086498,,ls:2007-149877-0052,17.630813598632812,17.80626678466797,0.961547011004332,2.71516752243042,3.128434516350913,3.465799237099821,2.633977267597052,0.46,
cascade:runs/prune/p10/best.pt,0027,recorded_impulsive+stationary_15,recorded_impulsive+stationary,15.0,False,False,8.811208233724718,,cvhi:common_voice_hi_24996687,11.548486709594727,11.28370475769043,0.9571238757935236,2.0610945224761963,2.746742628328546,3.72019141734176,2.4278787689675334,0.64,
cascade:runs/prune/p10/best.pt,0028,recorded_impulsive+stationary_15,recorded_impulsive+stationary,15.0,False,False,8.236258114951013,,ls:1081-128618-0008,17.831642150878906,19.372787475585938,0.9626272831874207,3.163721799850464,3.550132198844094,3.8269733757373325,3.1101881065614414,0.0,
cascade:runs/prune/p10/best.pt,0029,recorded_impulsive+stationary_15,recorded_impulsive+stationary,15.0,False,False,6.762834952722869,,cvhi:common_voice_hi_26131990,17.937183380126953,19.899185180664062,0.9538548559821398,3.2166547775268555,2.9339701615890013,3.936321703392415,2.6488385765044753,0.04,
cascade:runs/prune/p10/best.pt,0030,recorded_impulsive+stationary_15,recorded_impulsive+stationary,15.0,False,False,5.6926653350111565,,cvhi:common_voice_hi_34926867,16.6365966796875,16.549165725708008,0.9630228108036564,2.501544952392578,2.816403959849206,3.8436508014972697,2.5118784463131067,0.62,
cascade:runs/prune/p10/best.pt,0031,recorded_impulsive+stationary_15,recorded_impulsive+stationary,15.0,False,False,5.404293721479107,,cvhi:common_voice_hi_27749200,21.6481990814209,22.57925033569336,0.9651087268979043,3.7555489540100098,3.0320310188996977,3.530623989849478,2.520038612820816,0.12,
cascade:runs/prune/p10/best.pt,0032,recorded_impulsive+stationary_15,recorded_impulsive+stationary,15.0,False,False,4.197999303175708,,cvhi:common_voice_hi_26132044,19.611989974975586,24.21428680419922,0.9451852514971271,3.6239259243011475,2.9975661339249555,3.706247648129506,2.6150793835247668,0.2,
cascade:runs/prune/p10/best.pt,0033,recorded_impulsive+stationary_15,recorded_impulsive+stationary,15.0,False,False,9.823564766037752,,ls:2007-149877-0012,14.37838077545166,14.440088272094727,0.9510944204706293,2.322821617126465,3.299047396114472,3.6732634632343526,2.9084748245507885,0.02,
cascade:runs/prune/p10/best.pt,0034,recorded_impulsive+stationary_15,recorded_impulsive+stationary,15.0,False,True,6.656254921658039,,cvhi:common_voice_hi_24359412,17.223079681396484,17.77334976196289,0.9914762448302714,3.3141353130340576,3.261479503684778,3.1294438631205943,2.609532265941339,0.0,
cascade:runs/prune/p10/best.pt,0035,recorded_impulsive+stationary_15,recorded_impulsive+stationary,15.0,False,False,0.9955915706923664,,cvhi:common_voice_hi_26131168,18.623775482177734,19.747751235961914,0.983916329104061,2.733299970626831,3.3809356407537536,4.078800663529425,3.1050871765332335,0.0,
cascade:runs/prune/p10/best.pt,0036,recorded_impulsive+stationary_15,recorded_impulsive+stationary,15.0,False,False,11.507430684017315,,ls:2007-149877-0039,17.13789939880371,18.299772262573242,0.9782065614308563,2.9637749195098877,3.2360841676504446,3.6295607935125105,2.8355198652023708,0.06,
cascade:runs/prune/p10/best.pt,0037,recorded_impulsive+stationary_15,recorded_impulsive+stationary,15.0,False,False,-3.631872241895948,,ls:1081-125237-0079,19.964130401611328,19.976943969726562,0.9829835301106962,3.7987239360809326,3.446765752585451,4.014206781527395,3.1684783587328043,0.0,
cascade:runs/prune/p10/best.pt,0038,recorded_impulsive+stationary_15,recorded_impulsive+stationary,15.0,True,False,7.513687029972401,,ls:2007-132570-0051,18.34862518310547,18.57166290283203,0.9762345289325696,3.3325376510620117,3.5894245270231617,4.164977797683363,3.3425824948443617,0.0,
cascade:runs/prune/p10/best.pt,0039,recorded_impulsive+stationary_15,recorded_impulsive+stationary,15.0,False,True,3.7308180458649822,,ls:1081-125237-0088,15.284043312072754,15.191669464111328,0.9695617690722939,3.0280134677886963,3.307064339373927,3.193916444807647,2.678576698698153,0.0,
cascade:runs/prune/p10/best.pt,0000,recorded_impulsive+stationary_5,recorded_impulsive+stationary,5.0,True,False,10.57807447264571,,cvhi:common_voice_hi_26131360,9.287187576293945,10.95025634765625,0.8212411682773073,1.8027229309082031,2.3479762983994013,3.2600280545550233,1.9919969717363668,0.04,
cascade:runs/prune/p10/best.pt,0001,recorded_impulsive+stationary_5,recorded_impulsive+stationary,5.0,False,True,-3.0455670661165275,,ls:1081-125237-0010,11.430035591125488,11.27636432647705,0.8500313517056244,1.751177430152893,3.326686152451372,3.7792379977113777,2.9529872394515904,0.0,
cascade:runs/prune/p10/best.pt,0002,recorded_impulsive+stationary_5,recorded_impulsive+stationary,5.0,False,False,11.804773407375801,,cvhi:common_voice_hi_25188824,11.317338943481445,11.090153694152832,0.8240849083425226,1.5040332078933716,2.706939825847736,3.7363052951927527,2.3990074053011154,inf,
cascade:runs/prune/p10/best.pt,0003,recorded_impulsive+stationary_5,recorded_impulsive+stationary,5.0,False,False,3.8490944345051066,,cvhi:common_voice_hi_24973516,15.416913986206055,15.418477058410645,0.7129801737260341,1.7763571739196777,3.0699632088993236,3.904196334992087,2.7549818597072466,0.0,
cascade:runs/prune/p10/best.pt,0004,recorded_impulsive+stationary_5,recorded_impulsive+stationary,5.0,False,False,-3.609058526399968,,ls:1081-125237-0005,12.381743431091309,12.389703750610352,0.9234289886151561,2.638500928878784,3.4632526410680313,3.9663063098275115,3.1556995172877795,0.0,
cascade:runs/prune/p10/best.pt,0005,recorded_impulsive+stationary_5,recorded_impulsive+stationary,5.0,False,False,6.07953525874273,,cvhi:common_voice_hi_27860190,11.085728645324707,10.897842407226562,0.878841562252144,1.8271524906158447,2.640602789997241,3.635871509137342,2.2573867416348556,0.06,
cascade:runs/prune/p10/best.pt,0006,recorded_impulsive+stationary_5,recorded_impulsive+stationary,5.0,False,False,7.459787670138281,,cvhi:common_voice_hi_38227750,13.115006446838379,12.947580337524414,0.8711279715779285,2.4644203186035156,3.0069759445766966,3.9780743018067106,2.722320092953864,0.0,
cascade:runs/prune/p10/best.pt,0007,recorded_impulsive+stationary_5,recorded_impulsive+stationary,5.0,False,False,-4.341849242454137,,cvhi:common_voice_hi_26132190,13.06862735748291,13.158658981323242,0.8107055605211356,2.029613733291626,2.5510774904900346,3.812488046361424,2.2903132476910426,0.0,
cascade:runs/prune/p10/best.pt,0008,recorded_impulsive+stationary_5,recorded_impulsive+stationary,5.0,False,True,7.130336591507458,,ls:1081-125237-0065,13.041549682617188,13.001739501953125,0.8670333543686648,2.601351261138916,3.4061229046333805,3.8644611655517274,3.0821400504305854,0.0,
cascade:runs/prune/p10/best.pt,0009,recorded_impulsive+stationary_5,recorded_impulsive+stationary,5.0,False,False,-3.5031731472456618,,cvhi:common_voice_hi_24360507,13.389960289001465,13.518457412719727,0.9273793996601117,1.9331302642822266,2.0571195592608538,3.584013099078047,1.840352200146432,0.0,
cascade:runs/prune/p10/best.pt,0010,recorded_impulsive+stationary_5,recorded_impulsive+stationary,5.0,False,False,-2.632491366112652,,cvhi:common_voice_hi_36446528,16.69369888305664,16.728294372558594,0.9731738697211167,2.283597707748413,3.1027933718947662,3.8400212271145033,2.7584123788746533,0.44,
cascade:runs/prune/p10/best.pt,0011,recorded_impulsive+stationary_5,recorded_impulsive+stationary,5.0,False,False,6.00981551860861,,cvhi:common_voice_hi_26131771,17.3193359375,17.62403678894043,0.8187684754097952,1.7999621629714966,2.054392208292707,3.2722928182299893,1.7462324990657485,2.24,
cascade:runs/prune/p10/best.pt,0012,recorded_impulsive+stationary_5,recorded_impulsive+stationary,5.0,False,False,0.7788148059853466,,cvhi:common_voice_hi_24359438,11.911391258239746,11.745328903198242,0.9012344739892302,1.6895774602890015,3.3143905329980607,3.669838258461949,2.9047743019176355,0.0,
cascade:runs/prune/p10/best.pt,0013,recorded_impulsive+stationary_5,recorded_impulsive+stationary,5.0,False,False,-2.07457458781393,,ls:1926-147987-0017,12.26092529296875,11.995139122009277,0.9237660337208541,2.04705548286438,3.0516637850650676,3.3367748363999774,2.5459620514853616,0.0,
cascade:runs/prune/p10/best.pt,0014,recorded_impulsive+stationary_5,recorded_impulsive+stationary,5.0,False,True,-5.513656947795528,,ls:1926-143879-0041,17.80752182006836,17.85104751586914,0.9974974371514911,2.4224696159362793,3.590251607180558,4.078665893035077,3.294855137797437,0.0,
cascade:runs/prune/p10/best.pt,0015,recorded_impulsive+stationary_5,recorded_impulsive+stationary,5.0,False,False,4.778490246643948,,cvhi:common_voice_hi_24758518,13.421035766601562,13.559313774108887,0.9129491890011561,1.8687645196914673,3.062904365161291,3.6602672160786014,2.691690136883502,0.0,
cascade:runs/prune/p10/best.pt,0016,recorded_impulsive+stationary_5,recorded_impulsive+stationary,5.0,False,False,3.852446061849431,,cvhi:common_voice_hi_25150965,15.107343673706055,15.023284912109375,0.9835885346898846,2.942216157913208,3.295935231788569,4.078954957393821,3.0354707910992693,0.48,
cascade:runs/prune/p10/best.pt,0017,recorded_impulsive+stationary_5,recorded_impulsive+stationary,5.0,False,False,4.082017135147506,,cvhi:common_voice_hi_27761695,14.564836502075195,14.541529655456543,0.8429604996296148,2.381993055343628,2.851889030681393,3.554611522666014,2.3867602525193226,0.0,
cascade:runs/prune/p10/best.pt,0018,recorded_impulsive+stationary_5,recorded_impulsive+stationary,5.0,False,False,2.418320069622961,,ls:1081-125237-0031,12.196176528930664,11.92735481262207,0.8621975990846222,2.056417465209961,3.4947172055933087,3.879413912425318,3.1429682582968232,0.0,
cascade:runs/prune/p10/best.pt,0019,recorded_impulsive+stationary_5,recorded_impulsive+stationary,5.0,False,False,-5.176846138778696,,ls:1926-147979-0052,12.61415958404541,12.372724533081055,0.8934647083161001,2.2473034858703613,3.1780420710696786,3.686572891546456,2.7829956507454447,0.0,
cascade:runs/prune/p10/best.pt,0020,recorded_impulsive+stationary_5,recorded_impulsive+stationary,5.0,False,False,-1.2505858161355334,,cvhi:common_voice_hi_26131364,13.448408126831055,13.247576713562012,0.8277647977290352,2.001417636871338,2.431721756407729,3.413862029027888,2.1142513981855084,0.06,
cascade:runs/prune/p10/best.pt,0021,recorded_impulsive+stationary_5,recorded_impulsive+stationary,5.0,False,False,-5.798116043705258,,cvhi:common_voice_hi_25149632,12.743412017822266,12.509052276611328,0.936346776304982,2.172420024871826,2.8777120490664854,3.6067845948928365,2.4451549397607657,inf,
cascade:runs/prune/p10/best.pt,0022,recorded_impulsive+stationary_5,recorded_impulsive+stationary,5.0,False,False,-0.44915908705748286,,cvhi:common_voice_hi_27761540,11.926884651184082,12.157266616821289,0.880915014632649,2.3225038051605225,2.7932716705709812,3.991521474965433,2.48597450622337,0.0,
cascade:runs/prune/p10/best.pt,0023,recorded_impulsive+stationary_5,recorded_impulsive+stationary,5.0,True,False,-4.311098216203664,,ls:1081-125237-0063,8.929056167602539,10.093311309814453,0.9075061857406678,1.8472881317138672,3.4809604774421827,3.87416569818573,3.138532914997013,0.0,
cascade:runs/prune/p10/best.pt,0024,recorded_impulsive+stationary_5,recorded_impulsive+stationary,5.0,False,False,2.866780966049925,,cvhi:common_voice_hi_27761546,13.249324798583984,13.109322547912598,0.8220356070718897,2.2335638999938965,2.7597993641598846,4.027942953263935,2.4850177654460683,0.06,
cascade:runs/prune/p10/best.pt,0025,recorded_impulsive+stationary_5,recorded_impulsive+stationary,5.0,False,False,-4.836377046374713,,ls:1081-125237-0058,11.24658203125,10.965303421020508,0.9402454133139031,2.4424209594726562,2.922377427483019,2.811903849358107,2.1330186553678936,0.0,
cascade:runs/prune/p10/best.pt,0026,recorded_impulsive+stationary_5,recorded_impulsive+stationary,5.0,False,False,2.353729151488851,,cvhi:common_voice_hi_26151924,12.391960144042969,12.37398910522461,0.862312851709361,1.8738852739334106,2.692642831127092,3.8618938944934307,2.417031021308509,0.0,
cascade:runs/prune/p10/best.pt,0027,recorded_impulsive+stationary_5,recorded_impulsive+stationary,5.0,False,False,3.7497998855520702,,cvhi:common_voice_hi_27761556,13.687328338623047,13.932018280029297,0.8631911680638771,2.385924816131592,2.8491896360526385,3.9739668406918227,2.498976457154538,0.2,
cascade:runs/prune/p10/best.pt,0028,recorded_impulsive+stationary_5,recorded_impulsive+stationary,5.0,False,False,-3.4629987981004304,,ls:2007-149877-0008,12.286252975463867,12.418724060058594,0.9477025329949815,2.3014018535614014,3.185148833091249,3.955955072597254,2.904510166807768,0.0,
cascade:runs/prune/p10/best.pt,0029,recorded_impulsive+stationary_5,recorded_impulsive+stationary,5.0,False,False,3.489209750210728,,cvhi:common_voice_hi_27860244,13.372231483459473,13.301387786865234,0.944309388629646,2.9653260707855225,3.11843033625098,3.1014392800354162,2.497839110829084,0.0,
cascade:runs/prune/p10/best.pt,0030,recorded_impulsive+stationary_5,recorded_impulsive+stationary,5.0,False,False,10.70295882407499,,cvhi:common_voice_hi_24360598,13.743477821350098,13.651412963867188,0.901106278895861,1.7833771705627441,2.3584846288294834,3.345318454929347,2.0155352004150737,1.88,
cascade:runs/prune/p10/best.pt,0031,recorded_impulsive+stationary_5,recorded_impulsive+stationary,5.0,False,False,3.66494180123013,,cvhi:common_voice_hi_26053766,12.861003875732422,12.927898406982422,0.9658396849885191,2.5106844902038574,3.0068949854178424,4.0021353499324634,2.7731542269200897,0.0,
cascade:runs/prune/p10/best.pt,0032,recorded_impulsive+stationary_5,recorded_impulsive+stationary,5.0,False,False,-3.4795561671228414,,ls:1081-125237-0018,13.24842357635498,13.489343643188477,0.949422874362482,3.0232601165771484,3.4583782432416372,3.994050467427247,3.14704963184993,0.26,
cascade:runs/prune/p10/best.pt,0033,recorded_impulsive+stationary_5,recorded_impulsive+stationary,5.0,False,False,-2.6272155345617634,,cvhi:common_voice_hi_24359472,11.512474060058594,11.197587013244629,0.9044022879793113,1.7701972723007202,3.0866883070437865,3.662738629120903,2.699580148055303,0.0,
cascade:runs/prune/p10/best.pt,0034,recorded_impulsive+stationary_5,recorded_impulsive+stationary,5.0,False,False,4.468439512713083,,cvhi:common_voice_hi_23833331,13.920011520385742,13.942875862121582,0.8241426039701989,2.0794730186462402,2.952507440610108,2.7645120813467856,2.2131001083198605,0.0,
cascade:runs/prune/p10/best.pt,0035,recorded_impulsive+stationary_5,recorded_impulsive+stationary,5.0,False,False,11.937180057972114,,cvhi:common_voice_hi_24359450,12.645748138427734,12.415840148925781,0.9454689474486118,1.980973720550537,2.4640676981629595,3.633156368915161,2.187263261610028,0.0,
cascade:runs/prune/p10/best.pt,0036,recorded_impulsive+stationary_5,recorded_impulsive+stationary,5.0,False,False,1.089132897413223,,ls:1081-125237-0042,12.627313613891602,13.030691146850586,0.8517468027204894,2.444998264312744,2.9813849660870817,3.891484371673111,2.7200518959594975,0.0,
cascade:runs/prune/p10/best.pt,0037,recorded_impulsive+stationary_5,recorded_impulsive+stationary,5.0,False,False,7.01915923327579,,cvhi:common_voice_hi_35077962,12.032994270324707,13.181585311889648,0.895360466966038,1.648655652999878,2.660935873236864,3.6150223151218155,2.311227537677783,0.04,
cascade:runs/prune/p10/best.pt,0038,recorded_impulsive+stationary_5,recorded_impulsive+stationary,5.0,False,False,-3.71305104722095,,cvhi:common_voice_hi_27860348,16.230060577392578,16.838726043701172,0.9574056972572433,3.0731146335601807,3.364367866557618,4.064489831517076,3.0773886858011115,0.0,
cascade:runs/prune/p10/best.pt,0039,recorded_impulsive+stationary_5,recorded_impulsive+stationary,5.0,False,False,2.6070184108507615,,cvhi:common_voice_hi_26127929,13.115743637084961,12.929409980773926,0.9127271528021318,2.2278878688812256,2.922504688745548,3.943335272702986,2.6390932168132264,0.44,
cascade:runs/prune/p10/best.pt,0000,recorded_impulsive_-10,recorded_impulsive,-10.0,False,False,5.59403824567063,,ls:2007-149877-0031,9.809720993041992,9.356494903564453,0.8586435482764524,1.6594003438949585,3.3183787223744154,3.7413112321891084,2.8824821186046834,0.0,
cascade:runs/prune/p10/best.pt,0001,recorded_impulsive_-10,recorded_impulsive,-10.0,False,False,-1.0988526044587683,,ls:1926-147987-0020,10.951408386230469,10.817770004272461,0.7414202099993941,2.0090553760528564,3.2054488147874887,3.655874645308608,2.7725966352732163,0.0,
cascade:runs/prune/p10/best.pt,0002,recorded_impulsive_-10,recorded_impulsive,-10.0,False,False,7.494184765231138,,cvhi:common_voice_hi_25188957,6.1199188232421875,4.9425764083862305,0.7625685228478207,1.21664559841156,2.156969202484689,3.5067188836045187,1.8207676162420203,0.18,
cascade:runs/prune/p10/best.pt,0003,recorded_impulsive_-10,recorded_impulsive,-10.0,False,False,3.6970310399340622,,ls:2007-132570-0016,12.232632637023926,11.994643211364746,0.8008658050998386,1.7619001865386963,2.8432767426142656,3.5110971970209257,2.3174417383791974,0.12,
cascade:runs/prune/p10/best.pt,0004,recorded_impulsive_-10,recorded_impulsive,-10.0,False,False,4.472364652848256,,ls:1081-128618-0010,11.828985214233398,11.540872573852539,0.8174622872885507,1.4133071899414062,3.3752474432166397,3.8412304051089645,2.9823000332224496,0.0,
cascade:runs/prune/p10/best.pt,0005,recorded_impulsive_-10,recorded_impulsive,-10.0,False,False,5.501434014360628,,ls:1926-147979-0036,8.303727149963379,7.770650386810303,0.8305669736545892,1.4999014139175415,2.331363352010053,3.7006135768619313,2.1015196655650623,0.0,
cascade:runs/prune/p10/best.pt,0006,recorded_impulsive_-10,recorded_impulsive,-10.0,True,False,3.3086809654044007,,ls:2007-149877-0001,14.563741683959961,14.521795272827148,0.9714662282090472,2.3942370414733887,3.6446732518236185,4.084422349946892,3.3664016566765853,0.08,
cascade:runs/prune/p10/best.pt,0007,recorded_impulsive_-10,recorded_impulsive,-10.0,False,False,-0.8944548242405528,,ls:1926-147979-0049,9.127761840820312,8.56237506866455,0.8298121514509494,1.5335161685943604,2.6289079480644766,3.8175046034873814,2.1944716059732436,0.0,
cascade:runs/prune/p10/best.pt,0008,recorded_impulsive_-10,recorded_impulsive,-10.0,False,False,7.51962620467725,,cvhi:common_voice_hi_27761552,10.74837589263916,10.37006950378418,0.8449134618538213,1.713963270187378,2.6693947325325635,3.678391965116048,2.1126105748072668,0.2,
cascade:runs/prune/p10/best.pt,0009,recorded_impulsive_-10,recorded_impulsive,-10.0,False,False,11.901904546304507,,ls:1081-125237-0038,6.31679105758667,5.411012649536133,0.7727602580108676,2.006113052368164,3.4680768819276175,4.0668563253693435,3.1919737174337843,0.0,
cascade:runs/prune/p10/best.pt,0010,recorded_impulsive_-10,recorded_impulsive,-10.0,False,False,2.6452608222021787,,ls:1081-125237-0104,7.113765716552734,6.698343753814697,0.8649888301077507,1.5912468433380127,2.503872304881971,3.5130704247144697,2.1862313556907793,0.0,
cascade:runs/prune/p10/best.pt,0011,recorded_impulsive_-10,recorded_impulsive,-10.0,False,False,2.4918288056390363,,ls:2007-132570-0019,7.4825029373168945,6.631376266479492,0.7622717449120505,1.291893720626831,2.619615583457512,3.5736594951460523,2.27442232097929,0.0,
cascade:runs/prune/p10/best.pt,0012,recorded_impulsive_-10,recorded_impulsive,-10.0,False,False,6.8786944274966295,,cvhi:common_voice_hi_27860235,11.93435287475586,11.808699607849121,0.8961263777062259,2.097172260284424,2.5860529222300763,3.6492501168018174,2.0333743891822373,0.0,
cascade:runs/prune/p10/best.pt,0013,recorded_impulsive_-10,recorded_impulsive,-10.0,False,True,-1.95816376298459,,cvhi:common_voice_hi_26151976,6.305870056152344,5.345571517944336,0.8079423587084653,1.1605703830718994,2.819132053213096,3.6444895060823415,2.344577487143528,0.0,
cascade:runs/prune/p10/best.pt,0014,recorded_impulsive_-10,recorded_impulsive,-10.0,False,False,2.480313801215072,,cvhi:common_voice_hi_24359400,4.031502723693848,1.9525446891784668,0.7443702274170244,1.2377527952194214,2.6921938768303715,3.852871787352922,2.3936543532555836,0.0,
cascade:runs/prune/p10/best.pt,0015,recorded_impulsive_-10,recorded_impulsive,-10.0,False,False,5.749727367600727,,cvhi:common_voice_hi_35081218,16.50015640258789,16.788658142089844,0.9295708179300999,2.493349552154541,2.9636052501575665,3.763761410133843,2.4686376794005485,0.14,
cascade:runs/prune/p10/best.pt,0016,recorded_impulsive_-10,recorded_impulsive,-10.0,False,False,-2.4687307472544058,,cvhi:common_voice_hi_24359449,3.9427247047424316,1.699836015701294,0.6880331350497499,1.2000315189361572,1.4645394223867378,3.502240308843887,1.318910866105433,0.28,
cascade:runs/prune/p10/best.pt,0017,recorded_impulsive_-10,recorded_impulsive,-10.0,False,False,4.190906101980817,,cvhi:common_voice_hi_27761472,10.30070686340332,10.091667175292969,0.8407733541466138,1.461897373199463,2.271844980813935,3.938051669009094,1.9853640395535617,0.0,
cascade:runs/prune/p10/best.pt,0018,recorded_impulsive_-10,recorded_impulsive,-10.0,False,False,11.15687512119414,,cvhi:common_voice_hi_27749241,7.884525775909424,7.12074089050293,0.7298962162532312,1.581347942352295,2.689068064796964,3.8139108273921716,2.125122166821907,0.0,
cascade:runs/prune/p10/best.pt,0019,recorded_impulsive_-10,recorded_impulsive,-10.0,False,False,3.905005845117538,,cvhi:common_voice_hi_26127927,14.361668586730957,14.199715614318848,0.9089655753840782,1.81559419631958,3.256482060999277,3.847830301300492,2.827239921944622,0.0,
cascade:runs/prune/p10/best.pt,0020,recorded_impulsive_-10,recorded_impulsive,-10.0,False,False,8.158583690841448,,cvhi:common_voice_hi_38227750,12.382102966308594,12.136991500854492,0.8881186625250195,2.5679426193237305,3.216414345546644,3.8070155817135465,2.7080886900342307,0.0,
cascade:runs/prune/p10/best.pt,0021,recorded_impulsive_-10,recorded_impulsive,-10.0,False,False,-2.980719633087154,,cvhi:common_voice_hi_27860162,7.3488616943359375,6.46700382232666,0.7973057916871431,1.288985252380371,2.6551773835788204,3.689277847145969,2.195110541187655,0.0,
cascade:runs/prune/p10/best.pt,0022,recorded_impulsive_-10,recorded_impulsive,-10.0,True,False,-1.8319183624278645,,cvhi:common_voice_hi_24359483,12.050613403320312,11.77120590209961,0.9032028423157016,2.0971407890319824,3.2966499190267347,4.039742517271819,2.9674119566658983,1.12,
cascade:runs/prune/p10/best.pt,0023,recorded_impulsive_-10,recorded_impulsive,-10.0,False,False,3.794419239955813,,ls:1926-147979-0005,8.861153602600098,8.25918197631836,0.8263671188097508,1.5814528465270996,2.6099074208416058,3.883770710911813,2.3643771252714103,0.04,
cascade:runs/prune/p10/best.pt,0024,recorded_impulsive_-10,recorded_impulsive,-10.0,False,False,1.6454505404983166,,cvhi:common_voice_hi_24359473,12.13609790802002,11.946331024169922,0.9248733241920865,1.7942752838134766,3.156689682540918,3.7243097816709643,2.767489291908926,0.0,
cascade:runs/prune/p10/best.pt,0025,recorded_impulsive_-10,recorded_impulsive,-10.0,False,False,-5.716536190196405,,cvhi:common_voice_hi_35078369,17.279720306396484,18.586231231689453,0.9579769086232647,2.3338778018951416,3.0226442759073513,3.852226851029318,2.576689111317053,0.0,
cascade:runs/prune/p10/best.pt,0026,recorded_impulsive_-10,recorded_impulsive,-10.0,False,False,11.539909496463327,,cvhi:common_voice_hi_25150966,12.6566162109375,12.536893844604492,0.9352737395122388,1.9578782320022583,3.1310208630617735,3.477266644805444,2.628152491885746,0.0,
cascade:runs/prune/p10/best.pt,0027,recorded_impulsive_-10,recorded_impulsive,-10.0,False,False,5.869961358690597,,cvhi:common_voice_hi_27749267,11.794044494628906,11.668130874633789,0.9447160238576869,2.17415189743042,2.7175370214537744,3.8760847594042556,2.362952152725067,0.02,
cascade:runs/prune/p10/best.pt,0028,recorded_impulsive_-10,recorded_impulsive,-10.0,False,False,-0.5996815356037315,,ls:1081-125237-0066,6.91215705871582,5.98787260055542,0.8415633413986527,1.580052375793457,3.0666072154016946,3.6338304935518346,2.6788665109068317,0.0,
cascade:runs/prune/p10/best.pt,0029,recorded_impulsive_-10,recorded_impulsive,-10.0,False,False,-0.9467302899572303,,ls:1081-125237-0055,10.076761245727539,9.795331001281738,0.8984514916774071,1.8700380325317383,3.482763108597893,4.060449538718157,3.1924357092456797,0.0,
cascade:runs/prune/p10/best.pt,0030,recorded_impulsive_-10,recorded_impulsive,-10.0,False,False,10.770650311523774,,cvhi:common_voice_hi_27749214,12.89492416381836,13.197871208190918,0.8061053978624787,1.9488215446472168,2.840299136027631,3.512490315140811,2.30819703037181,0.0,
cascade:runs/prune/p10/best.pt,0031,recorded_impulsive_-10,recorded_impulsive,-10.0,True,False,8.183329641750369,,cvhi:common_voice_hi_25150966,9.569952964782715,9.068323135375977,0.9146144490162916,1.962040662765503,2.9371955826427327,3.3963673062711823,2.503932678040955,0.0,
cascade:runs/prune/p10/best.pt,0032,recorded_impulsive_-10,recorded_impulsive,-10.0,False,True,11.552977245680292,,cvhi:common_voice_hi_27749175,10.643665313720703,10.380934715270996,0.8925080293122867,2.122974157333374,2.643849173912072,3.6276235264369676,2.187271231403806,0.3,
cascade:runs/prune/p10/best.pt,0033,recorded_impulsive_-10,recorded_impulsive,-10.0,False,False,2.9900164492208443,,ls:1926-143879-0014,10.307840347290039,10.327766418457031,0.8628046769801555,1.8991496562957764,2.5069805283470274,3.7936463127438556,2.033937033390122,0.0,
cascade:runs/prune/p10/best.pt,0034,recorded_impulsive_-10,recorded_impulsive,-10.0,False,False,-1.06803677081035,,cvhi:common_voice_hi_26132192,9.614356994628906,9.111889839172363,0.7620805052134159,1.4967162609100342,2.974928250803979,3.877577917646655,2.5557917538233847,0.0,
cascade:runs/prune/p10/best.pt,0035,recorded_impulsive_-10,recorded_impulsive,-10.0,False,False,0.937260242776734,,cvhi:common_voice_hi_23833319,11.290704727172852,11.242469787597656,0.8061257876423908,1.7512037754058838,2.9656809989430686,3.8039948263778323,2.6278221600611613,0.0,
cascade:runs/prune/p10/best.pt,0036,recorded_impulsive_-10,recorded_impulsive,-10.0,False,False,0.15698281303924944,,cvhi:common_voice_hi_26131739,13.836474418640137,14.262306213378906,0.8202448440975322,1.746161699295044,2.9708712851679375,4.017173938076251,2.6348490702974665,0.3,
cascade:runs/prune/p10/best.pt,0037,recorded_impulsive_-10,recorded_impulsive,-10.0,False,False,9.332792673763397,,cvhi:common_voice_hi_26131960,10.00892162322998,9.694120407104492,0.7651448138955511,1.778380036354065,2.3991769480856906,3.8223431545793805,2.132867529014088,0.5,
cascade:runs/prune/p10/best.pt,0038,recorded_impulsive_-10,recorded_impulsive,-10.0,False,False,6.458814260211355,,cvhi:common_voice_hi_26152011,26.404447555541992,28.082901000976562,0.9998993811555392,4.135965347290039,3.367015981547375,4.068463680353388,3.052522349709131,0.18,
cascade:runs/prune/p10/best.pt,0039,recorded_impulsive_-10,recorded_impulsive,-10.0,False,False,1.613934688253404,,cvhi:common_voice_hi_26151856,8.797933578491211,8.350156784057617,0.7868499531852191,1.4574559926986694,2.868244180511312,3.920332737992143,2.4508812494832912,0.26,
cascade:runs/prune/p10/best.pt,0000,recorded_impulsive_-5,recorded_impulsive,-5.0,False,False,-2.8502372473741913,,cvhi:common_voice_hi_37398692,14.794307708740234,14.654069900512695,0.7321656080315179,1.704254150390625,1.7721906290197236,3.1271859758899154,1.460225343486049,0.0,
cascade:runs/prune/p10/best.pt,0001,recorded_impulsive_-5,recorded_impulsive,-5.0,False,False,6.203289531492768,,cvhi:common_voice_hi_23796067,11.269403457641602,11.026195526123047,0.8909380421598765,1.832653284072876,3.1429925805426113,4.028087679593559,2.8536426981833953,0.0,
cascade:runs/prune/p10/best.pt,0002,recorded_impulsive_-5,recorded_impulsive,-5.0,False,False,2.006790961166633,,cvhi:common_voice_hi_23795361,11.122794151306152,11.15639877319336,0.8141013148292288,1.4976274967193604,2.884050302564615,3.964521793031902,2.57318561939804,0.0,
cascade:runs/prune/p10/best.pt,0003,recorded_impulsive_-5,recorded_impulsive,-5.0,False,False,-5.815581975195347,,cvhi:common_voice_hi_26127972,14.174459457397461,14.146163940429688,0.8720590391876006,2.0485832691192627,2.7910692663679924,3.645575117965273,2.388817540593902,0.0,
cascade:runs/prune/p10/best.pt,0004,recorded_impulsive_-5,recorded_impulsive,-5.0,False,False,-3.45106452578833,,cvhi:common_voice_hi_24359483,9.984358787536621,9.549603462219238,0.9281436316027607,1.9036139249801636,3.0248203103463895,3.964694130934677,2.6848381008474007,0.48,
cascade:runs/prune/p10/best.pt,0005,recorded_impulsive_-5,recorded_impulsive,-5.0,False,False,-2.709463837687795,,cvhi:common_voice_hi_24225980,16.697978973388672,16.661602020263672,0.9388986402621002,2.1719276905059814,3.333276267111813,4.01618069463777,3.001744059025373,0.0,
cascade:runs/prune/p10/best.pt,0006,recorded_impulsive_-5,recorded_impulsive,-5.0,False,False,0.2320071371486998,,cvhi:common_voice_hi_26088251,6.824389457702637,5.879844665527344,0.7352432122135975,1.3759931325912476,3.136568396893266,4.023562734521269,2.874745144690707,0.18,
cascade:runs/prune/p10/best.pt,0007,recorded_impulsive_-5,recorded_impulsive,-5.0,False,False,0.9899494624314276,,ls:2007-149877-0006,18.934232711791992,18.880033493041992,0.9567276711668037,2.5287182331085205,3.411514297098674,3.8140294975364872,2.998828836134326,0.0,
cascade:runs/prune/p10/best.pt,0008,recorded_impulsive_-5,recorded_impulsive,-5.0,False,False,7.12127961986835,,cvhi:common_voice_hi_26131883,13.08215045928955,13.757198333740234,0.8784298376239421,1.5258398056030273,2.372417915271673,3.418401455403781,1.9191118713974282,0.4,
cascade:runs/prune/p10/best.pt,0009,recorded_impulsive_-5,recorded_impulsive,-5.0,False,False,-2.7409158609322777,,cvhi:common_voice_hi_26132091,13.236594200134277,13.036469459533691,0.8839507462404388,2.0124831199645996,3.146765121540522,3.9261216132295536,2.818254778621512,0.34,
cascade:runs/prune/p10/best.pt,0010,recorded_impulsive_-5,recorded_impulsive,-5.0,False,False,-3.9101284100323586,,cvhi:common_voice_hi_24758348,11.241317749023438,10.906342506408691,0.8758661559203204,1.7525302171707153,3.025079756197584,3.945451628799159,2.713357311609205,0.0,
cascade:runs/prune/p10/best.pt,0011,recorded_impulsive_-5,recorded_impulsive,-5.0,False,False,9.100910309892628,,ls:1081-125237-0050,7.398604393005371,6.608949661254883,0.8783122296704866,1.8221192359924316,3.3334992102822483,3.843737199902197,2.987507281121456,0.0,
cascade:runs/prune/p10/best.pt,0012,recorded_impulsive_-5,recorded_impulsive,-5.0,False,False,-0.8092189735838611,,cvhi:common_voice_hi_27860132,11.585258483886719,11.278650283813477,0.8850940982027214,1.6317206621170044,2.9078622842920927,3.8623077572053806,2.524965725232379,0.42,
cascade:runs/prune/p10/best.pt,0013,recorded_impulsive_-5,recorded_impulsive,-5.0,False,False,2.408210026122198,,cvhi:common_voice_hi_24225982,9.781869888305664,9.329482078552246,0.8910700390753913,1.7599231004714966,2.9174542798041276,3.56841973229819,2.5287745876661862,0.0,
cascade:runs/prune/p10/best.pt,0014,recorded_impulsive_-5,recorded_impulsive,-5.0,False,False,-2.365855740559089,,ls:1926-147979-0016,9.265791893005371,8.718415260314941,0.8823304757082387,1.6780601739883423,2.3174974699058395,3.4233732469092373,1.9995861178614822,0.0,
cascade:runs/prune/p10/best.pt,0015,recorded_impulsive_-5,recorded_impulsive,-5.0,True,False,1.763849829960277,,cvhi:common_voice_hi_27749265,6.615757942199707,5.912030220031738,0.7410903756579879,1.4529916048049927,2.8856251837790605,3.6943685779593576,2.481515864760328,0.1,
cascade:runs/prune/p10/best.pt,0016,recorded_impulsive_-5,recorded_impulsive,-5.0,True,False,6.450235079181391,,cvhi:common_voice_hi_25150843,10.662332534790039,10.289267539978027,0.8806905554220325,1.8958579301834106,3.062204757993243,3.998965082398805,2.7142621946021475,0.0,
cascade:runs/prune/p10/best.pt,0017,recorded_impulsive_-5,recorded_impulsive,-5.0,False,False,-0.903214034979424,,cvhi:common_voice_hi_26131260,16.588899612426758,19.438899993896484,0.9363779295946394,2.2387330532073975,3.093101911590245,3.815523945471873,2.7361005633489626,0.0,
cascade:runs/prune/p10/best.pt,0018,recorded_impulsive_-5,recorded_impulsive,-5.0,False,False,1.2747650742796592,,cvhi:common_voice_hi_27860358,10.51999568939209,10.143584251403809,0.8164470585948853,1.6924285888671875,3.0989721364006275,3.218256300117241,2.460556633418042,0.0,
cascade:runs/prune/p10/best.pt,0019,recorded_impulsive_-5,recorded_impulsive,-5.0,False,False,6.978272125691882,,cvhi:common_voice_hi_26088194,13.088577270507812,13.172898292541504,0.9050586557801024,1.8583252429962158,3.030898780266942,3.904907988185153,2.6808457719858465,0.2,
cascade:runs/prune/p10/best.pt,0020,recorded_impulsive_-5,recorded_impulsive,-5.0,True,False,-4.0135060045899085,,cvhi:common_voice_hi_24359446,14.775217056274414,14.66511344909668,0.9586883947639,2.535858631134033,3.246793101269003,3.8446200830535204,2.890791171498257,0.18,
cascade:runs/prune/p10/best.pt,0021,recorded_impulsive_-5,recorded_impulsive,-5.0,False,False,3.0665256837681643,,ls:1926-147979-0039,9.023019790649414,8.443120002746582,0.795933933733129,1.4645190238952637,2.6109231945132425,3.684790660838523,2.2785837499418284,0.0,
cascade:runs/prune/p10/best.pt,0022,recorded_impulsive_-5,recorded_impulsive,-5.0,False,True,-5.8866910120749445,,ls:2007-132570-0012,15.51054573059082,15.61444091796875,0.8853361681156596,2.309201717376709,3.1474201567487983,3.9032301050165206,2.7876058790501363,0.16,
cascade:runs/prune/p10/best.pt,0023,recorded_impulsive_-5,recorded_impulsive,-5.0,False,False,2.0951611727581714,,cvhi:common_voice_hi_37630598,7.300970554351807,6.406338214874268,0.8302736530390615,1.3800313472747803,2.338872941708939,3.7842091088815417,2.0337749387681967,0.18,
cascade:runs/prune/p10/best.pt,0024,recorded_impulsive_-5,recorded_impulsive,-5.0,False,False,9.363682689805838,,ls:1926-147987-0004,10.459532737731934,10.36822509765625,0.9256719419675598,2.1850662231445312,3.1533776811354306,3.4058226061192074,2.6383828631287543,0.0,
cascade:runs/prune/p10/best.pt,0025,recorded_impulsive_-5,recorded_impulsive,-5.0,False,False,3.393081700309617,,cvhi:common_voice_hi_26131775,4.09881067276001,2.487349510192871,0.7427225698704552,1.3973075151443481,2.532962170032778,2.9532549846673586,1.938319514315566,0.0,
cascade:runs/prune/p10/best.pt,0026,recorded_impulsive_-5,recorded_impulsive,-5.0,False,False,7.6705400569632385,,cvhi:common_voice_hi_26131260,13.516111373901367,13.425666809082031,0.7967373512058248,1.692884087562561,2.93595518364719,3.929702971432568,2.6248625816304125,0.4,
cascade:runs/prune/p10/best.pt,0027,recorded_impulsive_-5,recorded_impulsive,-5.0,False,False,10.008759201191229,,ls:1926-147979-0030,12.102484703063965,11.84455680847168,0.8953037731821292,1.9826381206512451,3.372523573510578,3.935325798148291,3.041466586142021,0.34,
cascade:runs/prune/p10/best.pt,0028,recorded_impulsive_-5,recorded_impulsive,-5.0,False,False,-3.7672862944784598,,cvhi:common_voice_hi_27749288,13.03642463684082,13.10899543762207,0.8789803171232363,2.2379727363586426,2.708787030180709,4.005592956599642,2.3387656780449326,0.0,
cascade:runs/prune/p10/best.pt,0029,recorded_impulsive_-5,recorded_impulsive,-5.0,False,False,3.299880223457798,,cvhi:common_voice_hi_27860261,15.945419311523438,15.84127426147461,0.9171802628404665,2.3387086391448975,3.173206651783685,4.008887779417782,2.8438361308357845,0.1,
cascade:runs/prune/p10/best.pt,0030,recorded_impulsive_-5,recorded_impulsive,-5.0,False,False,3.9686939616730523,,ls:2007-132570-0057,12.683892250061035,12.579658508300781,0.8795733584810448,2.4419777393341064,2.883676297926786,3.5508357960344097,2.486852349249851,0.08,
cascade:runs/prune/p10/best.pt,0031,recorded_impulsive_-5,recorded_impulsive,-5.0,False,False,5.904183502725189,,cvhi:common_voice_hi_24359482,18.681747436523438,19.6303768157959,0.99433452342759,3.3117494583129883,3.3255907215904137,3.907560191497913,3.0052125284203215,0.0,
cascade:runs/prune/p10/best.pt,0032,recorded_impulsive_-5,recorded_impulsive,-5.0,False,False,11.457279061684712,,cvhi:common_voice_hi_24758518,14.598602294921875,14.944915771484375,0.9378841366406594,2.2480452060699463,3.2917209940228953,3.950652634604162,2.990614630398735,0.16,
cascade:runs/prune/p10/best.pt,0033,recorded_impulsive_-5,recorded_impulsive,-5.0,False,False,8.336141092652499,,cvhi:common_voice_hi_26131771,11.377504348754883,11.049919128417969,0.7671553574435543,1.9459288120269775,2.6518375032437995,3.7427562552368183,2.2880649355454437,1.3,
cascade:runs/prune/p10/best.pt,0034,recorded_impulsive_-5,recorded_impulsive,-5.0,False,False,-2.991457079837151,,ls:2007-149877-0031,12.399322509765625,12.592529296875,0.816808826423618,1.6212728023529053,2.537063946078047,3.822411532006787,2.196452577047096,0.2,
cascade:runs/prune/p10/best.pt,0035,recorded_impulsive_-5,recorded_impulsive,-5.0,False,False,-3.0458486536193465,,cvhi:common_voice_hi_24225937,11.665388107299805,11.365293502807617,0.936738844222722,2.158717155456543,3.3732205483174367,3.669620901428999,2.8953939924062766,0.0,
cascade:runs/prune/p10/best.pt,0036,recorded_impulsive_-5,recorded_impulsive,-5.0,False,False,5.519030815821562,,cvhi:common_voice_hi_27860132,13.926443099975586,14.201881408691406,0.9464862764052799,2.1475226879119873,2.926084218511223,4.008933566056614,2.5244658148818346,0.0,
cascade:runs/prune/p10/best.pt,0037,recorded_impulsive_-5,recorded_impulsive,-5.0,True,False,11.369279052781689,,cvhi:common_voice_hi_27749305,7.562838077545166,6.728065013885498,0.6951628502085436,1.461085319519043,1.9607890986116856,3.770399558443616,1.7097406628194407,0.02,
cascade:runs/prune/p10/best.pt,0038,recorded_impulsive_-5,recorded_impulsive,-5.0,False,False,-5.197262040461191,,ls:2007-149877-0034,9.937376976013184,9.61406135559082,0.8274620047118157,1.7155441045761108,2.802618900139044,3.7299732209901375,2.4840336554104208,0.0,
cascade:runs/prune/p10/best.pt,0039,recorded_impulsive_-5,recorded_impulsive,-5.0,False,False,5.439618391576001,,cvhi:common_voice_hi_27860358,12.195489883422852,11.97227954864502,0.935642681651073,2.474656581878662,2.9258032732180927,3.662861369382873,2.4888529230674727,0.2,
cascade:runs/prune/p10/best.pt,0000,recorded_impulsive_0,recorded_impulsive,0.0,False,False,0.6395732765201174,,cvhi:common_voice_hi_24758516,22.584535598754883,22.872634887695312,0.9847891353108503,2.9537250995635986,3.2239880184476513,3.9635690670466666,2.9192151361234115,0.0,
cascade:runs/prune/p10/best.pt,0001,recorded_impulsive_0,recorded_impulsive,0.0,False,False,-5.031612779190061,,cvhi:common_voice_hi_27761728,20.516836166381836,21.605602264404297,0.9851409148916774,3.398737668991089,3.4414649958739787,3.9899942646611457,3.1301450667006954,0.2,
cascade:runs/prune/p10/best.pt,0002,recorded_impulsive_0,recorded_impulsive,0.0,True,False,3.2893634127776323,,ls:2007-132570-0016,24.401500701904297,25.140308380126953,0.9967310663036276,3.779339075088501,3.3871008618859855,4.004329842384661,2.998530585945651,0.18,
cascade:runs/prune/p10/best.pt,0003,recorded_impulsive_0,recorded_impulsive,0.0,False,False,-1.9616061860950387,,cvhi:common_voice_hi_27761591,16.194726943969727,16.193138122558594,0.9434460989835346,2.5777149200439453,3.0604367702848414,3.8265293804645237,2.6638701944136627,0.0,
cascade:runs/prune/p10/best.pt,0004,recorded_impulsive_0,recorded_impulsive,0.0,False,False,9.126660598877923,,ls:1081-128618-0006,17.592117309570312,17.90645980834961,0.8381269393899601,3.090029001235962,3.584326387308947,4.069209920549746,3.308402149375667,0.0,
cascade:runs/prune/p10/best.pt,0005,recorded_impulsive_0,recorded_impulsive,0.0,False,False,3.004696961089282,,ls:1081-125237-0108,12.387423515319824,12.442447662353516,0.9402903717672039,2.2933461666107178,3.489683199947406,3.944083716697868,3.163992905428132,0.0,
cascade:runs/prune/p10/best.pt,0006,recorded_impulsive_0,recorded_impulsive,0.0,False,True,6.690369820181859,,cvhi:common_voice_hi_26088250,14.595073699951172,14.470525741577148,0.8784134788137391,2.002188205718994,2.720887192229845,3.4836414064085557,2.317633168116648,0.2,
cascade:runs/prune/p10/best.pt,0007,recorded_impulsive_0,recorded_impulsive,0.0,False,False,11.227153637244491,,cvhi:common_voice_hi_24359440,7.57162618637085,6.737942695617676,0.8527719251741117,1.4849942922592163,2.2055983248153903,3.3980319973556115,1.8829435180758591,inf,
cascade:runs/prune/p10/best.pt,0008,recorded_impulsive_0,recorded_impulsive,0.0,False,False,9.777456350270086,,cvhi:common_voice_hi_27761521,13.991262435913086,14.2106294631958,0.8482584477306115,2.047072410583496,2.63758553719803,3.9001502799518244,2.333664217482325,0.0,
cascade:runs/prune/p10/best.pt,0009,recorded_impulsive_0,recorded_impulsive,0.0,False,False,9.881606787841024,,cvhi:common_voice_hi_27749294,14.425247192382812,14.285012245178223,0.9189681371300689,2.818592071533203,2.8574531860568637,3.496631710027027,2.302150419434622,inf,
cascade:runs/prune/p10/best.pt,0010,recorded_impulsive_0,recorded_impulsive,0.0,True,False,1.3702753779345906,,ls:2007-149877-0005,11.926680564880371,11.753194808959961,0.8856308833351578,1.964275598526001,2.9852083924635053,3.5504643448297646,2.5980261363591866,0.0,
cascade:runs/prune/p10/best.pt,0011,recorded_impulsive_0,recorded_impulsive,0.0,False,False,-3.392233592393631,,cvhi:common_voice_hi_26131829,14.000885009765625,13.830038070678711,0.7767004383841402,1.676749587059021,2.862744136851714,3.7761053178888773,2.4386926570598284,0.0,
cascade:runs/prune/p10/best.pt,0012,recorded_impulsive_0,recorded_impulsive,0.0,False,False,3.2236178706499263,,cvhi:common_voice_hi_27761473,18.162960052490234,18.104175567626953,0.9088363500971306,2.4427294731140137,3.010922291290325,3.9892812837975242,2.6777808656359565,0.0,
cascade:runs/prune/p10/best.pt,0013,recorded_impulsive_0,recorded_impulsive,0.0,False,False,-4.37554822555365,,cvhi:common_voice_hi_24359444,14.159378051757812,14.742033004760742,0.9798277303451199,2.927659034729004,3.299164418934492,4.01220508302851,3.040790070740198,0.04,
cascade:runs/prune/p10/best.pt,0014,recorded_impulsive_0,recorded_impulsive,0.0,False,False,-3.221482714220839,,cvhi:common_voice_hi_25149666,11.313862800598145,11.183578491210938,0.938729610237573,1.7277305126190186,3.319743153974246,3.519685718310706,2.8149708719958424,0.0,
cascade:runs/prune/p10/best.pt,0015,recorded_impulsive_0,recorded_impulsive,0.0,False,False,-2.8493840640318044,,ls:1081-125237-0092,11.00883960723877,11.300195693969727,0.9131772224061155,2.713750123977661,3.5468567267207805,4.130395364778912,3.2874526303632345,0.0,
cascade:runs/prune/p10/best.pt,0016,recorded_impulsive_0,recorded_impulsive,0.0,True,False,2.953222728601558,,cvhi:common_voice_hi_24973515,10.30101203918457,9.906685829162598,0.8403239692598956,1.8282780647277832,2.690998273537842,3.6910671016806047,2.3790294137216743,0.6,
cascade:runs/prune/p10/best.pt,0017,recorded_impulsive_0,recorded_impulsive,0.0,False,False,9.043465306142059,,ls:1926-143879-0018,11.947145462036133,11.761818885803223,0.8884287824351903,2.1508305072784424,3.4239937969175416,3.6309955555920324,2.9512001535244177,0.0,
cascade:runs/prune/p10/best.pt,0018,recorded_impulsive_0,recorded_impulsive,0.0,False,False,-5.647976860770622,,ls:1926-147979-0009,16.530338287353516,17.826969146728516,0.9793731971620672,3.4319112300872803,3.502415317524574,3.963405852544571,3.1550162451102777,0.0,
cascade:runs/prune/p10/best.pt,0019,recorded_impulsive_0,recorded_impulsive,0.0,False,False,-2.3536076375911,,cvhi:common_voice_hi_24758349,16.254335403442383,16.781394958496094,0.9775321936319245,1.981081247329712,3.252430263359729,3.886940977228601,2.907842195179137,0.0,
cascade:runs/prune/p10/best.pt,0020,recorded_impulsive_0,recorded_impulsive,0.0,False,False,-2.6339431124245865,,cvhi:common_voice_hi_26132091,10.63003158569336,10.38631820678711,0.7794461051167415,1.5650746822357178,3.2049597304839343,3.7466264305316104,2.7928222477909905,0.0,
cascade:runs/prune/p10/best.pt,0021,recorded_impulsive_0,recorded_impulsive,0.0,False,False,3.3607554641203397,,cvhi:common_voice_hi_25188956,13.877935409545898,14.103090286254883,0.8566261838795196,1.6443262100219727,2.650842200059967,3.758055909227572,2.3452843390402154,0.0,
cascade:runs/prune/p10/best.pt,0022,recorded_impulsive_0,recorded_impulsive,0.0,False,False,-0.5221488633020073,,cvhi:common_voice_hi_26088236,13.547830581665039,13.534002304077148,0.8885838070219971,2.0664024353027344,2.8248810282199255,3.8329295178333593,2.457454366259896,0.0,
cascade:runs/prune/p10/best.pt,0023,recorded_impulsive_0,recorded_impulsive,0.0,False,False,2.4352508980311125,,cvhi:common_voice_hi_25150966,15.695671081542969,15.678634643554688,0.9684766689637887,2.560161590576172,3.1109921558281703,3.6341497863416237,2.694864507126496,0.0,
cascade:runs/prune/p10/best.pt,0024,recorded_impulsive_0,recorded_impulsive,0.0,False,False,0.8838808686609152,,cvhi:common_voice_hi_24038973,18.81058120727539,18.775074005126953,0.8967464000647096,1.8866029977798462,2.7950203690088067,4.027990550175853,2.559398751818306,0.0,
cascade:runs/prune/p10/best.pt,0025,recorded_impulsive_0,recorded_impulsive,0.0,False,False,4.278156528056105,,cvhi:common_voice_hi_24360525,19.10129165649414,19.149538040161133,0.9786733313522887,2.9803857803344727,2.9681949054534793,3.7082360735635147,2.61780341039045,0.16,
cascade:runs/prune/p10/best.pt,0026,recorded_impulsive_0,recorded_impulsive,0.0,False,False,1.5147441655693132,,ls:2007-149877-0038,14.60222339630127,14.456863403320312,0.9557597632814896,2.4380810260772705,3.306488848686736,3.8853772401168385,2.984594306180913,0.26,
cascade:runs/prune/p10/best.pt,0027,recorded_impulsive_0,recorded_impulsive,0.0,False,False,2.392645666027052,,cvhi:common_voice_hi_25907701,10.009662628173828,9.630475997924805,0.8950766308198382,2.0982182025909424,2.7337524817483736,3.979173151841704,2.4450780701789947,0.0,
cascade:runs/prune/p10/best.pt,0028,recorded_impulsive_0,recorded_impulsive,0.0,False,False,4.771127163013938,,cvhi:common_voice_hi_24038975,14.400131225585938,14.658622741699219,0.9146379561346037,1.7026214599609375,2.9586513047752585,3.3068598809709324,2.3559275383036478,0.0,
cascade:runs/prune/p10/best.pt,0029,recorded_impulsive_0,recorded_impulsive,0.0,False,False,0.7750504638370028,,cvhi:common_voice_hi_26018235,12.210128784179688,12.539236068725586,0.8826904383332821,1.6624250411987305,2.3533846592610694,3.4706528851388145,1.9845567267528292,0.18,
cascade:runs/prune/p10/best.pt,0030,recorded_impulsive_0,recorded_impulsive,0.0,False,False,5.028789228961006,,cvhi:common_voice_hi_27641130,12.587470054626465,12.346148490905762,0.7989760346076621,1.932579755783081,2.985109306364417,3.9428885504283473,2.6563758295400937,1.26,
cascade:runs/prune/p10/best.pt,0031,recorded_impulsive_0,recorded_impulsive,0.0,False,False,9.591597119681897,,cvhi:common_voice_hi_26088235,17.35715103149414,18.452028274536133,0.8573998002953441,2.608386993408203,2.8964287931307813,3.9288656720963875,2.60071071845489,0.0,
cascade:runs/prune/p10/best.pt,0032,recorded_impulsive_0,recorded_impulsive,0.0,True,False,11.109649132571075,,ls:1926-147979-0011,14.569280624389648,14.436744689941406,0.9464805004736698,2.3824493885040283,3.180046161643716,3.3360111944159105,2.6457123234286932,0.34,
cascade:runs/prune/p10/best.pt,0033,recorded_impulsive_0,recorded_impulsive,0.0,False,False,6.05000704877051,,cvhi:common_voice_hi_26131988,15.911006927490234,15.810815811157227,0.8690869672400358,2.048605442047119,2.847736040446899,3.799891820129692,2.506129129471219,0.0,
cascade:runs/prune/p10/best.pt,0034,recorded_impulsive_0,recorded_impulsive,0.0,True,False,5.187672412716545,,cvhi:common_voice_hi_24359433,12.680866241455078,12.440544128417969,0.9203056227872005,1.9490817785263062,2.9872277467662145,3.849827634876733,2.6743905552545715,0.0,
cascade:runs/prune/p10/best.pt,0035,recorded_impulsive_0,recorded_impulsive,0.0,False,False,7.633033030194092,,ls:1926-147987-0020,14.549726486206055,14.604715347290039,0.7034216394928404,2.2941033840179443,3.2012737382509213,3.4496490775677526,2.6622811507835786,0.18,
cascade:runs/prune/p10/best.pt,0036,recorded_impulsive_0,recorded_impulsive,0.0,False,False,-3.0270393360507386,,ls:1081-125237-0044,13.347262382507324,13.169633865356445,0.9753322538382426,3.560767889022827,3.57812243690064,3.6039940684144334,3.070154060818321,0.0,
cascade:runs/prune/p10/best.pt,0037,recorded_impulsive_0,recorded_impulsive,0.0,False,False,4.535027558245385,,ls:2007-149877-0035,10.282978057861328,9.892361640930176,0.9231568502291699,2.0197250843048096,2.878077090002081,3.4505229909947066,2.442250800608215,0.14,
cascade:runs/prune/p10/best.pt,0038,recorded_impulsive_0,recorded_impulsive,0.0,False,False,10.26859951230827,,cvhi:common_voice_hi_27749309,18.08795738220215,18.020475387573242,0.9237067106996286,2.6176016330718994,3.2419503442861806,3.888917962808497,2.8675890952071064,1.48,
cascade:runs/prune/p10/best.pt,0039,recorded_impulsive_0,recorded_impulsive,0.0,False,False,7.939613263608766,,cvhi:common_voice_hi_24996673,13.24211311340332,13.583144187927246,0.9127996424245444,1.880340576171875,2.6499846343431726,3.941529442816087,2.354246966823104,0.82,
cascade:runs/prune/p10/best.pt,0000,recorded_impulsive_10,recorded_impulsive,10.0,True,False,-4.492078973071773,,cvhi:common_voice_hi_23795361,15.958708763122559,17.049205780029297,0.9311828907434987,2.448451280593872,3.0938913704675906,3.411677910070511,2.6038665118616944,0.0,
cascade:runs/prune/p10/best.pt,0001,recorded_impulsive_10,recorded_impulsive,10.0,False,False,-1.9982029592347512,,cvhi:common_voice_hi_27749294,16.11079978942871,17.11817169189453,0.9430716054916762,3.100414514541626,3.0304099947681458,3.8832294096786386,2.594687768736895,0.0,
cascade:runs/prune/p10/best.pt,0002,recorded_impulsive_10,recorded_impulsive,10.0,False,False,6.150071959526043,,cvhi:common_voice_hi_28885861,16.449979782104492,16.68360137939453,0.9279075918864554,1.8633134365081787,3.025306114412274,3.879367781340478,2.6878761639027435,0.1,
cascade:runs/prune/p10/best.pt,0003,recorded_impulsive_10,recorded_impulsive,10.0,False,False,4.024298477222995,,cvhi:common_voice_hi_24359465,13.45826530456543,13.3743896484375,0.9355575930496022,1.5638930797576904,3.0761284801074043,3.8035885102125473,2.737326837809023,0.22,
cascade:runs/prune/p10/best.pt,0004,recorded_impulsive_10,recorded_impulsive,10.0,False,False,3.103558445007792,,ls:1926-147987-0025,19.91702651977539,21.346935272216797,0.9291793449076156,4.178555011749268,3.4849979965515776,3.9700351632833524,3.1612332835522876,0.0,
cascade:runs/prune/p10/best.pt,0005,recorded_impulsive_10,recorded_impulsive,10.0,False,False,11.855404016303808,,cvhi:common_voice_hi_27749160,16.082073211669922,16.728187561035156,0.9011216760137631,2.632570505142212,2.7918313185585446,3.6642274231535676,2.3274262213564625,0.14,
cascade:runs/prune/p10/best.pt,0006,recorded_impulsive_10,recorded_impulsive,10.0,False,False,2.232062195678619,,ls:2007-149877-0007,18.292888641357422,18.70808219909668,0.9903461277685405,3.8156800270080566,3.4845620198579055,3.986236920593071,3.1863496712940167,0.0,
cascade:runs/prune/p10/best.pt,0007,recorded_impulsive_10,recorded_impulsive,10.0,False,False,7.889515053789356,,ls:2007-132570-0007,17.55255889892578,17.985876083374023,0.9605806899982482,2.7186214923858643,3.2893783230622273,3.9951194597777313,2.9748292110095655,0.0,
cascade:runs/prune/p10/best.pt,0008,recorded_impulsive_10,recorded_impulsive,10.0,False,False,10.568552522964037,,cvhi:common_voice_hi_26151856,12.120552062988281,12.770669937133789,0.9202570537203699,2.122455358505249,3.0292419524150125,4.005962604004439,2.7561575760530297,0.44,
cascade:runs/prune/p10/best.pt,0009,recorded_impulsive_10,recorded_impulsive,10.0,False,False,-3.0609919827580403,,cvhi:common_voice_hi_25150965,17.40151596069336,17.81414031982422,0.9866527263207407,2.1814374923706055,3.113302505986852,3.466764042181398,2.6678640720703872,0.0,
cascade:runs/prune/p10/best.pt,0010,recorded_impulsive_10,recorded_impulsive,10.0,False,False,-1.3683510738554912,,cvhi:common_voice_hi_27761603,18.078624725341797,18.33130645751953,0.9521600544193748,3.225226640701294,3.282303422903318,4.036131437377013,2.9958202814056225,0.0,
cascade:runs/prune/p10/best.pt,0011,recorded_impulsive_10,recorded_impulsive,10.0,False,False,8.942107009045543,,cvhi:common_voice_hi_27749310,20.265005111694336,21.465940475463867,0.970568930744902,3.2456157207489014,3.0378732453327633,3.816867044065006,2.6303047962602535,0.0,
cascade:runs/prune/p10/best.pt,0012,recorded_impulsive_10,recorded_impulsive,10.0,False,False,7.916045071980257,,ls:2007-149877-0019,16.83258056640625,17.389469146728516,0.9877249229019236,3.410189390182495,3.6160974281610376,4.0468531738677544,3.3493818489631266,0.0,
cascade:runs/prune/p10/best.pt,0013,recorded_impulsive_10,recorded_impulsive,10.0,True,False,7.096054549930308,,ls:1926-143879-0004,19.41515350341797,19.572010040283203,0.9772221943011613,3.3135015964508057,3.543107087498169,4.117315387113142,3.2728168423706747,2.12,
cascade:runs/prune/p10/best.pt,0014,recorded_impulsive_10,recorded_impulsive,10.0,False,False,-1.4611504393419423,,ls:1081-125237-0050,17.601850509643555,17.689678192138672,0.9666807915919194,3.3797614574432373,3.5962386755455347,3.8871661188625284,3.2467089621885474,0.0,
cascade:runs/prune/p10/best.pt,0015,recorded_impulsive_10,recorded_impulsive,10.0,False,False,-0.2223817900219638,,ls:1081-125237-0105,17.126867294311523,17.36539649963379,0.8555035073004399,2.99908185005188,3.496322889769331,3.5370366586965534,2.974295328557384,0.0,
cascade:runs/prune/p10/best.pt,0016,recorded_impulsive_10,recorded_impulsive,10.0,False,False,1.3815195761783565,,cvhi:common_voice_hi_27860234,13.555215835571289,13.400225639343262,0.9497477644495508,2.402496576309204,3.016401220583324,3.732637498394471,2.6471434488085452,0.0,
cascade:runs/prune/p10/best.pt,0017,recorded_impulsive_10,recorded_impulsive,10.0,False,False,-3.403143679208336,,cvhi:common_voice_hi_24977126,15.296157836914062,15.849641799926758,0.9375463868480268,1.9623892307281494,2.562249002979386,3.7429826721955175,2.2511485127629522,0.94,
cascade:runs/prune/p10/best.pt,0018,recorded_impulsive_10,recorded_impulsive,10.0,True,False,0.39968590606981635,,ls:1081-125237-0001,18.326236724853516,18.924991607666016,0.9702689166938684,3.7346818447113037,3.4724348352360823,3.8708079006561844,3.126759479708097,0.0,
cascade:runs/prune/p10/best.pt,0019,recorded_impulsive_10,recorded_impulsive,10.0,False,False,8.249237390855885,,cvhi:common_voice_hi_24758569,25.470867156982422,26.31175994873047,0.9977704375179789,3.7160489559173584,3.2843008580350648,3.495514097357997,2.7767913743717454,1.98,
cascade:runs/prune/p10/best.pt,0020,recorded_impulsive_10,recorded_impulsive,10.0,False,False,8.409440342057021,,ls:1926-143879-0000,13.413738250732422,13.23371696472168,0.9637785544730704,2.546567440032959,3.1718004890392346,3.8163938387138385,2.844869242644932,0.0,
cascade:runs/prune/p10/best.pt,0021,recorded_impulsive_10,recorded_impulsive,10.0,False,False,6.532033521037258,,cvhi:common_voice_hi_27860204,23.604393005371094,24.91874885559082,0.9943506556870209,3.76379132270813,3.4490132665114452,3.931560362860046,3.1438878949539903,0.0,
cascade:runs/prune/p10/best.pt,0022,recorded_impulsive_10,recorded_impulsive,10.0,False,False,5.537664922323046,,ls:2007-149877-0011,16.07383918762207,16.660968780517578,0.9777318721062022,3.2433605194091797,3.2821772050636677,3.975900582243611,2.988581894489543,0.04,
cascade:runs/prune/p10/best.pt,0023,recorded_impulsive_10,recorded_impulsive,10.0,False,False,7.343209126805865,,cvhi:common_voice_hi_24360600,18.103809356689453,18.22014045715332,0.9870987987086655,3.312401056289673,3.4677865956177203,4.086582171980857,3.213186603801708,0.0,
cascade:runs/prune/p10/best.pt,0024,recorded_impulsive_10,recorded_impulsive,10.0,False,False,9.259936497084233,,ls:2007-132570-0000,17.449724197387695,17.40992546081543,0.9595710036793766,2.9507522583007812,3.2533999376085436,3.9550218382831916,2.9337323007912945,0.14,
cascade:runs/prune/p10/best.pt,0025,recorded_impulsive_10,recorded_impulsive,10.0,False,False,4.982046030563954,,cvhi:common_voice_hi_26131990,16.918540954589844,18.425275802612305,0.8828884171756989,2.195948362350464,3.2225806544127362,3.882786946100949,2.874574250993814,0.0,
cascade:runs/prune/p10/best.pt,0026,recorded_impulsive_10,recorded_impulsive,10.0,False,False,0.6518964085744079,,cvhi:common_voice_hi_27749310,21.42911720275879,22.60675811767578,0.9501009163149644,3.1189818382263184,3.2516146112690048,3.797928728420718,2.83692613425586,0.14,
cascade:runs/prune/p10/best.pt,0027,recorded_impulsive_10,recorded_impulsive,10.0,False,False,11.93881555617843,,cvhi:common_voice_hi_26151969,15.442596435546875,17.1875057220459,0.9496984372124895,2.278348207473755,2.9981475916242397,3.658784781624539,2.623287576899073,0.0,
cascade:runs/prune/p10/best.pt,0028,recorded_impulsive_10,recorded_impulsive,10.0,False,False,-4.2059544268121405,,cvhi:common_voice_hi_24359469,16.323909759521484,16.22148323059082,0.9583668900541158,2.5740387439727783,2.795177328613624,3.910673289971381,2.5473717357779453,1.56,
cascade:runs/prune/p10/best.pt,0029,recorded_impulsive_10,recorded_impulsive,10.0,False,False,7.655514068345333,,ls:2007-149877-0011,17.00959587097168,16.922344207763672,0.9619831637073969,2.6832592487335205,3.0479459536257516,3.8263748638806465,2.720741266735501,0.64,
cascade:runs/prune/p10/best.pt,0030,recorded_impulsive_10,recorded_impulsive,10.0,False,False,-5.019676419493685,,cvhi:common_voice_hi_24359464,17.84612464904785,17.898826599121094,0.9762071143312879,2.698960781097412,2.9196808611212064,3.6685493501513964,2.533686863659233,0.0,
cascade:runs/prune/p10/best.pt,0031,recorded_impulsive_10,recorded_impulsive,10.0,False,False,9.471001184379652,,cvhi:common_voice_hi_27749272,16.198087692260742,16.313283920288086,0.8691960287907304,2.8300929069519043,2.864373667048338,3.9537028654986166,2.5342725088041056,0.0,
cascade:runs/prune/p10/best.pt,0032,recorded_impulsive_10,recorded_impulsive,10.0,False,False,4.789127012578579,,ls:1926-147987-0000,18.66073989868164,19.051380157470703,0.9339902014065031,3.5046112537384033,3.5372424158395335,4.048688160026502,3.23647731613947,0.0,
cascade:runs/prune/p10/best.pt,0033,recorded_impulsive_10,recorded_impulsive,10.0,False,False,2.8183658612474893,,cvhi:common_voice_hi_23833318,23.66379165649414,26.402507781982422,0.9780727648187595,3.6130590438842773,3.464996253962911,3.589606387693255,2.9195151191062543,0.0,
cascade:runs/prune/p10/best.pt,0034,recorded_impulsive_10,recorded_impulsive,10.0,False,False,-5.895321957428251,,cvhi:common_voice_hi_25150868,15.313328742980957,15.328736305236816,0.9797159735778979,3.0328097343444824,3.3604400418660263,3.9715854785580387,3.051374176327686,0.0,
cascade:runs/prune/p10/best.pt,0035,recorded_impulsive_10,recorded_impulsive,10.0,False,False,-3.5647662213600966,,ls:1081-125237-0015,16.941431045532227,16.886817932128906,0.9474470636260931,3.0080761909484863,3.486057368555814,3.302390393559067,2.8780404902729013,0.0,
cascade:runs/prune/p10/best.pt,0036,recorded_impulsive_10,recorded_impulsive,10.0,False,False,3.585216087105806,,cvhi:common_voice_hi_27749225,14.637103080749512,14.641693115234375,0.9707612114251729,3.2708194255828857,2.3562327161368994,3.7815984907796434,1.9987595867590582,0.0,
cascade:runs/prune/p10/best.pt,0037,recorded_impulsive_10,recorded_impulsive,10.0,True,False,1.978445008406462,,cvhi:common_voice_hi_35078365,14.859945297241211,16.275144577026367,0.9018676702061255,2.0085785388946533,3.277815801388518,3.6470198824051048,2.8169540750094346,0.0,
cascade:runs/prune/p10/best.pt,0038,recorded_impulsive_10,recorded_impulsive,10.0,False,False,-3.0065218466497488,,cvhi:common_voice_hi_24758399,19.807342529296875,20.656455993652344,0.9739738350588582,3.031430959701538,3.5281389561921563,4.0770364438365325,3.2671987495830552,0.2,
cascade:runs/prune/p10/best.pt,0039,recorded_impulsive_10,recorded_impulsive,10.0,False,True,-5.103822557424924,,cvhi:common_voice_hi_24359417,19.330236434936523,19.293415069580078,0.9738835727891372,3.425865650177002,3.5383594575979505,4.096465538375553,3.3007730170916347,0.0,
cascade:runs/prune/p10/best.pt,0000,recorded_impulsive_15,recorded_impulsive,15.0,False,False,10.552497682596321,,ls:1081-125237-0023,16.949384689331055,17.68659210205078,0.9581963623824545,3.291553497314453,3.675439731322335,3.544528543498339,3.13357807848156,0.0,
cascade:runs/prune/p10/best.pt,0001,recorded_impulsive_15,recorded_impulsive,15.0,False,False,0.2858620570480763,,ls:2007-149877-0020,23.93204116821289,24.281864166259766,0.9876899860922872,3.8153600692749023,3.6022955861440966,4.172841745595925,3.3802264539201103,0.22,
cascade:runs/prune/p10/best.pt,0002,recorded_impulsive_15,recorded_impulsive,15.0,False,False,9.153610978007745,,cvhi:common_voice_hi_24977126,18.459136962890625,18.45033073425293,0.9138660460217874,2.010096549987793,2.8196853534817263,4.000827844240081,2.5729661064572684,1.62,
cascade:runs/prune/p10/best.pt,0003,recorded_impulsive_15,recorded_impulsive,15.0,False,False,9.9109742151015,,ls:2007-132570-0022,20.11163330078125,22.10265350341797,0.9622728934151221,3.277021646499634,3.270949526509716,3.8367802884122044,2.935002398613268,0.0,
cascade:runs/prune/p10/best.pt,0004,recorded_impulsive_15,recorded_impulsive,15.0,False,False,-0.1771662851515341,,ls:1081-125237-0075,14.753181457519531,14.856165885925293,0.9682437049060199,2.909581422805786,3.5576610819401564,3.9338738150838735,3.2287238288119866,0.0,
cascade:runs/prune/p10/best.pt,0005,recorded_impulsive_15,recorded_impulsive,15.0,True,False,6.34350337048342,,ls:2007-149877-0053,12.983184814453125,13.25085163116455,0.9756220182652828,2.3903708457946777,3.507089870498089,4.09693655141313,3.239364941126483,0.8,
cascade:runs/prune/p10/best.pt,0006,recorded_impulsive_15,recorded_impulsive,15.0,False,False,4.165551246011622,,cvhi:common_voice_hi_24360601,20.560741424560547,21.186504364013672,0.9879344490792954,3.1707398891448975,3.218950782979314,3.7863356082478816,2.8676095904508907,inf,
cascade:runs/prune/p10/best.pt,0007,recorded_impulsive_15,recorded_impulsive,15.0,False,False,5.78905850908129,,ls:2007-149877-0029,18.584333419799805,19.418521881103516,0.9664789842575068,3.5379836559295654,3.340536851108538,3.7910331081917414,2.9584194698689803,0.16,
cascade:runs/prune/p10/best.pt,0008,recorded_impulsive_15,recorded_impulsive,15.0,True,False,-0.2648367365666662,,cvhi:common_voice_hi_24359403,21.949674606323242,22.043855667114258,0.9946140014128569,2.9211909770965576,3.556660720970332,4.0095253903783545,3.2626300965499433,0.64,
cascade:runs/prune/p10/best.pt,0009,recorded_impulsive_15,recorded_impulsive,15.0,False,True,10.948198687256909,,ls:1926-143879-0016,16.600284576416016,16.784278869628906,0.968842351791882,3.0075490474700928,3.417630935106153,3.261166886730377,2.723098778329891,0.12,
cascade:runs/prune/p10/best.pt,0010,recorded_impulsive_15,recorded_impulsive,15.0,False,False,-2.724471892187541,,cvhi:common_voice_hi_27592098,20.39651107788086,20.883686065673828,0.9956125062732686,3.9658873081207275,3.396594784997506,3.9196696186242894,3.0585174661622294,0.22,
cascade:runs/prune/p10/best.pt,0011,recorded_impulsive_15,recorded_impulsive,15.0,True,False,10.067570757979702,,cvhi:common_voice_hi_24225937,18.18077850341797,18.124568939208984,0.974699819016893,2.810427188873291,3.488271677894013,3.94687950445093,3.154267128380783,0.06,
cascade:runs/prune/p10/best.pt,0012,recorded_impulsive_15,recorded_impulsive,15.0,False,False,0.893756747550511,,cvhi:common_voice_hi_24359451,18.770954132080078,19.772470474243164,0.9798279765139388,2.4687271118164062,3.223236528523755,3.8013983692149935,2.8652826251507304,0.0,
cascade:runs/prune/p10/best.pt,0013,recorded_impulsive_15,recorded_impulsive,15.0,False,False,11.79731470162395,,ls:1081-128618-0010,17.550180435180664,17.700529098510742,0.9416973331720211,3.553461790084839,3.5574913178339065,3.666434764787759,3.0670742533910516,0.0,
cascade:runs/prune/p10/best.pt,0014,recorded_impulsive_15,recorded_impulsive,15.0,False,False,-5.9938145752950724,,ls:1081-125237-0034,18.520381927490234,18.583526611328125,0.9697040809534672,3.5947952270507812,3.4388170932204924,3.9824003222982602,3.1725814215596086,0.0,
cascade:runs/prune/p10/best.pt,0015,recorded_impulsive_15,recorded_impulsive,15.0,False,False,4.2731071320723615,,ls:1081-125237-0024,14.325629234313965,14.833505630493164,0.9755029152768845,3.3733670711517334,3.5898073662204726,3.406143718919518,3.006283601858621,0.0,
cascade:runs/prune/p10/best.pt,0016,recorded_impulsive_15,recorded_impulsive,15.0,True,False,7.944047672326596,,ls:1081-125237-0049,15.695032119750977,16.861467361450195,0.9458052978225595,2.892434597015381,3.5164381997156315,3.883361994513929,3.181016845040732,0.0,
cascade:runs/prune/p10/best.pt,0017,recorded_impulsive_15,recorded_impulsive,15.0,False,False,1.069182093528573,,ls:1926-147987-0028,20.762453079223633,21.418712615966797,0.8926188203183917,3.323729991912842,3.4958322254731042,3.9705510660242656,3.1878685966013505,0.0,
cascade:runs/prune/p10/best.pt,0018,recorded_impulsive_15,recorded_impulsive,15.0,False,False,5.315715201884629,,ls:1926-147987-0002,17.220264434814453,17.795360565185547,0.9809510994503887,3.554170846939087,3.5629833401915447,3.6772971936746064,3.073649373870053,0.0,
cascade:runs/prune/p10/best.pt,0019,recorded_impulsive_15,recorded_impulsive,15.0,False,False,3.1446126270824877,,cvhi:common_voice_hi_24758474,14.353132247924805,14.29773235321045,0.9592151620614418,1.8400713205337524,2.668200572080881,3.3184934696115813,2.213134719678205,1.56,
cascade:runs/prune/p10/best.pt,0020,recorded_impulsive_15,recorded_impulsive,15.0,False,False,7.656500556724016,,cvhi:common_voice_hi_27592117,18.423269271850586,20.317222595214844,0.9746325908881108,2.719409465789795,2.9949179516355544,3.7516162510643873,2.665866416455842,0.32,
cascade:runs/prune/p10/best.pt,0021,recorded_impulsive_15,recorded_impulsive,15.0,False,False,7.069022774115778,,cvhi:common_voice_hi_27592097,16.882610321044922,18.620426177978516,0.9626654449565106,2.8947362899780273,2.84991583656598,3.9437008830960227,2.594767124695653,0.08,
cascade:runs/prune/p10/best.pt,0022,recorded_impulsive_15,recorded_impulsive,15.0,False,False,-0.8973276631797713,,cvhi:common_voice_hi_27860090,19.747163772583008,21.82421875,0.9625543880486572,3.432785987854004,3.2614509716929567,3.9634954685309696,2.942955654795673,0.06,
cascade:runs/prune/p10/best.pt,0023,recorded_impulsive_15,recorded_impulsive,15.0,True,False,-0.43189228601978424,,cvhi:common_voice_hi_27860078,19.843467712402344,20.905027389526367,0.9812067888269539,3.5295848846435547,3.265467582746816,3.8586250419075725,2.903458497548937,0.0,
cascade:runs/prune/p10/best.pt,0024,recorded_impulsive_15,recorded_impulsive,15.0,False,False,-2.692146212887341,,cvhi:common_voice_hi_27860343,21.659643173217773,22.850719451904297,0.9864004498382101,3.661604404449463,3.306982619154434,3.365931660312234,2.7413262702216583,0.0,
cascade:runs/prune/p10/best.pt,0025,recorded_impulsive_15,recorded_impulsive,15.0,True,False,-4.881511027970769,,cvhi:common_voice_hi_24758475,21.048934936523438,21.45513916015625,0.9787168877007904,3.208954095840454,3.347477336093428,3.988056149366667,3.0551701111720413,0.0,
cascade:runs/prune/p10/best.pt,0026,recorded_impulsive_15,recorded_impulsive,15.0,False,False,9.759318476879615,,ls:1081-125237-0085,11.12368106842041,11.49136734008789,0.9467180171684322,2.776636838912964,3.407485425902335,3.4235908900790837,2.8088288377668005,1.72,
cascade:runs/prune/p10/best.pt,0027,recorded_impulsive_15,recorded_impulsive,15.0,False,False,2.883919309748684,,cvhi:common_voice_hi_24359407,22.32078742980957,24.747106552124023,0.9977727156604547,3.471149206161499,3.2195228233238367,3.9907221300630917,2.9509884602779346,1.46,
cascade:runs/prune/p10/best.pt,0028,recorded_impulsive_15,recorded_impulsive,15.0,False,False,4.060288135520798,,cvhi:common_voice_hi_25149632,19.42580795288086,20.350509643554688,0.9793682127106426,3.018066644668579,3.1235198501365824,3.9531676526803556,2.833085864453455,1.82,
cascade:runs/prune/p10/best.pt,0029,recorded_impulsive_15,recorded_impulsive,15.0,False,False,11.06039025382318,,cvhi:common_voice_hi_37630565,12.015863418579102,12.781338691711426,0.9623449906982524,3.0921974182128906,2.884304731178007,3.6491394884036197,2.517358154670905,0.0,
cascade:runs/prune/p10/best.pt,0030,recorded_impulsive_15,recorded_impulsive,15.0,False,False,4.21995009948586,,cvhi:common_voice_hi_24360526,18.400075912475586,19.85089111328125,0.9618252602457846,3.2523679733276367,3.320384074495935,3.9022301965073645,3.01602269083549,0.68,
cascade:runs/prune/p10/best.pt,0031,recorded_impulsive_15,recorded_impulsive,15.0,False,False,8.903283856246349,,cvhi:common_voice_hi_37398692,18.242746353149414,20.439558029174805,0.9487474108690175,3.4701144695281982,2.359139063597697,2.7645611464663817,1.8553487325687978,0.38,
cascade:runs/prune/p10/best.pt,0032,recorded_impulsive_15,recorded_impulsive,15.0,False,False,-3.064273258504408,,ls:1926-143879-0043,22.706892013549805,22.73500633239746,0.9896873193402307,3.886626720428467,3.348271897083474,3.0294499378614534,2.557508046316496,0.0,
cascade:runs/prune/p10/best.pt,0033,recorded_impulsive_15,recorded_impulsive,15.0,False,False,-4.777185135973132,,ls:1926-147979-0049,20.015485763549805,20.050050735473633,0.9869824538819535,3.327779531478882,3.2476646281851784,3.558448275186975,2.738082444337743,0.1,
cascade:runs/prune/p10/best.pt,0034,recorded_impulsive_15,recorded_impulsive,15.0,False,False,6.750491259514366,,cvhi:common_voice_hi_35081311,21.86185073852539,22.13426971435547,0.9770198098040626,3.1906490325927734,3.3892847313186953,3.994160176987193,3.0857265068508792,0.16,
cascade:runs/prune/p10/best.pt,0035,recorded_impulsive_15,recorded_impulsive,15.0,False,False,6.68753940294328,,cvhi:common_voice_hi_25907703,22.823589324951172,28.33632469177246,0.9889029942078196,3.813528537750244,3.210281576674274,4.047764807614295,2.9319895875089372,0.0,
cascade:runs/prune/p10/best.pt,0036,recorded_impulsive_15,recorded_impulsive,15.0,False,False,6.277231790057321,,cvhi:common_voice_hi_27749176,19.64560890197754,20.034664154052734,0.9800485856771427,3.225026845932007,3.1089343271968346,3.623934857949023,2.605738030945548,0.0,
cascade:runs/prune/p10/best.pt,0037,recorded_impulsive_15,recorded_impulsive,15.0,False,False,2.2410112556563355,,ls:1081-125237-0079,21.21967124938965,21.635517120361328,0.973255073875419,3.484558582305908,3.370189764990115,3.4037523465709874,2.787734291089151,0.0,
cascade:runs/prune/p10/best.pt,0038,recorded_impulsive_15,recorded_impulsive,15.0,False,False,7.008691240607437,,ls:2007-132570-0032,17.484886169433594,17.70157241821289,0.9487772875378316,2.801483392715454,3.432261341735381,3.9951167008681185,3.130014610737756,0.5,
cascade:runs/prune/p10/best.pt,0039,recorded_impulsive_15,recorded_impulsive,15.0,False,False,3.5601305750228107,,cvhi:common_voice_hi_26949023,16.233205795288086,16.477863311767578,0.8869101731169214,2.805124044418335,2.5852104980186126,3.5147063365806166,2.2567544517791847,0.0,
cascade:runs/prune/p10/best.pt,0000,recorded_impulsive_5,recorded_impulsive,5.0,True,False,1.798416198605179,,ls:1926-147979-0019,15.85888671875,16.142316818237305,0.9663744614982258,3.170431613922119,3.4139578107447024,3.7522429951579523,2.9749815729581894,0.0,
cascade:runs/prune/p10/best.pt,0001,recorded_impulsive_5,recorded_impulsive,5.0,False,False,-4.820322634738789,,ls:1081-125237-0080,17.518198013305664,18.92049217224121,0.9930828318244842,3.926722288131714,3.480616010988793,3.9683692789345795,3.1759271600396035,0.0,
cascade:runs/prune/p10/best.pt,0002,recorded_impulsive_5,recorded_impulsive,5.0,False,False,10.028680301014411,,cvhi:common_voice_hi_24359450,10.91419792175293,11.002596855163574,0.941560687589808,2.038193702697754,2.68942338204077,3.946008042670523,2.4751400886800488,0.4,
cascade:runs/prune/p10/best.pt,0003,recorded_impulsive_5,recorded_impulsive,5.0,False,False,9.034087450720332,,cvhi:common_voice_hi_27749160,15.265632629394531,17.734115600585938,0.962449622662042,3.2087838649749756,2.8100266770800615,3.8649131655059232,2.398233967366841,0.0,
cascade:runs/prune/p10/best.pt,0004,recorded_impulsive_5,recorded_impulsive,5.0,False,False,-0.030201084074227502,,cvhi:common_voice_hi_26088142,17.504541397094727,18.39531135559082,0.9882946526162651,2.7035694122314453,2.865217358478617,3.4076907315168974,2.4054346746596176,0.7,
cascade:runs/prune/p10/best.pt,0005,recorded_impulsive_5,recorded_impulsive,5.0,False,False,-0.486121921571109,,ls:1081-128618-0004,14.06572151184082,14.2146577835083,0.8653311046171799,2.521562099456787,3.374607248188174,3.996759475967438,3.085493988556231,0.0,
cascade:runs/prune/p10/best.pt,0006,recorded_impulsive_5,recorded_impulsive,5.0,False,False,5.61581907494287,,ls:2007-149877-0057,14.923157691955566,14.976245880126953,0.9422777213034073,2.5485446453094482,3.202193095544561,3.7222035428355422,2.8564340869072917,0.0,
cascade:runs/prune/p10/best.pt,0007,recorded_impulsive_5,recorded_impulsive,5.0,False,False,4.350048075976826,,ls:1081-125237-0046,13.938007354736328,14.011211395263672,0.9605361116964182,3.052497625350952,3.613028036112712,4.014273010048439,3.301818068180602,0.0,
cascade:runs/prune/p10/best.pt,0008,recorded_impulsive_5,recorded_impulsive,5.0,False,False,-0.28214278641409507,,ls:2007-132570-0031,19.11996078491211,20.23973846435547,0.9888195572313405,3.535259485244751,3.581517642036701,4.136505895261783,3.317632382329897,0.14,
cascade:runs/prune/p10/best.pt,0009,recorded_impulsive_5,recorded_impulsive,5.0,False,False,6.07836390350276,,cvhi:common_voice_hi_26088253,15.173044204711914,15.27083969116211,0.8791926758919014,2.1953256130218506,3.3308484922309387,4.132862084120118,3.0914571856759334,0.0,
cascade:runs/prune/p10/best.pt,0010,recorded_impulsive_5,recorded_impulsive,5.0,False,False,6.812341093609859,,cvhi:common_voice_hi_24758410,21.087968826293945,21.1439208984375,0.9848420086477934,3.475975513458252,3.4453920720167845,4.113727934102268,3.2044602179152477,0.18,
cascade:runs/prune/p10/best.pt,0011,recorded_impulsive_5,recorded_impulsive,5.0,False,False,-5.731525261618403,,cvhi:common_voice_hi_27860261,15.756178855895996,15.818904876708984,0.9594890999928838,2.690488338470459,3.1795584487089985,3.933233200418675,2.871584090912708,0.28,
cascade:runs/prune/p10/best.pt,0012,recorded_impulsive_5,recorded_impulsive,5.0,False,False,9.524111505526516,,cvhi:common_voice_hi_24758377,20.99738311767578,21.32010269165039,0.9895179269500689,3.2895867824554443,3.277713200917915,4.011849036850855,2.9832229188290156,0.0,
cascade:runs/prune/p10/best.pt,0013,recorded_impulsive_5,recorded_impulsive,5.0,False,False,0.46360803284295304,,cvhi:common_voice_hi_26131366,17.164953231811523,17.351089477539062,0.8658496281071887,2.0992066860198975,3.001687288933747,3.9225128413611055,2.7423511241789265,0.1,
cascade:runs/prune/p10/best.pt,0014,recorded_impulsive_5,recorded_impulsive,5.0,False,False,7.04835005944221,,ls:1081-125237-0098,14.744659423828125,14.856019020080566,0.9506146771958309,3.4199647903442383,3.651794006934789,4.106668302979447,3.3943184186098883,0.0,
cascade:runs/prune/p10/best.pt,0015,recorded_impulsive_5,recorded_impulsive,5.0,False,False,5.097260982476948,,cvhi:common_voice_hi_24038976,16.252992630004883,17.052642822265625,0.8928478748398572,2.3188631534576416,2.9656838536263788,3.6225847527237196,2.5339790658934382,0.44,
cascade:runs/prune/p10/best.pt,0016,recorded_impulsive_5,recorded_impulsive,5.0,False,False,-0.13622370166232134,,cvhi:common_voice_hi_27860202,20.667207717895508,22.423124313354492,0.9801415124266172,3.689389228820801,3.177909371934773,3.9748658970981294,2.8829470549935046,0.0,
cascade:runs/prune/p10/best.pt,0017,recorded_impulsive_5,recorded_impulsive,5.0,False,False,-1.5140936886203216,,cvhi:common_voice_hi_26151891,20.813892364501953,21.67827796936035,0.9691591765306652,3.2105419635772705,3.231566206605914,3.9423287863109673,2.9039774196752512,0.4,
cascade:runs/prune/p10/best.pt,0018,recorded_impulsive_5,recorded_impulsive,5.0,True,False,8.665278692926243,,cvhi:common_voice_hi_27860336,15.033393859863281,14.955957412719727,0.9567055771878133,2.913883686065674,3.2759369601850934,3.8573347911655116,2.915721557631589,0.0,
cascade:runs/prune/p10/best.pt,0019,recorded_impulsive_5,recorded_impulsive,5.0,False,False,7.039470028902549,,cvhi:common_voice_hi_25150868,16.804126739501953,17.183250427246094,0.9820907035481555,3.2519850730895996,3.2862059358912985,4.002084775492734,2.9986253926708444,0.0,
cascade:runs/prune/p10/best.pt,0020,recorded_impulsive_5,recorded_impulsive,5.0,False,False,-3.857200289997631,,cvhi:common_voice_hi_24225998,16.92110824584961,16.857778549194336,0.9629589260371585,2.6815271377563477,3.3498412322989406,3.9815516949844554,3.057461741827892,0.42,
cascade:runs/prune/p10/best.pt,0021,recorded_impulsive_5,recorded_impulsive,5.0,True,False,8.52862313637004,,cvhi:common_voice_hi_27860056,12.269378662109375,12.157517433166504,0.8791918624922532,2.0727436542510986,3.3076139234705835,3.846339372731175,2.9401685576049923,0.22,
cascade:runs/prune/p10/best.pt,0022,recorded_impulsive_5,recorded_impulsive,5.0,False,False,7.848206944694379,,cvhi:common_voice_hi_27749229,17.9726619720459,17.929574966430664,0.956210719208905,3.1909334659576416,2.8305429651568694,3.6226637744787675,2.364582903265052,0.0,
cascade:runs/prune/p10/best.pt,0023,recorded_impulsive_5,recorded_impulsive,5.0,True,False,-2.0747953953470857,,cvhi:common_voice_hi_26151923,19.94205665588379,21.611812591552734,0.9693310235702306,2.8538687229156494,3.1611804986605083,3.7424199255476855,2.740333992321959,0.14,
cascade:runs/prune/p10/best.pt,0024,recorded_impulsive_5,recorded_impulsive,5.0,False,False,4.223856992295071,,cvhi:common_voice_hi_26151928,16.378463745117188,16.306198120117188,0.9752469697776266,1.9876651763916016,3.34264884731273,3.781371818333655,2.940693790455339,0.18,
cascade:runs/prune/p10/best.pt,0025,recorded_impulsive_5,recorded_impulsive,5.0,False,False,-1.0871625872363602,,cvhi:common_voice_hi_24359422,17.13239860534668,17.846370697021484,0.9413004283358692,1.8272823095321655,3.3290286534199796,4.119487138341483,3.0249111986237125,0.22,
cascade:runs/prune/p10/best.pt,0026,recorded_impulsive_5,recorded_impulsive,5.0,False,False,5.570273032326961,,cvhi:common_voice_hi_24758330,13.449251174926758,13.588886260986328,0.9770069008857322,2.8273537158966064,3.108025256969868,3.78067373448235,2.768715961007604,0.0,
cascade:runs/prune/p10/best.pt,0027,recorded_impulsive_5,recorded_impulsive,5.0,False,False,-1.32895260016969,,cvhi:common_voice_hi_25149632,14.222731590270996,14.277202606201172,0.9261503596769864,2.2201504707336426,2.823986889504443,3.704787549338791,2.4086227883914115,0.0,
cascade:runs/prune/p10/best.pt,0028,recorded_impulsive_5,recorded_impulsive,5.0,False,False,-4.095967728859255,,cvhi:common_voice_hi_24758478,11.175455093383789,10.936503410339355,0.9046597047911125,2.0544207096099854,3.138108186211902,3.958290753436196,2.8584016271222246,0.0,
cascade:runs/prune/p10/best.pt,0029,recorded_impulsive_5,recorded_impulsive,5.0,False,False,11.309009481064322,,ls:1081-125237-0041,16.114774703979492,16.634037017822266,0.8185812767968768,2.9025490283966064,3.5284376824288755,4.1179171662803835,3.2817589339512163,0.0,
cascade:runs/prune/p10/best.pt,0030,recorded_impulsive_5,recorded_impulsive,5.0,False,False,2.6344664717466095,,cvhi:common_voice_hi_26131958,17.334733963012695,17.948123931884766,0.8645212501071063,2.797549247741699,3.1073327130616497,3.830290833513473,2.7689537069845653,0.0,
cascade:runs/prune/p10/best.pt,0031,recorded_impulsive_5,recorded_impulsive,5.0,True,False,9.473221144807663,,cvhi:common_voice_hi_24973517,15.89206600189209,15.849544525146484,0.768981384868716,1.87434720993042,3.166803494961276,3.895669831025825,2.8428468271872163,0.0,
cascade:runs/prune/p10/best.pt,0032,recorded_impulsive_5,recorded_impulsive,5.0,False,False,8.225726794173614,,cvhi:common_voice_hi_27749310,19.80192756652832,20.236286163330078,0.9287401349183142,3.1163418292999268,3.0524584328559694,3.877622725862402,2.673018152633056,0.04,
cascade:runs/prune/p10/best.pt,0033,recorded_impulsive_5,recorded_impulsive,5.0,False,False,8.67337396742759,,cvhi:common_voice_hi_24225939,12.544279098510742,12.300819396972656,0.8995683367520751,2.3162243366241455,2.978801246428691,3.5442529890814485,2.4955700574870185,0.0,
cascade:runs/prune/p10/best.pt,0034,recorded_impulsive_5,recorded_impulsive,5.0,False,False,8.71896348454575,,cvhi:common_voice_hi_24996691,24.953506469726562,27.978219985961914,0.9977092143400446,3.288308620452881,3.0993086234890925,4.046417993728688,2.850459860510314,0.2,
cascade:runs/prune/p10/best.pt,0035,recorded_impulsive_5,recorded_impulsive,5.0,False,False,-4.060316463013525,,ls:1081-125237-0037,17.66763687133789,17.629043579101562,0.9847563203776569,3.768423080444336,3.559299650579174,4.008880354364331,3.2579401469712215,0.0,
cascade:runs/prune/p10/best.pt,0036,recorded_impulsive_5,recorded_impulsive,5.0,False,False,9.5844301985829,,cvhi:common_voice_hi_26088194,14.498915672302246,14.915740966796875,0.9225889255714181,2.1857261657714844,3.189663098194271,3.935027178876024,2.8891213390798063,0.0,
cascade:runs/prune/p10/best.pt,0037,recorded_impulsive_5,recorded_impulsive,5.0,False,False,1.124645020617332,,cvhi:common_voice_hi_23796156,17.160573959350586,17.107086181640625,0.9305916405558019,2.84413480758667,3.2369559479620533,3.9096514359545766,2.9101555027545074,0.0,
cascade:runs/prune/p10/best.pt,0038,recorded_impulsive_5,recorded_impulsive,5.0,False,False,-4.436890819136119,,ls:1081-125237-0018,7.278775215148926,6.885286331176758,0.9680779922211449,2.3131508827209473,3.4737169916443995,3.9724383342716036,3.159544759419742,0.0,
cascade:runs/prune/p10/best.pt,0039,recorded_impulsive_5,recorded_impulsive,5.0,False,False,10.391862816313854,,ls:1926-143879-0024,12.11720085144043,11.874950408935547,0.8559167270715123,2.1427249908447266,3.017016161206474,3.678582798321486,2.6532647606086766,0.0,
cascade:runs/prune/p10/best.pt,0000,stationary_-10,stationary,-10.0,False,False,,,ls:2007-132570-0039,6.923878192901611,6.116631031036377,0.7268798872360126,1.1738789081573486,1.8048199114330177,3.6588639605297715,1.5994548776367823,nan,
cascade:runs/prune/p10/best.pt,0001,stationary_-10,stationary,-10.0,False,True,,,cvhi:common_voice_hi_27860202,6.12421989440918,4.925809860229492,0.7466587183569012,1.3706306219100952,1.927988934528192,3.4597912326782723,1.5578105924150651,nan,
cascade:runs/prune/p10/best.pt,0002,stationary_-10,stationary,-10.0,False,False,,,ls:1081-125237-0055,4.8466057777404785,3.6060547828674316,0.8076390989622907,1.5360984802246094,2.044246417835427,3.5631419787889707,1.8186205347721593,nan,
cascade:runs/prune/p10/best.pt,0003,stationary_-10,stationary,-10.0,False,False,,,cvhi:common_voice_hi_27749224,10.698966026306152,10.794700622558594,0.8844893131355449,2.086771249771118,2.7921073681593676,3.918662038899071,2.4589626039370307,nan,
cascade:runs/prune/p10/best.pt,0004,stationary_-10,stationary,-10.0,False,False,,,cvhi:common_voice_hi_24758377,3.865370512008667,1.5899862051010132,0.7217907868763379,1.192797303199768,1.9927719726102069,3.084594905154187,1.6573177529648357,nan,
cascade:runs/prune/p10/best.pt,0005,stationary_-10,stationary,-10.0,False,False,,,ls:1926-143879-0038,3.331817626953125,0.6816748380661011,0.6307802630181651,1.0720607042312622,1.649700516727531,3.311839929788088,1.4737442946272137,nan,
cascade:runs/prune/p10/best.pt,0006,stationary_-10,stationary,-10.0,False,False,,,cvhi:common_voice_hi_26131739,4.879534721374512,3.180665969848633,0.5162699577264601,1.074501395225525,1.7888133518152036,3.1597931515696605,1.5010080041294838,nan,
cascade:runs/prune/p10/best.pt,0007,stationary_-10,stationary,-10.0,False,False,,,cvhi:common_voice_hi_26131466,2.42874813079834,-1.238362193107605,0.6239094009787213,1.1048346757888794,1.5058098709762198,3.120559783099842,1.4240411296981352,nan,
cascade:runs/prune/p10/best.pt,0008,stationary_-10,stationary,-10.0,False,False,,,ls:1081-125237-0087,5.770442008972168,4.560848236083984,0.7644861631438286,1.466630220413208,2.8316652172544137,3.5022570695618747,2.4313246182631465,nan,
cascade:runs/prune/p10/best.pt,0009,stationary_-10,stationary,-10.0,False,False,,,cvhi:common_voice_hi_27860234,6.403134346008301,5.500612258911133,0.786247256211849,1.619808554649353,2.124514688174251,3.695645652649194,1.8810132736265301,nan,
cascade:runs/prune/p10/best.pt,0010,stationary_-10,stationary,-10.0,False,False,,,cvhi:common_voice_hi_25907703,3.017226219177246,0.5722970366477966,0.4968049090896001,1.1231557130813599,1.7141403833573932,3.7145157835490243,1.5578178912329965,nan,
cascade:runs/prune/p10/best.pt,0011,stationary_-10,stationary,-10.0,False,False,,,ls:1926-147979-0018,5.902338027954102,4.626853942871094,0.7824121478654152,1.7632678747177124,1.9805320058248765,3.875861129413397,1.8583405832099695,nan,
cascade:runs/prune/p10/best.pt,0012,stationary_-10,stationary,-10.0,False,False,,,cvhi:common_voice_hi_24758330,9.138378143310547,8.576738357543945,0.8802053470466319,1.9462196826934814,2.8502882901752162,3.6859139060581327,2.498939949044117,nan,
cascade:runs/prune/p10/best.pt,0013,stationary_-10,stationary,-10.0,False,False,,,cvhi:common_voice_hi_24359454,1.22307550907135,-3.8504860401153564,0.552924052414814,1.1773860454559326,1.7052260113968705,2.9717103127688276,1.4250286111038104,nan,
cascade:runs/prune/p10/best.pt,0014,stationary_-10,stationary,-10.0,False,False,,,cvhi:common_voice_hi_35095466,1.4451560974121094,-2.7657830715179443,0.4994915995863391,1.0346152782440186,1.5644722279152545,2.2962904569468336,1.265253707815505,nan,
cascade:runs/prune/p10/best.pt,0015,stationary_-10,stationary,-10.0,False,False,,,cvhi:common_voice_hi_26152092,5.573456287384033,4.320509433746338,0.5801421068406727,1.2226297855377197,1.7053968973137903,3.1876959943971372,1.501792786924717,nan,
cascade:runs/prune/p10/best.pt,0016,stationary_-10,stationary,-10.0,False,False,,,ls:2007-132570-0015,6.425133228302002,5.4139084815979,0.7814571096170305,1.3547487258911133,2.196748460645807,3.304470384385572,1.8740407468151004,nan,
cascade:runs/prune/p10/best.pt,0017,stationary_-10,stationary,-10.0,False,False,,,cvhi:common_voice_hi_24360572,2.4179797172546387,-1.1667908430099487,0.5135773340958307,1.0627461671829224,1.7848943364018566,2.283931546005069,1.3982343492181462,nan,
cascade:runs/prune/p10/best.pt,0018,stationary_-10,stationary,-10.0,True,False,,,ls:1926-147987-0019,6.99038028717041,6.037878036499023,0.8023230277928778,1.3689500093460083,2.3463079337968207,3.3476417821260873,2.029926869934627,nan,
cascade:runs/prune/p10/best.pt,0019,stationary_-10,stationary,-10.0,True,True,,,cvhi:common_voice_hi_24359407,-0.2010829895734787,-1.7127997875213623,0.8492359570672589,1.1926239728927612,2.44330729356135,3.7540791320059848,1.9002903920419003,nan,
cascade:runs/prune/p10/best.pt,0020,stationary_-10,stationary,-10.0,False,False,,,cvhi:common_voice_hi_27761603,4.637153148651123,3.308910369873047,0.5883701955591505,1.2262409925460815,1.8059469206156966,3.4240598096286794,1.579209023338855,nan,
cascade:runs/prune/p10/best.pt,0021,stationary_-10,stationary,-10.0,False,False,,,cvhi:common_voice_hi_24996691,1.9065386056900024,-1.9481863975524902,0.7784632834698699,1.2431995868682861,2.1118949126036393,3.104667394332027,1.6662053174714735,nan,
cascade:runs/prune/p10/best.pt,0022,stationary_-10,stationary,-10.0,False,False,,,ls:2007-132570-0041,7.63895320892334,6.828263282775879,0.6813663308658122,1.2670668363571167,1.8930254108377804,3.3961014796817106,1.723383923494063,nan,
cascade:runs/prune/p10/best.pt,0023,stationary_-10,stationary,-10.0,False,False,,,cvhi:common_voice_hi_27761654,4.107266426086426,2.1436290740966797,0.47892294296184656,1.1627542972564697,1.732064849678328,3.431137553849566,1.533101104708216,nan,
cascade:runs/prune/p10/best.pt,0024,stationary_-10,stationary,-10.0,False,False,,,cvhi:common_voice_hi_24359454,9.310490608215332,8.931676864624023,0.9248456628998133,1.89663565158844,2.499222437671539,3.892828397113518,2.1473707882750186,nan,
cascade:runs/prune/p10/best.pt,0025,stationary_-10,stationary,-10.0,False,False,,,cvhi:common_voice_hi_27860090,3.9402599334716797,1.7240948677062988,0.5415838230413834,1.1670852899551392,1.7883190181317101,2.9482543567277557,1.4527036639319602,nan,
cascade:runs/prune/p10/best.pt,0026,stationary_-10,stationary,-10.0,False,False,,,cvhi:common_voice_hi_35081190,5.286373615264893,3.966966152191162,0.6355279742932604,1.1986736059188843,1.998680981010682,3.404825546618487,1.730169865431101,nan,
cascade:runs/prune/p10/best.pt,0027,stationary_-10,stationary,-10.0,False,False,,,ls:2007-149877-0040,9.672038078308105,9.182012557983398,0.8826297432436372,1.846988558769226,2.4315630408092552,3.306898383534262,2.0558330474295605,nan,
cascade:runs/prune/p10/best.pt,0028,stationary_-10,stationary,-10.0,False,False,,,cvhi:common_voice_hi_24360508,3.101349353790283,0.46043649315834045,0.6775147084397267,1.1067876815795898,1.6106530238714656,3.2348539171231243,1.4353338700014004,nan,
cascade:runs/prune/p10/best.pt,0029,stationary_-10,stationary,-10.0,False,False,,,cvhi:common_voice_hi_34926867,4.11496639251709,1.9875595569610596,0.6737562201700036,1.4095392227172852,1.876149572942143,3.1585304268170353,1.5432550843681847,nan,
cascade:runs/prune/p10/best.pt,0030,stationary_-10,stationary,-10.0,False,False,,,cvhi:common_voice_hi_26018198,5.983028411865234,4.726005554199219,0.4033895089615221,1.0619380474090576,1.726495881141205,3.165683963636575,1.4784484053382962,nan,
cascade:runs/prune/p10/best.pt,0031,stationary_-10,stationary,-10.0,False,False,,,cvhi:common_voice_hi_26131959,3.563028573989868,1.1471362113952637,0.5092796536788529,1.0941109657287598,1.7888608468441496,3.4456508851680323,1.608458996315968,nan,
cascade:runs/prune/p10/best.pt,0032,stationary_-10,stationary,-10.0,False,False,,,ls:1926-143879-0016,4.027244567871094,1.9254052639007568,0.5024508848134172,1.0531032085418701,1.147140994347837,2.302242092845003,1.0827637925745743,nan,
cascade:runs/prune/p10/best.pt,0033,stationary_-10,stationary,-10.0,False,False,,,ls:1926-147987-0022,4.42078161239624,2.5061206817626953,0.748213349025945,1.14826238155365,2.3794777816281147,3.396507086526273,1.954863452855237,nan,
cascade:runs/prune/p10/best.pt,0034,stationary_-10,stationary,-10.0,False,False,,,cvhi:common_voice_hi_28885854,1.7181391716003418,-3.040436267852783,0.5404853469141206,1.1802297830581665,1.418651459109598,2.920076233366199,1.1747027380931623,nan,
cascade:runs/prune/p10/best.pt,0035,stationary_-10,stationary,-10.0,False,False,,,cvhi:common_voice_hi_27860190,6.9087629318237305,5.960402488708496,0.8368766436138403,1.6221776008605957,1.888868778020579,3.646902320534246,1.637304720059249,nan,
cascade:runs/prune/p10/best.pt,0036,stationary_-10,stationary,-10.0,False,False,,,ls:1926-147979-0028,5.2768707275390625,3.896138906478882,0.7991912156541692,1.3727635145187378,2.3271579093655195,3.2020908630626006,1.9535062669424914,nan,
cascade:runs/prune/p10/best.pt,0037,stationary_-10,stationary,-10.0,False,False,,,cvhi:common_voice_hi_26949007,7.105910301208496,6.175320148468018,0.7862346767102291,1.5622023344039917,2.1402038584355054,3.4355642377997375,1.8609021521554587,nan,
cascade:runs/prune/p10/best.pt,0038,stationary_-10,stationary,-10.0,False,False,,,cvhi:common_voice_hi_27444070,5.6244707107543945,4.813371658325195,0.8400605786387827,1.4685652256011963,2.583055553690529,3.634295240977857,2.2356074776827026,nan,
cascade:runs/prune/p10/best.pt,0039,stationary_-10,stationary,-10.0,False,False,,,ls:1926-147979-0028,4.5824103355407715,2.7281973361968994,0.8103683002422485,1.3632168769836426,1.7871026847858966,2.989959150018261,1.5017716818482811,nan,
cascade:runs/prune/p10/best.pt,0000,stationary_-5,stationary,-5.0,False,False,,,cvhi:common_voice_hi_26127927,6.622199535369873,5.774110794067383,0.664736654576804,1.317363977432251,2.1823520841352337,3.547604347630118,1.9212384158737772,nan,
cascade:runs/prune/p10/best.pt,0001,stationary_-5,stationary,-5.0,False,False,,,cvhi:common_voice_hi_27369007,4.6671552658081055,3.0242433547973633,0.7143022027687905,1.3013837337493896,1.8954075683661655,3.74383921853211,1.7359380168207919,nan,
cascade:runs/prune/p10/best.pt,0002,stationary_-5,stationary,-5.0,False,False,,,ls:1926-147979-0036,6.0875372886657715,4.863260269165039,0.8075063679838932,1.300524353981018,2.08758091049071,3.1454224130968043,1.7706400576268855,nan,
cascade:runs/prune/p10/best.pt,0003,stationary_-5,stationary,-5.0,False,False,,,ls:1081-125237-0018,6.079013347625732,5.065173149108887,0.7607937617320348,1.2778266668319702,2.3034105843020347,3.4651139592430718,2.0011279044636456,nan,
cascade:runs/prune/p10/best.pt,0004,stationary_-5,stationary,-5.0,False,False,,,ls:1081-125237-0061,5.814419746398926,4.715932846069336,0.7281210202681723,1.3295519351959229,2.4591888103805895,3.549981181462066,2.0998183408248137,nan,
cascade:runs/prune/p10/best.pt,0005,stationary_-5,stationary,-5.0,False,False,,,ls:1081-125237-0077,9.367647171020508,8.834304809570312,0.8718052016900435,1.8758773803710938,3.3038994005637563,4.061699381737601,3.0691955918556593,nan,
cascade:runs/prune/p10/best.pt,0006,stationary_-5,stationary,-5.0,False,False,,,cvhi:common_voice_hi_27641135,6.029181003570557,4.825804233551025,0.6738740659729457,1.3612689971923828,2.3739015650009923,3.5400992442061208,2.055540544816816,nan,
cascade:runs/prune/p10/best.pt,0007,stationary_-5,stationary,-5.0,False,False,,,cvhi:common_voice_hi_34926833,3.151397943496704,0.32298052310943604,0.7394556869409642,1.2463679313659668,1.8275851626836401,3.6039553087495015,1.651449535609101,nan,
cascade:runs/prune/p10/best.pt,0008,stationary_-5,stationary,-5.0,False,False,,,ls:2007-149877-0023,7.911274433135986,7.17668342590332,0.8508034679429679,1.3618381023406982,2.40445602473156,3.3507720914098718,2.0243780846929815,nan,
cascade:runs/prune/p10/best.pt,0009,stationary_-5,stationary,-5.0,False,False,,,ls:2007-149877-0024,9.406055450439453,9.304327011108398,0.8736365029383258,1.5843157768249512,2.95753630011193,3.7918431124041208,2.6613800488407264,nan,
cascade:runs/prune/p10/best.pt,0010,stationary_-5,stationary,-5.0,False,False,,,cvhi:common_voice_hi_23796155,6.998887538909912,6.161968231201172,0.6663947717432862,1.3031302690505981,1.9659385852499207,3.379371629306867,1.7564989239526976,nan,
cascade:runs/prune/p10/best.pt,0011,stationary_-5,stationary,-5.0,False,False,,,cvhi:common_voice_hi_27592118,9.201972961425781,8.649711608886719,0.8045618250455352,1.525618553161621,2.419546202189393,3.5059769739615656,2.02592386147806,nan,
cascade:runs/prune/p10/best.pt,0012,stationary_-5,stationary,-5.0,False,False,,,ls:1081-125237-0008,6.6493425369262695,6.045352935791016,0.8049408619374536,1.7703971862792969,3.1252980717618253,3.906266332279716,2.820271536167584,nan,
cascade:runs/prune/p10/best.pt,0013,stationary_-5,stationary,-5.0,False,False,,,cvhi:common_voice_hi_24359483,6.4768524169921875,5.426901817321777,0.7933524514281965,1.282249093055725,1.8569786931645165,3.4023692768456497,1.6218088114447797,nan,
cascade:runs/prune/p10/best.pt,0014,stationary_-5,stationary,-5.0,False,False,,,ls:2007-132570-0009,10.459966659545898,10.083850860595703,0.8292662367188774,1.6472351551055908,2.386403142223221,3.7118493790315945,2.114082546374517,nan,
cascade:runs/prune/p10/best.pt,0015,stationary_-5,stationary,-5.0,False,False,,,cvhi:common_voice_hi_25161549,5.256983757019043,4.043038368225098,0.723739011319185,1.17910635471344,1.9497767737567802,3.5629408523299757,1.7583878260345849,nan,
cascade:runs/prune/p10/best.pt,0016,stationary_-5,stationary,-5.0,False,False,,,cvhi:common_voice_hi_25149600,3.9984917640686035,1.9503384828567505,0.7852303393428643,1.3000233173370361,2.5060238258415706,3.7151453642210894,2.1883285722881327,nan,
cascade:runs/prune/p10/best.pt,0017,stationary_-5,stationary,-5.0,False,False,,,ls:2007-132570-0022,10.037012100219727,9.722341537475586,0.8590555759290778,1.612825870513916,2.500677250720972,3.811791412821523,2.266841342455121,nan,
cascade:runs/prune/p10/best.pt,0018,stationary_-5,stationary,-5.0,False,False,,,cvhi:common_voice_hi_25907700,7.497674942016602,6.646809101104736,0.7862705270956515,1.4527201652526855,2.4763028626297396,3.5994443268234115,2.1063878994904845,nan,
cascade:runs/prune/p10/best.pt,0019,stationary_-5,stationary,-5.0,False,False,,,ls:1081-125237-0017,7.053984642028809,6.462482452392578,0.7397200659467198,1.305370807647705,2.908839213560338,3.661105637110352,2.5025233445081345,nan,
cascade:runs/prune/p10/best.pt,0020,stationary_-5,stationary,-5.0,False,False,,,cvhi:common_voice_hi_30313622,6.420807838439941,5.654597759246826,0.7664228504995596,1.2840616703033447,2.4995283133310062,3.8430217915932,2.2283600437247513,nan,
cascade:runs/prune/p10/best.pt,0021,stationary_-5,stationary,-5.0,False,False,,,ls:1081-125237-0024,7.071049690246582,6.49879264831543,0.8341260891959746,1.5081970691680908,3.0179263664161735,3.2671146475124746,2.4618857376345735,nan,
cascade:runs/prune/p10/best.pt,0022,stationary_-5,stationary,-5.0,False,False,,,cvhi:common_voice_hi_26131877,5.589609622955322,4.221031188964844,0.6223725851505786,1.121397614479065,1.6608359285528214,3.3527349877276844,1.5170413171441999,nan,
cascade:runs/prune/p10/best.pt,0023,stationary_-5,stationary,-5.0,False,False,,,cvhi:common_voice_hi_23833319,10.158295631408691,9.744155883789062,0.8133117183627299,1.9041430950164795,2.8553831763779414,3.7293205303860217,2.5378242678882326,nan,
cascade:runs/prune/p10/best.pt,0024,stationary_-5,stationary,-5.0,False,False,,,ls:1926-147979-0000,6.042801856994629,4.866516590118408,0.7264184971078016,1.3215036392211914,2.3000888553524383,1.7798216419234614,1.5422590432205674,nan,
cascade:runs/prune/p10/best.pt,0025,stationary_-5,stationary,-5.0,False,False,,,ls:2007-149877-0024,11.435656547546387,11.113302230834961,0.924406852635513,2.039128541946411,3.018333044101785,3.818436191165441,2.7084703479894383,nan,
cascade:runs/prune/p10/best.pt,0026,stationary_-5,stationary,-5.0,False,False,,,cvhi:common_voice_hi_24758565,9.900161743164062,9.786808013916016,0.9248748576848141,1.7925455570220947,2.5891756043324414,3.302078155684021,2.177657665416858,nan,
cascade:runs/prune/p10/best.pt,0027,stationary_-5,stationary,-5.0,False,False,,,ls:1081-128618-0000,8.982800483703613,8.923760414123535,0.7823234109912346,1.6311228275299072,3.1833057181810926,3.9065995836715564,2.8359292636700664,nan,
cascade:runs/prune/p10/best.pt,0028,stationary_-5,stationary,-5.0,False,False,,,cvhi:common_voice_hi_27860121,7.149733543395996,6.285465240478516,0.7228405745566323,1.5237072706222534,2.1686473834210847,3.527277503335858,1.8808073273224128,nan,
cascade:runs/prune/p10/best.pt,0029,stationary_-5,stationary,-5.0,False,False,,,cvhi:common_voice_hi_26131829,11.970124244689941,11.685279846191406,0.7447973872903644,1.520951509475708,2.7410535743907256,3.717519837230884,2.4352005733966426,nan,
cascade:runs/prune/p10/best.pt,0030,stationary_-5,stationary,-5.0,False,False,,,cvhi:common_voice_hi_24359425,6.032391548156738,4.787327766418457,0.7918318963038684,1.3958853483200073,2.5728967872251904,3.7015470224956415,2.248428783393236,nan,
cascade:runs/prune/p10/best.pt,0031,stationary_-5,stationary,-5.0,False,False,,,ls:1081-125237-0040,5.298000335693359,3.9505743980407715,0.7816199490198265,1.43843412399292,2.2379389713327904,2.703651162775707,1.8769721084339919,nan,
cascade:runs/prune/p10/best.pt,0032,stationary_-5,stationary,-5.0,False,False,,,cvhi:common_voice_hi_24758410,7.636022567749023,7.092939376831055,0.8268489250179031,1.4289696216583252,2.5889353755646978,3.550728968503358,2.22233934329061,nan,
cascade:runs/prune/p10/best.pt,0033,stationary_-5,stationary,-5.0,False,False,,,ls:1081-128618-0009,11.081502914428711,10.821117401123047,0.8715560069965974,2.5058035850524902,3.2992477497163875,4.004253021784259,3.0180649036307954,nan,
cascade:runs/prune/p10/best.pt,0034,stationary_-5,stationary,-5.0,False,False,,,cvhi:common_voice_hi_24758324,11.334105491638184,11.061408996582031,0.9097309992287622,1.9326846599578857,3.26491463601511,3.952757342978093,2.976028532690462,nan,
cascade:runs/prune/p10/best.pt,0035,stationary_-5,stationary,-5.0,True,False,,,cvhi:common_voice_hi_24359421,5.884627819061279,4.624993324279785,0.7444280661201387,1.337825059890747,1.873359667729406,3.123504721530899,1.5968578486448286,nan,
cascade:runs/prune/p10/best.pt,0036,stationary_-5,stationary,-5.0,False,False,,,ls:1081-125237-0028,6.364564895629883,5.615298748016357,0.7666971761361693,1.4087066650390625,2.815347263339306,3.6745521407379096,2.4564832522756905,nan,
cascade:runs/prune/p10/best.pt,0037,stationary_-5,stationary,-5.0,False,False,,,ls:1081-128618-0006,10.314582824707031,9.958657264709473,0.7525893847601873,1.8543331623077393,3.1323070707343432,3.7850929275517187,2.763648731080644,nan,
cascade:runs/prune/p10/best.pt,0038,stationary_-5,stationary,-5.0,False,False,,,ls:1081-125237-0018,7.2689032554626465,6.642451286315918,0.9199866104675894,1.938425064086914,3.275411407473175,3.5216005543236735,2.8113704257856167,nan,
cascade:runs/prune/p10/best.pt,0039,stationary_-5,stationary,-5.0,False,True,,,ls:1926-147979-0029,5.104029178619385,3.6713247299194336,0.8274433337593442,1.321155071258545,2.350910775128512,2.5310647148473224,1.777328205444751,nan,
cascade:runs/prune/p10/best.pt,0000,stationary_0,stationary,0.0,False,False,,,ls:2007-132570-0028,8.6162691116333,8.020872116088867,0.818564956245817,1.3843865394592285,2.208329601806216,3.533751207524297,1.9341229536245998,nan,
cascade:runs/prune/p10/best.pt,0001,stationary_0,stationary,0.0,False,False,,,ls:2007-132570-0056,9.982375144958496,9.687291145324707,0.8275453621497926,1.4980762004852295,2.6174750854803484,2.808789755789058,2.022208370959539,nan,
cascade:runs/prune/p10/best.pt,0002,stationary_0,stationary,0.0,False,False,,,ls:2007-149877-0015,9.97855281829834,9.574318885803223,0.8547088124612476,1.5034416913986206,2.3565209074838007,3.269270811808119,1.962731423555256,nan,
cascade:runs/prune/p10/best.pt,0003,stationary_0,stationary,0.0,False,False,,,ls:1081-125237-0077,9.525346755981445,9.01974105834961,0.8094832793945462,1.5902483463287354,2.927144463158032,3.9808844109173656,2.6700130046112855,nan,
cascade:runs/prune/p10/best.pt,0004,stationary_0,stationary,0.0,False,True,,,cvhi:common_voice_hi_27860121,11.398486137390137,11.26738166809082,0.8158430626912835,1.8101723194122314,2.8092711316765593,3.6001850862287292,2.398033617410837,nan,
cascade:runs/prune/p10/best.pt,0005,stationary_0,stationary,0.0,False,False,,,ls:1081-125237-0009,10.616304397583008,10.703047752380371,0.9066502204697373,2.4326817989349365,2.4807377835346704,3.391452791762467,2.1087967681129665,nan,
cascade:runs/prune/p10/best.pt,0006,stationary_0,stationary,0.0,True,False,,,ls:1926-147979-0001,11.076411247253418,10.780390739440918,0.8882922050885715,2.0130984783172607,2.839608009700154,3.5163209804104767,2.4404816608501028,nan,
cascade:runs/prune/p10/best.pt,0007,stationary_0,stationary,0.0,False,False,,,ls:1081-125237-0112,9.623281478881836,9.149836540222168,0.8747346025341306,1.9860841035842896,3.1777241408920833,3.3587061014541733,2.6434572391082765,nan,
cascade:runs/prune/p10/best.pt,0008,stationary_0,stationary,0.0,False,False,,,cvhi:common_voice_hi_24359471,12.846872329711914,12.615431785583496,0.9231370113861949,1.9285986423492432,2.632278077369265,3.759144014399098,2.352557142614003,nan,
cascade:runs/prune/p10/best.pt,0009,stationary_0,stationary,0.0,False,False,,,ls:1926-143879-0044,8.732882499694824,8.199244499206543,0.9068149171451533,1.808666467666626,2.6393687306410745,3.4787940041521637,2.2892175817979195,nan,
cascade:runs/prune/p10/best.pt,0010,stationary_0,stationary,0.0,False,False,,,cvhi:common_voice_hi_27761497,15.763616561889648,15.680851936340332,0.8702108584766316,2.617927312850952,2.753194869684688,3.824714600327682,2.4264145051085055,nan,
cascade:runs/prune/p10/best.pt,0011,stationary_0,stationary,0.0,False,False,,,ls:1081-125237-0085,14.303237915039062,14.361446380615234,0.9977467820723839,4.072609901428223,3.5522570603448536,3.766571797405133,3.124549336969627,nan,
cascade:runs/prune/p10/best.pt,0012,stationary_0,stationary,0.0,False,False,,,ls:1081-125237-0012,11.051137924194336,10.996564865112305,0.9356137088201621,2.416724443435669,3.606970454857553,4.025714013269744,3.3021484685093485,nan,
cascade:runs/prune/p10/best.pt,0013,stationary_0,stationary,0.0,True,True,,,cvhi:common_voice_hi_26131167,8.197158813476562,8.600255966186523,0.7746104217777252,1.6859898567199707,2.0444423204466737,3.334757504700926,1.7596567906165252,nan,
cascade:runs/prune/p10/best.pt,0014,stationary_0,stationary,0.0,False,False,,,cvhi:common_voice_hi_24758397,9.021982192993164,8.477425575256348,0.8738894085323878,1.584284782409668,2.747643286119473,3.490364383399611,2.38857989389455,nan,
cascade:runs/prune/p10/best.pt,0015,stationary_0,stationary,0.0,False,False,,,cvhi:common_voice_hi_26949022,10.331841468811035,9.9937105178833,0.7915874822083234,1.5551984310150146,2.0558090199557535,3.3135622991278155,1.7690885845120552,nan,
cascade:runs/prune/p10/best.pt,0016,stationary_0,stationary,0.0,False,False,,,cvhi:common_voice_hi_23796043,9.376712799072266,10.113948822021484,0.8004168597242739,1.972948670387268,2.567956014165438,3.6040545252297678,2.205071746096541,nan,
cascade:runs/prune/p10/best.pt,0017,stationary_0,stationary,0.0,False,False,,,ls:1926-143879-0002,11.564102172851562,11.255579948425293,0.870663777321821,1.4522005319595337,2.2893641462878858,3.6038285887403783,2.006683454336711,nan,
cascade:runs/prune/p10/best.pt,0018,stationary_0,stationary,0.0,False,True,,,cvhi:common_voice_hi_27761614,9.768132209777832,9.32474136352539,0.7096673733115421,1.6708831787109375,2.374382086668746,3.5247692842865237,2.0165028435211103,nan,
cascade:runs/prune/p10/best.pt,0019,stationary_0,stationary,0.0,False,False,,,cvhi:common_voice_hi_35081300,10.70208740234375,10.895200729370117,0.9065470156659101,2.011276960372925,2.982814204388165,3.871950380335769,2.6834707327145395,nan,
cascade:runs/prune/p10/best.pt,0020,stationary_0,stationary,0.0,False,False,,,cvhi:common_voice_hi_26127972,21.029388427734375,22.99105453491211,0.9788079147464409,3.0349128246307373,3.190479445327573,3.4901027126667477,2.5944521772278475,nan,
cascade:runs/prune/p10/best.pt,0021,stationary_0,stationary,0.0,False,False,,,ls:1926-147979-0050,9.870914459228516,9.40807819366455,0.8603941253591835,1.724365234375,2.1216469917146283,3.397291675717849,1.8705037351344425,nan,
cascade:runs/prune/p10/best.pt,0022,stationary_0,stationary,0.0,True,False,,,ls:1926-147979-0033,6.0298895835876465,5.8539533615112305,0.9411781119386705,1.4771287441253662,2.8665221104301892,2.6959092074788846,2.181032373741273,nan,
cascade:runs/prune/p10/best.pt,0023,stationary_0,stationary,0.0,False,False,,,cvhi:common_voice_hi_24996672,7.538788795471191,6.759801387786865,0.8085532799865874,1.4213180541992188,2.3790657364815777,3.6270069050365983,2.100258065779303,nan,
cascade:runs/prune/p10/best.pt,0024,stationary_0,stationary,0.0,False,False,,,ls:1081-125237-0105,8.351555824279785,7.671396732330322,0.9072691314310555,1.8469833135604858,3.022941622491958,3.62487939266161,2.6714204179616496,nan,
cascade:runs/prune/p10/best.pt,0025,stationary_0,stationary,0.0,False,False,,,cvhi:common_voice_hi_24359425,9.067460060119629,8.571778297424316,0.8663253429213684,1.7711424827575684,2.8012476031522207,3.6026479326102385,2.4107001079134456,nan,
cascade:runs/prune/p10/best.pt,0026,stationary_0,stationary,0.0,False,False,,,ls:1081-125237-0111,11.197139739990234,10.887716293334961,0.8422277523361489,2.430380344390869,3.139293744532447,3.8916320104379176,2.8291716851911697,nan,
cascade:runs/prune/p10/best.pt,0027,stationary_0,stationary,0.0,False,False,,,cvhi:common_voice_hi_27749200,14.617868423461914,14.75284481048584,0.8369544867109691,2.24869441986084,2.8730632192063537,3.450041863628522,2.3260171229317135,nan,
cascade:runs/prune/p10/best.pt,0028,stationary_0,stationary,0.0,False,False,,,cvhi:common_voice_hi_25204280,9.048858642578125,8.798397064208984,0.8825446084359068,1.4186480045318604,2.3445906711967557,3.982877412990785,2.1240609493195364,nan,
cascade:runs/prune/p10/best.pt,0029,stationary_0,stationary,0.0,False,False,,,ls:1926-147987-0023,9.869087219238281,9.422688484191895,0.8008357160489391,1.9054741859436035,2.3073942668674534,3.6807575927004033,2.094099447365854,nan,
cascade:runs/prune/p10/best.pt,0030,stationary_0,stationary,0.0,False,False,,,cvhi:common_voice_hi_24038976,10.970766067504883,10.849540710449219,0.7204410909314373,1.3108986616134644,2.428247000800158,3.603188560298283,2.0963716227427107,nan,
cascade:runs/prune/p10/best.pt,0031,stationary_0,stationary,0.0,False,False,,,cvhi:common_voice_hi_27761524,13.252635955810547,13.15334415435791,0.7515680527843035,1.5019718408584595,2.8088552334466743,3.840577302936545,2.4309630334169006,nan,
cascade:runs/prune/p10/best.pt,0032,stationary_0,stationary,0.0,False,False,,,ls:2007-149877-0007,9.547881126403809,9.042251586914062,0.8518511461848073,1.4652535915374756,2.145887274048614,3.207739621578248,1.840113178014506,nan,
cascade:runs/prune/p10/best.pt,0033,stationary_0,stationary,0.0,False,False,,,cvhi:common_voice_hi_27761501,12.28571891784668,12.38730239868164,0.9044083844045173,1.7104988098144531,2.935147420407398,3.775327089847295,2.59084009178005,nan,
cascade:runs/prune/p10/best.pt,0034,stationary_0,stationary,0.0,False,False,,,cvhi:common_voice_hi_24758356,10.59424877166748,10.204277992248535,0.9166292186047543,1.7031865119934082,2.383542832890668,3.7595256109328687,2.1740808710952386,nan,
cascade:runs/prune/p10/best.pt,0035,stationary_0,stationary,0.0,False,False,,,cvhi:common_voice_hi_26131362,9.857492446899414,9.582048416137695,0.7155553509429521,1.5893774032592773,2.3163112866011195,3.3451657731326696,1.9680213891472722,nan,
cascade:runs/prune/p10/best.pt,0036,stationary_0,stationary,0.0,False,False,,,cvhi:common_voice_hi_27860132,12.021255493164062,12.188573837280273,0.8826883872184129,1.8836159706115723,2.4907854005371948,3.644058377171035,2.153459785987626,nan,
cascade:runs/prune/p10/best.pt,0037,stationary_0,stationary,0.0,False,False,,,cvhi:common_voice_hi_24360571,14.163761138916016,15.004339218139648,0.9847362226179932,2.643470287322998,2.875028245075154,3.8515513209382517,2.580384359162873,nan,
cascade:runs/prune/p10/best.pt,0038,stationary_0,stationary,0.0,False,False,,,cvhi:common_voice_hi_25149666,13.037492752075195,13.108959197998047,0.973708459935745,2.6785943508148193,3.1231392701322958,3.8507501458370603,2.791419173315329,nan,
cascade:runs/prune/p10/best.pt,0039,stationary_0,stationary,0.0,False,False,,,cvhi:common_voice_hi_26131826,10.558362007141113,10.66349983215332,0.7142996769845851,1.2902318239212036,2.4031234773054955,3.641185800103047,2.070191782507198,nan,
cascade:runs/prune/p10/best.pt,0000,stationary_10,stationary,10.0,False,False,,,ls:1926-147987-0018,14.535053253173828,15.12917423248291,0.9659587034381348,2.1400957107543945,3.322233343541726,3.8725844710913435,2.9899548938056024,nan,
cascade:runs/prune/p10/best.pt,0001,stationary_10,stationary,10.0,False,False,,,ls:1081-125237-0019,16.846677780151367,17.138412475585938,0.9731331398921479,2.901196002960205,3.4189376380442598,3.94916564407976,3.1051114823556207,nan,
cascade:runs/prune/p10/best.pt,0002,stationary_10,stationary,10.0,False,False,,,ls:2007-132570-0033,15.015791893005371,15.507880210876465,0.961168549226312,2.685075044631958,3.416518518525757,3.9425466214917178,3.0682435246617694,nan,
cascade:runs/prune/p10/best.pt,0003,stationary_10,stationary,10.0,True,False,,,cvhi:common_voice_hi_27749305,11.09719467163086,11.49053955078125,0.8249664806049648,1.9056395292282104,3.092288297847033,3.9489359798678683,2.741258700886553,nan,
cascade:runs/prune/p10/best.pt,0004,stationary_10,stationary,10.0,False,False,,,ls:1926-143879-0001,15.248687744140625,15.388605117797852,0.9589968544998227,2.577711582183838,3.5472618148044024,4.099157205151372,3.289730607146219,nan,
cascade:runs/prune/p10/best.pt,0005,stationary_10,stationary,10.0,False,False,,,cvhi:common_voice_hi_26152092,15.922355651855469,15.827156066894531,0.9586518051614146,2.2813591957092285,2.8527651486444245,3.693084692246609,2.484870527696564,nan,
cascade:runs/prune/p10/best.pt,0006,stationary_10,stationary,10.0,False,False,,,cvhi:common_voice_hi_27860276,16.265321731567383,16.161945343017578,0.9166644302159954,2.87630295753479,3.094307753463498,4.038645215902887,2.8260019504146334,nan,
cascade:runs/prune/p10/best.pt,0007,stationary_10,stationary,10.0,False,False,,,cvhi:common_voice_hi_27761677,18.604095458984375,18.571378707885742,0.9432639601251614,2.9059760570526123,3.281387592444913,3.9910149995251034,2.984160406377588,nan,
cascade:runs/prune/p10/best.pt,0008,stationary_10,stationary,10.0,False,False,,,ls:1926-143879-0045,21.003198623657227,20.97364616394043,0.9878244174473798,3.9431068897247314,3.4353166175970493,3.3687557830383255,2.8509836385212415,nan,
cascade:runs/prune/p10/best.pt,0009,stationary_10,stationary,10.0,False,False,,,cvhi:common_voice_hi_24758517,17.277297973632812,17.196794509887695,0.9684662004993042,2.3459019660949707,3.1385801705278844,3.8791451374263275,2.809685859133065,nan,
cascade:runs/prune/p10/best.pt,0010,stationary_10,stationary,10.0,True,False,,,cvhi:common_voice_hi_26131736,14.170267105102539,14.003246307373047,0.8556697351015493,1.7797045707702637,2.7094121269705194,3.849007848213377,2.4231890193002257,nan,
cascade:runs/prune/p10/best.pt,0011,stationary_10,stationary,10.0,False,False,,,ls:2007-132570-0023,15.918550491333008,15.81532096862793,0.9421214225719313,2.4468607902526855,3.0289674449625372,3.897756842824953,2.7165563584645986,nan,
cascade:runs/prune/p10/best.pt,0012,stationary_10,stationary,10.0,False,False,,,cvhi:common_voice_hi_26131648,18.649150848388672,18.949913024902344,0.7750094316294006,2.5214898586273193,3.0600613312644414,3.788929549072562,2.7149954903374427,nan,
cascade:runs/prune/p10/best.pt,0013,stationary_10,stationary,10.0,False,False,,,cvhi:common_voice_hi_24973516,17.294151306152344,17.393152236938477,0.8339140177827251,2.1729819774627686,2.9688082440501358,3.9332447353683175,2.6822244775447963,nan,
cascade:runs/prune/p10/best.pt,0014,stationary_10,stationary,10.0,False,False,,,cvhi:common_voice_hi_26131931,21.062576293945312,21.535194396972656,0.8600401777080874,3.1452622413635254,2.8005505848737493,3.9341825319173633,2.570163170990593,nan,
cascade:runs/prune/p10/best.pt,0015,stationary_10,stationary,10.0,False,False,,,ls:1081-125237-0045,16.758272171020508,16.834341049194336,0.9910480828473908,3.5394201278686523,3.480109633623841,4.098857980180131,3.218939019247845,nan,
cascade:runs/prune/p10/best.pt,0016,stationary_10,stationary,10.0,False,False,,,ls:2007-132570-0057,19.042131423950195,18.98784828186035,0.9374266176206857,2.9554452896118164,3.2254128634771053,3.9693779997561434,2.9561213498464176,nan,
cascade:runs/prune/p10/best.pt,0017,stationary_10,stationary,10.0,False,True,,,cvhi:common_voice_hi_24359455,18.481830596923828,18.474924087524414,0.9627052017738583,2.523545026779175,3.117736361994648,4.114622539803662,2.91557515429022,nan,
cascade:runs/prune/p10/best.pt,0018,stationary_10,stationary,10.0,True,False,,,cvhi:common_voice_hi_26131775,14.08558464050293,14.491975784301758,0.8200334670519727,2.0674192905426025,2.807357738123242,3.8034789286738713,2.4751355227193117,nan,
cascade:runs/prune/p10/best.pt,0019,stationary_10,stationary,10.0,True,False,,,ls:1926-143879-0003,13.513270378112793,13.328019142150879,0.9480329165712327,2.2354469299316406,3.3437241468207604,2.4106210780397577,2.229773866847349,nan,
cascade:runs/prune/p10/best.pt,0020,stationary_10,stationary,10.0,False,False,,,cvhi:common_voice_hi_27749232,18.091341018676758,18.027244567871094,0.8770910414609018,2.545964002609253,2.8981047337320818,3.9904027269638656,2.57441057341188,nan,
cascade:runs/prune/p10/best.pt,0021,stationary_10,stationary,10.0,False,False,,,ls:2007-149877-0046,17.059654235839844,17.00181770324707,0.9650360640107378,2.718602180480957,2.9432779124872153,3.6497221062015486,2.5607156675459786,nan,
cascade:runs/prune/p10/best.pt,0022,stationary_10,stationary,10.0,False,True,,,cvhi:common_voice_hi_27749294,18.027128219604492,18.078887939453125,0.8699661929185548,2.801532745361328,2.9660546031613753,3.6996267731572754,2.5094171617040457,nan,
cascade:runs/prune/p10/best.pt,0023,stationary_10,stationary,10.0,False,False,,,ls:1926-147979-0047,17.04681396484375,17.462785720825195,0.9445363152631163,3.25181245803833,3.293250244654736,3.7953437068864453,2.9345555751674013,nan,
cascade:runs/prune/p10/best.pt,0024,stationary_10,stationary,10.0,False,False,,,cvhi:common_voice_hi_27860190,17.99103546142578,17.999990463256836,0.9739807827646477,3.2055625915527344,3.0850118941797184,3.768397170567132,2.7206179527456755,nan,
cascade:runs/prune/p10/best.pt,0025,stationary_10,stationary,10.0,False,False,,,cvhi:common_voice_hi_23833331,20.87751007080078,20.88282585144043,0.9285214686863499,3.2675154209136963,2.700794948378474,3.238744389594512,2.209381142792903,nan,
cascade:runs/prune/p10/best.pt,0026,stationary_10,stationary,10.0,False,False,,,ls:1926-143879-0036,15.943035125732422,16.17652130126953,0.962150522215938,2.6413462162017822,3.443674848175539,4.029768925995831,3.1498198564808906,nan,
cascade:runs/prune/p10/best.pt,0027,stationary_10,stationary,10.0,False,False,,,cvhi:common_voice_hi_26152089,16.0133056640625,15.904396057128906,0.9313480612090171,2.4942989349365234,2.9067144915529655,3.8719170792149837,2.6046167810776226,nan,
cascade:runs/prune/p10/best.pt,0028,stationary_10,stationary,10.0,False,False,,,cvhi:common_voice_hi_27369008,16.74591827392578,16.74704360961914,0.9748856016130837,3.151270866394043,2.992756698686902,4.023307068402747,2.7476374198891302,nan,
cascade:runs/prune/p10/best.pt,0029,stationary_10,stationary,10.0,False,False,,,ls:2007-132570-0036,15.020394325256348,14.908760070800781,0.9429569873956725,2.9349193572998047,3.076735249222716,3.8369742667054076,2.7368062331383634,nan,
cascade:runs/prune/p10/best.pt,0030,stationary_10,stationary,10.0,False,False,,,cvhi:common_voice_hi_27860348,18.477813720703125,19.82033920288086,0.9462781011504391,3.1131606101989746,3.404331941870836,4.088981695217099,3.143332409796315,nan,
cascade:runs/prune/p10/best.pt,0031,stationary_10,stationary,10.0,False,True,,,ls:1081-125237-0106,13.465862274169922,13.713879585266113,0.8934869812910929,2.762010335922241,3.3995208233739755,3.71529441488582,2.982747282763292,nan,
cascade:runs/prune/p10/best.pt,0032,stationary_10,stationary,10.0,False,False,,,ls:1926-143879-0029,14.023665428161621,14.208667755126953,0.9556855867664752,2.167360782623291,3.4840441010124823,4.019336814073439,3.188285159749857,nan,
cascade:runs/prune/p10/best.pt,0033,stationary_10,stationary,10.0,False,False,,,ls:2007-132570-0027,18.992279052734375,19.067995071411133,0.9602869314855887,2.951270580291748,3.377532531578632,3.9067438109051364,3.0430420038278934,nan,
cascade:runs/prune/p10/best.pt,0034,stationary_10,stationary,10.0,False,False,,,cvhi:common_voice_hi_27749196,21.136953353881836,22.876991271972656,0.9782572791120601,3.924750566482544,3.2750451969952556,3.841145272869456,2.8704128525519006,nan,
cascade:runs/prune/p10/best.pt,0035,stationary_10,stationary,10.0,False,False,,,cvhi:common_voice_hi_27860078,15.377288818359375,16.142927169799805,0.9167166886653646,2.7979965209960938,3.0807092623730132,3.6685830459542688,2.6593118557861115,nan,
cascade:runs/prune/p10/best.pt,0036,stationary_10,stationary,10.0,False,False,,,cvhi:common_voice_hi_27749214,18.83924102783203,19.66131019592285,0.9017184246032461,2.7979674339294434,3.176271192029318,3.9253075420018044,2.8219219378072276,nan,
cascade:runs/prune/p10/best.pt,0037,stationary_10,stationary,10.0,False,False,,,ls:1926-143879-0041,14.076899528503418,14.375049591064453,0.9572129918115808,2.890582323074341,3.2487949188958978,3.739433724578653,2.85256463836965,nan,
cascade:runs/prune/p10/best.pt,0038,stationary_10,stationary,10.0,False,False,,,cvhi:common_voice_hi_24758375,16.795732498168945,16.751441955566406,0.9627149667473905,2.3884401321411133,3.278887169357843,3.4387456246287824,2.742637903833338,nan,
cascade:runs/prune/p10/best.pt,0039,stationary_10,stationary,10.0,False,False,,,cvhi:common_voice_hi_35077467,16.927539825439453,17.29142951965332,0.8279968347896509,1.8930240869522095,2.721402063088711,3.57640643153343,2.328004726210023,nan,
cascade:runs/prune/p10/best.pt,0000,stationary_15,stationary,15.0,False,False,,,cvhi:common_voice_hi_27749176,19.369218826293945,21.19441795349121,0.9721774083484865,3.145232677459717,3.1519031270664035,3.6262222079039823,2.662946413481008,nan,
cascade:runs/prune/p10/best.pt,0001,stationary_15,stationary,15.0,False,False,,,cvhi:common_voice_hi_24360600,15.928489685058594,17.435606002807617,0.9613813308275346,2.6997311115264893,3.4425530242352114,4.077554979097511,3.191804561031641,nan,
cascade:runs/prune/p10/best.pt,0002,stationary_15,stationary,15.0,False,False,,,cvhi:common_voice_hi_34926852,18.608848571777344,19.962995529174805,0.9767707133336033,3.038029193878174,3.1936723774604685,4.010045180617315,2.906912648258673,nan,
cascade:runs/prune/p10/best.pt,0003,stationary_15,stationary,15.0,True,False,,,ls:1926-147979-0016,16.02215576171875,15.97703742980957,0.9740714330296101,2.9411838054656982,3.4365519845710906,3.5726322394374708,2.929959115310903,nan,
cascade:runs/prune/p10/best.pt,0004,stationary_15,stationary,15.0,False,True,,,cvhi:common_voice_hi_26018233,16.0078067779541,17.355966567993164,0.792646272539752,1.580655574798584,2.7279470708011964,3.3789668244735083,2.290915393767866,nan,
cascade:runs/prune/p10/best.pt,0005,stationary_15,stationary,15.0,False,False,,,ls:1926-147987-0011,18.769710540771484,19.54945945739746,0.9824338696909447,3.3415255546569824,3.3614976996740906,3.92254628867721,3.061021686367458,nan,
cascade:runs/prune/p10/best.pt,0006,stationary_15,stationary,15.0,False,False,,,cvhi:common_voice_hi_27860335,19.113994598388672,19.687841415405273,0.9521836535804402,3.024225950241089,2.7704068338816863,3.8917261279642545,2.4731008176818734,nan,
cascade:runs/prune/p10/best.pt,0007,stationary_15,stationary,15.0,False,True,,,cvhi:common_voice_hi_26131263,19.447280883789062,21.798131942749023,0.978635375791522,3.1617584228515625,3.3770634721674897,4.053707317135317,3.084660061889435,nan,
cascade:runs/prune/p10/best.pt,0008,stationary_15,stationary,15.0,False,False,,,cvhi:common_voice_hi_24359427,17.735231399536133,18.5244140625,0.9858557358410478,3.08528995513916,3.3778821553782583,4.056590827907371,3.0998192119187773,nan,
cascade:runs/prune/p10/best.pt,0009,stationary_15,stationary,15.0,False,False,,,ls:1926-143879-0025,20.95331382751465,20.94291877746582,0.9588937278466808,3.713894844055176,3.5289045013128426,4.079672954223126,3.2684730612036637,nan,
cascade:runs/prune/p10/best.pt,0010,stationary_15,stationary,15.0,False,False,,,cvhi:common_voice_hi_35078808,18.591806411743164,19.41611099243164,0.951140816290927,2.93690824508667,3.3470730055348645,3.9877685241473735,3.0524175323098115,nan,
cascade:runs/prune/p10/best.pt,0011,stationary_15,stationary,15.0,False,False,,,cvhi:common_voice_hi_24360506,21.811649322509766,22.991382598876953,0.9915140662454448,3.5069849491119385,3.572375703770501,4.133596786020413,3.348842259343438,nan,
cascade:runs/prune/p10/best.pt,0012,stationary_15,stationary,15.0,False,False,,,ls:1926-143879-0031,19.52651596069336,19.494401931762695,0.98599273389957,3.6700685024261475,3.4015348907120533,3.443877184251743,2.8265543668689697,nan,
cascade:runs/prune/p10/best.pt,0013,stationary_15,stationary,15.0,False,False,,,cvhi:common_voice_hi_27761499,20.529775619506836,20.968725204467773,0.9101071082124581,2.956019163131714,3.3564072975518195,4.0790639356190574,3.0883124504420203,nan,
cascade:runs/prune/p10/best.pt,0014,stationary_15,stationary,15.0,False,False,,,cvhi:common_voice_hi_26131648,20.728872299194336,24.445350646972656,0.8927024393013413,3.6107380390167236,3.228251830678472,3.940283926171615,2.9257680942756963,nan,
cascade:runs/prune/p10/best.pt,0015,stationary_15,stationary,15.0,True,False,,,cvhi:common_voice_hi_24758398,15.251583099365234,15.310205459594727,0.9222133758554162,2.0883452892303467,2.2642410668679065,3.8466170680431135,2.039268920321652,nan,
cascade:runs/prune/p10/best.pt,0016,stationary_15,stationary,15.0,False,False,,,cvhi:common_voice_hi_25149665,19.912992477416992,20.014080047607422,0.9839094143024488,3.14607834815979,3.43148954023844,4.134079603894947,3.170899221936895,nan,
cascade:runs/prune/p10/best.pt,0017,stationary_15,stationary,15.0,False,False,,,ls:1926-147979-0009,17.60240364074707,18.467988967895508,0.9734178874118664,3.3040950298309326,3.221367937080628,3.7239901783470755,2.862179345114479,nan,
cascade:runs/prune/p10/best.pt,0018,stationary_15,stationary,15.0,False,False,,,cvhi:common_voice_hi_27369007,17.456687927246094,18.089149475097656,0.9812447916157915,3.01049542427063,2.6006250797119916,3.582675327663085,2.231408806137646,nan,
cascade:runs/prune/p10/best.pt,0019,stationary_15,stationary,15.0,False,False,,,cvhi:common_voice_hi_24359468,18.36583137512207,18.967721939086914,0.9573669076771247,2.7572877407073975,3.2819964991792805,4.082794614448641,3.044054206185688,nan,
cascade:runs/prune/p10/best.pt,0020,stationary_15,stationary,15.0,True,False,,,cvhi:common_voice_hi_35081299,11.330686569213867,11.337117195129395,0.9552633897447665,2.112786293029785,3.426624982466206,4.015295185927261,3.108398074315384,nan,
cascade:runs/prune/p10/best.pt,0021,stationary_15,stationary,15.0,False,False,,,ls:1081-125237-0102,19.78173065185547,19.945772171020508,0.9756098228648729,3.763522148132324,3.4317285023612936,3.9029792860400923,3.098126134120348,nan,
cascade:runs/prune/p10/best.pt,0022,stationary_15,stationary,15.0,False,False,,,ls:1081-125237-0107,17.4459285736084,19.101757049560547,0.9575455745324591,3.6061861515045166,3.433773389907804,3.7996300721797773,3.065358797087856,nan,
cascade:runs/prune/p10/best.pt,0023,stationary_15,stationary,15.0,False,False,,,cvhi:common_voice_hi_24359466,18.741901397705078,19.364788055419922,0.9866948974278642,2.9562244415283203,3.181356045213344,3.864571027359049,2.854399436299344,nan,
cascade:runs/prune/p10/best.pt,0024,stationary_15,stationary,15.0,False,False,,,ls:2007-149877-0015,18.675771713256836,19.27232551574707,0.9618316225223597,2.678513526916504,3.2876251025125662,3.7690509315967304,2.8967489063333463,nan,
cascade:runs/prune/p10/best.pt,0025,stationary_15,stationary,15.0,False,True,,,cvhi:common_voice_hi_26131261,19.342456817626953,20.429729461669922,0.9931598080394353,3.1432485580444336,2.9331591502743444,3.8181276639187915,2.6278248014144596,nan,
cascade:runs/prune/p10/best.pt,0026,stationary_15,stationary,15.0,False,True,,,cvhi:common_voice_hi_23796043,17.084571838378906,17.32978630065918,0.8907548053244536,2.7004458904266357,2.7576961577004617,3.2672157591818167,2.2198904237159485,nan,
cascade:runs/prune/p10/best.pt,0027,stationary_15,stationary,15.0,False,False,,,cvhi:common_voice_hi_24359473,18.48415184020996,18.727895736694336,0.9732042188888784,2.8113808631896973,3.3362262656572184,3.916195347647589,3.030644417044391,nan,
cascade:runs/prune/p10/best.pt,0028,stationary_15,stationary,15.0,False,False,,,cvhi:common_voice_hi_27860161,19.80623435974121,20.191137313842773,0.9598165267637297,3.0334670543670654,3.0926289923205,3.912150085019996,2.7758158480774573,nan,
cascade:runs/prune/p10/best.pt,0029,stationary_15,stationary,15.0,False,True,,,cvhi:common_voice_hi_27761550,18.851144790649414,18.91300392150879,0.9419784202954599,3.2020959854125977,2.8743766608961114,3.930657545348046,2.5492113888625068,nan,
cascade:runs/prune/p10/best.pt,0030,stationary_15,stationary,15.0,True,False,,,ls:2007-149877-0009,17.435699462890625,17.75021743774414,0.9810621978337867,2.778250217437744,3.3929025941665882,3.9664763104163354,3.077023291239476,nan,
cascade:runs/prune/p10/best.pt,0031,stationary_15,stationary,15.0,True,False,,,ls:1081-125237-0094,18.446613311767578,18.40447998046875,0.9719993336758775,2.5865230560302734,3.3673369523349543,3.9826855870668627,3.0697395899319506,nan,
cascade:runs/prune/p10/best.pt,0032,stationary_15,stationary,15.0,False,False,,,ls:2007-132570-0054,19.37256622314453,19.87183380126953,0.972973423610567,3.2961206436157227,3.226589134943518,3.887063674053005,2.8902993540368604,nan,
cascade:runs/prune/p10/best.pt,0033,stationary_15,stationary,15.0,False,False,,,cvhi:common_voice_hi_24359419,21.402236938476562,22.427364349365234,0.9794247065540461,3.4187889099121094,2.9836382991837787,3.9200368866638513,2.663718718189023,nan,
cascade:runs/prune/p10/best.pt,0034,stationary_15,stationary,15.0,False,False,,,ls:1081-125237-0087,18.327224731445312,18.30750846862793,0.9700809283376935,3.155524969100952,3.460212062814175,3.6236704235418706,2.99573988190596,nan,
cascade:runs/prune/p10/best.pt,0035,stationary_15,stationary,15.0,False,False,,,ls:1926-147979-0035,20.813331604003906,20.821056365966797,0.9927537171471815,3.7994327545166016,3.3615693890046807,4.0156923104737166,3.0873404978465353,nan,
cascade:runs/prune/p10/best.pt,0036,stationary_15,stationary,15.0,False,False,,,cvhi:common_voice_hi_27641130,18.41681671142578,19.083148956298828,0.9849505892470166,3.4719724655151367,3.4095351814221235,3.957234803741853,3.085579443368541,nan,
cascade:runs/prune/p10/best.pt,0037,stationary_15,stationary,15.0,False,False,,,ls:1081-125237-0031,19.39989471435547,19.87556266784668,0.9782623455428913,3.8790194988250732,3.500337247577784,3.8932659920380646,3.134645781713636,nan,
cascade:runs/prune/p10/best.pt,0038,stationary_15,stationary,15.0,False,False,,,ls:1926-147987-0027,17.83195686340332,18.503604888916016,0.9599516772592658,3.6373648643493652,3.494663260241525,3.8623377950921274,3.1373040262072847,nan,
cascade:runs/prune/p10/best.pt,0039,stationary_15,stationary,15.0,False,False,,,cvhi:common_voice_hi_24360545,18.397436141967773,18.334171295166016,0.9824906239491679,2.244854211807251,2.7825862508327908,3.770890975181109,2.4927270522349536,nan,
cascade:runs/prune/p10/best.pt,0000,stationary_5,stationary,5.0,False,False,,,ls:1081-128618-0012,11.70881175994873,12.40427017211914,0.9140958259113118,2.5104098320007324,3.3288350093953207,3.92418406110078,3.0123733831336326,nan,
cascade:runs/prune/p10/best.pt,0001,stationary_5,stationary,5.0,False,False,,,ls:1926-147979-0029,11.928937911987305,11.837766647338867,0.9249774038077725,2.0282561779022217,2.6704499848638057,3.3022794438883176,2.247840805621494,nan,
cascade:runs/prune/p10/best.pt,0002,stationary_5,stationary,5.0,False,False,,,ls:1081-125237-0031,13.254409790039062,13.154157638549805,0.9443173097192217,2.574493408203125,3.3307835132088077,3.9094105810160764,3.0051545839644684,nan,
cascade:runs/prune/p10/best.pt,0003,stationary_5,stationary,5.0,False,False,,,ls:1081-125237-0030,10.82512378692627,10.511731147766113,0.7260311916324369,2.059506893157959,3.223526259446655,3.5707660944934756,2.780553641810322,nan,
cascade:runs/prune/p10/best.pt,0004,stationary_5,stationary,5.0,False,False,,,ls:2007-149877-0061,13.190369606018066,13.319321632385254,0.9670076409359848,2.911832332611084,2.683402650553346,3.891870994819741,2.441546321993387,nan,
cascade:runs/prune/p10/best.pt,0005,stationary_5,stationary,5.0,False,False,,,ls:1926-143879-0008,12.195786476135254,12.090780258178711,0.972334631233802,2.7444169521331787,3.1587812391662307,3.4118183746764013,2.6801173085877696,nan,
cascade:runs/prune/p10/best.pt,0006,stationary_5,stationary,5.0,False,False,,,cvhi:common_voice_hi_26127972,11.500198364257812,11.59768009185791,0.8569844605955766,1.8703880310058594,2.6258310109381444,3.7403039917322136,2.3021612371396083,nan,
cascade:runs/prune/p10/best.pt,0007,stationary_5,stationary,5.0,False,False,,,cvhi:common_voice_hi_25204281,12.49306583404541,12.423577308654785,0.8451104906650971,1.6644535064697266,2.316575023422771,3.9251413501805015,2.1542666679752163,nan,
cascade:runs/prune/p10/best.pt,0008,stationary_5,stationary,5.0,True,False,,,cvhi:common_voice_hi_27761653,15.136716842651367,15.882730484008789,0.7896681296436241,2.111765146255493,3.018246139352341,3.83228707796769,2.657026699898821,nan,
cascade:runs/prune/p10/best.pt,0009,stationary_5,stationary,5.0,False,False,,,cvhi:common_voice_hi_24996691,11.099540710449219,10.74858283996582,0.910382446390717,1.7760034799575806,2.6442950216960965,3.9582751861564267,2.407511250222129,nan,
cascade:runs/prune/p10/best.pt,0010,stationary_5,stationary,5.0,False,False,,,cvhi:common_voice_hi_27860078,16.873701095581055,16.79878044128418,0.9284786661474166,2.9986414909362793,3.4134983834462456,3.953634609954652,3.0510830772077755,nan,
cascade:runs/prune/p10/best.pt,0011,stationary_5,stationary,5.0,False,False,,,cvhi:common_voice_hi_24996672,12.527166366577148,12.717747688293457,0.9764862738994884,1.877052903175354,3.1845922123897252,3.9233840392338486,2.8604288656842667,nan,
cascade:runs/prune/p10/best.pt,0012,stationary_5,stationary,5.0,False,False,,,ls:1081-125237-0061,13.72123908996582,13.60122299194336,0.988242871837632,3.7052876949310303,3.4128194262167915,3.5598364618174516,2.86386344402397,nan,
cascade:runs/prune/p10/best.pt,0013,stationary_5,stationary,5.0,True,False,,,ls:1926-147979-0036,14.465466499328613,14.307745933532715,0.958030252586403,2.6922919750213623,3.080987889133633,3.870466746181328,2.797929167770009,nan,
cascade:runs/prune/p10/best.pt,0014,stationary_5,stationary,5.0,False,False,,,cvhi:common_voice_hi_25161550,9.92098617553711,9.582854270935059,0.8742328033689223,1.99282968044281,2.7984141710950126,3.9690586498846168,2.52723128183158,nan,
cascade:runs/prune/p10/best.pt,0015,stationary_5,stationary,5.0,False,False,,,ls:1926-147987-0026,12.312345504760742,12.050837516784668,0.9377388683246106,2.1629526615142822,2.990103781934231,3.1340360446667828,2.3978574210085535,nan,
cascade:runs/prune/p10/best.pt,0016,stationary_5,stationary,5.0,False,False,,,ls:1926-143879-0044,13.249191284179688,13.055614471435547,0.9639949095152274,2.7560765743255615,3.153189877702656,3.2147765951224043,2.5629879610933384,nan,
cascade:runs/prune/p10/best.pt,0017,stationary_5,stationary,5.0,False,False,,,cvhi:common_voice_hi_30625447,12.920936584472656,12.763879776000977,0.9376982545871114,2.2417900562286377,2.9348964981806605,3.639552563933684,2.5293821943913386,nan,
cascade:runs/prune/p10/best.pt,0018,stationary_5,stationary,5.0,False,False,,,cvhi:common_voice_hi_35077350,13.25223159790039,13.093232154846191,0.8948282433984832,1.7235562801361084,2.45240749410535,3.9368653359059698,2.2062875135157753,nan,
cascade:runs/prune/p10/best.pt,0019,stationary_5,stationary,5.0,False,False,,,ls:1081-125237-0015,13.150960922241211,12.93748950958252,0.8975638920594531,2.1725845336914062,3.2880010638187698,3.658126797542378,2.877778782026658,nan,
cascade:runs/prune/p10/best.pt,0020,stationary_5,stationary,5.0,False,False,,,cvhi:common_voice_hi_26131960,19.9334716796875,20.458295822143555,0.904889304210761,3.193744659423828,2.7572306928982875,3.6446872198085973,2.347692723449771,nan,
cascade:runs/prune/p10/best.pt,0021,stationary_5,stationary,5.0,True,False,,,cvhi:common_voice_hi_26151970,12.993215560913086,13.172205924987793,0.8801583169013041,2.0351409912109375,3.1133810442950502,3.622678201311735,2.6923563331320515,nan,
cascade:runs/prune/p10/best.pt,0022,stationary_5,stationary,5.0,True,False,,,cvhi:common_voice_hi_24758535,15.387746810913086,15.887632369995117,0.9826478845525293,2.4058871269226074,3.3141913638106364,4.0021343534156095,3.0478988140817873,nan,
cascade:runs/prune/p10/best.pt,0023,stationary_5,stationary,5.0,False,False,,,cvhi:common_voice_hi_24360507,11.66000747680664,11.416617393493652,0.8920219647368608,1.6997122764587402,2.8276109539661394,3.3976259323751608,2.3851175116349457,nan,
cascade:runs/prune/p10/best.pt,0024,stationary_5,stationary,5.0,False,False,,,cvhi:common_voice_hi_27592097,13.515347480773926,13.36504077911377,0.892578553425616,2.2328708171844482,2.392856940414221,3.9757090479799775,2.191606241839689,nan,
cascade:runs/prune/p10/best.pt,0025,stationary_5,stationary,5.0,False,False,,,cvhi:common_voice_hi_24822398,11.411983489990234,11.087451934814453,0.9366826615863818,1.7828638553619385,2.8613387844356146,3.3045907735697377,2.389205272659996,nan,
cascade:runs/prune/p10/best.pt,0026,stationary_5,stationary,5.0,True,False,,,ls:1926-143879-0015,12.187311172485352,12.310256004333496,0.877049984050568,2.596498727798462,3.3519056161613188,3.7512757727906356,2.949976603153463,nan,
cascade:runs/prune/p10/best.pt,0027,stationary_5,stationary,5.0,False,True,,,ls:2007-132570-0058,14.901422500610352,14.945728302001953,0.9277491191112499,2.8414223194122314,3.0165333936807848,3.729249429005028,2.681878456871479,nan,
cascade:runs/prune/p10/best.pt,0028,stationary_5,stationary,5.0,False,False,,,cvhi:common_voice_hi_26151857,11.318670272827148,11.819802284240723,0.8391365314074802,2.5643138885498047,2.42800636598129,3.5217534129972496,2.0740776785420714,nan,
cascade:runs/prune/p10/best.pt,0029,stationary_5,stationary,5.0,False,False,,,ls:2007-132570-0030,12.94097900390625,13.054028511047363,0.9049992474384955,2.2124674320220947,2.888214451822855,3.4134142361964264,2.4294458998944,nan,
cascade:runs/prune/p10/best.pt,0030,stationary_5,stationary,5.0,False,False,,,ls:1926-147979-0013,14.159306526184082,14.084064483642578,0.9092435635496636,2.8937532901763916,2.8517156255096814,3.4451740462179132,2.4644283026543867,nan,
cascade:runs/prune/p10/best.pt,0031,stationary_5,stationary,5.0,False,False,,,cvhi:common_voice_hi_26131771,16.145797729492188,16.33629608154297,0.8101027690986156,1.9691293239593506,2.5262862544040456,3.5102633337584446,2.168671599855293,nan,
cascade:runs/prune/p10/best.pt,0032,stationary_5,stationary,5.0,False,False,,,ls:1926-143879-0033,12.310876846313477,12.326716423034668,0.9544424872624836,1.9809222221374512,3.496157825676905,3.8605586242292587,3.1126812256529344,nan,
cascade:runs/prune/p10/best.pt,0033,stationary_5,stationary,5.0,False,False,,,cvhi:common_voice_hi_27761653,13.881887435913086,13.752636909484863,0.814609136855643,1.9801092147827148,2.8004124737740197,3.8585601509957144,2.4523243740718925,nan,
cascade:runs/prune/p10/best.pt,0034,stationary_5,stationary,5.0,False,False,,,ls:1926-143879-0026,12.19583511352539,12.116205215454102,0.9012679853326507,1.9732108116149902,3.1964978626106464,3.01605968666086,2.478446772452831,nan,
cascade:runs/prune/p10/best.pt,0035,stationary_5,stationary,5.0,False,False,,,cvhi:common_voice_hi_27749265,16.279447555541992,16.275327682495117,0.9406580815584324,3.203049659729004,3.0612417371811618,3.7905824843731137,2.6788771155072495,nan,
cascade:runs/prune/p10/best.pt,0036,stationary_5,stationary,5.0,False,False,,,cvhi:common_voice_hi_27761653,16.156543731689453,16.137224197387695,0.8964463834635129,2.703153133392334,2.875743170871546,3.733772912406234,2.5196337417422354,nan,
cascade:runs/prune/p10/best.pt,0037,stationary_5,stationary,5.0,False,False,,,cvhi:common_voice_hi_27749310,18.34589958190918,18.309057235717773,0.9627290277016637,3.0259954929351807,3.1766717028314613,3.951493680221777,2.82793771454158,nan,
cascade:runs/prune/p10/best.pt,0038,stationary_5,stationary,5.0,False,False,,,cvhi:common_voice_hi_27761497,14.49372386932373,15.117329597473145,0.8557212874410496,2.403228282928467,2.7921792615332377,3.683186388018668,2.3826296206009783,nan,
cascade:runs/prune/p10/best.pt,0039,stationary_5,stationary,5.0,False,False,,,cvhi:common_voice_hi_27860335,16.43385124206543,16.677391052246094,0.877923067381846,2.1829168796539307,2.8820766114653806,3.660132895968223,2.5002300769309613,nan,
